corruption,rep,theta_hat,lo,hi,truth,flagged_a,covered
0.0,0,0.01702049431946341,-0.03690092608898074,0.07094191472790756,0.0,0,True
0.0,1,0.004565742344522811,-0.04894040158233357,0.05807188627137919,0.0,0,True
0.0,2,-0.030235945580036224,-0.08625317665560966,0.025781285495537213,0.0,0,True
0.0,3,-0.0014047242010838171,-0.055954413430483754,0.053144965028316116,0.0,0,True
0.0,4,0.014577988757068635,-0.04181231219021094,0.07096828970434821,0.0,0,True
0.0,5,-0.008288439045911275,-0.06075494587932539,0.044178067787502835,0.0,0,True
0.0,6,0.04095247941153117,-0.01131655088585598,0.09322150970891832,0.0,0,True
0.0,7,-0.07055540566219905,-0.12521649109672728,-0.01589432022767083,0.0,1,False
0.0,8,0.0032840679104757984,-0.05082827823263473,0.05739641405358633,0.0,0,True
0.0,9,0.031813398294785904,-0.021292959179290187,0.08491975576886199,0.0,0,True
0.0,10,0.005401922944431105,-0.053243757672327585,0.0640476035611898,0.0,0,True
0.0,11,0.005329046155926865,-0.0467692419571828,0.05742733426903653,0.0,0,True
0.0,12,-0.003121214969057886,-0.05626078364195055,0.05001835370383478,0.0,0,True
0.0,13,0.003211264935579034,-0.05261944972358427,0.05904197959474234,0.0,0,True
0.0,14,-0.011442477444981065,-0.06455664731896271,0.041671692429000574,0.0,0,True
0.0,15,-0.026802246019035553,-0.07955301488841943,0.025948522850348328,0.0,0,True
0.0,16,-0.01689767358373925,-0.07173278106620046,0.03793743389872195,0.0,0,True
0.0,17,-0.024489248836197137,-0.07636218014482765,0.027383682472433384,0.0,0,True
0.0,18,-0.02103471636761163,-0.07395914711796923,0.03188971438274597,0.0,0,True
0.0,19,-0.024822766906179527,-0.07964386391034468,0.029998330097985627,0.0,0,True
0.0,20,-0.02145872380519675,-0.07577873839192215,0.032861290781528656,0.0,0,True
0.0,21,-0.03976862515546617,-0.0921578049944297,0.012620554683497362,0.0,0,True
0.0,22,0.05574216315471207,0.0016926197154181616,0.10979170659400597,0.0,0,False
0.0,23,0.0005866862897669884,-0.05429124170386193,0.05546461428339591,0.0,0,True
0.0,24,0.01437218705421392,-0.04320867544663321,0.07195304955506104,0.0,0,True
0.0,25,0.01345152492047981,-0.044965300457727626,0.07186835029868724,0.0,0,True
0.0,26,-0.02683089884603272,-0.0837107394888733,0.030048941796807862,0.0,0,True
0.0,27,0.002119939087989998,-0.05341884496472087,0.05765872314070087,0.0,0,True
0.0,28,-0.038342667206519424,-0.09445548827869021,0.01777015386565136,0.0,0,True
0.0,29,0.02389170620918608,-0.02893231950890837,0.07671573192728053,0.0,0,True
0.0,30,-0.0027429790188571225,-0.060121034402191666,0.05463507636447742,0.0,0,True
0.0,31,-0.02108201793246788,-0.07447502534449059,0.032310989479554825,0.0,0,True
0.0,32,0.01885259322408529,-0.03528487317619512,0.07299005962436571,0.0,0,True
0.0,33,-0.034074018955740346,-0.0872733924788002,0.019125354567319515,0.0,0,True
0.0,34,0.014494907974481675,-0.03925797991907101,0.06824779586803437,0.0,0,True
0.0,35,-0.06766319758596177,-0.1223602989631207,-0.01296609620880284,0.0,0,False
0.0,36,-0.003475327836637902,-0.056832534784107505,0.049881879110831695,0.0,0,True
0.0,37,0.025942035834789313,-0.027715843795447438,0.07959991546502607,0.0,0,True
0.0,38,0.0023084605425773208,-0.053910751202754924,0.05852767228790957,0.0,0,True
0.0,39,0.033224206866914595,-0.02473043152478499,0.09117884525861418,0.0,0,True
0.0,40,0.02031586281178018,-0.03478515682659415,0.0754168824501545,0.0,0,True
0.0,41,-0.018749076123942898,-0.07601616188115741,0.03851800963327161,0.0,0,True
0.0,42,-0.0236992224698293,-0.07769424271860664,0.030295797778948044,0.0,0,True
0.0,43,0.06561018009161142,0.00907935175906157,0.12214100842416126,0.0,0,False
0.0,44,0.007988803226286137,-0.0455706614777425,0.06154826793031477,0.0,0,True
0.0,45,0.006982591953458642,-0.04563851906135531,0.059603702968272596,0.0,0,True
0.0,46,0.020401580784327553,-0.03392416331184671,0.07472732488050181,0.0,0,True
0.0,47,0.015823289132723798,-0.039078651430478104,0.07072522969592569,0.0,0,True
0.0,48,0.025155043040910104,-0.028218816636078864,0.07852890271789907,0.0,0,True
0.0,49,-0.0013362646785051756,-0.05644103993764363,0.05376851058063328,0.0,0,True
0.0,50,0.0015031799497108394,-0.05165082313694183,0.05465718303636351,0.0,0,True
0.0,51,-0.02404034863320646,-0.0771012648157274,0.029020567549314483,0.0,0,True
0.0,52,-0.00488631459871857,-0.05892392914614523,0.04915129994870809,0.0,0,True
0.0,53,0.03941417969692619,-0.014429210741067441,0.09325757013491982,0.0,0,True
0.0,54,-0.008266329589781855,-0.06273842061879505,0.04620576143923133,0.0,0,True
0.0,55,-0.025438372867285664,-0.07855035022998767,0.027673604495416348,0.0,0,True
0.0,56,-0.035163475708309785,-0.08840756054371557,0.01808060912709599,0.0,0,True
0.0,57,-0.02083766861546523,-0.07654920153754166,0.03487386430661119,0.0,0,True
0.0,58,0.008201212571614191,-0.04429879499483037,0.06070122013805876,0.0,0,True
0.0,59,0.036227739343234845,-0.01893530773980734,0.09139078642627703,0.0,0,True
0.0,60,0.0033546825980600805,-0.049262628169662946,0.0559719933657831,0.0,0,True
0.0,61,0.008335236811809532,-0.05130388451718608,0.06797435814080514,0.0,0,True
0.0,62,0.04225462138366469,-0.01360551209024289,0.09811475485757226,0.0,0,True
0.0,63,0.010974633513507252,-0.04425951941253228,0.0662087864395468,0.0,0,True
0.0,64,-0.013387901359223445,-0.06872416687904759,0.041948364160600694,0.0,0,True
0.0,65,-0.003832658726413172,-0.05404401380441359,0.04637869635158724,0.0,0,True
0.0,66,-0.047987483954201854,-0.10069351409791427,0.004718546189510571,0.0,0,True
0.0,67,0.047444753051352914,-0.009213264934762669,0.1041027710374685,0.0,0,True
0.0,68,-0.0024950940367395105,-0.05829849906206377,0.053308310988584746,0.0,0,True
0.0,69,-0.03055737431778031,-0.08376495854046068,0.02265020990490006,0.0,0,True
0.0,70,-0.04904583443443112,-0.10253712765075558,0.004445458781893341,0.0,0,True
0.0,71,0.0743379532326831,0.019148437418762765,0.12952746904660342,0.0,0,False
0.0,72,0.0032936605467157186,-0.04990618112350369,0.056493502216935124,0.0,0,True
0.0,73,-0.03494602349262428,-0.0855697874389426,0.015677740453694036,0.0,0,True
0.0,74,0.06563625816508678,0.0100723493792498,0.12120016695092375,0.0,0,False
0.0,75,-0.032038459401440865,-0.0841105520212811,0.020033633218399356,0.0,0,True
0.0,76,-0.003903827441589758,-0.059050321405020104,0.05124266652184059,0.0,0,True
0.0,77,-0.012359190086289783,-0.06616444013995625,0.04144605996737667,0.0,0,True
0.0,78,0.0476419510627714,-0.0046713025794190705,0.09995520470496187,0.0,0,True
0.0,79,-0.023921815300782346,-0.08065809656499172,0.032814465963427034,0.0,0,True
0.0,80,0.011989165192207347,-0.0411239751684979,0.06510230555291259,0.0,0,True
0.0,81,0.0298258115520127,-0.02248642842298789,0.08213805152701328,0.0,0,True
0.0,82,-0.024887798774718244,-0.08049973862477193,0.030724141075335443,0.0,0,True
0.0,83,-0.03895821093336458,-0.09380259807145302,0.015886176204723858,0.0,0,True
0.0,84,0.02988767485934671,-0.025659057086987184,0.08543440680568061,0.0,0,True
0.0,85,-0.016969469445334503,-0.07174595926025429,0.037807020369585276,0.0,0,True
0.0,86,-0.025344726571316204,-0.07917330812194213,0.02848385497930973,0.0,0,True
0.0,87,-0.037787927808470366,-0.09269811925781714,0.017122263640876406,0.0,0,True
0.0,88,-0.015445325843174549,-0.07143040950776837,0.040539757821419276,0.0,0,True
0.0,89,-0.07213862583294103,-0.12490264289933511,-0.01937460876654696,0.0,0,False
0.0,90,0.0003975922528452235,-0.05259326411127222,0.05338844861696267,0.0,0,True
0.0,91,-6.013177304383781e-05,-0.056557956781549984,0.05643769323546231,0.0,0,True
0.0,92,-0.01831578665253369,-0.07080460857176524,0.03417303526669785,0.0,0,True
0.0,93,0.04512246069277201,-0.010244936089427358,0.10048985747497138,0.0,0,True
0.0,94,0.01470599684964761,-0.039344478084845334,0.06875647178414056,0.0,0,True
0.0,95,-0.017670045787098573,-0.07262019746577643,0.03728010589157928,0.0,0,True
0.0,96,0.012118018089424122,-0.0407593283275627,0.06499536450641094,0.0,0,True
0.0,97,-0.012417972098088191,-0.06799987044511399,0.04316392624893761,0.0,0,True
0.0,98,0.013572633080054184,-0.037835074862642766,0.06498034102275113,0.0,0,True
0.0,99,0.005049857214889189,-0.04961404975829841,0.059713764188076786,0.0,0,True
0.0,100,-0.006378824200227929,-0.05892031499513882,0.04616266659468296,0.0,0,True
0.0,101,0.048659954585049126,-0.0076196558381869395,0.10493956500828519,0.0,0,True
0.0,102,0.011636715595597443,-0.041115740689968504,0.06438917188116339,0.0,0,True
0.0,103,0.050344523703435895,-0.0008534511894479208,0.10154249859631971,0.0,0,True
0.0,104,0.02291980822910517,-0.03099352021699665,0.07683313667520698,0.0,0,True
0.0,105,-0.023619334426442807,-0.07919422664427163,0.03195555779138601,0.0,0,True
0.0,106,-0.0075451439183409,-0.05808844287135393,0.04299815503467213,0.0,0,True
0.0,107,0.010682567032273552,-0.04415940814589754,0.06552454221044465,0.0,0,True
0.0,108,-0.02941609839551946,-0.08267592963982484,0.02384373284878593,0.0,0,True
0.0,109,0.0004488506258400827,-0.05472990659648198,0.05562760784816214,0.0,0,True
0.0,110,0.012363437710385606,-0.041645566947689824,0.06637244236846104,0.0,0,True
0.0,111,-0.00519803533082693,-0.062121111311414734,0.05172504064976087,0.0,0,True
0.0,112,0.0016113575075139077,-0.05484543101469674,0.05806814602972455,0.0,0,True
0.0,113,-0.004373188669200434,-0.058137544511398694,0.04939116717299783,0.0,0,True
0.0,114,0.016573917657404836,-0.03920742476086132,0.07235526007567099,0.0,0,True
0.0,115,0.01458886087443462,-0.040783260949087075,0.06996098269795632,0.0,0,True
0.0,116,-0.002331450490141799,-0.05452344088089934,0.04986053990061574,0.0,0,True
0.0,117,0.01767159776618256,-0.0352159669416996,0.07055916247406471,0.0,0,True
0.0,118,-0.005242242922766946,-0.05857369365006479,0.048089207804530895,0.0,0,True
0.0,119,-0.009733240634417738,-0.06598476146944435,0.046518280200608865,0.0,0,True
0.0,120,-0.02702045009758559,-0.08100634097594767,0.026965440780776482,0.0,0,True
0.0,121,0.04197342637726979,-0.01164105979416883,0.09558791254870841,0.0,0,True
0.0,122,-0.040128452697130404,-0.09530409710895207,0.015047191714691273,0.0,0,True
0.0,123,-0.041527055106753544,-0.09490110742067917,0.011846997207172083,0.0,0,True
0.0,124,-0.031049626890202606,-0.08538533802956368,0.023286084249158467,0.0,0,True
0.0,125,0.014436392827830897,-0.03668686756782796,0.06555965322348975,0.0,0,True
0.0,126,-0.05060813138562376,-0.10756345180195015,0.006347189030702631,0.0,0,True
0.0,127,-0.004148999149539611,-0.05832063300175184,0.05002263470267262,0.0,0,True
0.0,128,0.009198702397605285,-0.04259554363682403,0.0609929484320346,0.0,0,True
0.0,129,0.009755120407142073,-0.044166777980778935,0.06367701879506309,0.0,0,True
0.0,130,0.001398225788015958,-0.05123883030183977,0.05403528187787169,0.0,0,True
0.0,131,-0.024615991675965346,-0.07778351156580517,0.02855152821387447,0.0,0,True
0.0,132,0.02618394061637927,-0.030047317505120325,0.08241519873787886,0.0,0,True
0.0,133,0.017669810613289108,-0.03795017254071845,0.07328979376729666,0.0,0,True
0.0,134,0.03494630870266585,-0.021094970397078014,0.09098758780240972,0.0,0,True
0.0,135,0.023616083751602686,-0.027312115930343155,0.07454428343354852,0.0,0,True
0.0,136,-0.014469983923257735,-0.06706287015823759,0.038122902311722114,0.0,0,True
0.0,137,0.012641620546310817,-0.04278102144570129,0.06806426253832293,0.0,0,True
0.0,138,-0.013279677838833588,-0.06556301552292908,0.039003659845261905,0.0,0,True
0.0,139,0.004137047497281823,-0.05119437312109275,0.0594684681156564,0.0,0,True
0.0,140,0.009058990854109003,-0.04837192018468807,0.06648990189290607,0.0,0,True
0.0,141,0.017137407759736736,-0.0382278818570259,0.07250269737649936,0.0,0,True
0.0,142,-0.012909004341983284,-0.06793038148446191,0.042112372800495346,0.0,0,True
0.0,143,0.0008844333058715501,-0.055286773028307826,0.05705563964005092,0.0,0,True
0.0,144,-0.024189225758863953,-0.0780976265718718,0.029719175054143898,0.0,0,True
0.0,145,-0.018214934730082642,-0.07223636307671868,0.03580649361655341,0.0,0,True
0.0,146,-0.026272486049392998,-0.08083285047656882,0.028287878377782832,0.0,0,True
0.0,147,0.029065151780657616,-0.02497925006732558,0.08310955362864081,0.0,0,True
0.0,148,-0.019704582206760295,-0.07459994591129958,0.03519078149777899,0.0,0,True
0.0,149,0.012294736796620314,-0.04004862762606771,0.06463810121930834,0.0,0,True
0.0,150,0.030327152155199644,-0.025774954938438076,0.08642925924883736,0.0,0,True
0.0,151,0.045666805818009276,-0.007753170968944116,0.09908678260496268,0.0,0,True
0.0,152,0.04079077506769223,-0.011560023428288276,0.09314157356367272,0.0,0,True
0.0,153,0.03044732418259221,-0.02509437245298614,0.08598902081817056,0.0,0,True
0.0,154,-0.0055780288391640105,-0.058044477211153696,0.04688841953282568,0.0,0,True
0.0,155,0.041911879684867204,-0.013662194675066165,0.09748595404480057,0.0,0,True
0.0,156,-0.02402158470390676,-0.07689460576639849,0.028851436358584965,0.0,0,True
0.0,157,0.046904214989515094,-0.005059400616329361,0.09886783059535956,0.0,0,True
0.0,158,0.018947087244376534,-0.03604710101601925,0.07394127550477232,0.0,0,True
0.0,159,0.040096036609438945,-0.01642045946924065,0.09661253268811854,0.0,0,True
0.0,160,-0.021843039509493338,-0.07958594542779954,0.03589986640881286,0.0,0,True
0.0,161,-0.006546430810773693,-0.06097950220782446,0.04788664058627708,0.0,0,True
0.0,162,0.0020807093699113503,-0.053049233193901195,0.0572106519337239,0.0,0,True
0.0,163,0.01964957550511316,-0.03476572104636266,0.07406487205658897,0.0,0,True
0.0,164,0.0023229969928515656,-0.0519681212528594,0.05661411523856253,0.0,0,True
0.0,165,-0.022133430720978536,-0.07591602651097955,0.031649165069022475,0.0,0,True
0.0,166,-0.030202804105647692,-0.08427288136450328,0.0238672731532079,0.0,0,True
0.0,167,0.004559827718471064,-0.048336130139879266,0.05745578557682139,0.0,0,True
0.0,168,-0.004836676278186102,-0.05908086305610154,0.04940751049972933,0.0,0,True
0.0,169,0.05702364961043856,0.004096635955420619,0.10995066326545651,0.0,0,False
0.0,170,-0.020465729976589294,-0.07733785753283029,0.03640639757965171,0.0,0,True
0.0,171,0.019329185764114954,-0.034827489729195804,0.0734858612574257,0.0,0,True
0.0,172,0.028764617207438864,-0.02745469696622388,0.08498393138110161,0.0,0,True
0.0,173,0.02554059183693498,-0.028871528863246218,0.07995271253711618,0.0,0,True
0.0,174,-0.010635826384981187,-0.06634269723133601,0.04507104446137363,0.0,0,True
0.0,175,0.027027825288027094,-0.029677451217341597,0.08373310179339578,0.0,0,True
0.0,176,-0.016872061660952342,-0.07272320840750704,0.03897908508560236,0.0,0,True
0.0,177,-0.014589474763627087,-0.06924814798330073,0.04006919845604656,0.0,0,True
0.0,178,-0.012012827443111091,-0.06663565274989779,0.0426099978636756,0.0,0,True
0.0,179,-0.036139906080638114,-0.09010582785575254,0.01782601569447631,0.0,0,True
0.0,180,0.02464203358576272,-0.029563355208833336,0.07884742238035877,0.0,0,True
0.0,181,0.0005198245085488298,-0.05263409605462379,0.05367374507172145,0.0,0,True
0.0,182,-0.0015093970147563353,-0.05590589177935584,0.05288709774984317,0.0,0,True
0.0,183,0.016398884535691435,-0.03688370933723044,0.0696814784086133,0.0,0,True
0.0,184,0.01623418632080644,-0.039902743826212776,0.07237111646782565,0.0,0,True
0.0,185,-0.044805501481152844,-0.09939257134045934,0.009781568378153659,0.0,0,True
0.0,186,-0.05132384555018714,-0.10465470265738598,0.0020070115570117036,0.0,0,True
0.0,187,-0.010259472427369583,-0.06411456081074698,0.04359561595600782,0.0,0,True
0.0,188,-0.025389564054413966,-0.07945848467328036,0.028679356564452422,0.0,0,True
0.0,189,0.05096229229711357,-0.004526577495894309,0.10645116209012145,0.0,0,True
0.0,190,-0.00040779040740709276,-0.05166332587874748,0.050847745063933296,0.0,0,True
0.0,191,-0.022091237869700162,-0.0777378602463507,0.033555384506950364,0.0,0,True
0.0,192,-0.00019946341540459485,-0.05629407176101576,0.055895144930206565,0.0,0,True
0.0,193,0.005482541116702337,-0.051336376786912746,0.06230145902031742,0.0,0,True
0.0,194,-0.0074813508549397625,-0.06421882338767775,0.04925612167779822,0.0,0,True
0.0,195,-0.009527296860453643,-0.06543913650525579,0.0463845427843485,0.0,0,True
0.0,196,0.01252171017157175,-0.04111739072656998,0.06616081106971348,0.0,0,True
0.0,197,-0.031079583251505567,-0.08673972848731379,0.02458056198430266,0.0,0,True
0.0,198,0.08669360862538086,0.03023972595594924,0.1431474912948125,0.0,0,False
0.0,199,-0.05434017844949134,-0.1078329723747638,-0.0008473845242188902,0.0,0,False
0.0,200,-0.059814515684169185,-0.11533379380504315,-0.004295237563295223,0.0,0,False
0.0,201,-0.01709813352725612,-0.07213672416900839,0.03794045711449616,0.0,0,True
0.0,202,0.004089391614163864,-0.04840266898582167,0.0565814522141494,0.0,0,True
0.0,203,0.039986441571223344,-0.013635545381019624,0.09360842852346632,0.0,0,True
0.0,204,0.037294187312221935,-0.015704908902991636,0.09029328352743551,0.0,0,True
0.0,205,-0.03154215872187286,-0.08627928908228316,0.023194971638537433,0.0,0,True
0.0,206,0.02171608281566375,-0.03322657274804745,0.07665873837937495,0.0,0,True
0.0,207,0.013304224408039186,-0.040727692122327935,0.0673361409384063,0.0,0,True
0.0,208,-0.0442911554168295,-0.1005620443541716,0.011979733520512605,0.0,0,True
0.0,209,0.025829257581177923,-0.028923416624274983,0.08058193178663083,0.0,0,True
0.0,210,0.021022130915571688,-0.03209830962910515,0.07414257146024852,0.0,0,True
0.0,211,-0.010893724819700941,-0.06636162574396623,0.04457417610456435,0.0,0,True
0.0,212,0.017756617139623967,-0.03808126365405399,0.07359449793330192,0.0,0,True
0.0,213,-0.019257163528970656,-0.0726411459757256,0.03412681891778428,0.0,0,True
0.0,214,-0.031377773556441876,-0.08661373269140898,0.02385818557852523,0.0,0,True
0.0,215,-0.04974264231781424,-0.10428234970780229,0.004797065072173805,0.0,0,True
0.0,216,-0.02310050190918345,-0.07950663274208539,0.033305628923718494,0.0,0,True
0.0,217,0.0668133491352877,0.010058349253485477,0.12356834901708993,0.0,0,False
0.0,218,-0.05953619538558194,-0.1163683791519832,-0.002704011619180692,0.0,0,False
0.0,219,0.003411172447161694,-0.051666564598205844,0.05848890949252923,0.0,0,True
0.0,220,-0.013960731777057773,-0.07259995472341775,0.0446784911693022,0.0,0,True
0.0,221,0.005825291854004058,-0.045338907199268856,0.05698949090727697,0.0,0,True
0.0,222,0.017530502049359912,-0.03777658464876514,0.07283758874748496,0.0,0,True
0.0,223,-0.004004438919164517,-0.05799898203421711,0.049990104195888084,0.0,0,True
0.0,224,0.020966727728175993,-0.03205798331286816,0.07399143876922014,0.0,0,True
0.0,225,-0.021130518255707366,-0.07616491595443503,0.03390387944302029,0.0,0,True
0.0,226,-0.013511889361448178,-0.06755381994612816,0.040530041223231804,0.0,0,True
0.0,227,-0.004725709384022757,-0.05772665249411771,0.04827523372607219,0.0,0,True
0.0,228,0.03049436833141792,-0.02407405918203095,0.08506279584486678,0.0,0,True
0.0,229,0.0005437657879404772,-0.052404337305578405,0.05349186888145936,0.0,0,True
0.0,230,-0.0035012904067228826,-0.05738622204044824,0.05038364122700248,0.0,0,True
0.0,231,-0.0026474178401908136,-0.05606192917162966,0.050767093491248035,0.0,0,True
0.0,232,0.016140355851260734,-0.03891929183282174,0.0712000035353432,0.0,0,True
0.0,233,-0.008574632440157392,-0.06397524658511251,0.04682598170479774,0.0,0,True
0.0,234,-0.05175660848444196,-0.10764446413586577,0.00413124716698185,0.0,0,True
0.0,235,0.0231346305759492,-0.031396355405507004,0.0776656165574054,0.0,0,True
0.0,236,0.016755344036941143,-0.039322047635816,0.07283273570969828,0.0,0,True
0.0,237,-0.01301879041671889,-0.06916922024210143,0.04313163940866365,0.0,0,True
0.0,238,0.02596881603692534,-0.029711422603636326,0.08164905467748701,0.0,0,True
0.0,239,-0.035820951751728364,-0.09125748034209594,0.019615576838639216,0.0,0,True
0.0,240,-0.01585824989734398,-0.06988085502512703,0.03816435523043907,0.0,0,True
0.0,241,0.017234703813376568,-0.036490687264374766,0.0709600948911279,0.0,0,True
0.0,242,-0.029405127668281655,-0.0832766739468164,0.024466418610253095,0.0,0,True
0.0,243,0.0023999416622726734,-0.052329702042172466,0.057129585366717806,0.0,0,True
0.0,244,0.0056389535941496595,-0.04942647177378277,0.06070437896208209,0.0,0,True
0.0,245,-0.03930843126959786,-0.09323055670075807,0.014613694161562343,0.0,0,True
0.0,246,-0.01642691245398077,-0.06923529271533749,0.03638146780737594,0.0,0,True
0.0,247,0.006259270661362685,-0.04907467560910767,0.06159321693183304,0.0,0,True
0.0,248,-0.015923833613394934,-0.07100019434701377,0.03915252712022391,0.0,0,True
0.0,249,0.03049247606210813,-0.02246772645855133,0.08345267858276759,0.0,0,True
0.0,250,0.011145812489782742,-0.04678396310071105,0.06907558808027653,0.0,0,True
0.0,251,0.001604252386019112,-0.050821188784822974,0.0540296935568612,0.0,0,True
0.0,252,-0.033733454929091425,-0.08757140264585539,0.020104492787672533,0.0,0,True
0.0,253,-0.016825756971165954,-0.06922737700595875,0.03557586306362684,0.0,0,True
0.0,254,0.009796858407196875,-0.046684574671183435,0.06627829148557719,0.0,0,True
0.0,255,0.054897547396148216,-0.00033384662312703484,0.11012894141542347,0.0,0,True
0.0,256,0.03612414110291786,-0.014865151902418237,0.08711343410825395,0.0,0,True
0.0,257,0.025945204280036094,-0.030495441861036376,0.08238585042110856,0.0,0,True
0.0,258,0.005752669693092466,-0.04911225481628415,0.06061759420246909,0.0,0,True
0.0,259,-0.005442042812526407,-0.0601643804863235,0.04928029486127068,0.0,0,True
0.0,260,-0.030628615984658214,-0.08722999508450721,0.025972763115190783,0.0,0,True
0.0,261,-0.03267992204784709,-0.08837346927726941,0.02301362518157523,0.0,0,True
0.0,262,0.01312487111034328,-0.039926225768250154,0.06617596798893671,0.0,0,True
0.0,263,0.02126059784295034,-0.033104624121308136,0.07562581980720881,0.0,0,True
0.0,264,-0.005964130243764366,-0.05897082154828697,0.047042561060758235,0.0,0,True
0.0,265,-0.0019532163440522214,-0.055470633867484714,0.051564201179380265,0.0,0,True
0.0,266,-0.0075038073031512215,-0.06278572839303054,0.047778113786728096,0.0,0,True
0.0,267,-0.010271140431285289,-0.0671653408294087,0.046623059966838125,0.0,0,True
0.0,268,0.018975879392461398,-0.03504371135160151,0.0729954701365243,0.0,0,True
0.0,269,-0.019185429887264648,-0.07545193144935383,0.03708107167482454,0.0,0,True
0.0,270,0.03163536206041627,-0.023824927712629597,0.08709565183346213,0.0,0,True
0.0,271,-0.010785082867179612,-0.0636257051453318,0.042055539410972585,0.0,0,True
0.0,272,0.018437876009319804,-0.03200994570214104,0.06888569772078065,0.0,0,True
0.0,273,0.017371373634202214,-0.0360062954164165,0.07074904268482093,0.0,0,True
0.0,274,0.0205498807680328,-0.03753028268522647,0.07863004422129208,0.0,0,True
0.0,275,0.03149257555091007,-0.023349337272096884,0.08633448837391702,0.0,0,True
0.0,276,-0.02721966961126706,-0.08259073108168427,0.02815139185915015,0.0,0,True
0.0,277,0.011966281071605488,-0.04116917290552962,0.06510173504874059,0.0,0,True
0.0,278,0.0038195277870183906,-0.049982867622732255,0.05762192319676904,0.0,0,True
0.0,279,-0.014652916119989695,-0.06898430728131227,0.03967847504133288,0.0,0,True
0.0,280,-0.0041512275460418545,-0.05516839862440358,0.046865943532319876,0.0,0,True
0.0,281,-0.01566515669714153,-0.07041760162526625,0.039087288230983196,0.0,0,True
0.0,282,0.019962408244820765,-0.03435086198421844,0.07427567847385998,0.0,0,True
0.0,283,0.0044802304663142,-0.047630891503329977,0.05659135243595837,0.0,0,True
0.0,284,0.03895492102977917,-0.016061230558944754,0.0939710726185031,0.0,0,True
0.0,285,0.028783603653361692,-0.026891722088184942,0.08445892939490833,0.0,0,True
0.0,286,-0.03930316677375146,-0.09250860138339106,0.013902267835888146,0.0,0,True
0.0,287,-0.01979291595129575,-0.07626357567179393,0.03667774376920242,0.0,0,True
0.0,288,0.05319848767553142,-0.0002948441549188649,0.1066918195059817,0.0,0,True
0.0,289,0.008835837867369297,-0.043943542285618156,0.06161521802035674,0.0,0,True
0.0,290,0.030699627315864824,-0.022698432300501666,0.08409768693223131,0.0,0,True
0.0,291,-0.02178765810631681,-0.07786265235444897,0.03428733614181535,0.0,0,True
0.0,292,-0.022958978313628645,-0.0794319249264869,0.03351396829922962,0.0,0,True
0.0,293,0.00581338581632289,-0.04821455517052388,0.059841326803169656,0.0,0,True
0.0,294,-0.039173494429446155,-0.09469592347796252,0.016348934619070207,0.0,0,True
0.0,295,0.09039895742184367,0.036120105122289095,0.14467780972139827,0.0,0,False
0.0,296,-0.006619095987545614,-0.05981944438127501,0.046581252406183785,0.0,0,True
0.0,297,0.029080166083693987,-0.027658083967617188,0.08581841613500515,0.0,0,True
0.0,298,-0.01149645006651834,-0.06746304333616664,0.04447014320312996,0.0,0,True
0.0,299,-0.004792910764836392,-0.05816724290084142,0.04858142137116864,0.0,0,True
0.2,0,-0.050232295437465664,-0.10298407877640003,0.002519487901468706,-0.07854251012145749,0,True
0.2,1,-0.09724709908427243,-0.154602269409318,-0.03989192875922685,-0.1008130081300813,1,True
0.2,2,-0.08864026698298441,-0.14100621950365455,-0.036274314462314265,-0.09885931558935361,0,True
0.2,3,-0.10922965518042033,-0.1632045033503442,-0.05525480701049644,-0.1020242914979757,0,True
0.2,4,-0.0933111642961,-0.14986957964923353,-0.03675274894296646,-0.11047928513403736,1,True
0.2,5,-0.11133034689963019,-0.16478453392434142,-0.05787615987491895,-0.10614525139664804,1,True
0.2,6,-0.051520947463100104,-0.10562689964209666,0.002585004715896455,-0.10115830115830116,0,True
0.2,7,-0.13948739349516692,-0.19355640112330616,-0.08541838586702769,-0.10614525139664804,1,True
0.2,8,-0.10596732557840906,-0.1621380802599697,-0.04979657089684841,-0.08723747980613894,0,True
0.2,9,-0.10082907351085064,-0.15825185929121358,-0.04340628773048772,-0.11094108645753634,0,True
0.2,10,-0.030465955391833978,-0.08339150276978836,0.02245959198612041,-0.11037344398340249,0,False
0.2,11,-0.057799563161653654,-0.11322825514558493,-0.002370871177722375,-0.09417398244213887,0,True
0.2,12,-0.10939442715026161,-0.16533053881291349,-0.05345831548760974,-0.11688311688311688,0,True
0.2,13,-0.13115278460340563,-0.19010285062283117,-0.07220271858398009,-0.10295291300877893,1,True
0.2,14,-0.10582316477076503,-0.16168208743945917,-0.0499642421020709,-0.08858739026336791,0,True
0.2,15,-0.11577043107263084,-0.17200545394600797,-0.05953540819925372,-0.10200803212851406,1,True
0.2,16,-0.08447055675093762,-0.13722212016622629,-0.03171899333564895,-0.10107705053852527,0,True
0.2,17,-0.061755743852330555,-0.11563642020447075,-0.00787506750019036,-0.09390048154093097,0,True
0.2,18,-0.10970989112569308,-0.1687189052843173,-0.05070087696706887,-0.10991735537190082,0,True
0.2,19,-0.05370136776071356,-0.10903092737445083,0.0016281918530237083,-0.1115702479338843,0,False
0.2,20,-0.08726803329165471,-0.1418924181820319,-0.03264364840127752,-0.10331534309946029,0,True
0.2,21,-0.06601370098525793,-0.11935345985737095,-0.01267394211314491,-0.09674796747967479,0,True
0.2,22,-0.1340209034696713,-0.18785264936917814,-0.08018915757016445,-0.11074380165289256,1,True
0.2,23,-0.10229854581019655,-0.1584147327807663,-0.046182358839626826,-0.09179528838342811,0,True
0.2,24,-0.09229652378917602,-0.14471635637504773,-0.0398766912033043,-0.1053864168618267,0,True
0.2,25,-0.09557750790377731,-0.1501657255068482,-0.04098929030070642,-0.08809135399673736,1,True
0.2,26,-0.0606837246464246,-0.1152757164339297,-0.0060917328589195074,-0.08,0,True
0.2,27,-0.10442714921230856,-0.1573674253365936,-0.05148687308802352,-0.09764035801464606,0,True
0.2,28,-0.13403773165627528,-0.18803122014064955,-0.08004424317190101,-0.10837438423645321,1,True
0.2,29,-0.07816516844684886,-0.1324743573690567,-0.023855979524641018,-0.08730800323362975,0,True
0.2,30,-0.10873789677753157,-0.16460667224620712,-0.052869121308856,-0.10246227164416204,0,True
0.2,31,-0.09409702259480988,-0.14913020579497382,-0.03906383939464596,-0.0984540276647681,0,True
0.2,32,-0.07389878794032664,-0.12836662633075663,-0.01943094954989666,-0.10682004930156122,0,True
0.2,33,-0.10340192430067055,-0.15684128198854042,-0.04996256661280069,-0.09594383775351015,1,True
0.2,34,-0.08548597389255011,-0.14297240641151504,-0.027999541373585173,-0.08737864077669903,0,True
0.2,35,-0.09851863431317485,-0.15497778551031074,-0.04205948311603897,-0.0791599353796446,0,True
0.2,36,-0.05652710839679737,-0.1149317042644924,0.0018774874708976583,-0.0825910931174089,0,True
0.2,37,-0.07200670220961898,-0.12887609434032377,-0.015137310078914189,-0.10223642172523961,0,True
0.2,38,-0.11629205090044992,-0.16972467398525787,-0.06285942781564197,-0.10146103896103896,1,True
0.2,39,-0.07082167467424488,-0.12563697874310986,-0.01600637060537989,-0.09937888198757763,0,True
0.2,40,-0.09996085069325297,-0.154231871188222,-0.045689830198283966,-0.10708661417322834,1,True
0.2,41,-0.11578991825686104,-0.17243867232123983,-0.059141164192482235,-0.09331131296449216,1,True
0.2,42,-0.0781351803232194,-0.13227559931033128,-0.023994761336107492,-0.10306845003933911,0,True
0.2,43,-0.11286691027196677,-0.1680191373084255,-0.05771468323550806,-0.1093627065302911,0,True
0.2,44,-0.14143367155389827,-0.1940880486237585,-0.08877929448403804,-0.11407160699417153,1,True
0.2,45,-0.08642561061485407,-0.14430486272765594,-0.0285463585020522,-0.09723320158102766,0,True
0.2,46,-0.05218114605679862,-0.11081742158629637,0.006455129472699141,-0.09967585089141005,0,True
0.2,47,-0.0828915119930004,-0.13810377225134582,-0.02767925173465499,-0.10601001669449082,0,True
0.2,48,-0.10740038378575681,-0.16705495463532716,-0.04774581293618647,-0.09322033898305085,0,True
0.2,49,-0.11124510387872961,-0.16798060809357948,-0.05450959966387974,-0.10074318744838975,0,True
0.2,50,-0.13359118011963303,-0.18790209921638826,-0.0792802610228778,-0.10112359550561797,1,True
0.2,51,-0.0788794933323395,-0.13388060279586086,-0.023878383868818125,-0.09300411522633745,0,True
0.2,52,-0.05422056277212365,-0.11276131534113976,0.00432018979689245,-0.1116584564860427,0,True
0.2,53,-0.07236515599680735,-0.12841771869506183,-0.01631259329855287,-0.10344827586206896,0,True
0.2,54,-0.10623250677192504,-0.16457961127741239,-0.047885402266437685,-0.08121019108280254,0,True
0.2,55,-0.15119672336094658,-0.20632156468492396,-0.0960718820369692,-0.10857592446892211,1,True
0.2,56,-0.08404870652897482,-0.14120425501267686,-0.026893158045272772,-0.10691318327974277,0,True
0.2,57,-0.10424385702344945,-0.16300865501997724,-0.045479059026921634,-0.10057236304170074,0,True
0.2,58,-0.07636490764261891,-0.1345548921813397,-0.018174923103898136,-0.11939102564102565,0,True
0.2,59,-0.1602317422979895,-0.21537576469876948,-0.10508771989720952,-0.11641541038525963,1,True
0.2,60,-0.11064201975678768,-0.16710266647427224,-0.054181373039303135,-0.1077891424075531,0,True
0.2,61,-0.05556247947700165,-0.109145511152657,-0.001979447801346311,-0.10235580828594638,0,True
0.2,62,-0.12419941676122588,-0.17847949090617948,-0.06991934261627226,-0.0936,1,True
0.2,63,-0.11832161002336243,-0.17346627209356083,-0.06317694795316403,-0.0898876404494382,1,True
0.2,64,-0.11548932191777726,-0.17407655632728025,-0.05690208750827427,-0.09775641025641026,1,True
0.2,65,-0.09779100145719624,-0.15230046039231063,-0.043281542522081856,-0.10078740157480315,0,True
0.2,66,-0.0813268528688583,-0.13502226400475378,-0.027631441732962815,-0.10318076027928627,0,True
0.2,67,-0.12042226408590234,-0.1738288679538165,-0.06701566021798819,-0.09651898734177215,1,True
0.2,68,-0.11309698071331432,-0.16833318895719462,-0.05786077246943404,-0.09800664451827243,1,True
0.2,69,-0.10537411441156184,-0.1599501975546041,-0.0507980312685196,-0.11694915254237288,0,True
0.2,70,-0.07033653037538909,-0.12789534657486734,-0.012777714175910823,-0.10082644628099173,0,True
0.2,71,-0.12171447613142275,-0.17633280404496518,-0.06709614821788032,-0.09298780487804878,1,True
0.2,72,-0.1258341886731428,-0.18008324879974624,-0.07158512854653935,-0.09234608985024959,1,True
0.2,73,-0.07729340385519597,-0.13032280831091358,-0.02426399939947836,-0.09624413145539906,0,True
0.2,74,-0.15046221044990424,-0.2076941819010518,-0.09323023899875668,-0.1151468315301391,1,True
0.2,75,-0.0986779377110216,-0.1533292404267643,-0.04402663499527889,-0.09090909090909091,0,True
0.2,76,-0.11134836817862478,-0.1638892472560487,-0.05880748910120088,-0.0932475884244373,0,True
0.2,77,-0.11305069076613904,-0.17323400536946093,-0.052867376162817156,-0.09857035364936043,0,True
0.2,78,-0.10914909032780061,-0.16418972124279507,-0.05410845941280614,-0.10518292682926829,1,True
0.2,79,-0.11499833051576104,-0.17167632024256024,-0.058320340788961846,-0.10256410256410256,1,True
0.2,80,-0.11658320423906844,-0.17523842469621703,-0.057927983781919865,-0.10782747603833866,0,True
0.2,81,-0.08746654183689334,-0.14063028083015205,-0.03430280284363462,-0.09778142974527526,0,True
0.2,82,-0.06939321357812456,-0.12504020965396212,-0.013746217502286981,-0.09467918622848201,0,True
0.2,83,-0.13931891382083086,-0.19489012277259665,-0.08374770486906508,-0.10606060606060606,1,True
0.2,84,-0.13023243499926504,-0.18564532290012134,-0.07481954709840874,-0.0958904109589041,1,True
0.2,85,-0.10509575587750221,-0.16001075461274344,-0.05018075714226099,-0.08832807570977919,1,True
0.2,86,-0.0732852465448895,-0.12919360684364,-0.017376886246138992,-0.09287429943955164,0,True
0.2,87,-0.13054402479120972,-0.1854064093426383,-0.07568164023978113,-0.0947119179163378,1,True
0.2,88,-0.1413241541065414,-0.1976684079498376,-0.0849799002632452,-0.09335443037974683,1,True
0.2,89,-0.10757612446894574,-0.16253740524686747,-0.05261484369102401,-0.1147410358565737,0,True
0.2,90,-0.10712384379679005,-0.16122725106136906,-0.05302043653221103,-0.10547504025764895,0,True
0.2,91,-0.14465459929766036,-0.19943823715796619,-0.08987096143735454,-0.10173501577287067,1,True
0.2,92,-0.09674887448999474,-0.15227087558626387,-0.04122687339372561,-0.09027237354085603,1,True
0.2,93,-0.10170536330718657,-0.15785506245996703,-0.04555566415440612,-0.1070559610705596,0,True
0.2,94,-0.07000611525595642,-0.1266656663180056,-0.013346564193907236,-0.09884678747940692,0,True
0.2,95,-0.09873718781859235,-0.15428312573552347,-0.04319124990166124,-0.09394904458598727,0,True
0.2,96,-0.11755831007622142,-0.1763006510631651,-0.05881596908927774,-0.09538228614685844,0,True
0.2,97,-0.12946314995704364,-0.18585134900553169,-0.0730749509085556,-0.10785824345146379,1,True
0.2,98,-0.08264065005205591,-0.1400973522537366,-0.025183947850375213,-0.09682539682539683,0,True
0.2,99,-0.12414107148534002,-0.18073839901278266,-0.06754374395789739,-0.09925558312655088,1,True
0.2,100,-0.09459019653118114,-0.14947217534735935,-0.03970821771500294,-0.10111464968152867,0,True
0.2,101,-0.09587023895478657,-0.15256824844348515,-0.03917222946608798,-0.1189710610932476,0,True
0.2,102,-0.10625584362325025,-0.16416705118194197,-0.048344636064558535,-0.09570154095701541,0,True
0.2,103,-0.17260035930455722,-0.23221300628611952,-0.11298771232299491,-0.09209453952730236,1,False
0.2,104,-0.08827654370464612,-0.1445906975441678,-0.03196238986512442,-0.09416342412451362,0,True
0.2,105,-0.06948083989184246,-0.12440493880766545,-0.014556740976019479,-0.10186625194401244,0,True
0.2,106,-0.042723012338394165,-0.09714136724350916,0.011695342566720827,-0.08546325878594249,0,True
0.2,107,-0.07838563242863412,-0.13381842721171813,-0.02295283764555011,-0.09674922600619196,0,True
0.2,108,-0.10925737247051472,-0.16338711839657408,-0.05512762654445536,-0.10279605263157894,1,True
0.2,109,-0.10302129440123052,-0.15871838909787078,-0.047324199704590245,-0.10725552050473186,0,True
0.2,110,-0.06433108237894723,-0.12055469005543736,-0.00810747470245711,-0.11560226354082458,0,True
0.2,111,-0.08759910513365145,-0.1422965196262215,-0.032901690641081394,-0.09023789991796555,0,True
0.2,112,-0.0882168171169115,-0.14747624403905482,-0.02895739019476818,-0.0891089108910891,0,True
0.2,113,-0.08100044556610332,-0.13494620825462092,-0.027054682877585716,-0.10629599345870809,1,True
0.2,114,-0.06623189978585571,-0.12285021652680145,-0.009613583044909967,-0.09664536741214058,0,True
0.2,115,-0.10206399007588243,-0.157645464502,-0.04648251564976486,-0.10122699386503067,0,True
0.2,116,-0.12047935590376811,-0.17964137079821485,-0.06131734100932137,-0.09862385321100918,0,True
0.2,117,-0.09854371585475327,-0.15569932050204463,-0.04138811120746191,-0.10297666934835076,0,True
0.2,118,-0.0950999460373524,-0.14971614870870237,-0.04048374336600245,-0.1002313030069391,0,True
0.2,119,-0.1302760290219549,-0.18497451727315067,-0.07557754077075914,-0.09935379644588045,0,True
0.2,120,-0.07954369027250051,-0.13672199480426225,-0.02236538574073877,-0.09362389023405973,0,True
0.2,121,-0.10921619862834611,-0.1645481541327083,-0.053884243123983926,-0.09281678773204197,0,True
0.2,122,-0.06490242969807254,-0.12003690259241032,-0.009767956803734767,-0.10151006711409397,0,True
0.2,123,-0.08245828597901772,-0.13851415411657952,-0.02640241784145591,-0.09516256938937351,0,True
0.2,124,-0.1012047320863005,-0.15720310313146466,-0.04520636104113634,-0.10291858678955453,0,True
0.2,125,-0.13947698025905583,-0.19376856532168898,-0.08518539519642268,-0.11788291900561347,1,True
0.2,126,-0.09703546209451676,-0.15021320258278104,-0.04385772160625247,-0.10688836104513064,0,True
0.2,127,-0.09807419669742228,-0.1548672269553343,-0.041281166439510235,-0.10016155088852989,0,True
0.2,128,-0.10174058160913478,-0.15903135203686083,-0.04444981118140872,-0.09105431309904154,0,True
0.2,129,-0.08627492148194285,-0.14068888930015644,-0.03186095366372928,-0.10668789808917198,0,True
0.2,130,-0.09675656610347118,-0.15335177594593913,-0.04016135626100322,-0.0851063829787234,0,True
0.2,131,-0.09362439389520431,-0.14737769985860846,-0.03987108793180016,-0.08285479901558655,0,True
0.2,132,-0.07987373616722235,-0.13648963429557776,-0.02325783803886694,-0.0981012658227848,0,True
0.2,133,-0.1111775190201651,-0.16785448572189599,-0.054500552318434196,-0.11101836393989983,1,True
0.2,134,-0.10301713880057609,-0.15793506213491976,-0.0480992154662324,-0.09826589595375723,1,True
0.2,135,-0.09315446196698898,-0.14553918342211444,-0.04076974051186352,-0.10662358642972536,0,True
0.2,136,-0.07406844071528117,-0.13064248372547382,-0.017494397705088524,-0.11853619729514718,0,True
0.2,137,-0.10938467040209046,-0.1631957473660755,-0.055573593438105404,-0.0943695479777954,1,True
0.2,138,-0.14991517359375936,-0.20681656777543117,-0.09301377941208755,-0.09870550161812297,1,True
0.2,139,-0.180906073798181,-0.2347127332210822,-0.1270994143752798,-0.10185185185185185,1,False
0.2,140,-0.107288194144099,-0.1629949178851894,-0.05158147040300859,-0.11154752553024352,0,True
0.2,141,-0.10742210132544053,-0.16156528830076644,-0.053278914350114615,-0.07965299684542587,1,True
0.2,142,-0.11930646816217058,-0.1731567958577857,-0.06545614046655546,-0.10717163577759871,1,True
0.2,143,-0.1390931519353274,-0.19216399998434336,-0.08602230388631145,-0.10739856801909307,1,True
0.2,144,-0.10411435696174552,-0.15859081122483168,-0.04963790269865936,-0.10143769968051118,0,True
0.2,145,-0.11651344576815106,-0.1730720484651547,-0.05995484307114743,-0.10272873194221509,1,True
0.2,146,-0.09983523168994561,-0.1551883761329697,-0.04448208724692151,-0.0867802108678021,1,True
0.2,147,-0.1589401818334623,-0.21565388366378457,-0.10222648000314005,-0.0981012658227848,1,False
0.2,148,-0.1106013582073499,-0.16779072635678355,-0.05341199005791624,-0.11030008110300081,0,True
0.2,149,-0.10680429882059915,-0.16203686711992502,-0.05157173052127328,-0.09921875,1,True
0.2,150,-0.08373518268916805,-0.13719334260465477,-0.030277022773681342,-0.11497105045492143,0,True
0.2,151,-0.11278968312436521,-0.1715081220384052,-0.05407124421032522,-0.0889248181083266,0,True
0.2,152,-0.09323087108482181,-0.14817126701784886,-0.03829047515179477,-0.09090909090909091,0,True
0.2,153,-0.07953443852537645,-0.1355901018833892,-0.023478775167363686,-0.08784313725490196,0,True
0.2,154,-0.17271946723743525,-0.2293470541339967,-0.11609188034087381,-0.10925039872408293,1,False
0.2,155,-0.11665276144301469,-0.17201631144841095,-0.06128921143761841,-0.12062256809338522,1,True
0.2,156,-0.11399822806604437,-0.16908334357623206,-0.05891311255585668,-0.09572784810126582,0,True
0.2,157,-0.08597989946524158,-0.14301373685637658,-0.02894606207410659,-0.08716707021791767,0,True
0.2,158,-0.05562637182416849,-0.1096115746012406,-0.0016411690470963733,-0.08927108927108927,0,True
0.2,159,-0.06466262278809956,-0.12158279917200489,-0.007742446404194234,-0.10411622276029056,0,True
0.2,160,-0.10795637717038924,-0.1638427021014661,-0.05207005223931238,-0.09550561797752809,1,True
0.2,161,-0.08735083188224659,-0.14147744081533487,-0.033224222949158305,-0.1051792828685259,0,True
0.2,162,-0.1172250951024819,-0.17117730618582724,-0.06327288401913655,-0.10210696920583469,1,True
0.2,163,-0.09917125457113923,-0.15776835272487277,-0.040574156417405687,-0.09975267930750206,0,True
0.2,164,-0.0872444723955883,-0.14279318956242568,-0.03169575522875092,-0.10606060606060606,1,True
0.2,165,-0.07970510553878066,-0.13815702379191147,-0.021253187285649844,-0.11076923076923077,0,True
0.2,166,-0.07981827184094224,-0.13549036193463862,-0.024146181747245858,-0.09012539184952978,0,True
0.2,167,-0.12080085586438886,-0.17679761985715348,-0.06480409187162427,-0.11136890951276102,1,True
0.2,168,-0.04503455591024113,-0.10012181019459834,0.010052698374116091,-0.09910641754670999,0,True
0.2,169,-0.05886069013053836,-0.1130894501149454,-0.004631930146131329,-0.10153846153846154,0,True
0.2,170,-0.05575031292942432,-0.11133680755131314,-0.0001638183075354932,-0.08702531645569621,0,True
0.2,171,-0.08801600545505836,-0.14403888269281603,-0.031993128217300694,-0.07980456026058631,0,True
0.2,172,-0.09638076637543672,-0.15014791853452292,-0.0426136142163505,-0.1045016077170418,0,True
0.2,173,-0.100803825825045,-0.15638599405401432,-0.0452216575960757,-0.11065907241659886,1,True
0.2,174,-0.0896710846050688,-0.1452733684392279,-0.03406880077090971,-0.10823909531502424,0,True
0.2,175,-0.10527933553135603,-0.16315240004589637,-0.0474062710168157,-0.1093627065302911,1,True
0.2,176,-0.13834018326862207,-0.19430185138886472,-0.08237851514837943,-0.09734513274336283,1,True
0.2,177,-0.06938497843908603,-0.12287258681214808,-0.015897370066023993,-0.09162717219589257,0,True
0.2,178,-0.030313037152975605,-0.08754059257263902,0.026914518266687802,-0.09141940657578188,0,False
0.2,179,-0.16807962020313816,-0.22400215994469444,-0.11215708046158188,-0.09501187648456057,1,False
0.2,180,-0.05317324733671613,-0.10744576732076011,0.0010992726473278563,-0.0936,0,True
0.2,181,-0.12812896686120817,-0.18512428765532762,-0.07113364606708872,-0.09706362153344208,1,True
0.2,182,-0.12211262142572205,-0.17855037669224735,-0.06567486615919674,-0.10591133004926108,1,True
0.2,183,-0.061945801924065624,-0.11868771447689877,-0.0052038893712324855,-0.09819324430479183,0,True
0.2,184,-0.08533004361022786,-0.1402679938530623,-0.030392093367393437,-0.09060402684563758,1,True
0.2,185,-0.11195655434978603,-0.17036846890330534,-0.05354463979626672,-0.09735973597359736,0,True
0.2,186,-0.03626017821692253,-0.09068274395856481,0.018162387524719742,-0.08995137763371151,0,True
0.2,187,-0.08376289813448634,-0.14197915864850386,-0.02554663762046882,-0.10460251046025104,0,True
0.2,188,-0.10491439045572881,-0.16070890756780504,-0.04911987334365258,-0.0928,0,True
0.2,189,-0.11814488101028905,-0.1705633247893817,-0.06572643723119642,-0.10534591194968554,1,True
0.2,190,-0.0661129264323733,-0.12004303278447735,-0.01218282008026926,-0.0970873786407767,0,True
0.2,191,-0.09364686155830475,-0.15044663639312092,-0.03684708672348857,-0.10845295055821372,0,True
0.2,192,-0.09934589708076787,-0.15335487535572903,-0.045336918805806696,-0.12469033856317094,0,True
0.2,193,-0.09033283289333016,-0.1450604100062987,-0.03560525578036162,-0.09549689440993789,0,True
0.2,194,-0.07347382222554506,-0.12730147386581114,-0.019646170585278983,-0.09481361426256078,0,True
0.2,195,-0.11431294213996743,-0.17193025542908108,-0.056695628850853774,-0.10864393338620143,1,True
0.2,196,-0.11525505021213295,-0.17102323689171522,-0.05948686353255066,-0.0948469006721434,1,True
0.2,197,-0.11858754784553481,-0.1734752020423821,-0.06369989364868753,-0.08806584362139917,1,True
0.2,198,-0.10060865136742048,-0.15748817313415972,-0.04372912960068123,-0.09157212317666126,0,True
0.2,199,-0.1605987941848254,-0.2184602671336664,-0.1027373212359844,-0.09861325115562404,1,False
0.2,200,-0.10137092822772584,-0.1585888638231277,-0.044152992632323966,-0.10151878497202238,0,True
0.2,201,-0.10232443649681122,-0.1585503095200249,-0.046098563473597545,-0.09849086576648133,0,True
0.2,202,-0.04413302666104229,-0.09640097244524054,0.008134919123155962,-0.11138411138411139,0,False
0.2,203,-0.08191185513932833,-0.13750101291779682,-0.026322697360859855,-0.10097719869706841,0,True
0.2,204,-0.1086310849096571,-0.16363702321364165,-0.053625146605672545,-0.10424710424710425,0,True
0.2,205,-0.0885350363854085,-0.1405396055431253,-0.036530467227691675,-0.09797822706065319,0,True
0.2,206,-0.11157924708201636,-0.16779971995446652,-0.05535877420956621,-0.1076923076923077,1,True
0.2,207,-0.1393244939402358,-0.19565259916730332,-0.08299638871316826,-0.0937759336099585,1,True
0.2,208,-0.06367472380814206,-0.12055557551512523,-0.006793872101158879,-0.09702660406885759,0,True
0.2,209,-0.13281899594193594,-0.19030644184651835,-0.07533155003735352,-0.09156050955414012,1,True
0.2,210,-0.1270766506030557,-0.18225527085466708,-0.07189803035144432,-0.10142630744849446,1,True
0.2,211,-0.14172566767779768,-0.19583235599682855,-0.08761897935876681,-0.10992616899097621,1,True
0.2,212,-0.07351250927440117,-0.12741754565205135,-0.019607472896750987,-0.10455974842767296,0,True
0.2,213,-0.08205565111768957,-0.13416876001437095,-0.029942542221008207,-0.09415584415584416,0,True
0.2,214,-0.07916258362782662,-0.1353111602557466,-0.023014006999906626,-0.09957805907172995,0,True
0.2,215,-0.10119661197141637,-0.1569746242236687,-0.04541859971916405,-0.1095890410958904,1,True
0.2,216,-0.09885013171677313,-0.14964634046693037,-0.048053922966615904,-0.10419790104947527,0,True
0.2,217,-0.06949519905040724,-0.12345956320955853,-0.015530834891255944,-0.08517110266159696,0,True
0.2,218,-0.08181831297429458,-0.13985240727476933,-0.023784218673819815,-0.09877488514548238,0,True
0.2,219,-0.11469598142242987,-0.1698545580308229,-0.059537404814036854,-0.09392712550607288,1,True
0.2,220,-0.10166120351454778,-0.15724235013466972,-0.04608005689442584,-0.09742790335151988,0,True
0.2,221,-0.07566209921894006,-0.130337735442995,-0.020986462994885102,-0.10658307210031348,0,True
0.2,222,-0.12096159434038826,-0.17874435716826767,-0.06317883151250886,-0.09836065573770492,0,True
0.2,223,-0.17043263547023724,-0.2283709488042276,-0.1124943221362469,-0.0838079739625712,1,False
0.2,224,-0.06999265993186647,-0.12496619507778609,-0.015019124785946865,-0.10405083399523431,0,True
0.2,225,-0.11627530620108262,-0.17015685982157325,-0.062393752580591974,-0.09924242424242424,0,True
0.2,226,-0.07312610169923509,-0.12821195755740894,-0.018040245841061224,-0.1066147859922179,0,True
0.2,227,-0.04942190533934414,-0.10300258887324326,0.004158778194554992,-0.08818635607321132,0,True
0.2,228,-0.09700375404166044,-0.1531780040156664,-0.040829504067654475,-0.11032308904649331,0,True
0.2,229,-0.0681876528120164,-0.12260478057369183,-0.013770525050340973,-0.11535337124289195,0,True
0.2,230,-0.11782682121750616,-0.17405106363189393,-0.0616025788031184,-0.09365079365079365,0,True
0.2,231,-0.11438398236508232,-0.17004547817831922,-0.058722486551845435,-0.11552888222055514,1,True
0.2,232,-0.10200452292018776,-0.15859042861790568,-0.045418617222469856,-0.10250391236306729,0,True
0.2,233,-0.07559603195659065,-0.13130698161736323,-0.019885082295818056,-0.08774834437086093,0,True
0.2,234,-0.10883007127154708,-0.1640189471320341,-0.05364119541106005,-0.10136765888978279,1,True
0.2,235,-0.12452493607264349,-0.18041109744003547,-0.06863877470525152,-0.10765731614859743,1,True
0.2,236,-0.12388033080038484,-0.1803488045636929,-0.06741185703707676,-0.0958036421219319,1,True
0.2,237,-0.10204424019775407,-0.158052231291725,-0.04603624910378315,-0.10898965791567224,0,True
0.2,238,-0.1022911379870745,-0.15517278423764466,-0.049409491736504337,-0.10538286580742987,0,True
0.2,239,-0.13420355328222944,-0.19010448941248786,-0.07830261715197101,-0.10144927536231885,1,True
0.2,240,-0.06722783186719077,-0.12076570969919856,-0.013689954035182972,-0.09003215434083602,0,True
0.2,241,-0.0722103716354243,-0.1280543262269516,-0.01636641704389702,-0.09693053311793215,0,True
0.2,242,-0.06545194523165748,-0.12067151330038199,-0.010232377162932974,-0.11156351791530944,0,True
0.2,243,-0.10833381589695674,-0.1631547658180184,-0.05351286597589509,-0.10688836104513064,1,True
0.2,244,-0.09705911212453217,-0.1532612609293161,-0.04085696331974823,-0.10612244897959183,1,True
0.2,245,-0.1158258367510875,-0.16990238757141887,-0.06174928593075612,-0.08086469175340272,1,True
0.2,246,-0.08837287760278068,-0.14578728876467043,-0.030958466440890918,-0.09090909090909091,0,True
0.2,247,-0.13064662379470707,-0.18708106386177087,-0.07421218372764328,-0.1,1,True
0.2,248,-0.1024643236414447,-0.15710095356476542,-0.04782769371812398,-0.10355731225296443,0,True
0.2,249,-0.06261181908839893,-0.11778840006131353,-0.007435238115484334,-0.10505836575875487,0,True
0.2,250,-0.11959324266899894,-0.17536991918337322,-0.06381656615462467,-0.09914529914529914,0,True
0.2,251,-0.08300496725133255,-0.1401095669789141,-0.025900367523751,-0.1115771812080537,0,True
0.2,252,-0.11182270332854204,-0.16774442247031127,-0.05590098418677281,-0.10415094339622641,0,True
0.2,253,-0.1362541445392152,-0.19162179005919677,-0.0808864990192336,-0.08702928870292886,1,True
0.2,254,-0.10139371008472954,-0.15603575653743834,-0.04675166363202075,-0.10401310401310401,0,True
0.2,255,-0.0864973626143999,-0.1367932435510943,-0.036201481677705524,-0.09277566539923954,0,True
0.2,256,-0.08894502197634836,-0.1447957626759847,-0.033094281276712004,-0.08856682769726248,0,True
0.2,257,-0.09944650843292956,-0.1564888765119746,-0.04240414035388451,-0.09961089494163425,1,True
0.2,258,-0.1235335384755411,-0.17901312763823007,-0.06805394931285215,-0.09571984435797666,1,True
0.2,259,-0.14080918223235278,-0.19403506176587063,-0.08758330269883494,-0.0966183574879227,1,True
0.2,260,-0.14544219218127424,-0.20327800140981775,-0.08760638295273074,-0.10458567980691874,1,True
0.2,261,-0.09674977129485901,-0.15136836699619796,-0.042131175593520066,-0.1111111111111111,0,True
0.2,262,-0.09335124313254964,-0.1490447592564645,-0.037657727008634796,-0.10132501948558068,0,True
0.2,263,-0.09683892710964198,-0.15069173510122175,-0.04298611911806221,-0.09643435980551053,0,True
0.2,264,-0.13177143350627318,-0.18795740094833183,-0.07558546606421454,-0.11309062742060419,1,True
0.2,265,-0.04220824207581259,-0.0947366709439817,0.010320186792356502,-0.09975062344139651,0,False
0.2,266,-0.06892770829753349,-0.1213431217107871,-0.016512294884279882,-0.10272373540856031,0,True
0.2,267,-0.09047038968624276,-0.14657499346578728,-0.034365785906698226,-0.09868421052631579,0,True
0.2,268,-0.05191060424412269,-0.10916218867688464,0.005340980188639252,-0.09581320450885668,0,True
0.2,269,-0.15679303317687526,-0.21162243736692218,-0.10196362898682834,-0.10119521912350597,1,False
0.2,270,-0.0697909043304344,-0.12518555688074565,-0.014396251780123166,-0.11138014527845036,0,True
0.2,271,-0.1192929495721025,-0.1732870046978116,-0.06529889444639339,-0.08656957928802589,1,True
0.2,272,-0.10675714380247442,-0.16165556153408508,-0.05185872607086376,-0.10226385636221702,1,True
0.2,273,-0.09222766037271549,-0.14756967089875478,-0.03688564984667618,-0.09944311853619729,0,True
0.2,274,-0.1320534716494689,-0.18707167337574554,-0.07703526992319226,-0.11138014527845036,1,True
0.2,275,-0.11643985838310712,-0.17135605468440385,-0.06152366208181039,-0.0948905109489051,0,True
0.2,276,-0.11599398003320513,-0.1731919208871394,-0.05879603917927088,-0.10696920583468396,1,True
0.2,277,-0.13892393788752672,-0.19366779178110802,-0.08418008399394541,-0.09076305220883533,1,True
0.2,278,-0.08958700101547383,-0.14758725061776048,-0.03158675141318718,-0.09312080536912752,0,True
0.2,279,-0.11514581975932056,-0.1688401301362753,-0.06145150938236583,-0.09293089753772836,1,True
0.2,280,-0.08335930598391021,-0.13812594152297025,-0.028592670444850157,-0.09141940657578188,0,True
0.2,281,-0.17820181795562814,-0.23200887479924587,-0.12439476111201042,-0.09796238244514106,1,False
0.2,282,-0.03136592282716605,-0.08850072964566616,0.02576888399133407,-0.09758064516129032,0,False
0.2,283,-0.059222815074673196,-0.11477192019178982,-0.003673709957556573,-0.10421638822593476,0,True
0.2,284,-0.10330367478204222,-0.15770629023347413,-0.04890105933061031,-0.10377358490566038,0,True
0.2,285,-0.08843848308305127,-0.14085672534806487,-0.036020240818037674,-0.11102299762093576,0,True
0.2,286,-0.11570632729661892,-0.17005487756864351,-0.06135777702459434,-0.10912052117263844,1,True
0.2,287,-0.10758852123416195,-0.16112836546447123,-0.054048677003852665,-0.0965682362330407,1,True
0.2,288,-0.14050096761458228,-0.1951781012316408,-0.08582383399752373,-0.09654062751407884,1,True
0.2,289,-0.10989312615289995,-0.16681031884578817,-0.05297593346001171,-0.11717495987158909,0,True
0.2,290,-0.06366228734443821,-0.1184983738584915,-0.00882620083038492,-0.10039525691699605,0,True
0.2,291,-0.1219884367215114,-0.17586825906512576,-0.06810861437789703,-0.11068408916218293,0,True
0.2,292,-0.10146558418476233,-0.15679870392522643,-0.04613246444429822,-0.09766277128547579,0,True
0.2,293,-0.06539914554946208,-0.11743164023867174,-0.013366650860252419,-0.10804224207961008,0,True
0.2,294,-0.11321880619561683,-0.16655478587016934,-0.05988282652106433,-0.09456066945606695,1,True
0.2,295,-0.12438338745079051,-0.18003962119791775,-0.06872715370366328,-0.0774818401937046,1,True
0.2,296,-0.05912678315043779,-0.11518352012667316,-0.0030700461742024163,-0.09098497495826377,0,True
0.2,297,-0.12988569734631147,-0.18690367003606304,-0.07286772465655991,-0.105716523101018,1,True
0.2,298,-0.05695838725331266,-0.11240598095182394,-0.0015107935548013818,-0.09126984126984126,0,True
0.2,299,-0.11323325594563223,-0.16683551276353373,-0.05963099912773074,-0.10007942811755362,1,True
0.3,0,-0.14914970665088362,-0.2056926531549233,-0.09260676014684394,-0.14602132895816242,1,True
0.3,1,-0.1310869495359893,-0.18737397298804825,-0.07479992608393031,-0.1695447409733124,1,True
0.3,2,-0.17789861458512193,-0.23211956535300765,-0.12367766381723622,-0.15326251896813353,1,True
0.3,3,-0.2069930858714845,-0.2609951142742349,-0.1529910574687341,-0.16981132075471697,1,True
0.3,4,-0.13817025772387012,-0.19428141528467657,-0.08205910016306367,-0.1547049441786284,1,True
0.3,5,-0.17055210561002884,-0.22866461652474787,-0.11243959469530981,-0.14140625,1,True
0.3,6,-0.17211261004127554,-0.22846346025604922,-0.11576175982650186,-0.15403422982885084,1,True
0.3,7,-0.13425112038181922,-0.1919724050118668,-0.07652983575177165,-0.14489311163895488,1,True
0.3,8,-0.17599843523379105,-0.23424026376689674,-0.11775660670068536,-0.13974151857835218,1,True
0.3,9,-0.17006124938508713,-0.22854497792046513,-0.11157752084970912,-0.1632996632996633,1,True
0.3,10,-0.0703916021297421,-0.1237934169051293,-0.01698978735435492,-0.14483319772172498,0,False
0.3,11,-0.12359936143779228,-0.17854340670322458,-0.06865531617235998,-0.154863813229572,0,True
0.3,12,-0.15425576850472092,-0.21087961665596003,-0.09763192035348181,-0.13539192399049882,1,True
0.3,13,-0.12958228983883635,-0.18359932102592535,-0.07556525865174735,-0.16170555108608206,1,True
0.3,14,-0.20783473884411505,-0.2640136083743161,-0.151655869313914,-0.1454102355808286,1,False
0.3,15,-0.09364561651806741,-0.1504517565984389,-0.03683947643769592,-0.13823767178658045,0,True
0.3,16,-0.1322580450356802,-0.18903578534908733,-0.07548030472227307,-0.14796747967479676,1,True
0.3,17,-0.15363221918694517,-0.20913728618234445,-0.09812715219154589,-0.1495176848874598,1,True
0.3,18,-0.1182882302258458,-0.17111664191967102,-0.06545981853202058,-0.1361771944216571,1,True
0.3,19,-0.1530925174348058,-0.20802964859773593,-0.09815538627187569,-0.16055419722901385,1,True
0.3,20,-0.13390077808243747,-0.19184623138331383,-0.07595532478156111,-0.13736263736263737,0,True
0.3,21,-0.20462299969796902,-0.260584918243781,-0.14866108115215704,-0.14436334144363341,1,False
0.3,22,-0.16069984634187248,-0.21650026995735144,-0.10489942272639351,-0.1393239901071723,1,True
0.3,23,-0.1714604115554692,-0.22858701828497316,-0.11433380482596525,-0.15101721439749607,1,True
0.3,24,-0.117888129865525,-0.17371561688582932,-0.062060642845220684,-0.14166666666666666,0,True
0.3,25,-0.14744599593116095,-0.20154823800956082,-0.09334375385276109,-0.15188897455666925,1,True
0.3,26,-0.1697900914792835,-0.22543247689401952,-0.11414770606454751,-0.14296875,1,True
0.3,27,-0.16216320242575408,-0.22053288505541135,-0.1037935197960968,-0.14463840399002495,1,True
0.3,28,-0.17444016848281457,-0.23415819518877948,-0.11472214177684967,-0.14652317880794702,1,True
0.3,29,-0.13070577230206906,-0.18898836252829188,-0.07242318207584625,-0.15569326103795508,1,True
0.3,30,-0.16039005359528338,-0.21516122002140495,-0.10561888716916182,-0.16298116298116297,1,True
0.3,31,-0.1714650420545779,-0.22771694519543464,-0.11521313891372117,-0.15372168284789645,1,True
0.3,32,-0.16031529049771567,-0.21687768413024444,-0.1037528968651869,-0.1397238017871649,1,True
0.3,33,-0.17525391007895144,-0.22945423393045428,-0.12105358622744859,-0.1545530492898914,1,True
0.3,34,-0.14443908273703882,-0.19988537622804475,-0.08899278924603288,-0.14240755310778913,1,True
0.3,35,-0.2122598429919104,-0.2660756068002761,-0.1584440791835447,-0.14719626168224298,1,False
0.3,36,-0.1586479236449375,-0.21540732356257733,-0.10188852372729765,-0.13812154696132597,1,True
0.3,37,-0.16708944893550023,-0.22209103195954877,-0.1120878659114517,-0.14008097165991903,1,True
0.3,38,-0.21221446308302183,-0.26953289009685266,-0.15489603606919097,-0.1505922165820643,1,False
0.3,39,-0.16382428166484678,-0.21958969289159885,-0.10805887043809471,-0.16,1,True
0.3,40,-0.14792342835833092,-0.20295523143455504,-0.09289162528210679,-0.125,1,True
0.3,41,-0.13724430897832118,-0.19182928185107076,-0.0826593361055716,-0.14676034348165495,1,True
0.3,42,-0.13258209947274754,-0.18887351331419194,-0.07629068563130316,-0.15132605304212168,1,True
0.3,43,-0.11422593476199797,-0.16981407884924962,-0.05863779067474631,-0.15278838808250572,1,True
0.3,44,-0.14942128360559334,-0.20491884630895105,-0.09392372090223564,-0.15,1,True
0.3,45,-0.17334981146473483,-0.23312660514746741,-0.11357301778200225,-0.16462917685411574,1,True
0.3,46,-0.20632594358501627,-0.26337210263551325,-0.1492797845345193,-0.16680361544782252,1,True
0.3,47,-0.17451767578831004,-0.23062375491761136,-0.11841159665900872,-0.16062992125984252,1,True
0.3,48,-0.17027994682033473,-0.22590526989743298,-0.11465462374323648,-0.15100401606425704,1,True
0.3,49,-0.11664346916320993,-0.16960195358385002,-0.06368498474256984,-0.16009654062751408,1,True
0.3,50,-0.13096009713400186,-0.18604403332813188,-0.07587616093987185,-0.15064102564102563,1,True
0.3,51,-0.1466894701354741,-0.20186279408644586,-0.09151614618450232,-0.15384615384615385,1,True
0.3,52,-0.1950106854185989,-0.2516894573136542,-0.13833191352354357,-0.1473429951690821,1,True
0.3,53,-0.16612301417435452,-0.22490164004389096,-0.10734438830481806,-0.15640194489465153,1,True
0.3,54,-0.13886165009391097,-0.1945014417010597,-0.08322185848676222,-0.16105769230769232,1,True
0.3,55,-0.0985950400869369,-0.15598649804130132,-0.041203582132572476,-0.14241001564945227,1,True
0.3,56,-0.14530742608439357,-0.20120944032862892,-0.08940541184015821,-0.14826752618855762,1,True
0.3,57,-0.12599525109618173,-0.18208889107245435,-0.06990161111990913,-0.13425549227013833,1,True
0.3,58,-0.11053604575388999,-0.1658601398570741,-0.0552119516507059,-0.1620967741935484,0,True
0.3,59,-0.13485744820998316,-0.1899586470715936,-0.07975624934837272,-0.14875389408099687,1,True
0.3,60,-0.06800065038499271,-0.12509152178733846,-0.01090977898264698,-0.1310452418096724,0,False
0.3,61,-0.12076029499361757,-0.1747383318817406,-0.06678225810549453,-0.15622583139984533,1,True
0.3,62,-0.17596049791831922,-0.2330728255497606,-0.11884817028687784,-0.14113873295910184,1,True
0.3,63,-0.13756682984250326,-0.19204806345845046,-0.08308559622655606,-0.14628297362110312,1,True
0.3,64,-0.16966945427047814,-0.2288850296818605,-0.11045387885909577,-0.163408913213448,1,True
0.3,65,-0.14833679312552567,-0.2036948138925846,-0.09297877235846674,-0.15166666666666667,1,True
0.3,66,-0.19308055414779005,-0.24747966726795198,-0.1386814410276281,-0.15181518151815182,1,True
0.3,67,-0.10835048525914062,-0.16356547664528506,-0.053135493872996174,-0.15396952686447474,1,True
0.3,68,-0.12180473952201759,-0.17686610389042834,-0.06674337515360686,-0.14424635332252836,0,True
0.3,69,-0.13797126815953137,-0.1932304423566234,-0.08271209396243932,-0.1619496855345912,1,True
0.3,70,-0.1647776728189856,-0.22180412027497345,-0.10775122536299772,-0.15122723673792557,1,True
0.3,71,-0.14217923917163666,-0.198025418508275,-0.08633305983499834,-0.1403921568627451,1,True
0.3,72,-0.16924429816272277,-0.22367365062223618,-0.11481494570320935,-0.13395638629283488,1,True
0.3,73,-0.12374871138846791,-0.17861246160486963,-0.06888496117206619,-0.1509433962264151,1,True
0.3,74,-0.1335031001575451,-0.19069275932703444,-0.07631344098805574,-0.14954051796157058,1,True
0.3,75,-0.1337770453493204,-0.1905432693714345,-0.07701082132720627,-0.15504511894995898,0,True
0.3,76,-0.13213317877861966,-0.18626383617481185,-0.07800252138242748,-0.15128006206361522,1,True
0.3,77,-0.13005605517679883,-0.18506784582396557,-0.07504426452963209,-0.13243039879608728,1,True
0.3,78,-0.1639816548944158,-0.21867518030721056,-0.10928812948162103,-0.15060728744939272,1,True
0.3,79,-0.17124757078628244,-0.22695501313997685,-0.11554012843258803,-0.16358024691358025,1,True
0.3,80,-0.08961916993287453,-0.14451186861070578,-0.034726471255043266,-0.15225707727620505,1,False
0.3,81,-0.14932986981147134,-0.20444356394913113,-0.09421617567381155,-0.14069952305246422,1,True
0.3,82,-0.0644077216373616,-0.11840863079997521,-0.010406812474747971,-0.13962558502340094,0,False
0.3,83,-0.17963327650041247,-0.23442077470544112,-0.12484577829538382,-0.1550759392486011,1,True
0.3,84,-0.15427515677642423,-0.21311137836257749,-0.09543893519027097,-0.17418844022169439,1,True
0.3,85,-0.1670275212613481,-0.22323674990631584,-0.11081829261638035,-0.14746172441579372,1,True
0.3,86,-0.14885549357036618,-0.20666562220244686,-0.0910453649382855,-0.1509281678773204,1,True
0.3,87,-0.16367117395512387,-0.2177372138991115,-0.10960513401113625,-0.14050235478806908,1,True
0.3,88,-0.15184036616181193,-0.20888534856741253,-0.09479538375621131,-0.1691699604743083,1,True
0.3,89,-0.19528976147161795,-0.25130236927171923,-0.13927715367151666,-0.17034700315457413,1,True
0.3,90,-0.13082681464207482,-0.18861715174863128,-0.07303647753551837,-0.1357927786499215,0,True
0.3,91,-0.15397270972892385,-0.20966721828788165,-0.09827820116996605,-0.14666666666666667,1,True
0.3,92,-0.1395814253267904,-0.19472095599888928,-0.08444189465469153,-0.141640866873065,1,True
0.3,93,-0.13566724036383015,-0.19195943558440245,-0.07937504514325786,-0.16131687242798354,0,True
0.3,94,-0.16557059681965208,-0.2222161931858182,-0.10892500045348597,-0.16396103896103897,1,True
0.3,95,-0.11611628324362597,-0.1704466663252827,-0.06178590016196925,-0.15058823529411763,1,True
0.3,96,-0.16035053896262985,-0.2161366106863881,-0.10456446723887161,-0.1506849315068493,1,True
0.3,97,-0.13196815288647099,-0.1883493404213877,-0.07558696535155426,-0.1619887730553328,1,True
0.3,98,-0.145133507751384,-0.19904055061372314,-0.09122646488904487,-0.1377672209026128,1,True
0.3,99,-0.14704695863352754,-0.20478884883090945,-0.08930506843614563,-0.1300877893056664,1,True
0.3,100,-0.13175558049748154,-0.1864348928526023,-0.07707626814236077,-0.16184519155590305,1,True
0.3,101,-0.160818122883014,-0.21464892544236452,-0.10698732032366348,-0.1345514950166113,1,True
0.3,102,-0.09839960001777376,-0.1539647700834066,-0.04283442995214094,-0.1404494382022472,0,True
0.3,103,-0.12279795258854244,-0.17897297706623175,-0.06662292811085313,-0.1564245810055866,0,True
0.3,104,-0.15806695499709372,-0.21276969066762824,-0.1033642193265592,-0.1483560545308741,1,True
0.3,105,-0.1620057199722437,-0.218312069975082,-0.10569936996940539,-0.14548361310951238,1,True
0.3,106,-0.10993410453049075,-0.16518622919923942,-0.05468197986174207,-0.14521193092621665,0,True
0.3,107,-0.14311160744999596,-0.19963127761942104,-0.08659193728057088,-0.15359207266721717,1,True
0.3,108,-0.14613288352039516,-0.1986686935804166,-0.09359707346037371,-0.16517493897477625,1,True
0.3,109,-0.12154701901452296,-0.17940518349071471,-0.06368885453833119,-0.14548361310951238,0,True
0.3,110,-0.15599117872688975,-0.21133950000635066,-0.10064285744742885,-0.14630225080385853,1,True
0.3,111,-0.1681321468868444,-0.22395893485974047,-0.11230535891394836,-0.1520882584712372,1,True
0.3,112,-0.12510682274446272,-0.18161858091803335,-0.0685950645708921,-0.14008097165991903,1,True
0.3,113,-0.1183719563902778,-0.17565987827275117,-0.061084034507804426,-0.16430817610062892,1,True
0.3,114,-0.17225058147823685,-0.22751599268729925,-0.11698517026917446,-0.13884430176565007,1,True
0.3,115,-0.17622255078654459,-0.23383270372482998,-0.1186123978482592,-0.13722397476340695,1,True
0.3,116,-0.12856325642572441,-0.18470610324788986,-0.07242040960355897,-0.14296875,1,True
0.3,117,-0.1373282453021082,-0.19236214535908433,-0.08229434524513204,-0.14489311163895488,1,True
0.3,118,-0.127686773547508,-0.1839987177124495,-0.07137482938256648,-0.14700996677740863,1,True
0.3,119,-0.09822715225964938,-0.1528595438769269,-0.043594760642371846,-0.15457413249211358,0,False
0.3,120,-0.186576452649514,-0.24325285044912498,-0.12990005484990302,-0.15081206496519722,1,True
0.3,121,-0.12938116506171454,-0.18552431623607316,-0.07323801388735593,-0.15589660743134087,1,True
0.3,122,-0.13037145355529337,-0.18715186947884624,-0.07359103763174049,-0.14013266998341625,1,True
0.3,123,-0.15687713976427745,-0.2130164050478521,-0.10073787448070279,-0.15575079872204473,1,True
0.3,124,-0.1767601832122814,-0.23379760325451607,-0.11972276317004674,-0.14309764309764308,1,True
0.3,125,-0.13705648009589871,-0.19300875155998773,-0.0811042086318097,-0.14788732394366197,1,True
0.3,126,-0.12656546345941921,-0.18325082540474355,-0.06988010151409488,-0.16477272727272727,1,True
0.3,127,-0.11348131621700411,-0.16737590097641694,-0.05958673145759127,-0.14508196721311475,1,True
0.3,128,-0.16588050895286136,-0.22026844532866957,-0.11149257257705315,-0.1477635782747604,1,True
0.3,129,-0.14770745595982163,-0.20256275916107988,-0.09285215275856337,-0.1386748844375963,1,True
0.3,130,-0.188581861445933,-0.24726375454004387,-0.12989996835182213,-0.16830065359477125,1,True
0.3,131,-0.16091501540189496,-0.21826126505792845,-0.10356876574586146,-0.1468189233278956,1,True
0.3,132,-0.13884299776764344,-0.19658366072818984,-0.08110233480709705,-0.15390505359877488,1,True
0.3,133,-0.122577008700809,-0.17828920850117255,-0.06686480890044544,-0.15403032721468476,1,True
0.3,134,-0.1336990542983673,-0.18861227932731173,-0.07878582926942283,-0.1453125,1,True
0.3,135,-0.18854411113918937,-0.2462385820150785,-0.13084964026330023,-0.15632754342431762,1,True
0.3,136,-0.13061758625567976,-0.18516811313972675,-0.07606705937163277,-0.1622670807453416,0,True
0.3,137,-0.14336400977222047,-0.19797767142334655,-0.08875034812109438,-0.14458804523424879,1,True
0.3,138,-0.17323146358207017,-0.23044454603222653,-0.11601838113191382,-0.15896632732967894,1,True
0.3,139,-0.1351355682124359,-0.19288649877542058,-0.07738463764945126,-0.1377672209026128,1,True
0.3,140,-0.17296857468238197,-0.230889161772102,-0.11504798759266194,-0.15471394037066882,1,True
0.3,141,-0.16580665131063074,-0.21937942164876784,-0.11223388097249366,-0.14350797266514806,1,True
0.3,142,-0.17962114304576957,-0.23443378821482824,-0.12480849787671089,-0.15461538461538463,1,True
0.3,143,-0.1716069743645679,-0.22853111593742173,-0.11468283279171407,-0.15384615384615385,1,True
0.3,144,-0.14687285658473234,-0.20263191335889255,-0.09111379981057213,-0.1491579791499599,1,True
0.3,145,-0.1556228653472282,-0.2103578460096272,-0.10088788468482918,-0.1291866028708134,1,True
0.3,146,-0.13382486145836095,-0.18962973179376444,-0.07801999112295746,-0.1567732115677321,1,True
0.3,147,-0.1062437330322023,-0.16082666188787928,-0.05166080417652533,-0.14035087719298245,1,True
0.3,148,-0.1686671722725477,-0.22605455758209198,-0.11127978696300343,-0.14624183006535948,1,True
0.3,149,-0.11997687500314279,-0.17383354976763138,-0.0661202002386542,-0.17076923076923076,1,True
0.3,150,-0.17802196778073312,-0.235680545091138,-0.12036339047032824,-0.1456,1,True
0.3,151,-0.14977150842355352,-0.20499908209987505,-0.094543934747232,-0.14146341463414633,1,True
0.3,152,-0.1679494666490496,-0.22179160826499328,-0.11410732503310594,-0.13815789473684212,1,True
0.3,153,-0.16904771479090636,-0.22670317905436402,-0.1113922505274487,-0.14770932069510267,1,True
0.3,154,-0.15117417248861384,-0.2090267010114078,-0.09332164396581988,-0.1376075058639562,1,True
0.3,155,-0.14599353601384787,-0.20261416477753175,-0.089372907250164,-0.14468425259792167,1,True
0.3,156,-0.13285528987580336,-0.18944080362950785,-0.07626977612209887,-0.14988104678826328,1,True
0.3,157,-0.12530725390011607,-0.18176860421813798,-0.06884590358209416,-0.145044319097502,1,True
0.3,158,-0.14490641242136995,-0.19916086014357592,-0.09065196469916398,-0.14353687549563837,1,True
0.3,159,-0.14316898830637761,-0.20031300319778014,-0.08602497341497509,-0.15513307984790875,1,True
0.3,160,-0.12183805334428163,-0.1767647453333939,-0.06691136135516937,-0.1388888888888889,1,True
0.3,161,-0.11012842400327424,-0.16590587367945156,-0.054350974327096936,-0.14473684210526316,0,True
0.3,162,-0.14903966153400416,-0.20868707472769896,-0.08939224834030937,-0.1512,1,True
0.3,163,-0.12217830269942076,-0.17626910389749686,-0.06808750150134465,-0.14963205233033525,1,True
0.3,164,-0.16749924172276698,-0.22112059873357404,-0.11387788471195993,-0.153125,1,True
0.3,165,-0.1345537806300432,-0.18947016293330612,-0.07963739832678027,-0.15008291873963517,1,True
0.3,166,-0.16251944144472302,-0.2198874310131695,-0.10515145187627654,-0.13998390989541432,1,True
0.3,167,-0.12810148977608887,-0.1850898995308774,-0.07111308002130036,-0.14375,0,True
0.3,168,-0.15197261810662585,-0.2082483737894149,-0.09569686242383679,-0.1365079365079365,1,True
0.3,169,-0.1930112543701657,-0.2503802352281771,-0.1356422735121543,-0.15269709543568466,1,True
0.3,170,-0.1891746681873066,-0.24577554374929877,-0.13257379262531443,-0.1505466778805719,1,True
0.3,171,-0.1324237953094148,-0.18824664413627765,-0.07660094648255197,-0.14980392156862746,1,True
0.3,172,-0.18043009815067867,-0.23823344940187793,-0.12262674689947942,-0.14274570982839313,1,True
0.3,173,-0.18664071367619384,-0.24166147935773155,-0.13161994799465612,-0.15912636505460218,1,True
0.3,174,-0.13776337631639912,-0.19425443666638165,-0.08127231596641658,-0.15070643642072212,1,True
0.3,175,-0.13302306445195677,-0.18831327225810762,-0.07773285664580593,-0.17096774193548386,1,True
0.3,176,-0.11754972671269738,-0.17019920920050627,-0.06490024422488849,-0.13424866514111367,1,True
0.3,177,-0.11245731651040215,-0.16714161398301003,-0.057773019037794276,-0.1568627450980392,1,True
0.3,178,-0.11535936304635423,-0.17170865023122245,-0.059010075861486024,-0.15138772077375945,1,True
0.3,179,-0.16910326688324856,-0.2249323359043267,-0.11327419786217041,-0.16761133603238867,1,True
0.3,180,-0.1108943674679757,-0.16485620325200911,-0.056932531683942286,-0.14536741214057508,0,True
0.3,181,-0.1107238060646195,-0.16921956599192745,-0.052228046137311544,-0.14492753623188406,0,True
0.3,182,-0.09026953441862756,-0.14439508382622593,-0.0361439850110292,-0.15235690235690236,1,False
0.3,183,-0.10246645467246664,-0.16042183302209231,-0.04451107632284096,-0.14436334144363341,0,True
0.3,184,-0.17383178166094046,-0.22988321813782336,-0.11778034518405756,-0.13957307060755336,1,True
0.3,185,-0.11244830228945253,-0.1675976890889464,-0.05729891548995867,-0.1597729115977291,1,True
0.3,186,-0.19501482065040762,-0.2509238704583497,-0.13910577084246556,-0.1501597444089457,1,True
0.3,187,-0.15979517246251113,-0.21353325606347684,-0.10605708886154543,-0.14653784219001612,1,True
0.3,188,-0.1618417371546121,-0.21856373822420128,-0.10511973608502291,-0.13061564059900166,1,True
0.3,189,-0.1688473867077515,-0.22668675916147243,-0.11100801425403059,-0.14643696162881753,1,True
0.3,190,-0.1589786946707559,-0.21478493128803572,-0.10317245805347608,-0.14090177133655393,1,True
0.3,191,-0.156408461460624,-0.21332874193246407,-0.09948818098878395,-0.14872637633525063,1,True
0.3,192,-0.13963976032818348,-0.1966438712471072,-0.08263564940925977,-0.14457831325301204,1,True
0.3,193,-0.11237518939835904,-0.17106643206444205,-0.053683946732276014,-0.14858490566037735,0,True
0.3,194,-0.10731228914526685,-0.160404463134348,-0.05422011515618568,-0.13476874003189793,0,True
0.3,195,-0.13346040160203637,-0.18902233900275,-0.07789846420132274,-0.16356275303643725,0,True
0.3,196,-0.18776144207399773,-0.24230162553238938,-0.13322125861560608,-0.14506172839506173,1,True
0.3,197,-0.125059667660628,-0.18074646141905124,-0.06937287390220478,-0.1552999178307313,1,True
0.3,198,-0.0914331146767392,-0.1459966355006197,-0.03686959385285871,-0.15973377703826955,1,False
0.3,199,-0.12113555270870184,-0.1773474311813938,-0.06492367423600988,-0.14285714285714285,0,True
0.3,200,-0.09708892674328519,-0.15169691808488625,-0.04248093540168412,-0.16572352465642684,0,False
0.3,201,-0.15166011985340702,-0.2037646968523553,-0.09955554285445875,-0.16009280742459397,1,True
0.3,202,-0.18895221756707245,-0.24344319360510175,-0.13446124152904315,-0.15020408163265306,1,True
0.3,203,-0.2000692429337648,-0.2599311088205123,-0.14020737704701727,-0.1624405705229794,1,True
0.3,204,-0.12062950338683297,-0.17703868654720084,-0.0642203202264651,-0.15384615384615385,1,True
0.3,205,-0.1814668846967464,-0.2379705961085205,-0.12496317328497229,-0.14362934362934363,1,True
0.3,206,-0.1504043497137644,-0.2040701008297104,-0.09673859859781841,-0.13841113841113842,1,True
0.3,207,-0.17253858565980376,-0.22955797025323213,-0.1155192010663754,-0.15292233787029624,1,True
0.3,208,-0.13630688974392519,-0.18959931289497342,-0.08301446659287695,-0.15217391304347827,1,True
0.3,209,-0.17525443796384885,-0.22854835552999178,-0.12196052039770591,-0.15330739299610896,1,True
0.3,210,-0.19022597859747672,-0.24616655960714234,-0.1342853975878111,-0.15446500402252614,1,True
0.3,211,-0.13942057626278673,-0.19443150054569436,-0.08440965197987908,-0.1577261809447558,1,True
0.3,212,-0.2064330622636482,-0.26095154835007367,-0.1519145761772227,-0.16355140186915887,1,True
0.3,213,-0.14702569203448926,-0.20502990074109556,-0.08902148332788296,-0.15172955974842767,1,True
0.3,214,-0.11991930140772475,-0.17620522435118316,-0.06363337846426634,-0.13410852713178295,1,True
0.3,215,-0.16144540298829888,-0.21942815074673624,-0.1034626552298615,-0.13970588235294118,1,True
0.3,216,-0.18370399059996698,-0.24019329862416847,-0.1272146825757655,-0.14646053702196907,1,True
0.3,217,-0.14782992398746164,-0.20321220879643115,-0.09244763917849215,-0.14169381107491857,1,True
0.3,218,-0.1832022199976872,-0.2383159808627306,-0.12808845913264383,-0.15441176470588236,1,True
0.3,219,-0.17093257497273093,-0.22836978298581057,-0.11349536695965129,-0.15342679127725856,1,True
0.3,220,-0.15697619396276888,-0.21475356888531705,-0.09919881904022072,-0.14217633042096903,1,True
0.3,221,-0.12913749415524006,-0.18543140104184538,-0.07284358726863474,-0.14948041566746603,1,True
0.3,222,-0.12085833453861924,-0.17695451402618068,-0.0647621550510578,-0.13928012519561817,1,True
0.3,223,-0.12042916303028307,-0.17407350907087674,-0.06678481698968941,-0.1527570789865872,0,True
0.3,224,-0.13250882640943237,-0.1889004339904773,-0.07611721882838744,-0.14183266932270916,1,True
0.3,225,-0.109634038298778,-0.1650609623215701,-0.05420711427598591,-0.15567484662576686,0,True
0.3,226,-0.17675551939842002,-0.23552080236629655,-0.11799023643054349,-0.1536,1,True
0.3,227,-0.14835987546005963,-0.20441116740531445,-0.09230858351480481,-0.15551974214343273,1,True
0.3,228,-0.14504381442676814,-0.20097633218636174,-0.08911129666717454,-0.15210608424336974,1,True
0.3,229,-0.15041195806325394,-0.20574607215205093,-0.09507784397445694,-0.14436334144363341,1,True
0.3,230,-0.10752248275184838,-0.16385657561202996,-0.051188389891666804,-0.13737528779739064,1,True
0.3,231,-0.13010106760946585,-0.18484541470142396,-0.07535672051750775,-0.1421875,1,True
0.3,232,-0.14640946315405798,-0.20200552786678533,-0.09081339844133063,-0.15560821484992102,1,True
0.3,233,-0.10904935739065102,-0.16333324155959852,-0.05476547322170353,-0.1534136546184739,1,True
0.3,234,-0.1466690283656022,-0.20226853944308093,-0.09106951728812346,-0.1546310832025118,1,True
0.3,235,-0.168328531229226,-0.22431970106958013,-0.11233736138887188,-0.15922014622258326,1,True
0.3,236,-0.12259188734572621,-0.178253788627927,-0.0669299860635254,-0.1553784860557769,0,True
0.3,237,-0.1370662406609733,-0.19190932761106336,-0.08222315371088326,-0.1388036809815951,1,True
0.3,238,-0.11883145348084627,-0.17158061748688336,-0.0660822894748092,-0.15884194053208137,1,True
0.3,239,-0.15615814465076638,-0.2124496971583368,-0.09986659214319596,-0.15457413249211358,1,True
0.3,240,-0.15703874763721176,-0.21190904201386332,-0.1021684532605602,-0.14673913043478262,1,True
0.3,241,-0.1896055631789379,-0.24792169657257174,-0.13128942978530406,-0.16055419722901385,1,True
0.3,242,-0.14459769951551182,-0.19993756878344665,-0.089257830247577,-0.14764565043894654,1,True
0.3,243,-0.1589306228417059,-0.2121691493528467,-0.10569209633056509,-0.1751592356687898,1,True
0.3,244,-0.12511937425899636,-0.18349672727988053,-0.06674202123811218,-0.16037735849056603,0,True
0.3,245,-0.11462379611587321,-0.17199302093887586,-0.05725457129287056,-0.14616613418530353,0,True
0.3,246,-0.10779805503403433,-0.1613584299409726,-0.05423768012709606,-0.1445978878960195,0,True
0.3,247,-0.11798197464912549,-0.172406847988422,-0.06355710130982897,-0.15334947538337368,1,True
0.3,248,-0.1437173025533294,-0.19871031182688306,-0.08872429327977574,-0.13509316770186336,1,True
0.3,249,-0.10345696818675193,-0.1584762638816304,-0.04843767249187344,-0.13699753896636588,0,True
0.3,250,-0.1261883716256092,-0.18176453092359834,-0.07061221232762005,-0.14595028067361668,1,True
0.3,251,-0.16325691881867457,-0.21806233140871448,-0.10845150622863467,-0.14895267649340574,1,True
0.3,252,-0.10659387886837343,-0.16249671448131775,-0.0506910432554291,-0.13097072419106318,1,True
0.3,253,-0.1712193400245192,-0.2286370769657887,-0.11380160308324969,-0.1383399209486166,1,True
0.3,254,-0.16263609962048037,-0.21771750882337326,-0.10755469041758747,-0.15179968701095461,1,True
0.3,255,-0.17399929587116936,-0.23249715314408664,-0.11550143859825207,-0.14207221350078492,1,True
0.3,256,-0.20562241284455915,-0.26475734429355874,-0.14648748139555956,-0.16042345276872963,1,True
0.3,257,-0.1699679808906943,-0.22665850933398876,-0.11327745244739981,-0.14218009478672985,1,True
0.3,258,-0.12095790211607786,-0.1782106175726535,-0.06370518665950221,-0.15144230769230768,0,True
0.3,259,-0.08524736219843501,-0.14121581571597844,-0.029278908680891592,-0.13095238095238096,0,True
0.3,260,-0.16813409302472765,-0.22572275254937296,-0.11054543350008232,-0.1625,1,True
0.3,261,-0.13336689115441208,-0.1890609087200002,-0.07767287358882397,-0.15396952686447474,1,True
0.3,262,-0.1333409270742213,-0.19275815466336063,-0.07392369948508196,-0.152876280535855,1,True
0.3,263,-0.1767969451532971,-0.23234107900060327,-0.12125281130599094,-0.1503267973856209,1,True
0.3,264,-0.20518729647303238,-0.25894327594028055,-0.15143131700578422,-0.1608,1,True
0.3,265,-0.12124643088048095,-0.17685432866159534,-0.06563853309936658,-0.15097402597402598,1,True
0.3,266,-0.17106967700831166,-0.2250109503385599,-0.11712840367806344,-0.15463917525773196,1,True
0.3,267,-0.17160213036774916,-0.22772643741646764,-0.11547782331903066,-0.15372549019607842,1,True
0.3,268,-0.15823457605402408,-0.21288208430282524,-0.10358706780522291,-0.16484375,1,True
0.3,269,-0.13808676116563712,-0.1943501395187471,-0.08182338281252713,-0.14250411861614498,1,True
0.3,270,-0.16071307909032168,-0.2182093704917251,-0.10321678768891826,-0.14995925020374898,1,True
0.3,271,-0.16409988038939066,-0.2195329905088841,-0.10866677026989721,-0.15702479338842976,1,True
0.3,272,-0.13689853122913895,-0.19118335888668558,-0.0826137035715923,-0.1556264964086193,1,True
0.3,273,-0.11006168420239025,-0.16190739207249383,-0.05821597633228666,-0.13365539452495975,0,True
0.3,274,-0.12186542568910824,-0.18058028328984818,-0.0631505680883683,-0.14375987361769352,0,True
0.3,275,-0.1321298652676233,-0.18669537079601484,-0.07756435973923176,-0.1585460170146945,1,True
0.3,276,-0.2016843539786743,-0.2579582637687004,-0.14541044418864818,-0.1409235668789809,1,False
0.3,277,-0.1516967129835573,-0.20801396719447818,-0.09537945877263643,-0.14955537590945836,1,True
0.3,278,-0.1612964281374719,-0.21607635353623741,-0.10651650273870636,-0.1686656671664168,1,True
0.3,279,-0.14884171562615692,-0.20385342956066882,-0.093830001691645,-0.1650485436893204,1,True
0.3,280,-0.11625683274333275,-0.17076005323459856,-0.06175361225206693,-0.15544871794871795,1,True
0.3,281,-0.1291311118801586,-0.18739485199012829,-0.07086737177018891,-0.14330218068535824,1,True
0.3,282,-0.12262127913391058,-0.17705288779204426,-0.0681896704757769,-0.14814814814814814,1,True
0.3,283,-0.16567571693942268,-0.2217373019841714,-0.10961413189467394,-0.1546644844517185,1,True
0.3,284,-0.1595889490515135,-0.2168528734288515,-0.10232502467417548,-0.15199335548172757,1,True
0.3,285,-0.1158876164672124,-0.17043927195743078,-0.06133596097699404,-0.15241320914479256,1,True
0.3,286,-0.15599073616448267,-0.21169308957203647,-0.10028838275692885,-0.1393312101910828,1,True
0.3,287,-0.1825236781946049,-0.23648823964309817,-0.12855911674611165,-0.15637860082304528,1,True
0.3,288,-0.18306296094178853,-0.23903859973043814,-0.12708732215313892,-0.15082482325216026,1,True
0.3,289,-0.1635475114180257,-0.22053508477198144,-0.10655993806406996,-0.16235864297253635,1,True
0.3,290,-0.14661314961629804,-0.20415889150348526,-0.0890674077291108,-0.14139827179890024,1,True
0.3,291,-0.16384664147328742,-0.2201865388128713,-0.10750674413370354,-0.14619883040935672,1,True
0.3,292,-0.12317812855279851,-0.17986060583011054,-0.06649565127548647,-0.15311004784688995,1,True
0.3,293,-0.10445134303728788,-0.15753918865717337,-0.051363497417402385,-0.15354330708661418,0,True
0.3,294,-0.14105510191453166,-0.19789261320700047,-0.08421759062206285,-0.15201314708299096,1,True
0.3,295,-0.1332824621682113,-0.1861915718833823,-0.08037335245304028,-0.14428690575479566,1,True
0.3,296,-0.16475363000554225,-0.219297352886952,-0.11020990712413248,-0.16152597402597402,1,True
0.3,297,-0.09972235977277952,-0.15471844041661137,-0.04472627912894766,-0.16613672496025436,0,False
0.3,298,-0.17301217708522695,-0.22934885097207972,-0.11667550319837419,-0.1614956245027844,1,True
0.3,299,-0.14467252733974595,-0.20275438744060012,-0.08659066723889178,-0.1468034727703236,1,True
0.4,0,-0.1789789425126513,-0.2344867800373584,-0.12347110498794422,-0.18855761482675262,1,True
0.4,1,-0.19365541727227942,-0.2502387356966499,-0.13707209884790894,-0.20621931260229132,1,True
0.4,2,-0.19457920726833952,-0.2513426591410738,-0.13781575539560523,-0.22256331542594013,1,True
0.4,3,-0.23072684586322895,-0.289169737767404,-0.17228395395905388,-0.20047355958958168,1,True
0.4,4,-0.16525481526312588,-0.224390338274518,-0.10611929225173378,-0.2109500805152979,1,True
0.4,5,-0.20842722883002157,-0.2673533122607651,-0.14950114539927806,-0.2165196471531676,1,True
0.4,6,-0.2107584853972192,-0.2665820365939874,-0.154934934200451,-0.21900161030595813,1,True
0.4,7,-0.24163419624942,-0.29973618244519823,-0.1835322100536418,-0.1912,1,True
0.4,8,-0.21415942702941493,-0.26884338424329324,-0.1594754698155366,-0.22541966426858512,1,True
0.4,9,-0.2278941246480842,-0.2862329248521327,-0.1695553244440357,-0.1974822974036192,1,True
0.4,10,-0.1700541223319744,-0.22677513276322933,-0.11333311190071946,-0.20745920745920746,1,True
0.4,11,-0.19934285857692782,-0.2568917927305388,-0.14179392442331684,-0.2016,1,True
0.4,12,-0.22891939801868633,-0.28627416982396797,-0.17156462621340468,-0.20292207792207792,1,True
0.4,13,-0.17100952182269843,-0.22724782808907906,-0.11477121555631781,-0.19634340222575516,1,True
0.4,14,-0.16671263010849627,-0.22560014588694324,-0.1078251143300493,-0.19805982215036377,1,True
0.4,15,-0.24136952586478738,-0.2999509623675605,-0.1827880893620142,-0.188,1,True
0.4,16,-0.2031284163427066,-0.2605148790110464,-0.1457419536743668,-0.20276872964169382,1,True
0.4,17,-0.19462784385035717,-0.25148609581458903,-0.1377695918861253,-0.21271393643031786,1,True
0.4,18,-0.20852742631910476,-0.2661877032163838,-0.15086714942182572,-0.18407960199004975,1,True
0.4,19,-0.17016236095512388,-0.22668164855262554,-0.11364307335762222,-0.18941273779983459,1,True
0.4,20,-0.21740682040241774,-0.2747387924298858,-0.16007484837494965,-0.1891891891891892,1,True
0.4,21,-0.17840596160459846,-0.23162590927302792,-0.125186013936169,-0.23404255319148937,1,False
0.4,22,-0.22052290168822178,-0.2774838626921719,-0.16356194068427168,-0.20946470131885184,1,True
0.4,23,-0.1416035615145666,-0.19778645536358852,-0.08542066766554468,-0.19492219492219492,1,True
0.4,24,-0.21021491768668205,-0.2661611761139595,-0.15426865925940458,-0.19476268412438624,1,True
0.4,25,-0.21577629727265632,-0.272927113407785,-0.1586254811375276,-0.20063191153238547,1,True
0.4,26,-0.2208500943434802,-0.28061102875870897,-0.16108915992825146,-0.20669934640522875,1,True
0.4,27,-0.17307418400477353,-0.22876718513881172,-0.11738118287073535,-0.21161825726141079,1,True
0.4,28,-0.20543547768949988,-0.2629518618025932,-0.14791909357640654,-0.173512154233026,1,True
0.4,29,-0.18964204792954448,-0.24756857979834207,-0.13171551606074688,-0.20150501672240803,1,True
0.4,30,-0.1873004786675841,-0.24199762136553443,-0.13260333596963375,-0.20334728033472804,1,True
0.4,31,-0.16656158326878304,-0.22571354369433339,-0.10740962284323269,-0.21052631578947367,1,True
0.4,32,-0.18296917073769695,-0.23964451887188482,-0.12629382260350908,-0.202660406885759,1,True
0.4,33,-0.21215837051051536,-0.26888393264508303,-0.1554328083759477,-0.2248,1,True
0.4,34,-0.21106911934769462,-0.2661518599789332,-0.15598637871645601,-0.1957379636937648,1,True
0.4,35,-0.17502481836289838,-0.2313210110049058,-0.11872862572089096,-0.19504643962848298,1,True
0.4,36,-0.15651467599585678,-0.21192950705268818,-0.10109984493902538,-0.18261562998405104,1,True
0.4,37,-0.2146257293557472,-0.2737510449965008,-0.1555004137149936,-0.20307443365695793,1,True
0.4,38,-0.24178010432536737,-0.2985841847243768,-0.1849760239263579,-0.20554649265905384,1,True
0.4,39,-0.1805701519146506,-0.23733958419213286,-0.12380071963716832,-0.2038369304556355,1,True
0.4,40,-0.21249447770061675,-0.26749718218448165,-0.15749177321675184,-0.2162809257781325,1,True
0.4,41,-0.19822863084516512,-0.2547818078732739,-0.1416754538170563,-0.2134646962233169,1,True
0.4,42,-0.1688207967801431,-0.22458412030444633,-0.1130574732558399,-0.19262295081967212,1,True
0.4,43,-0.1864423225868972,-0.2427267174353645,-0.13015792773842988,-0.19732704402515724,1,True
0.4,44,-0.1917254943423526,-0.24489379733876776,-0.1385571913459374,-0.1942215088282504,1,True
0.4,45,-0.14872709655348623,-0.20480303629202637,-0.0926511568149461,-0.21003861003861005,1,False
0.4,46,-0.15295876147625903,-0.20902717869923493,-0.09689034425328313,-0.20545746388443017,1,True
0.4,47,-0.2103681728275439,-0.26730235144845477,-0.15343399420663303,-0.22653721682847897,1,True
0.4,48,-0.19660408574525234,-0.2535401072427741,-0.1396680642477306,-0.18495297805642633,1,True
0.4,49,-0.18630502346778546,-0.24284960682916001,-0.1297604401064109,-0.20514883346741755,1,True
0.4,50,-0.21098306126078456,-0.26806902097392116,-0.15389710154764796,-0.20631067961165048,1,True
0.4,51,-0.22324508021170822,-0.27663078997137674,-0.16985937045203967,-0.20518867924528303,1,True
0.4,52,-0.21660566364108716,-0.27411205967794416,-0.15909926760423015,-0.20518867924528303,1,True
0.4,53,-0.14645447528308955,-0.20227630131058072,-0.09063264925559839,-0.19173553719008266,1,True
0.4,54,-0.19916963571693275,-0.2545826586450862,-0.14375661278877927,-0.2068696330991413,1,True
0.4,55,-0.19254579907985633,-0.24956255926475956,-0.1355290388949531,-0.19967532467532467,1,True
0.4,56,-0.22374919667640056,-0.2820673966783085,-0.16543099667449263,-0.19054996127033308,1,True
0.4,57,-0.24998575633426254,-0.3075250573405146,-0.19244645532801044,-0.17665369649805449,1,False
0.4,58,-0.20050366160629263,-0.256625535848457,-0.14438178736412824,-0.20853462157809985,1,True
0.4,59,-0.2748403527455637,-0.33438309116742615,-0.21529761432370123,-0.22008032128514057,1,True
0.4,60,-0.19693493396675069,-0.25793413089124134,-0.13593573704226003,-0.2076095947063689,1,True
0.4,61,-0.26099734575179556,-0.31787771933736625,-0.20411697216622487,-0.1977582065652522,1,False
0.4,62,-0.14384751089409026,-0.20083926110355813,-0.08685576068462239,-0.20015885623510724,1,True
0.4,63,-0.20120866860008638,-0.2615216915151178,-0.14089564568505497,-0.2006125574272588,1,True
0.4,64,-0.16084644972061485,-0.2160167759163379,-0.10567612352489181,-0.21262989608313348,1,True
0.4,65,-0.1704087111293291,-0.2270647812032451,-0.11375264105541308,-0.19770114942528735,1,True
0.4,66,-0.1997249716609002,-0.2573898269393703,-0.1420601163824301,-0.19453125,1,True
0.4,67,-0.19713067043374818,-0.2547484664880205,-0.13951287437947582,-0.17525773195876287,1,True
0.4,68,-0.21011536355263538,-0.2657112593930147,-0.15451946771225605,-0.18387096774193548,1,True
0.4,69,-0.2063638834805145,-0.26462907190828056,-0.1480986950527484,-0.2003244120032441,1,True
0.4,70,-0.2134602177656119,-0.2722319904979592,-0.15468844503326457,-0.20501138952164008,1,True
0.4,71,-0.21635923712981903,-0.2735555439060335,-0.15916293035360457,-0.18991331757289204,1,True
0.4,72,-0.2080979371177904,-0.2635104388806026,-0.15268543535497822,-0.20627450980392156,1,True
0.4,73,-0.18313553384429,-0.2378187454170238,-0.12845232227155617,-0.1954828660436137,1,True
0.4,74,-0.23282553408203402,-0.2905478449766203,-0.17510322318744778,-0.21567043618739903,1,True
0.4,75,-0.21036533434532856,-0.26642777475944185,-0.1543028939312153,-0.19889502762430938,1,True
0.4,76,-0.22834553297791674,-0.2861658571540614,-0.17052520880177208,-0.2022653721682848,1,True
0.4,77,-0.19550194361662088,-0.25037612661975667,-0.1406277606134851,-0.2009273570324575,1,True
0.4,78,-0.21431283785901478,-0.2738555477343218,-0.15477012798370776,-0.20672682526661199,1,True
0.4,79,-0.2242519906915739,-0.28355190373495476,-0.16495207764819303,-0.23667205169628433,1,True
0.4,80,-0.17908748722729503,-0.23602891307061313,-0.12214606138397693,-0.20489795918367346,1,True
0.4,81,-0.2198971245967166,-0.27535122754060115,-0.16444302165283203,-0.20947030497592295,1,True
0.4,82,-0.1644850065181107,-0.21937267267871155,-0.10959734035750987,-0.1982690794649882,1,True
0.4,83,-0.18778706226120032,-0.24358852687603152,-0.1319855976463691,-0.18312101910828024,1,True
0.4,84,-0.19185406649878248,-0.24836306229931426,-0.1353450706982507,-0.20806962025316456,1,True
0.4,85,-0.2315933575999015,-0.285986302592829,-0.17720041260697403,-0.21573208722741433,1,True
0.4,86,-0.1618784212625079,-0.21698421141725532,-0.10677263110776047,-0.21504497138184792,1,True
0.4,87,-0.1893802755661151,-0.24314324430443596,-0.13561730682779427,-0.1975609756097561,1,True
0.4,88,-0.22922561205074377,-0.2883185777824065,-0.17013264631908104,-0.21833333333333332,1,True
0.4,89,-0.2023489762683548,-0.2609230418807749,-0.14377491065593467,-0.19766536964980544,1,True
0.4,90,-0.2062727862067063,-0.2642732346271556,-0.14827233778625704,-0.19396903015484923,1,True
0.4,91,-0.1991512816813188,-0.2547074524202463,-0.1435951109423913,-0.2073265783320343,1,True
0.4,92,-0.18036914843458915,-0.23637210561799948,-0.1243661912511788,-0.19208087615838249,1,True
0.4,93,-0.24014708503856336,-0.2997164927547735,-0.18057767732235316,-0.1981981981981982,1,True
0.4,94,-0.2004417746264909,-0.2608035551448704,-0.1400799941081114,-0.19184652278177458,1,True
0.4,95,-0.18870197772890218,-0.24539241737728681,-0.13201153808051755,-0.1788685524126456,1,True
0.4,96,-0.19409305009738315,-0.2500617404780052,-0.13812435971676104,-0.21098726114649682,1,True
0.4,97,-0.1821023274383596,-0.23715097212719138,-0.12705368274952783,-0.21908713692946058,1,True
0.4,98,-0.18437535646681474,-0.24083267057221275,-0.12791804236141674,-0.19644300727566694,1,True
0.4,99,-0.1883827882768338,-0.2456434932958389,-0.1311220832578287,-0.206143896523848,1,True
0.4,100,-0.21506676057035626,-0.2745037381206577,-0.15562978302005484,-0.20285261489698891,1,True
0.4,101,-0.18347200250535428,-0.2378116243534132,-0.12913238065729538,-0.2032,1,True
0.4,102,-0.1999545577942313,-0.2581941792439143,-0.1417149363445483,-0.2052091554853986,1,True
0.4,103,-0.19908238327087202,-0.2539828221861312,-0.14418194435561282,-0.1922767497988737,1,True
0.4,104,-0.19627712505394196,-0.25356099216489364,-0.13899325794299028,-0.19475357710651828,1,True
0.4,105,-0.21802432210705583,-0.27299905696789073,-0.1630495872462209,-0.22008032128514057,1,True
0.4,106,-0.22860453047600832,-0.28567339310291034,-0.1715356678491063,-0.1998394863563403,1,True
0.4,107,-0.17908167841499553,-0.2343310328095912,-0.12383232402039987,-0.21171171171171171,1,True
0.4,108,-0.18253143223296675,-0.23778850365584878,-0.12727436081008472,-0.20684168655529037,1,True
0.4,109,-0.2452043020335992,-0.3002803092387402,-0.1901282948284582,-0.2119258662369057,1,True
0.4,110,-0.15243533988243171,-0.20793839652071683,-0.0969322832441466,-0.20496894409937888,1,True
0.4,111,-0.21780505825732993,-0.2758485280230654,-0.15976158849159444,-0.20454545454545456,1,True
0.4,112,-0.1947262534264168,-0.25070688037883576,-0.13874562647399785,-0.20852713178294574,1,True
0.4,113,-0.1585366010423435,-0.21490752756622428,-0.1021656745184627,-0.18630573248407642,1,True
0.4,114,-0.19757699402691933,-0.25382127013132777,-0.1413327179225109,-0.20269200316706254,1,True
0.4,115,-0.1650952201602604,-0.22085604675899806,-0.10933439356152273,-0.19688715953307392,1,True
0.4,116,-0.19429610395014935,-0.25237171642775724,-0.13622049147254145,-0.19937205651491366,1,True
0.4,117,-0.1803500114415707,-0.23669750229966063,-0.12400252058348075,-0.20321285140562248,1,True
0.4,118,-0.2028612687468874,-0.2584563758652745,-0.14726616162850031,-0.1975609756097561,1,True
0.4,119,-0.19453109914057035,-0.2515770247616051,-0.1374851735195356,-0.20578231292517007,1,True
0.4,120,-0.23149222404137934,-0.2919118436625243,-0.1710726044202344,-0.20765027322404372,1,True
0.4,121,-0.15251098180599063,-0.2088908659966234,-0.09613109761535785,-0.19448698315467075,1,True
0.4,122,-0.2191046763816987,-0.2781383490380229,-0.16007100372537447,-0.20434432823813356,1,True
0.4,123,-0.22674032521510742,-0.28902940210038164,-0.16445124832983318,-0.186010760953113,1,True
0.4,124,-0.2061895600158453,-0.26313636715097516,-0.1492427528807154,-0.18299595141700406,1,True
0.4,125,-0.19191453324355293,-0.2496719482045957,-0.13415711828251015,-0.19807538091419408,1,True
0.4,126,-0.17417251648258225,-0.2296537850707258,-0.11869124789443869,-0.20997586484312147,1,True
0.4,127,-0.15395186802966654,-0.20808124147617174,-0.09982249458316134,-0.2023217247097844,1,True
0.4,128,-0.21714992506424052,-0.27766725792210184,-0.1566325922063792,-0.20506535947712418,1,True
0.4,129,-0.16025639358585503,-0.21773478989056386,-0.1027779972811462,-0.18869426751592358,1,True
0.4,130,-0.16786901404058194,-0.22387741475646297,-0.1118606133247009,-0.20853858784893267,1,True
0.4,131,-0.1848878817030098,-0.2410348168756014,-0.12874094653041818,-0.18130081300813009,1,True
0.4,132,-0.20590114557744382,-0.26411080640032,-0.14769148475456767,-0.19367588932806323,1,True
0.4,133,-0.18526844317452698,-0.24131664369396053,-0.12922024265509344,-0.2029580936729663,1,True
0.4,134,-0.15759806216663622,-0.21524588401380665,-0.09995024031946578,-0.18646734854445318,1,True
0.4,135,-0.1811985444666472,-0.2372852530079186,-0.1251118359253758,-0.1969080553295362,1,True
0.4,136,-0.13318164249112757,-0.1882412023616089,-0.07812208262064624,-0.1939252336448598,1,False
0.4,137,-0.1958315660262195,-0.253065815625391,-0.13859731642704803,-0.2121971595655806,1,True
0.4,138,-0.17428806586506468,-0.23166070201888211,-0.11691542971124724,-0.1984,1,True
0.4,139,-0.22082725561129005,-0.2807265169336948,-0.16092799428888527,-0.20474308300395258,1,True
0.4,140,-0.20017504261347807,-0.2574199361438137,-0.14293014908314244,-0.2173228346456693,1,True
0.4,141,-0.15660294094607619,-0.21279423483543136,-0.10041164705672101,-0.17366720516962844,1,True
0.4,142,-0.20865165633051755,-0.26851586116082793,-0.14878745150020717,-0.18117088607594936,1,True
0.4,143,-0.1352733017511305,-0.1892003663098184,-0.0813462371924426,-0.1909750201450443,1,False
0.4,144,-0.1946142677330648,-0.24882570902568565,-0.14040282644044397,-0.20239043824701194,1,True
0.4,145,-0.22338669323142865,-0.2816262191496568,-0.16514716731320053,-0.2124600638977636,1,True
0.4,146,-0.19797868618239953,-0.25393668586526824,-0.14202068649953078,-0.2097440132122213,1,True
0.4,147,-0.23254479081584256,-0.29072113843053415,-0.174368443201151,-0.20398406374501993,1,True
0.4,148,-0.19520833892678296,-0.2541933556779331,-0.13622332217563282,-0.20659163987138263,1,True
0.4,149,-0.18338901240190125,-0.24069809837834583,-0.12607992642545668,-0.20302547770700638,1,True
0.4,150,-0.14557881212618062,-0.20175809366824451,-0.08939953058411673,-0.1946624803767661,1,True
0.4,151,-0.1750420933890389,-0.2302603951125311,-0.11982379166554669,-0.18929712460063897,1,True
0.4,152,-0.21000080727049047,-0.2658177644624951,-0.15418385007848584,-0.19570602807597026,1,True
0.4,153,-0.19382837897980723,-0.25148159237298673,-0.1361751655866277,-0.19887730553327987,1,True
0.4,154,-0.2177743208400931,-0.27520139703121566,-0.16034724464897057,-0.19155844155844157,1,True
0.4,155,-0.19224534527182804,-0.24826922424567976,-0.13622146629797632,-0.2135697764070933,1,True
0.4,156,-0.2160378336823185,-0.2740820730752882,-0.1579935942893488,-0.18412162162162163,1,True
0.4,157,-0.22622296381706555,-0.28350491025110847,-0.1689410173830226,-0.1943381790359602,1,True
0.4,158,-0.20722926278018233,-0.26387699778551327,-0.1505815277748514,-0.2,1,True
0.4,159,-0.2406150553767142,-0.30086864687761916,-0.18036146387580923,-0.2,1,True
0.4,160,-0.22554665123665088,-0.2845571314987633,-0.1665361709745384,-0.19291338582677164,1,True
0.4,161,-0.19698947743681552,-0.2548587883744895,-0.13912016649914158,-0.1984,1,True
0.4,162,-0.1914876478020598,-0.24776819983333198,-0.1352070957707876,-0.19838056680161945,1,True
0.4,163,-0.16926793497397963,-0.22304098020583338,-0.11549488974212588,-0.19709208400646203,1,True
0.4,164,-0.16627638839960487,-0.22425576912259085,-0.1082970076766189,-0.20080645161290323,1,True
0.4,165,-0.2254082102758422,-0.28468913647878025,-0.1661272840729042,-0.19240097008892482,1,True
0.4,166,-0.19982280238540884,-0.25907498339009805,-0.14057062138071963,-0.21456235476374902,1,True
0.4,167,-0.20507866165061453,-0.26036005286538977,-0.14979727043583926,-0.18779342723004694,1,True
0.4,168,-0.20758866149662708,-0.26250414563736924,-0.15267317735588493,-0.1946532999164578,1,True
0.4,169,-0.18255144546286126,-0.24045128236457658,-0.12465160856114593,-0.18973941368078176,1,True
0.4,170,-0.20957359013572477,-0.26422644969753667,-0.15492073057391287,-0.19826224328593997,1,True
0.4,171,-0.2531752118277881,-0.312716183718155,-0.1936342399374212,-0.22457282343368593,1,True
0.4,172,-0.2086705135975365,-0.2641972184023876,-0.1531438087926854,-0.19845559845559846,1,True
0.4,173,-0.21344571942404603,-0.27260771808597417,-0.15428372076211785,-0.208298755186722,1,True
0.4,174,-0.20417882591116512,-0.2621970484373643,-0.14616060338496595,-0.19710806697108066,1,True
0.4,175,-0.23432258918266352,-0.29294620128039184,-0.17569897708493518,-0.20280296784830998,1,True
0.4,176,-0.2406600669953226,-0.29646159189347193,-0.18485854209717328,-0.19710378117457764,1,True
0.4,177,-0.22264900238808188,-0.27586742477382775,-0.16943058000233602,-0.20616883116883117,1,True
0.4,178,-0.19478567626861437,-0.2512640439055196,-0.13830730863170912,-0.1743190661478599,1,True
0.4,179,-0.21724161865284194,-0.2742536338071693,-0.16022960349851462,-0.1887390959555908,1,True
0.4,180,-0.24141402646058135,-0.298680408367698,-0.18414764455346472,-0.21167315175097276,1,True
0.4,181,-0.1997074299213097,-0.25396122630950113,-0.14545363353311824,-0.2054794520547945,1,True
0.4,182,-0.21816116303767202,-0.27657448147663016,-0.1597478445987139,-0.1996792301523657,1,True
0.4,183,-0.25168681304455104,-0.3089434215406579,-0.1944302045484442,-0.20613690007867821,1,True
0.4,184,-0.2068460403018232,-0.26320953841837524,-0.15048254218527113,-0.19524200164068908,1,True
0.4,185,-0.21719404379651525,-0.2750368962952711,-0.15935119129775935,-0.18714859437751005,1,True
0.4,186,-0.22465927404627065,-0.28107131111411304,-0.16824723697842828,-0.20885093167701863,1,True
0.4,187,-0.1769753709987918,-0.23288626381382138,-0.1210644781837622,-0.192,1,True
0.4,188,-0.20612006869577945,-0.2639697348854197,-0.1482704025061392,-0.21133603238866397,1,True
0.4,189,-0.17160506490658964,-0.22690663552373116,-0.11630349428944811,-0.18357487922705315,1,True
0.4,190,-0.1889767117036762,-0.24796077932594557,-0.12999264408140682,-0.21320604614160701,1,True
0.4,191,-0.2156756849094584,-0.2727900962842207,-0.15856127353469615,-0.19714964370546317,1,True
0.4,192,-0.20437135683074892,-0.2607021672973615,-0.14804054636413633,-0.20917573872472783,1,True
0.4,193,-0.15414101568588892,-0.21310572463254449,-0.09517630673923336,-0.16829268292682928,1,True
0.4,194,-0.19743194518676987,-0.2542880733018657,-0.14057581707167405,-0.1861402095084609,1,True
0.4,195,-0.18075702075298725,-0.23607008994303297,-0.12544395156294152,-0.20609462710505214,1,True
0.4,196,-0.20493474776448248,-0.2604979008136648,-0.14937159471530018,-0.1864406779661017,1,True
0.4,197,-0.18264712181388845,-0.2393887738167795,-0.1259054698109974,-0.21136173767752714,1,True
0.4,198,-0.14369856521575777,-0.196536156170464,-0.09086097426105155,-0.22121710526315788,1,False
0.4,199,-0.19911428200728987,-0.2563170770028269,-0.14191148701175282,-0.2153256704980843,1,True
0.4,200,-0.19998795943732184,-0.2570174596951531,-0.14295845917949057,-0.1988993710691824,1,True
0.4,201,-0.18013878047014786,-0.23676761325782314,-0.12350994768247259,-0.18887147335423196,1,True
0.4,202,-0.2265571986894243,-0.2820750895963822,-0.1710393077824664,-0.22527472527472528,1,True
0.4,203,-0.2110980232004422,-0.26788864084969927,-0.15430740555118508,-0.200796812749004,1,True
0.4,204,-0.18158490693635307,-0.24063385416274977,-0.12253595970995637,-0.2034035656401945,1,True
0.4,205,-0.2016173264304102,-0.2625322973633969,-0.14070235549742346,-0.19174757281553398,1,True
0.4,206,-0.16978283988802947,-0.22455056586660316,-0.11501511390945578,-0.20348837209302326,1,True
0.4,207,-0.21964708762651264,-0.2751121955293533,-0.16418197972367196,-0.1831761006289308,1,True
0.4,208,-0.22128160177305223,-0.2808188390579138,-0.16174436448819066,-0.19778481012658228,1,True
0.4,209,-0.20825662350043128,-0.2672043888565837,-0.14930885814427883,-0.2022029897718332,1,True
0.4,210,-0.14888923266070736,-0.2054718251827485,-0.09230664013866621,-0.1859903381642512,1,True
0.4,211,-0.2521161394592032,-0.3083449999922724,-0.19588727892613397,-0.2259083728278041,1,True
0.4,212,-0.24467899927431572,-0.3014467197838006,-0.18791127876483085,-0.21662669864108713,1,True
0.4,213,-0.18287182129158888,-0.23971461741125755,-0.12602902517192022,-0.1970404984423676,1,True
0.4,214,-0.18895747320522216,-0.24700827843993345,-0.13090666797051087,-0.18686868686868688,1,True
0.4,215,-0.21015213704629027,-0.26706393309781107,-0.15324034099476946,-0.18949044585987262,1,True
0.4,216,-0.18037542437298384,-0.23330213689305712,-0.12744871185291057,-0.20865533230293662,1,True
0.4,217,-0.2066583150317435,-0.262564763501974,-0.150751866561513,-0.1990330378726833,1,True
0.4,218,-0.19065206476461868,-0.24688594830945768,-0.1344181812197797,-0.1780715396578538,1,True
0.4,219,-0.22756640453677832,-0.283118295673213,-0.17201451340034365,-0.2034313725490196,1,True
0.4,220,-0.2250039817050441,-0.28067433027076893,-0.16933363313931926,-0.2037037037037037,1,True
0.4,221,-0.2220279922509316,-0.2789205806007112,-0.16513540390115197,-0.19791666666666666,1,True
0.4,222,-0.1655430285982296,-0.2210811905542586,-0.11000486664220063,-0.1985530546623794,1,True
0.4,223,-0.15771532840474148,-0.21325494072560064,-0.10217571608388233,-0.18581907090464547,1,True
0.4,224,-0.19405792790735962,-0.24971821286829604,-0.1383976429464232,-0.196,1,True
0.4,225,-0.20311624037050113,-0.25953739137553805,-0.14669508936546422,-0.20516962843295639,1,True
0.4,226,-0.1968741594668661,-0.2504094822495573,-0.14333883668417488,-0.20093457943925233,1,True
0.4,227,-0.20278366080267887,-0.260507600924598,-0.14505972068075976,-0.20623501199040767,1,True
0.4,228,-0.22781045421195695,-0.28647126989694216,-0.16914963852697174,-0.19662921348314608,1,True
0.4,229,-0.21292784264427989,-0.26779218151567563,-0.15806350377288414,-0.21894409937888198,1,True
0.4,230,-0.20473592777915198,-0.26278453631944926,-0.1466873192388547,-0.19873817034700317,1,True
0.4,231,-0.21599591027250997,-0.2728313843413447,-0.15916043620367526,-0.17057396928051738,1,True
0.4,232,-0.18542482966016863,-0.24135689884216693,-0.12949276047817032,-0.19795758051846032,1,True
0.4,233,-0.13231443509553587,-0.18885405933391478,-0.07577481085715695,-0.205607476635514,1,False
0.4,234,-0.22389716248830815,-0.2825285788920524,-0.1652657460845639,-0.20662460567823343,1,True
0.4,235,-0.16200109811858557,-0.21490849995760447,-0.10909369627956668,-0.19983753046303818,1,True
0.4,236,-0.19145382746090542,-0.24956924113159873,-0.1333384137902121,-0.194675540765391,1,True
0.4,237,-0.17493946698475552,-0.23143357275893492,-0.11844536121057611,-0.2073469387755102,1,True
0.4,238,-0.19970299220065224,-0.2573273589199479,-0.14207862548135658,-0.1975806451612903,1,True
0.4,239,-0.21882701580301211,-0.27567925176666774,-0.1619747798393565,-0.2001627339300244,1,True
0.4,240,-0.21488827251598522,-0.2732751697312428,-0.15650137530072764,-0.19130434782608696,1,True
0.4,241,-0.2051702346220283,-0.261240380743937,-0.14910008850011958,-0.20823244552058112,1,True
0.4,242,-0.2163792365510108,-0.27286754204166475,-0.15989093106035687,-0.2091346153846154,1,True
0.4,243,-0.19502476814438713,-0.25275124455684894,-0.13729829173192534,-0.1875,1,True
0.4,244,-0.2410536220681166,-0.29671423473084935,-0.18539300940538386,-0.19659442724458204,1,True
0.4,245,-0.19988053730999403,-0.2582345049660599,-0.14152656965392818,-0.20602605863192183,1,True
0.4,246,-0.21164598786003946,-0.26960635123717097,-0.15368562448290796,-0.20242914979757085,1,True
0.4,247,-0.20580665710570012,-0.26465112351904796,-0.14696219069235228,-0.19239543726235742,1,True
0.4,248,-0.16393779540696626,-0.2190546419655764,-0.10882094884835612,-0.2090837901331245,1,True
0.4,249,-0.20233213609738301,-0.25799851049137545,-0.14666576170339055,-0.19734789391575663,1,True
0.4,250,-0.1596629424441876,-0.2164492776397126,-0.1028766072486626,-0.21445404556166536,1,True
0.4,251,-0.2060940188867014,-0.2625968401622632,-0.1495911976111396,-0.2096902303415409,1,True
0.4,252,-0.19026577871241404,-0.24620620380973912,-0.13432535361508896,-0.1992063492063492,1,True
0.4,253,-0.18053759300931663,-0.23756060110232172,-0.12351458491631154,-0.20436187399030695,1,True
0.4,254,-0.20695857885883612,-0.26614118112707746,-0.14777597659059477,-0.21166134185303515,1,True
0.4,255,-0.2123471491487789,-0.2676426306661744,-0.1570516676313834,-0.19869174161896974,1,True
0.4,256,-0.23313398205669505,-0.29185508327490317,-0.17441288083848694,-0.1946153846153846,1,True
0.4,257,-0.2018656727672689,-0.2575224944046003,-0.14620885112993753,-0.20103537532355478,1,True
0.4,258,-0.2120956395249785,-0.2677010912099726,-0.1564901878399844,-0.2111650485436893,1,True
0.4,259,-0.21628569322010205,-0.2722887557586628,-0.16028263068154133,-0.22512234910277323,1,True
0.4,260,-0.23369134022073876,-0.2935563563000671,-0.17382632414141042,-0.2078740157480315,1,True
0.4,261,-0.1439035873533308,-0.20006524394255454,-0.08774193076410707,-0.2066772655007949,1,False
0.4,262,-0.20703231254196267,-0.2641156268223317,-0.14994899826159366,-0.17260061919504643,1,True
0.4,263,-0.20264823417310932,-0.26041276554369397,-0.14488370280252463,-0.19614147909967847,1,True
0.4,264,-0.2159096068248483,-0.27024154211734674,-0.16157767153234984,-0.20353982300884957,1,True
0.4,265,-0.20821833422652083,-0.2650267872479698,-0.15140988120507184,-0.19278096800656275,1,True
0.4,266,-0.1839096104490468,-0.24226971619737978,-0.12554950470071383,-0.207532667179093,1,True
0.4,267,-0.17592588519709515,-0.2327985978746245,-0.11905317251956579,-0.20833333333333334,1,True
0.4,268,-0.22451016203135582,-0.2800858223058431,-0.1689345017568685,-0.1911880409126672,1,True
0.4,269,-0.21080045889832472,-0.2696018257958388,-0.1519990920008106,-0.20388349514563106,1,True
0.4,270,-0.19972263801123663,-0.25421551521111063,-0.14522976081136263,-0.20551378446115287,1,True
0.4,271,-0.1613806251835328,-0.22008669006573972,-0.10267456030132589,-0.2035541195476575,1,True
0.4,272,-0.18232010082101846,-0.23981817750810003,-0.1248220241339369,-0.206645056726094,1,True
0.4,273,-0.16526249755063707,-0.2213964241601536,-0.10912857094112055,-0.1934156378600823,1,True
0.4,274,-0.20594675612367605,-0.26194967617347953,-0.14994383607387257,-0.19609438567941415,1,True
0.4,275,-0.21549148808844903,-0.27737745840902805,-0.15360551776787001,-0.17539682539682538,1,True
0.4,276,-0.18994247936997732,-0.2468762783772262,-0.13300868036272845,-0.2067578439259855,1,True
0.4,277,-0.20479742522120775,-0.2609620882670586,-0.14863276217535695,-0.20413026211278792,1,True
0.4,278,-0.17134357213211554,-0.23082429208694355,-0.11186285217728752,-0.18694601128122482,1,True
0.4,279,-0.1851802606345063,-0.23958928385200706,-0.13077123741700553,-0.2034035656401945,1,True
0.4,280,-0.1931359894644277,-0.2514811057466263,-0.1347908731822291,-0.20747217806041335,1,True
0.4,281,-0.23707867911071312,-0.29394304986508973,-0.1802143083563365,-0.20743034055727555,1,True
0.4,282,-0.2522403428398826,-0.3094120826059848,-0.19506860307378046,-0.20179738562091504,1,True
0.4,283,-0.20836664014427922,-0.26612363617244184,-0.15060964411611658,-0.2122905027932961,1,True
0.4,284,-0.1861819629928052,-0.24487229195907975,-0.12749163402653066,-0.21485623003194887,1,True
0.4,285,-0.24415767712141817,-0.3009325125888732,-0.18738284165396313,-0.2164119066773934,1,True
0.4,286,-0.19110730971879017,-0.24671385443258864,-0.1355007650049917,-0.19968051118210864,1,True
0.4,287,-0.19421116447821624,-0.2517008021938522,-0.13672152676258026,-0.20816653322658127,1,True
0.4,288,-0.23264906821670522,-0.29156457059740193,-0.17373356583600852,-0.20579029733959311,1,True
0.4,289,-0.24810185400619772,-0.30524827345661604,-0.1909554345557794,-0.1992156862745098,1,True
0.4,290,-0.17103652313964132,-0.2277445523422015,-0.11432849393708114,-0.18189655172413793,1,True
0.4,291,-0.18029565905997844,-0.23638085466282494,-0.12421046345713194,-0.20064464141821112,1,True
0.4,292,-0.1689471133459115,-0.22410844729509155,-0.11378577939673146,-0.2147915027537372,1,True
0.4,293,-0.17406257882930112,-0.2289699465108448,-0.11915521114775747,-0.19147286821705425,1,True
0.4,294,-0.20831335691349664,-0.262426842716815,-0.15419987111017833,-0.2021103896103896,1,True
0.4,295,-0.16251630164350886,-0.22130049444820032,-0.1037321088388174,-0.20205209155485399,1,True
0.4,296,-0.14826180379092857,-0.2024018851784613,-0.09412172240339585,-0.200796812749004,1,True
0.4,297,-0.18614156581757724,-0.2441789563946003,-0.12810417524055417,-0.20653061224489797,1,True
0.4,298,-0.1860010488751277,-0.2418807994163621,-0.1301212983338933,-0.19886363636363635,1,True
0.4,299,-0.1637134728568533,-0.21773861093948613,-0.10968833477422049,-0.18533123028391169,1,True
