strategy,model,n_train,auc,accuracy,dp_gap,eo_gap,group_pred_bias,auc_change,eo_gap_change,dataset,condition,rep,ess,weights_accepted,target_flagged
Baseline (audit labels),Logistic regression,2268,0.7485212039457045,0.6902138690861958,0.4692369136813581,0.47779509154655236,0.012553499474821872,0.0,0.0,COMPAS,corrupt_10,3,0.9935943957876231,True,0
Baseline (audit labels),Random forest,2268,0.7396315656352752,0.6934543097861309,0.32108370997259883,0.279939293598234,-0.010591130152078243,0.0,0.0,COMPAS,corrupt_10,3,0.9935943957876231,True,0
Audit-guided reweighting,Logistic regression,2268,0.7464471798330663,0.6928062216461439,0.46155751711307264,0.4755713543695624,-0.0020846277578356887,-0.0020740241126382397,-0.0022237371769899816,COMPAS,corrupt_10,3,0.9935943957876231,True,0
Audit-guided reweighting,Random forest,2268,0.736987606441278,0.6863253402462735,0.3397758027387657,0.3108119075444748,-0.025144052496733682,-0.0026439591939971807,0.0308726139462408,COMPAS,corrupt_10,3,0.9935943957876231,True,0
Drop flagged block,Logistic regression,2268,0.666773459236152,0.6254050550874919,0.6054741610297166,0.5917575639527335,0.0022413608994487078,-0.08174774470955248,0.11396247240618113,COMPAS,corrupt_10,3,0.9935943957876231,True,0
Drop flagged block,Random forest,2268,0.6476140291712335,0.6001296176279974,0.4410032928551447,0.43350285191269083,-0.023129087762635003,-0.09201753646404176,0.15356355831445684,COMPAS,corrupt_10,3,0.9935943957876231,True,0
Trusted reference only,Logistic regression,1389,0.7537635949751285,0.6902138690861958,0.20093831204942314,0.1754723412543825,-0.03568913869570778,0.005242391029423921,-0.3023227502921699,COMPAS,corrupt_10,3,0.9935943957876231,True,0
Trusted reference only,Random forest,1389,0.7412326110783238,0.6843810758263124,0.2170739763332356,0.15857518504090384,-0.04821611799397474,0.001601045443048621,-0.12136410855733015,COMPAS,corrupt_10,3,0.9935943957876231,True,0
Oracle (clean audit labels),Logistic regression,2268,0.7492091729196527,0.6843810758263124,0.29098290209401323,0.29092001038826126,-0.045495700359967084,0.0006879689739481831,-0.1868750811582911,COMPAS,corrupt_10,3,0.9935943957876231,True,0
Oracle (clean audit labels),Random forest,2268,0.7397892251918051,0.694750486066105,0.2807470770433733,0.2519640306453707,-0.057936578150130646,0.00015765955652990993,-0.02797526295286329,COMPAS,corrupt_10,3,0.9935943957876231,True,0
Baseline (audit labels),Logistic regression,2268,0.6895986784635099,0.644199611147116,0.48975796443957187,0.5280017301038062,0.08464352536822761,0.0,0.0,COMPAS,corrupt_10,16,0.9807332505102984,True,0
Baseline (audit labels),Random forest,2268,0.6967085651743863,0.6629941672067401,0.3315167494526708,0.3416955017301038,0.06365509276853587,0.0,0.0,COMPAS,corrupt_10,16,0.9807332505102984,True,0
Audit-guided reweighting,Logistic regression,2268,0.6849811184794172,0.6513285806869734,0.4623797304886784,0.5260640138408305,0.054621472313474695,-0.004617559984092634,-0.001937716262975786,COMPAS,corrupt_10,16,0.9807332505102984,True,0
Audit-guided reweighting,Random forest,2268,0.693682593311421,0.6539209332469216,0.376132071981786,0.4243425605536332,0.034797159224494,-0.003025971862965271,0.08264705882352935,COMPAS,corrupt_10,16,0.9807332505102984,True,0
Drop flagged block,Logistic regression,2268,0.6192968800454108,0.5826312378483474,0.599080890389537,0.6133477508650519,0.08835179534949711,-0.07030179841809903,0.08534602076124564,COMPAS,corrupt_10,16,0.9807332505102984,True,0
Drop flagged block,Random forest,2268,0.6238609055652049,0.5865197666882696,0.45673660598682375,0.47566608996539794,0.05364398739262122,-0.07284765960918138,0.13397058823529412,COMPAS,corrupt_10,16,0.9807332505102984,True,0
Trusted reference only,Logistic regression,1389,0.7021104475481216,0.6642903434867142,0.26854445726123494,0.33533737024221455,0.008064910900381528,0.012511769084611712,-0.1926643598615917,COMPAS,corrupt_10,16,0.9807332505102984,True,0
Trusted reference only,Random forest,1389,0.7056539192326386,0.6746597537265068,0.27028481300003704,0.30975778546712807,0.00728722614763222,0.008945354058252364,-0.03193771626297576,COMPAS,corrupt_10,16,0.9807332505102984,True,0
Oracle (clean audit labels),Logistic regression,2268,0.695224045981856,0.6584575502268308,0.35572703150800566,0.42262110726643604,0.03340264597201825,0.0056253675183461915,-0.10538062283737021,COMPAS,corrupt_10,16,0.9807332505102984,True,0
Oracle (clean audit labels),Random forest,2268,0.6990266924538499,0.661049902786779,0.2906360453736805,0.3099567474048443,0.01905826486609019,0.0023181272794635666,-0.03173875432525952,COMPAS,corrupt_10,16,0.9807332505102984,True,0
Baseline (audit labels),Logistic regression,2268,0.7218097479173429,0.6668826960466624,0.4529028306426915,0.43143444428130967,0.05310439616197982,0.0,0.0,COMPAS,corrupt_10,107,0.9774577131092882,True,1
Baseline (audit labels),Random forest,2268,0.718957082386671,0.6707712248865846,0.3692018267421864,0.3486272206724417,0.033133569196307944,0.0,0.0,COMPAS,corrupt_10,107,0.9774577131092882,True,1
Audit-guided reweighting,Logistic regression,2268,0.7302468760142812,0.6869734283862605,0.20241232276932497,0.22715704987030783,-0.02819190421728096,0.008437128096938307,-0.20427739441100184,COMPAS,corrupt_10,107,0.9774577131092882,True,1
Audit-guided reweighting,Random forest,2268,0.7255118738504815,0.6746597537265068,0.24598086430347887,0.25069740126266327,-0.0270957788628145,0.00655479146381055,-0.0979298194097784,COMPAS,corrupt_10,107,0.9774577131092882,True,1
Drop flagged block,Logistic regression,2268,0.7323050213675215,0.6727154893065457,0.233557469349568,0.22064797141878334,0.004841492838507766,0.010495273450178644,-0.21078647286252633,COMPAS,corrupt_10,107,0.9774577131092882,True,1
Drop flagged block,Random forest,2268,0.7235281091095964,0.6798444588464031,0.2396168822208985,0.20599030979298194,0.0017452659836287854,0.00457102672292542,-0.14263691087945973,COMPAS,corrupt_10,107,0.9774577131092882,True,1
Trusted reference only,Logistic regression,1389,0.7172201260413287,0.6591056383668179,0.1507348363234962,0.13314246561934123,-0.041169048872004455,-0.004589621876014194,-0.29829197866196844,COMPAS,corrupt_10,107,0.9774577131092882,True,1
Trusted reference only,Random forest,1389,0.7231739559666774,0.6856772521062865,0.19810123813273833,0.17469289874223065,-0.04006126651645181,0.004216873580006442,-0.17393432193021102,COMPAS,corrupt_10,107,0.9774577131092882,True,1
Oracle (clean audit labels),Logistic regression,2268,0.7271685329438493,0.6740116655865198,0.3718554490965568,0.37248568492145057,0.017429982621686158,0.005358785026506441,-0.058948759359859104,COMPAS,corrupt_10,107,0.9774577131092882,True,1
Oracle (clean audit labels),Random forest,2268,0.7226828748782863,0.6759559300064809,0.33750138822983033,0.3334556844320462,0.002410911743137234,0.0037257924916153096,-0.015171536240395467,COMPAS,corrupt_10,107,0.9774577131092882,True,1
Baseline (audit labels),Logistic regression,2268,0.7374357267546511,0.6746597537265068,0.40343815993775745,0.3762371093851469,0.07790050079206856,0.0,0.0,COMPAS,corrupt_10,177,0.9932116566281995,True,0
Baseline (audit labels),Random forest,2268,0.7395286402260517,0.6928062216461439,0.31792201493417044,0.30567749867955074,0.056486554167138436,0.0,0.0,COMPAS,corrupt_10,177,0.9932116566281995,True,0
Audit-guided reweighting,Logistic regression,2268,0.7384715703388737,0.6824368114063513,0.40183157462201463,0.40343403382081716,0.047602642737748724,0.0010358435842225955,0.02719692443567029,COMPAS,corrupt_10,177,0.9932116566281995,True,0
Audit-guided reweighting,Random forest,2268,0.7373813874190852,0.6973428386260532,0.3052629983529974,0.2866110779194916,0.029973967075506924,-0.002147252806966482,-0.019066420760059155,COMPAS,corrupt_10,177,0.9932116566281995,True,0
Drop flagged block,Logistic regression,2268,0.6599240607785468,0.6020738820479585,0.6127792578720996,0.6034149847174238,0.07168025704145509,-0.07751166597610426,0.22717787533227696,COMPAS,corrupt_10,177,0.9932116566281995,True,0
Drop flagged block,Random forest,2268,0.6555964421320037,0.6163318211276734,0.41388601664516694,0.39884854737262465,0.05036406500591495,-0.08393219809404795,0.09317104869307391,COMPAS,corrupt_10,177,0.9932116566281995,True,0
Trusted reference only,Logistic regression,1389,0.738610814886261,0.6798444588464031,0.2386132844733802,0.23515252270739712,0.014493920742354338,0.001175088131609936,-0.14108458667774976,COMPAS,corrupt_10,177,0.9932116566281995,True,0
Trusted reference only,Random forest,1389,0.7349233815368522,0.6785482825664291,0.2788183346075991,0.2453957451229966,0.008633282334345571,-0.004605258689199476,-0.06028175355655413,COMPAS,corrupt_10,177,0.9932116566281995,True,0
Oracle (clean audit labels),Logistic regression,2268,0.7437238067421531,0.6837329876863253,0.2694347985705769,0.2596306205678365,0.017301034366230872,0.006288079987502027,-0.1166064888173104,COMPAS,corrupt_10,177,0.9932116566281995,True,0
Oracle (clean audit labels),Random forest,2268,0.7418788164892715,0.6908619572261827,0.2434044115418167,0.21677879661618654,0.004880102235708006,0.002350176263219761,-0.0888987020633642,COMPAS,corrupt_10,177,0.9932116566281995,True,0
Baseline (audit labels),Logistic regression,2268,0.7324207697859522,0.6772521062864549,0.38854927436818254,0.42610002504800865,0.01109971370660845,0.0,0.0,COMPAS,corrupt_10,197,0.9963963666041648,True,0
Baseline (audit labels),Random forest,2268,0.7312610759654514,0.6720674011665586,0.3137315229525616,0.3256742089003924,0.005953268426190594,0.0,0.0,COMPAS,corrupt_10,197,0.9963963666041648,True,0
Audit-guided reweighting,Logistic regression,2268,0.7340336675465318,0.6720674011665586,0.3788366353279802,0.4292226767971946,-0.003455862610804661,0.0016128977605796013,0.0031226517491859673,COMPAS,corrupt_10,197,0.9963963666041648,True,0
Audit-guided reweighting,Random forest,2268,0.7329603789632049,0.6753078418664938,0.27899501002030963,0.32540703014110384,-0.00969547073078858,0.001699302997753449,-0.0002671787592885555,COMPAS,corrupt_10,197,0.9963963666041648,True,0
Drop flagged block,Logistic regression,2268,0.7337143070130556,0.6785482825664291,0.3910055952332916,0.4236369708608166,0.012033623106893487,0.0012935372271034584,-0.0024630541871920597,COMPAS,corrupt_10,197,0.9963963666041648,True,0
Drop flagged block,Random forest,2268,0.7304681808478556,0.6746597537265068,0.30629362869709076,0.3253569341237372,0.005752940394175177,-0.0007928951175958376,-0.00031727477665521864,COMPAS,corrupt_10,197,0.9963963666041648,True,0
Trusted reference only,Logistic regression,1389,0.7268688097424445,0.6662346079066753,0.2618696956246889,0.2748768472906403,-0.0316892830008475,-0.005551960043507664,-0.15122317775736832,COMPAS,corrupt_10,197,0.9963963666041648,True,0
Trusted reference only,Random forest,1389,0.725499879710356,0.6772521062864549,0.24770508009522663,0.252684311597228,-0.029025143051657154,-0.005761196255095413,-0.07298989730316441,COMPAS,corrupt_10,197,0.9963963666041648,True,0
Oracle (clean audit labels),Logistic regression,2268,0.7315448578718557,0.6727154893065457,0.2332395190251382,0.2730733906654421,-0.0440815826520185,-0.0008759119140964167,-0.15302663438256653,COMPAS,corrupt_10,197,0.9963963666041648,True,0
Oracle (clean audit labels),Random forest,2268,0.7363208650011351,0.6811406351263772,0.23252834604365896,0.27490189529932374,-0.040477922755322915,0.005059789035683715,-0.05077231360106865,COMPAS,corrupt_10,197,0.9963963666041648,True,0
Baseline (audit labels),Logistic regression,2268,0.6955543030861984,0.626053143227479,0.6292921825910183,0.6173482482782221,0.1453293980371621,0.0,0.0,COMPAS,corrupt_20,3,0.9468928128902421,True,1
Baseline (audit labels),Random forest,2268,0.7009991289644926,0.6435515230071289,0.46453856622032563,0.4465500278051076,0.1215441602886061,0.0,0.0,COMPAS,corrupt_20,3,0.9468928128902421,True,1
Audit-guided reweighting,Logistic regression,2268,0.7188741439087292,0.6714193130265717,0.3099628702474757,0.3278188589625951,0.024622255137382976,0.023319840822530802,-0.289529389315627,COMPAS,corrupt_20,3,0.9468928128902421,True,1
Audit-guided reweighting,Random forest,2268,0.7135249611449848,0.6733635774465327,0.32428890643638375,0.31865205735773017,0.02901382287525217,0.012525832180492191,-0.12789797044737744,COMPAS,corrupt_20,3,0.9468928128902421,True,1
Drop flagged block,Logistic regression,2268,0.7217126949155437,0.6636422553467272,0.2818702642764738,0.27772979975171375,0.0664202432597763,0.026158391829345318,-0.33961844852650835,COMPAS,corrupt_20,3,0.9468928128902421,True,1
Drop flagged block,Random forest,2268,0.7112423357414903,0.661049902786779,0.25070647334554197,0.2194814774833126,0.06613988200638127,0.010243206776997749,-0.22706855032179502,COMPAS,corrupt_20,3,0.9468928128902421,True,1
Trusted reference only,Logistic regression,1389,0.7211166333623679,0.6727154893065457,0.2477764150467902,0.25533005883305443,0.007171143757674525,0.025562330276169498,-0.36201818944516767,COMPAS,corrupt_20,3,0.9468928128902421,True,1
Trusted reference only,Random forest,1389,0.7091697836074533,0.6688269604666235,0.22446531476285675,0.23978517838829816,0.014833373123761817,0.00817065464296074,-0.20676484941680945,COMPAS,corrupt_20,3,0.9468928128902421,True,1
Oracle (clean audit labels),Logistic regression,2268,0.7096599545695206,0.6681788723266364,0.3969204146435712,0.4286086972166747,0.05184298508134805,0.014105651483322212,-0.18873955106154738,COMPAS,corrupt_20,3,0.9468928128902421,True,1
Oracle (clean audit labels),Random forest,2268,0.7120681115608615,0.6649384316267012,0.34370390282421326,0.37199762508770984,0.0373994699691082,0.011068982596368904,-0.07455240271739777,COMPAS,corrupt_20,3,0.9468928128902421,True,1
Baseline (audit labels),Logistic regression,2268,0.6962968661845412,0.6357744653272845,0.529645895778169,0.5128730918204603,0.1228796226116855,0.0,0.0,COMPAS,corrupt_20,19,0.9700429259870964,True,1
Baseline (audit labels),Random forest,2268,0.6998837427980372,0.6344782890473104,0.3610918829554161,0.33355370490824376,0.09637751714725284,0.0,0.0,COMPAS,corrupt_20,19,0.9700429259870964,True,1
Audit-guided reweighting,Logistic regression,2268,0.6993451984065924,0.6532728451069345,0.33821691151762795,0.34714057871952614,0.04535423341713085,0.003048332222051142,-0.16573251310093412,COMPAS,corrupt_20,19,0.9700429259870964,True,1
Audit-guided reweighting,Random forest,2268,0.7016985519139697,0.6539209332469216,0.31358116372531886,0.3349282296650718,0.04252130390158648,0.0018148091159324586,0.0013745247568280328,COMPAS,corrupt_20,19,0.9700429259870964,True,1
Drop flagged block,Logistic regression,2268,0.7028132533210238,0.6448476992871031,0.28343962956491353,0.2509455456823878,0.07206725011230053,0.006516387136482615,-0.26192754613807245,COMPAS,corrupt_20,19,0.9700429259870964,True,1
Drop flagged block,Random forest,2268,0.6967259920329624,0.6416072585871678,0.24807121063455156,0.2540897698792436,0.06992655036608642,-0.0031577507650748515,-0.07946393502900018,COMPAS,corrupt_20,19,0.9700429259870964,True,1
Trusted reference only,Logistic regression,1389,0.7010309278350515,0.6636422553467272,0.2782127447949569,0.2785600364547733,0.029939084139156358,0.004734061650510268,-0.23431305536568697,COMPAS,corrupt_20,19,0.9700429259870964,True,1
Trusted reference only,Random forest,1389,0.6981766425603939,0.6604018146467919,0.2563206494710951,0.24789245841877422,0.0161049998398205,-0.0017071002376433109,-0.08566124648946954,COMPAS,corrupt_20,19,0.9700429259870964,True,1
Oracle (clean audit labels),Logistic regression,2268,0.7026568189977944,0.6558651976668827,0.30145398459656714,0.3328776486671224,0.023956152027050814,0.006359952813253189,-0.17999544315333788,COMPAS,corrupt_20,19,0.9700429259870964,True,1
Oracle (clean audit labels),Random forest,2268,0.7024140466054605,0.661049902786779,0.24426907619726074,0.2562314878104352,0.01734609515448582,0.002530303807423251,-0.07732221709780857,COMPAS,corrupt_20,19,0.9700429259870964,True,1
Baseline (audit labels),Logistic regression,2268,0.7298486251445744,0.6604018146467919,0.6189654592540276,0.5888297872340426,0.1078753381768911,0.0,0.0,COMPAS,corrupt_20,20,0.9542285672413369,True,1
Baseline (audit labels),Random forest,2268,0.7329885595476731,0.6817887232663642,0.4246813305081895,0.4036331793753541,0.08163967741993416,0.0,0.0,COMPAS,corrupt_20,20,0.9542285672413369,True,1
Audit-guided reweighting,Logistic regression,2268,0.7459951633308575,0.6824368114063513,0.2963996233141627,0.3444824092992909,-0.01851030395085096,0.016146538186283088,-0.24434737793475164,COMPAS,corrupt_20,20,0.9542285672413369,True,1
Audit-guided reweighting,Random forest,2268,0.7347463462118977,0.6876215165262476,0.289866478323748,0.3168128981301832,-0.00852152108107207,0.0017577866642246587,-0.08682028124517088,COMPAS,corrupt_20,20,0.9542285672413369,True,1
Drop flagged block,Logistic regression,2268,0.7499559069432997,0.6804925469863902,0.2884101839706723,0.2742741367764977,0.04018461796491901,0.02010728179872534,-0.31455565045754486,COMPAS,corrupt_20,20,0.9542285672413369,True,1
Drop flagged block,Random forest,2268,0.7333752217371987,0.679196370706416,0.22787475195910267,0.20143026390343566,0.04487358087212445,0.000386662189525655,-0.20220291547191843,COMPAS,corrupt_20,20,0.9542285672413369,True,1
Trusted reference only,Logistic regression,1389,0.7458544047267757,0.6837329876863253,0.24899606497830695,0.30754107930839103,-0.029521980288503724,0.016005779582201285,-0.2812887079256515,COMPAS,corrupt_20,20,0.9542285672413369,True,1
Trusted reference only,Random forest,1389,0.747928474278485,0.6889176928062216,0.2655786499848653,0.3109665012619976,-0.028737967231646844,0.01493991473081191,-0.0926666781133565,COMPAS,corrupt_20,20,0.9542285672413369,True,1
Oracle (clean audit labels),Logistic regression,2268,0.7469482517103019,0.6934543097861309,0.3836662967073622,0.42680414141240713,0.009443827546368855,0.0170996265657275,-0.16202564582163542,COMPAS,corrupt_20,20,0.9542285672413369,True,1
Oracle (clean audit labels),Random forest,2268,0.7365176999704917,0.6837329876863253,0.33247570040022867,0.3370477842070019,0.0031265785509881905,0.0035291404228185996,-0.06658539516835221,COMPAS,corrupt_20,20,0.9542285672413369,True,1
Baseline (audit labels),Logistic regression,2268,0.7173069116005277,0.6571613739468568,0.49452788978494633,0.46868598185542876,0.11010783348266862,0.0,0.0,COMPAS,corrupt_20,38,0.9591614133328636,True,1
Baseline (audit labels),Random forest,2268,0.7135525559051388,0.6707712248865846,0.3767439516129032,0.34323317433237005,0.08098796838686118,0.0,0.0,COMPAS,corrupt_20,38,0.9591614133328636,True,1
Audit-guided reweighting,Logistic regression,2268,0.7301371832605974,0.6655865197666883,0.25301411290322584,0.2362208565018047,-0.008498648908189188,0.01283027166006967,-0.23246512535362407,COMPAS,corrupt_20,38,0.9591614133328636,True,1
Audit-guided reweighting,Random forest,2268,0.7175589498968165,0.6681788723266364,0.21417506720430107,0.1852014437615842,-0.009045652987367259,0.004006393991677681,-0.15803173057078584,COMPAS,corrupt_20,38,0.9591614133328636,True,1
Drop flagged block,Logistic regression,2268,0.7308890693189891,0.6707712248865846,0.23915826612903224,0.20500438981562774,0.04493620870663606,0.013582157718461385,-0.263681592039801,COMPAS,corrupt_20,38,0.9591614133328636,True,1
Drop flagged block,Random forest,2268,0.7161744307994182,0.6727154893065457,0.2200268817204301,0.18310408740610673,0.037376195552934144,0.0026218748942794523,-0.16012908692626332,COMPAS,corrupt_20,38,0.9591614133328636,True,1
Trusted reference only,Logistic regression,1389,0.7347009371088331,0.6714193130265717,0.20302083333333334,0.20983318700614578,-0.0248609091248021,0.017394025508305377,-0.258852794849283,COMPAS,corrupt_20,38,0.9591614133328636,True,1
Trusted reference only,Random forest,1389,0.7243098548665381,0.6668826960466624,0.15738911290322583,0.1330849668651277,-0.03360945880852351,0.01075729896139932,-0.21014820746724236,COMPAS,corrupt_20,38,0.9591614133328636,True,1
Oracle (clean audit labels),Logistic regression,2268,0.7320672214892249,0.6740116655865198,0.3267506720430107,0.31226221832016393,0.022353611084821035,0.014760309888697143,-0.15642376353526483,COMPAS,corrupt_20,38,0.9591614133328636,True,1
Oracle (clean audit labels),Random forest,2268,0.7219028045603708,0.6785482825664291,0.2760752688172043,0.24348844015218024,0.003990793353002453,0.00835024865523204,-0.09974473418018981,COMPAS,corrupt_20,38,0.9591614133328636,True,1
Baseline (audit labels),Logistic regression,2268,0.7198488077771491,0.6500324044069994,0.48712273236056347,0.4630847219433848,0.1125060952088911,0.0,0.0,COMPAS,corrupt_20,45,0.9603366199013186,True,1
Baseline (audit labels),Random forest,2268,0.7202189949207274,0.6526247569669476,0.36122231521910847,0.3681155055879007,0.08171839684579851,0.0,0.0,COMPAS,corrupt_20,45,0.9603366199013186,True,1
Audit-guided reweighting,Logistic regression,2268,0.7304783461698761,0.6830848995463383,0.2834091313978777,0.3246837984340494,0.007533755378043239,0.010629538392726956,-0.13840092350933542,COMPAS,corrupt_20,45,0.9603366199013186,True,1
Audit-guided reweighting,Random forest,2268,0.7264147586921974,0.6746597537265068,0.2586512314244322,0.28556012848825535,0.003139180509091233,0.00619576377147002,-0.08255537709964533,COMPAS,corrupt_20,45,0.9603366199013186,True,1
Drop flagged block,Logistic regression,2268,0.7330010402512868,0.6565132858068697,0.23865634065095576,0.2514555310178679,0.05889734024268267,0.01315223247413766,-0.2116291909255169,COMPAS,corrupt_20,45,0.9603366199013186,True,1
Drop flagged block,Random forest,2268,0.7298294597809034,0.6655865197666883,0.23616055072083791,0.22852673492605224,0.05628073896214225,0.009610464860176027,-0.13958877066184844,COMPAS,corrupt_20,45,0.9603366199013186,True,1
Trusted reference only,Logistic regression,1389,0.7283131325795182,0.6895657809462087,0.28785449460674084,0.3552164893261059,-0.005313388948550157,0.008464324802369139,-0.1078682326172789,COMPAS,corrupt_20,45,0.9603366199013186,True,1
Trusted reference only,Random forest,1389,0.725417710024024,0.6746597537265068,0.2866410533073838,0.33597671150371416,-0.004820138243537775,0.005198715103296614,-0.03213879408418652,COMPAS,corrupt_20,45,0.9603366199013186,True,1
Oracle (clean audit labels),Logistic regression,2268,0.7280894954950682,0.6759559300064809,0.2760730216032887,0.31891186508733194,0.013825791955015099,0.008240687717919082,-0.14417285685605286,COMPAS,corrupt_20,45,0.9603366199013186,True,1
Oracle (clean audit labels),Random forest,2268,0.7323089512437271,0.677900194426442,0.25434704421161614,0.2890651141002476,-0.0017231561136029638,0.012089956322999695,-0.07905039148765308,COMPAS,corrupt_20,45,0.9603366199013186,True,1
Baseline (audit labels),Logistic regression,2268,0.7106354432435724,0.6480881399870383,0.5971667674934462,0.5900244299674267,0.11741588672658176,0.0,0.0,COMPAS,corrupt_20,51,0.9674203501031403,True,1
Baseline (audit labels),Random forest,2268,0.7137671473914309,0.6591056383668179,0.430251394770451,0.4173045602605863,0.0875400735453945,0.0,0.0,COMPAS,corrupt_20,51,0.9674203501031403,True,1
Audit-guided reweighting,Logistic regression,2268,0.7309043874312243,0.6714193130265717,0.30129898501041874,0.30654723127035827,0.018708061326180303,0.020268944187651905,-0.2834771986970684,COMPAS,corrupt_20,51,0.9674203501031403,True,1
Audit-guided reweighting,Random forest,2268,0.7210160865710631,0.6804925469863902,0.2420481279827923,0.24723127035830617,0.01707850289565538,0.007248939179632208,-0.17007328990228016,COMPAS,corrupt_20,51,0.9674203501031403,True,1
Drop flagged block,Logistic regression,2268,0.732964273870996,0.6759559300064809,0.276688848558177,0.26276872964169384,0.05083681223889447,0.022328830627423635,-0.3272557003257328,COMPAS,corrupt_20,51,0.9674203501031403,True,1
Drop flagged block,Random forest,2268,0.7206286418115495,0.6675307841866494,0.2679034751630033,0.2450407166123778,0.05107207867523611,0.00686149442011863,-0.17226384364820851,COMPAS,corrupt_20,51,0.9674203501031403,True,1
Trusted reference only,Logistic regression,1389,0.7306827487260004,0.6694750486066104,0.25125865429858174,0.2517752442996743,0.00802804266202961,0.020047305482427946,-0.33824918566775236,COMPAS,corrupt_20,51,0.9674203501031403,True,1
Trusted reference only,Random forest,1389,0.7273150247355562,0.6817887232663642,0.2939453518854607,0.29328990228013024,0.008849468207718592,0.013547877344125325,-0.12401465798045608,COMPAS,corrupt_20,51,0.9674203501031403,True,1
Oracle (clean audit labels),Logistic regression,2268,0.73078426263679,0.6662346079066753,0.3513762855414398,0.3764657980456026,0.01965120191372316,0.020148819393217554,-0.21355863192182406,COMPAS,corrupt_20,51,0.9674203501031403,True,1
Oracle (clean audit labels),Random forest,2268,0.72458345458606,0.6753078418664938,0.29905390871815557,0.3376058631921824,0.00986578797386406,0.010816307194629116,-0.07969869706840393,COMPAS,corrupt_20,51,0.9674203501031403,True,1
Baseline (audit labels),Logistic regression,2268,0.703530631683476,0.6461438755670771,0.6192092960683416,0.6262713215367448,0.10860363026640718,0.0,0.0,COMPAS,corrupt_20,52,0.9743117010427351,True,1
Baseline (audit labels),Random forest,2268,0.7077847506974796,0.6629941672067401,0.37664547808831933,0.3882352941176471,0.07384927892526094,0.0,0.0,COMPAS,corrupt_20,52,0.9743117010427351,True,1
Audit-guided reweighting,Logistic regression,2268,0.7247269189977911,0.6882696046662347,0.31942286348501664,0.3313566076837239,0.018191785464764076,0.02119628731431511,-0.2949147138530209,COMPAS,corrupt_20,52,0.9743117010427351,True,1
Audit-guided reweighting,Random forest,2268,0.7119468294231692,0.6714193130265717,0.2201896882252043,0.22214251554280257,0.007872318406176193,0.004162078725689633,-0.16609277857484456,COMPAS,corrupt_20,52,0.9743117010427351,True,1
Drop flagged block,Logistic regression,2268,0.7281104551012273,0.677900194426442,0.22865839303131197,0.2478080663159573,0.036494383846958245,0.024579823417751334,-0.3784632552207875,COMPAS,corrupt_20,52,0.9743117010427351,True,1
Drop flagged block,Random forest,2268,0.7086536447954171,0.6604018146467919,0.19681666834829986,0.18517455762792923,0.0260632510202069,0.0008688940979375559,-0.2030607364897179,COMPAS,corrupt_20,52,0.9743117010427351,True,1
Trusted reference only,Logistic regression,1389,0.7222325427438476,0.6636422553467272,0.2412639155147479,0.2833572453371592,0.004822821552685874,0.018701911060371668,-0.3429140761995856,COMPAS,corrupt_20,52,0.9743117010427351,True,1
Trusted reference only,Random forest,1389,0.7192940087683151,0.6694750486066104,0.2195641206739986,0.2262872628726288,-0.007665334505357779,0.01150925807083547,-0.16194803124501833,COMPAS,corrupt_20,52,0.9743117010427351,True,1
Oracle (clean audit labels),Logistic regression,2268,0.7260391264110029,0.6830848995463383,0.29915245686610836,0.3406185238322972,-0.002897472380241184,0.022508494727526918,-0.2856527977044476,COMPAS,corrupt_20,52,0.9743117010427351,True,1
Oracle (clean audit labels),Random forest,2268,0.7186336830301352,0.6636422553467272,0.2283826051861568,0.2517934002869441,-0.02388626153383,0.010848932332655603,-0.13644189383070304,COMPAS,corrupt_20,52,0.9743117010427351,True,1
Baseline (audit labels),Logistic regression,2268,0.7156347302332704,0.6571613739468568,0.5177889784946237,0.5090861017621364,0.0922009300669101,0.0,0.0,COMPAS,corrupt_20,59,0.9871347595411193,True,0
Baseline (audit labels),Random forest,2268,0.7232598301941369,0.677900194426442,0.30503528225806453,0.2666009331225453,0.06982852645404347,0.0,0.0,COMPAS,corrupt_20,59,0.9871347595411193,True,0
Audit-guided reweighting,Logistic regression,2268,0.7162897929321287,0.6642903434867142,0.49770497311827955,0.49139338567359137,0.06318841482857418,0.0006550626988582886,-0.017692716088545057,COMPAS,corrupt_20,59,0.9871347595411193,True,0
Audit-guided reweighting,Random forest,2268,0.7200610824698416,0.6772521062864549,0.2849747983870968,0.27546376710901127,0.044075369552638355,-0.003198747724295292,0.008862833986465979,COMPAS,corrupt_20,59,0.9871347595411193,True,0
Drop flagged block,Logistic regression,2268,0.7162361968931311,0.6552171095268956,0.5113020833333334,0.5069984190899026,0.09174208136492834,0.0006014666598607166,-0.0020876826722338038,COMPAS,corrupt_20,59,0.9871347595411193,True,0
Drop flagged block,Random forest,2268,0.7245087029758562,0.677900194426442,0.3231350806451613,0.28913027911050393,0.07332757597665696,0.0012488727817193679,0.022529345987958638,COMPAS,corrupt_20,59,0.9871347595411193,True,0
Trusted reference only,Logistic regression,1389,0.7272029673489528,0.6785482825664291,0.22286290322580643,0.18813833113318967,0.013907924061215993,0.011568237115682445,-0.32094777062894675,COMPAS,corrupt_20,59,0.9871347595411193,True,0
Trusted reference only,Random forest,1389,0.7341440797645177,0.6830848995463383,0.22679267473118275,0.2001841172792329,0.003990422628759371,0.01088424957038081,-0.06641681584331238,COMPAS,corrupt_20,59,0.9871347595411193,True,0
Oracle (clean audit labels),Logistic regression,2268,0.7271519235022884,0.6733635774465327,0.25635248655913984,0.2267682206628222,0.003376539865919237,0.011517193269018011,-0.2823178810993142,COMPAS,corrupt_20,59,0.9871347595411193,True,0
Oracle (clean audit labels),Random forest,2268,0.724967246865057,0.6785482825664291,0.20961861559139783,0.17403425276175916,-0.002273795331990458,0.0017074166709201144,-0.09256668036078614,COMPAS,corrupt_20,59,0.9871347595411193,True,0
Baseline (audit labels),Logistic regression,2268,0.72081898039428,0.659753726506805,0.5503229405399592,0.537811520052814,0.09535140387959451,0.0,0.0,COMPAS,corrupt_20,61,0.9605014732217921,True,1
Baseline (audit labels),Random forest,2268,0.7272845705623193,0.6649384316267012,0.3918468435166579,0.37227602905569,0.06536461701851948,0.0,0.0,COMPAS,corrupt_20,61,0.9605014732217921,True,1
Audit-guided reweighting,Logistic regression,2268,0.7363539925421114,0.6902138690861958,0.27674424856676233,0.2997606865819442,-0.01927136615704772,0.015535012147831373,-0.23805083347086975,COMPAS,corrupt_20,61,0.9605014732217921,True,1
Audit-guided reweighting,Random forest,2268,0.728086530457557,0.6908619572261827,0.21509990657911543,0.22378280244264726,-0.024401023703763625,0.0008019598952376805,-0.14849322661304276,COMPAS,corrupt_20,61,0.9605014732217921,True,1
Drop flagged block,Logistic regression,2268,0.7361890324370783,0.6720674011665586,0.22468730887363986,0.2301122297408813,0.03106175502149111,0.015370052042798288,-0.30769929031193266,COMPAS,corrupt_20,61,0.9605014732217921,True,1
Drop flagged block,Random forest,2268,0.7165917719591508,0.6688269604666235,0.21821841668402903,0.17575433041534738,0.019953347256691734,-0.010692798603168518,-0.19652169864034263,COMPAS,corrupt_20,61,0.9605014732217921,True,1
Trusted reference only,Logistic regression,1389,0.7375180187191651,0.6869734283862605,0.20810342162391032,0.22936953292622542,-0.03605681176893716,0.016699038324885063,-0.30844198712658855,COMPAS,corrupt_20,61,0.9605014732217921,True,1
Trusted reference only,Random forest,1389,0.7258625298620087,0.6830848995463383,0.21877625362089942,0.21072784287836277,-0.045175744651486494,-0.0014220407003106006,-0.16154818617732725,COMPAS,corrupt_20,61,0.9605014732217921,True,1
Oracle (clean audit labels),Logistic regression,2268,0.7340513186657012,0.6837329876863253,0.2894804051374765,0.3385707212411289,-0.006639602605201134,0.013232338271421118,-0.19924079881168505,COMPAS,corrupt_20,61,0.9605014732217921,True,1
Oracle (clean audit labels),Random forest,2268,0.7313789649641655,0.6830848995463383,0.23055467810120378,0.23063211751114043,-0.02629697604459824,0.004094394401846224,-0.14164391154454958,COMPAS,corrupt_20,61,0.9605014732217921,True,1
Baseline (audit labels),Logistic regression,2268,0.7148864691483076,0.662346079066753,0.5124783117459549,0.5223013733795405,0.08571730375089293,0.0,0.0,COMPAS,corrupt_20,62,0.955788293467216,True,1
Baseline (audit labels),Random forest,2268,0.7263011732928167,0.6714193130265717,0.35935251314745326,0.3395745090489026,0.06086294812848858,0.0,0.0,COMPAS,corrupt_20,62,0.955788293467216,True,1
Audit-guided reweighting,Logistic regression,2268,0.7224158014687263,0.6681788723266364,0.24060007532044816,0.2820080862533693,-0.036806649809794645,0.007529332320418747,-0.2402932871261712,COMPAS,corrupt_20,62,0.955788293467216,True,1
Audit-guided reweighting,Random forest,2268,0.7287735291635012,0.6798444588464031,0.23839426219586007,0.26350917725580797,-0.0294032163749679,0.002472355870684506,-0.0760653317930946,COMPAS,corrupt_20,62,0.955788293467216,True,1
Drop flagged block,Logistic regression,2268,0.725063729214147,0.6662346079066753,0.22684232471183202,0.2392985496085226,0.02784893641870334,0.01017726006583941,-0.28300282377101793,COMPAS,corrupt_20,62,0.955788293467216,True,1
Drop flagged block,Random forest,2268,0.7204583438845278,0.6772521062864549,0.22668260501149984,0.2089109228597099,0.027852577396311196,-0.005842829408288952,-0.13066358618919266,COMPAS,corrupt_20,62,0.955788293467216,True,1
Trusted reference only,Logistic regression,1389,0.7207715033341775,0.6616979909267661,0.19262027734065015,0.23692401488897447,-0.05426730934383517,0.005885034185869942,-0.28537735849056606,COMPAS,corrupt_20,62,0.955788293467216,True,1
Trusted reference only,Random forest,1389,0.7163391575926394,0.6707712248865846,0.18017559079476525,0.17443203696572968,-0.05361411625858148,-0.009962015700177296,-0.1651424720831729,COMPAS,corrupt_20,62,0.955788293467216,True,1
Oracle (clean audit labels),Logistic regression,2268,0.7229408289018316,0.6753078418664938,0.31454357153425067,0.3603837761519702,0.00020679522322164523,0.008054359753524087,-0.16191759722757032,COMPAS,corrupt_20,62,0.955788293467216,True,1
Oracle (clean audit labels),Random forest,2268,0.728281421456909,0.6727154893065457,0.29254932816850265,0.30596200744448726,-0.01312629919642383,0.0019802481640922576,-0.03361250160441531,COMPAS,corrupt_20,62,0.955788293467216,True,1
Baseline (audit labels),Logistic regression,2268,0.7196272227501019,0.6480881399870383,0.5554223713586357,0.5278509512552066,0.10307199807720036,0.0,0.0,COMPAS,corrupt_20,63,0.9648502551273164,True,1
Baseline (audit labels),Random forest,2268,0.7224404438713181,0.6545690213869086,0.4405277456491917,0.4544502258169767,0.0769687081766699,0.0,0.0,COMPAS,corrupt_20,63,0.9648502551273164,True,1
Audit-guided reweighting,Logistic regression,2268,0.7354460771005837,0.6817887232663642,0.2678722731796541,0.2956742740370581,0.004352389375577248,0.015818854350481804,-0.23217667721814855,COMPAS,corrupt_20,63,0.9648502551273164,True,1
Audit-guided reweighting,Random forest,2268,0.7307087348988732,0.6811406351263772,0.28489724829867924,0.3421170126903989,0.005699421619877798,0.008268291027555108,-0.11233321312657779,COMPAS,corrupt_20,63,0.9648502551273164,True,1
Drop flagged block,Logistic regression,2268,0.7368170557893308,0.6746597537265068,0.23653737525889668,0.23079697078975836,0.03802550019587447,0.01718983303922883,-0.2970539804654483,COMPAS,corrupt_20,63,0.9648502551273164,True,1
Drop flagged block,Random forest,2268,0.7191300732998507,0.6578094620868438,0.2506590096027113,0.240653924750571,0.03803528016396396,-0.003310370571467436,-0.21379630106640568,COMPAS,corrupt_20,63,0.9648502551273164,True,1
Trusted reference only,Logistic regression,1389,0.729716132754174,0.6753078418664938,0.26255312424348387,0.2884103515188982,-0.012289044192022036,0.010088910004072082,-0.23944059973630843,COMPAS,corrupt_20,63,0.9648502551273164,True,1
Trusted reference only,Random forest,1389,0.7249058300529388,0.6740116655865198,0.22682707050057832,0.22242542888053163,-0.013100589682193853,0.0024653861816207323,-0.23202479693644507,COMPAS,corrupt_20,63,0.9648502551273164,True,1
Oracle (clean audit labels),Logistic regression,2268,0.7297110424867652,0.6798444588464031,0.31323466121526755,0.3529270344993388,0.013139682214742376,0.01008381973666328,-0.17492391675586783,COMPAS,corrupt_20,63,0.9648502551273164,True,1
Oracle (clean audit labels),Random forest,2268,0.7338392493552328,0.6804925469863902,0.3196213384619523,0.3577696495114454,0.005285910672444327,0.011398805483914698,-0.09668057630553129,COMPAS,corrupt_20,63,0.9648502551273164,True,1
Baseline (audit labels),Logistic regression,2268,0.7316060126582279,0.6694750486066104,0.5514712323044477,0.5285714285714286,0.07795513993825076,0.0,0.0,COMPAS,corrupt_20,66,0.9681277682297572,True,1
Baseline (audit labels),Random forest,2268,0.7270730214757113,0.6740116655865198,0.3615720994791562,0.319047619047619,0.0500191481350144,0.0,0.0,COMPAS,corrupt_20,66,0.9681277682297572,True,1
Audit-guided reweighting,Logistic regression,2268,0.7307489451476794,0.6882696046662347,0.2799080943044073,0.31179138321995464,-0.016605889925836004,-0.0008570675105484815,-0.21678004535147394,COMPAS,corrupt_20,66,0.9681277682297572,True,1
Audit-guided reweighting,Random forest,2268,0.723423300064914,0.679196370706416,0.2573932202704614,0.2705215419501134,-0.023767555667219775,-0.0036497214107973353,-0.048526077097505615,COMPAS,corrupt_20,66,0.9681277682297572,True,1
Drop flagged block,Logistic regression,2268,0.7356977915720004,0.677900194426442,0.27379508533619024,0.26545729402872265,0.026233673152727843,0.004091778913772548,-0.26311413454270594,COMPAS,corrupt_20,66,0.9681277682297572,True,1
Drop flagged block,Random forest,2268,0.7261204424970247,0.6727154893065457,0.24647268096460556,0.23129251700680264,0.016859993819453023,-0.0009525789786866135,-0.08775510204081638,COMPAS,corrupt_20,66,0.9681277682297572,True,1
Trusted reference only,Logistic regression,1389,0.7261643946770528,0.6733635774465327,0.2608801115805219,0.29569160997732424,-0.03233327015848719,-0.00544161798117504,-0.23287981859410434,COMPAS,corrupt_20,66,0.9681277682297572,True,1
Trusted reference only,Random forest,1389,0.7181346694796062,0.6785482825664291,0.2343561547842844,0.2302343159486016,-0.036865822556512606,-0.008938351996105043,-0.08881330309901742,COMPAS,corrupt_20,66,0.9681277682297572,True,1
Oracle (clean audit labels),Logistic regression,2268,0.7359708022287137,0.6882696046662347,0.34368956897306835,0.3739984882842025,-0.00622491613236853,0.004364789570485805,-0.15457294028722607,COMPAS,corrupt_20,66,0.9681277682297572,True,1
Oracle (clean audit labels),Random forest,2268,0.7272877109704641,0.6824368114063513,0.2556902023407653,0.26266061980347694,-0.02298180580569742,0.00021468949475278443,-0.05638699924414209,COMPAS,corrupt_20,66,0.9681277682297572,True,1
Baseline (audit labels),Logistic regression,2268,0.6975526770119236,0.6364225534672715,0.6143387978142076,0.6017706872370266,0.0998416147505915,0.0,0.0,COMPAS,corrupt_20,68,0.9695492074840756,True,0
Baseline (audit labels),Random forest,2268,0.702843936043831,0.662346079066753,0.3794081546868432,0.3532984371869365,0.06918051480184317,0.0,0.0,COMPAS,corrupt_20,68,0.9695492074840756,True,0
Audit-guided reweighting,Logistic regression,2268,0.6986683089846234,0.6370706416072586,0.5632316099201344,0.6133730454206998,0.03264959802303369,0.0011156319726998154,0.011602358183673167,COMPAS,corrupt_20,68,0.9695492074840756,True,0
Audit-guided reweighting,Random forest,2268,0.7027673730653125,0.659753726506805,0.32573854560739807,0.31599404318689506,0.010241513443041805,-7.656297851854621e-05,-0.03730439400004143,COMPAS,corrupt_20,68,0.9695492074840756,True,0
Drop flagged block,Logistic regression,2268,0.69758801377124,0.6364225534672715,0.6143387978142076,0.6017706872370266,0.09986902569402234,3.533675931643998e-05,0.0,COMPAS,corrupt_20,68,0.9695492074840756,True,0
Drop flagged block,Random forest,2268,0.7038417788188099,0.6539209332469216,0.3723076923076923,0.3689516129032258,0.07334492499886902,0.000997842774978941,0.015653175716289325,COMPAS,corrupt_20,68,0.9695492074840756,True,0
Trusted reference only,Logistic regression,1389,0.7257009298615807,0.6681788723266364,0.22417318200924757,0.24475800446760976,-0.03933176685553996,0.028148252849657163,-0.3570126827694169,COMPAS,corrupt_20,68,0.9695492074840756,True,0
Trusted reference only,Random forest,1389,0.7200024567461238,0.6688269604666235,0.26671878940731397,0.2726656738644825,-0.04280358414925067,0.017158520702292845,-0.080632763322454,COMPAS,corrupt_20,68,0.9695492074840756,True,0
Oracle (clean audit labels),Logistic regression,2268,0.7180816514718601,0.6552171095268956,0.31330474989491386,0.3269471332836932,-0.00849011651448106,0.02052897445993651,-0.27482355395333347,COMPAS,corrupt_20,68,0.9695492074840756,True,0
Oracle (clean audit labels),Random forest,2268,0.7072887955549723,0.6629941672067401,0.23540142917192092,0.21099776619508565,-0.020411658640791752,0.004444859511141264,-0.14230067099185084,COMPAS,corrupt_20,68,0.9695492074840756,True,0
Baseline (audit labels),Logistic regression,2268,0.727077497665733,0.6688269604666235,0.5440740253297832,0.5333520375955672,0.07843693036230692,0.0,0.0,COMPAS,corrupt_20,71,0.9746666341936296,True,1
Baseline (audit labels),Random forest,2268,0.7271581359816655,0.6817887232663642,0.33399475586421945,0.3153363260152907,0.04664251331064184,0.0,0.0,COMPAS,corrupt_20,71,0.9746666341936296,True,1
Audit-guided reweighting,Logistic regression,2268,0.7356115779645191,0.6915100453661698,0.2055286149609727,0.1954127796871712,-0.007058490953538943,0.008534080298786106,-0.33793925790839596,COMPAS,corrupt_20,71,0.9746666341936296,True,1
Audit-guided reweighting,Random forest,2268,0.7273941091588151,0.6817887232663642,0.1974008794219977,0.18797783544925295,-0.011334488592488312,0.00023597317714962873,-0.12735849056603776,COMPAS,corrupt_20,71,0.9746666341936296,True,1
Drop flagged block,Logistic regression,2268,0.7364612511671336,0.6876215165262476,0.20384299988863802,0.18566318299782558,0.02187694205264734,0.009383753501400527,-0.34768885459774157,COMPAS,corrupt_20,71,0.9746666341936296,True,1
Drop flagged block,Random forest,2268,0.7206790595025889,0.6714193130265717,0.19464551464409735,0.18774110963035695,0.01024768358614403,-0.006479076479076529,-0.12759521638493376,COMPAS,corrupt_20,71,0.9746666341936296,True,1
Trusted reference only,Logistic regression,1389,0.730226636108989,0.6740116655865198,0.1620215232290918,0.15859753103738516,-0.01700010689855691,0.0031491384432559277,-0.374754506558182,COMPAS,corrupt_20,71,0.9746666341936296,True,1
Trusted reference only,Random forest,1389,0.7275502928444104,0.6804925469863902,0.17513354998295821,0.16215718594374695,-0.020509781439603247,0.0003921568627449634,-0.15317914007154376,COMPAS,corrupt_20,71,0.9746666341936296,True,1
Oracle (clean audit labels),Logistic regression,2268,0.7359697818521348,0.6895657809462087,0.22650347078098476,0.2265115381917655,-0.012496959709812905,0.008892284186401755,-0.30684049940380165,COMPAS,corrupt_20,71,0.9746666341936296,True,1
Oracle (clean audit labels),Random forest,2268,0.730398947457771,0.6850291639662994,0.22042074572015752,0.21236059479553904,-0.0283470669890864,0.003240811476105554,-0.10297573121975168,COMPAS,corrupt_20,71,0.9746666341936296,True,1
Baseline (audit labels),Logistic regression,2268,0.7277852634564925,0.6642903434867142,0.5733231035329827,0.5550745903643923,0.07953986201877983,0.0,0.0,COMPAS,corrupt_20,76,0.9636741974728296,True,1
Baseline (audit labels),Random forest,2268,0.7284108523205042,0.6714193130265717,0.3916347826672185,0.40224993886035704,0.05116558654791481,0.0,0.0,COMPAS,corrupt_20,76,0.9636741974728296,True,1
Audit-guided reweighting,Logistic regression,2268,0.7409656863241715,0.6921581335061568,0.286338505439629,0.31980924431401314,-0.022253405840720775,0.013180422867678954,-0.2352653460503792,COMPAS,corrupt_20,76,0.9636741974728296,True,1
Audit-guided reweighting,Random forest,2268,0.7373565198010272,0.6798444588464031,0.22628722183523964,0.2482269503546099,-0.02515774619076605,0.008945667480523056,-0.15402298850574714,COMPAS,corrupt_20,76,0.9636741974728296,True,1
Drop flagged block,Logistic regression,2268,0.7389707248050628,0.6850291639662994,0.2806532265934428,0.277671802396674,0.01968316093847533,0.011185461348570236,-0.27740278796771833,COMPAS,corrupt_20,76,0.9636741974728296,True,1
Drop flagged block,Random forest,2268,0.7390407975118278,0.6785482825664291,0.23830555471428905,0.24817803864025434,0.015549971915085115,0.010629945191323653,-0.1540719002201027,COMPAS,corrupt_20,76,0.9636741974728296,True,1
Trusted reference only,Logistic regression,1389,0.7377507843077662,0.6889176928062216,0.21140521787119199,0.2306921007581315,-0.03664170390694721,0.009965520851273668,-0.3243824896062608,COMPAS,corrupt_20,76,0.9636741974728296,True,1
Trusted reference only,Random forest,1389,0.7377035063369366,0.6876215165262476,0.26532871646291195,0.27141110295915877,-0.042993010902058204,0.009292654016432422,-0.13083883590119827,COMPAS,corrupt_20,76,0.9636741974728296,True,1
Oracle (clean audit labels),Logistic regression,2268,0.7367967823963852,0.6837329876863253,0.2910765182336096,0.33208608461726585,-0.019965173458394103,0.009011518939892715,-0.22298850574712648,COMPAS,corrupt_20,76,0.9636741974728296,True,1
Oracle (clean audit labels),Random forest,2268,0.7372906683416576,0.6720674011665586,0.24824764193006724,0.26529713866471016,-0.03083941145981861,0.008879816021153397,-0.13695280019564687,COMPAS,corrupt_20,76,0.9636741974728296,True,1
Baseline (audit labels),Logistic regression,2268,0.7237703667282684,0.6642903434867142,0.553849138076443,0.5746606334841629,0.09162187614921835,0.0,0.0,COMPAS,corrupt_20,77,0.9691121814638897,True,1
Baseline (audit labels),Random forest,2268,0.734341567623472,0.6811406351263772,0.36141753533717913,0.38030596854126264,0.057829258725288546,0.0,0.0,COMPAS,corrupt_20,77,0.9691121814638897,True,1
Audit-guided reweighting,Logistic regression,2268,0.7271612892287347,0.6727154893065457,0.2872212664035354,0.3118552036199094,0.011767950137288374,0.0033909225004662424,-0.2628054298642534,COMPAS,corrupt_20,77,0.9691121814638897,True,1
Audit-guided reweighting,Random forest,2268,0.7281293976026179,0.6811406351263772,0.2669500387949938,0.30319327731092444,0.0031245594850422,-0.006212170020854169,-0.0771126912303382,COMPAS,corrupt_20,77,0.9691121814638897,True,1
Drop flagged block,Logistic regression,2268,0.7401781929773994,0.6934543097861309,0.2362530782984178,0.19485455720749834,0.030528288327907105,0.016407826249130952,-0.3798060762766645,COMPAS,corrupt_20,77,0.9691121814638897,True,1
Drop flagged block,Random forest,2268,0.7304225089435581,0.6759559300064809,0.18833451405053464,0.18517560870502048,0.024339758902112707,-0.003919058679913934,-0.19513035983624216,COMPAS,corrupt_20,77,0.9691121814638897,True,1
Trusted reference only,Logistic regression,1389,0.7234304267475966,0.6688269604666235,0.23076611678979864,0.2524714501185089,0.0013217346877466563,-0.00033993998067183284,-0.32218918336565394,COMPAS,corrupt_20,77,0.9691121814638897,True,1
Trusted reference only,Random forest,1389,0.7236559230938776,0.6759559300064809,0.23246128934318394,0.23701788407670765,0.00018420745935920912,-0.010685644529594418,-0.143288084464555,COMPAS,corrupt_20,77,0.9691121814638897,True,1
Oracle (clean audit labels),Logistic regression,2268,0.7391702412641359,0.6824368114063513,0.2707435144890868,0.2964533505709976,-0.005342364072194794,0.015399874535867442,-0.27820728291316527,COMPAS,corrupt_20,77,0.9691121814638897,True,1
Oracle (clean audit labels),Random forest,2268,0.7335090961496075,0.6727154893065457,0.2150170360624768,0.2527644904115492,-0.02131772335631754,-0.00083247147386456,-0.12754147812971345,COMPAS,corrupt_20,77,0.9691121814638897,True,1
Baseline (audit labels),Logistic regression,2268,0.6912128017967434,0.6325340246273493,0.4546466164402443,0.4333925691008011,0.12082716394420268,0.0,0.0,COMPAS,corrupt_20,80,0.9727411988233742,True,1
Baseline (audit labels),Random forest,2268,0.7062877511782623,0.6526247569669476,0.35063186452985845,0.3246812147853542,0.09391320732354014,0.0,0.0,COMPAS,corrupt_20,80,0.9727411988233742,True,1
Audit-guided reweighting,Logistic regression,2268,0.7016597757473669,0.6642903434867142,0.2991649100866355,0.31964868212186226,0.03695620349778672,0.01044697395062355,-0.11374388697893884,COMPAS,corrupt_20,80,0.9727411988233742,True,1
Audit-guided reweighting,Random forest,2268,0.7084298912766065,0.6616979909267661,0.29091318628489204,0.2870811310551747,0.03352348588271581,0.0021421400983442362,-0.037600083730179534,COMPAS,corrupt_20,80,0.9727411988233742,True,1
Drop flagged block,Logistic regression,2268,0.7034777874193932,0.6493843162670123,0.24461679660316088,0.24669876323547368,0.06831191470790177,0.012264985622649771,-0.1866938058653274,COMPAS,corrupt_20,80,0.9727411988233742,True,1
Drop flagged block,Random forest,2268,0.6986779643713951,0.6493843162670123,0.22657865276194888,0.21772463237218065,0.06428417796293218,-0.0076097868068671914,-0.10695658241317357,COMPAS,corrupt_20,80,0.9727411988233742,True,1
Trusted reference only,Logistic regression,1389,0.6992317901077025,0.6636422553467272,0.26359122281503294,0.2827463498874876,0.025186673696166673,0.008018988310959152,-0.1506462192133135,COMPAS,corrupt_20,80,0.9727411988233742,True,1
Trusted reference only,Random forest,1389,0.6934689398193048,0.6500324044069994,0.26308862240421177,0.2815776161320146,0.013239850977060819,-0.01281881135895746,-0.043103598653339625,COMPAS,corrupt_20,80,0.9727411988233742,True,1
Oracle (clean audit labels),Logistic regression,2268,0.7006950470454121,0.6584575502268308,0.25628082419743625,0.2821619830097511,0.02697314880055346,0.009482245248668697,-0.15123058609105,COMPAS,corrupt_20,80,0.9727411988233742,True,1
Oracle (clean audit labels),Random forest,2268,0.708954792166471,0.6629941672067401,0.2780035837594511,0.2870811310551747,0.01650581595890266,0.002667040988208691,-0.037600083730179534,COMPAS,corrupt_20,80,0.9727411988233742,True,1
Baseline (audit labels),Logistic regression,2268,0.7156171790149691,0.6539209332469216,0.4971008500811762,0.4959669501975292,0.08481948844577814,0.0,0.0,COMPAS,corrupt_20,81,0.9630727263058643,True,1
Baseline (audit labels),Random forest,2268,0.7245832743070312,0.6772521062864549,0.39562219958924505,0.36173354382161904,0.057601917453994456,0.0,0.0,COMPAS,corrupt_20,81,0.9630727263058643,True,1
Audit-guided reweighting,Logistic regression,2268,0.721743265942161,0.6727154893065457,0.25664283481400063,0.3068416546892549,-0.02132581902374031,0.006126086927191854,-0.18912529550827428,COMPAS,corrupt_20,81,0.9630727263058643,True,1
Audit-guided reweighting,Random forest,2268,0.727822975060544,0.6701231367465975,0.25365965156419645,0.26416279855171493,-0.0193843189065096,0.0032397007535128752,-0.09757074526990411,COMPAS,corrupt_20,81,0.9630727263058643,True,1
Drop flagged block,Logistic regression,2268,0.7245858040056936,0.6740116655865198,0.2496630263427686,0.24902806248674636,0.031493979254664795,0.008968624990724483,-0.24693888771078282,COMPAS,corrupt_20,81,0.9630727263058643,True,1
Drop flagged block,Random forest,2268,0.7220274354252254,0.6694750486066104,0.23757903334778713,0.22104411614555108,0.02850014920000654,-0.002555838881805772,-0.14068942767606796,COMPAS,corrupt_20,81,0.9630727263058643,True,1
Trusted reference only,Logistic regression,1389,0.7256971849513286,0.6733635774465327,0.220965643812962,0.26013367576949964,-0.03409534031107897,0.010080005936359493,-0.23583327442802954,COMPAS,corrupt_20,81,0.9630727263058643,True,1
Trusted reference only,Random forest,1389,0.7277437111691255,0.6720674011665586,0.2636865086167778,0.2955318363532119,-0.03922453644206053,0.003160436862094329,-0.06620170746840714,COMPAS,corrupt_20,81,0.9630727263058643,True,1
Oracle (clean audit labels),Logistic regression,2268,0.7252426824250028,0.6798444588464031,0.29358724844622375,0.32901361105220583,-0.004617675510890651,0.009625503410033653,-0.16695333914532334,COMPAS,corrupt_20,81,0.9630727263058643,True,1
Oracle (clean audit labels),Random forest,2268,0.7295389539864678,0.6798444588464031,0.2443151451591759,0.2607777070914132,-0.018256864397325212,0.004955679679436664,-0.10095583673020586,COMPAS,corrupt_20,81,0.9630727263058643,True,1
Baseline (audit labels),Logistic regression,2268,0.6887086903304773,0.6234607906675308,0.6215868342961611,0.6125206839492554,0.13302403870825907,0.0,0.0,COMPAS,corrupt_20,82,0.9654284557993692,True,1
Baseline (audit labels),Random forest,2268,0.6968040255677953,0.6409591704471809,0.4623724211170146,0.461803640375069,0.10718901025486383,0.0,0.0,COMPAS,corrupt_20,82,0.9654284557993692,True,1
Audit-guided reweighting,Logistic regression,2268,0.70562525499796,0.662346079066753,0.294702598794869,0.3494897959183674,0.029106774074991515,0.016916564667482703,-0.26303088803088803,COMPAS,corrupt_20,82,0.9654284557993692,True,1
Audit-guided reweighting,Random forest,2268,0.7042584659322725,0.6604018146467919,0.2618303473909551,0.2877826806398235,0.030509660577304643,0.007454440364477177,-0.1740209597352455,COMPAS,corrupt_20,82,0.9654284557993692,True,1
Drop flagged block,Logistic regression,2268,0.709672922616619,0.6422553467271549,0.24182940640742573,0.2755102040816326,0.06027736382468196,0.020964232286141637,-0.3370104798676228,COMPAS,corrupt_20,82,0.9654284557993692,True,1
Drop flagged block,Random forest,2268,0.6996226030191758,0.6519766688269605,0.20665174535641434,0.1782266960838389,0.05973588666936003,0.0028185774513804773,-0.2835769442912301,COMPAS,corrupt_20,82,0.9654284557993692,True,1
Trusted reference only,Logistic regression,1389,0.7101523187814497,0.6571613739468568,0.2037330160874577,0.24448428019856588,0.018165070013201667,0.021443628450972363,-0.3680364037506895,COMPAS,corrupt_20,82,0.9654284557993692,True,1
Trusted reference only,Random forest,1389,0.7134723922208623,0.659753726506805,0.2705697319205137,0.29550468836183125,0.02404237427014244,0.016668366653067035,-0.16629895201323774,COMPAS,corrupt_20,82,0.9654284557993692,True,1
Oracle (clean audit labels),Logistic regression,2268,0.7041853665170679,0.6591056383668179,0.35868779846821325,0.4306398234969664,0.03612276410800763,0.015476676186590543,-0.18188086045228902,COMPAS,corrupt_20,82,0.9654284557993692,True,1
Oracle (clean audit labels),Random forest,2268,0.705390656874745,0.6655865197666883,0.26550858479437833,0.31798124655267507,0.021912988336613703,0.008586631306949699,-0.14382239382239392,COMPAS,corrupt_20,82,0.9654284557993692,True,1
Baseline (audit labels),Logistic regression,2268,0.7148953342606426,0.6565132858068697,0.5588148237842492,0.5903181910304294,0.11285920975640473,0.0,0.0,COMPAS,corrupt_20,85,0.9729787051064936,True,1
Baseline (audit labels),Random forest,2268,0.7143913245067229,0.6720674011665586,0.3422786623882465,0.34464421861277594,0.09941678568096002,0.0,0.0,COMPAS,corrupt_20,85,0.9729787051064936,True,1
Audit-guided reweighting,Logistic regression,2268,0.7245341988219738,0.6746597537265068,0.30558078208983336,0.35159288533734817,0.02213290305895743,0.009638864561331228,-0.2387253056930812,COMPAS,corrupt_20,85,0.9729787051064936,True,1
Audit-guided reweighting,Random forest,2268,0.7165103978843611,0.679196370706416,0.2155590536349754,0.23895692791723372,0.03128377626354506,0.00211907337763817,-0.10568729069554222,COMPAS,corrupt_20,85,0.9729787051064936,True,1
Drop flagged block,Logistic regression,2268,0.7236961860113682,0.6636422553467272,0.25378229837272037,0.28408465792292775,0.05501980639751747,0.008800851750725647,-0.3062335331075016,COMPAS,corrupt_20,85,0.9729787051064936,True,1
Drop flagged block,Random forest,2268,0.7069445159960847,0.6558651976668827,0.22091212420872774,0.23296370286729018,0.06423542433501739,-0.007446808510638281,-0.11168051574548576,COMPAS,corrupt_20,85,0.9729787051064936,True,1
Trusted reference only,Logistic regression,1389,0.7163069050194907,0.6649384316267012,0.2310464639126018,0.2645704855380874,0.014424615658417572,0.001411570758848124,-0.325747705492342,COMPAS,corrupt_20,85,0.9729787051064936,True,1
Trusted reference only,Random forest,1389,0.7211211855820583,0.6733635774465327,0.23881119116331329,0.29270293484659854,0.009375470189057378,0.006729861075335353,-0.051941283766177404,COMPAS,corrupt_20,85,0.9729787051064936,True,1
Oracle (clean audit labels),Logistic regression,2268,0.7234317311490049,0.6766040181464679,0.31536363208276996,0.3657121900846386,0.0162306433374817,0.008536396888362385,-0.22460600094579075,COMPAS,corrupt_20,85,0.9729787051064936,True,1
Oracle (clean audit labels),Random forest,2268,0.7187814469458897,0.6785482825664291,0.2058182478658352,0.2229556925987049,0.012917790246307459,0.00439012243916681,-0.12168852601407104,COMPAS,corrupt_20,85,0.9729787051064936,True,1
Baseline (audit labels),Logistic regression,2268,0.7217766977183745,0.6629941672067401,0.5867111666801108,0.6026352288488211,0.0791584671786526,0.0,0.0,COMPAS,corrupt_20,87,0.9934253339967956,True,1
Baseline (audit labels),Random forest,2268,0.7259526461455381,0.6714193130265717,0.4371706192358366,0.4282877316857899,0.05722621581855836,0.0,0.0,COMPAS,corrupt_20,87,0.9934253339967956,True,1
Audit-guided reweighting,Logistic regression,2268,0.7228111921155664,0.6727154893065457,0.5558737328923664,0.6262766359853738,0.05161375046555672,0.001034494397191943,0.023641407136552606,COMPAS,corrupt_20,87,0.9934253339967956,True,1
Audit-guided reweighting,Random forest,2268,0.7269601390576481,0.6727154893065457,0.42596999274017905,0.4592737359727651,0.03252559007185096,0.0010074929121099974,0.030986004286975233,COMPAS,corrupt_20,87,0.9934253339967956,True,1
Drop flagged block,Logistic regression,2268,0.7217851356824625,0.6642903434867142,0.5867111666801108,0.5993884756020679,0.07912119310570187,8.437964088003902e-06,-0.0032467532467532756,COMPAS,corrupt_20,87,0.9934253339967956,True,1
Drop flagged block,Random forest,2268,0.7274664169029297,0.6727154893065457,0.44210460864187573,0.4225822720968352,0.05976010059678938,0.0015137707573915637,-0.005705459588954687,COMPAS,corrupt_20,87,0.9934253339967956,True,1
Trusted reference only,Logistic regression,1389,0.7400955177534764,0.6753078418664938,0.19573619961818722,0.19994326062287232,-0.019783899891103407,0.01831882003510188,-0.4026919682259488,COMPAS,corrupt_20,87,0.9934253339967956,True,1
Trusted reference only,Random forest,1389,0.7419594640205212,0.6811406351263772,0.217713963055578,0.22018030513176146,-0.022964683383026152,0.016006817874983037,-0.20810742655402842,COMPAS,corrupt_20,87,0.9934253339967956,True,1
Oracle (clean audit labels),Logistic regression,2268,0.7392466585662213,0.6817887232663642,0.37072981366459623,0.41161265918547474,0.0039454235194078535,0.0174699608478468,-0.1910225696633464,COMPAS,corrupt_20,87,0.9934253339967956,True,1
Oracle (clean audit labels),Random forest,2268,0.7439314162278926,0.6902138690861958,0.2983080584012261,0.3328394906064809,-0.006562357233911742,0.01797877008235449,-0.09544824107930899,COMPAS,corrupt_20,87,0.9934253339967956,True,1
Baseline (audit labels),Logistic regression,2268,0.7063160263394761,0.6552171095268956,0.5661676244245051,0.5505537459283387,0.09212003933959145,0.0,0.0,COMPAS,corrupt_20,94,0.9681484464216826,True,1
Baseline (audit labels),Random forest,2268,0.6982938895393299,0.6467919637070642,0.4561935006889135,0.4379071661237785,0.07779806010471335,0.0,0.0,COMPAS,corrupt_20,94,0.9681484464216826,True,1
Audit-guided reweighting,Logistic regression,2268,0.7227511284963082,0.6837329876863253,0.2608260241287764,0.2751058631921824,-0.0029006040560801694,0.016435102156832082,-0.27544788273615634,COMPAS,corrupt_20,94,0.9681484464216826,True,1
Audit-guided reweighting,Random forest,2268,0.7070875320614769,0.6707712248865846,0.2637900325973721,0.2538192182410423,0.0057943289055431,0.008793642522146983,-0.1840879478827362,COMPAS,corrupt_20,94,0.9681484464216826,True,1
Drop flagged block,Logistic regression,2268,0.7236452968605132,0.6759559300064809,0.2445340592129583,0.23837133550488598,0.03057285724628711,0.017329270521037055,-0.31218241042345274,COMPAS,corrupt_20,94,0.9681484464216826,True,1
Drop flagged block,Random forest,2268,0.7021446505552811,0.661049902786779,0.2564152972409853,0.26867263843648215,0.03819669044315599,0.003850761015951165,-0.16923452768729635,COMPAS,corrupt_20,94,0.9681484464216826,True,1
Trusted reference only,Logistic regression,1389,0.7223146186799132,0.6889176928062216,0.20960110226165268,0.20768729641693817,-0.01421136675047241,0.0159985923404371,-0.34286644951140055,COMPAS,corrupt_20,94,0.9681484464216826,True,1
Trusted reference only,Random forest,1389,0.7187760129396399,0.6701231367465975,0.2526514769634036,0.24124592833876224,-0.013335045862990835,0.02048212340030997,-0.19666123778501626,COMPAS,corrupt_20,94,0.9681484464216826,True,1
Oracle (clean audit labels),Logistic regression,2268,0.7205990335875694,0.6817887232663642,0.3371811674563968,0.38100977198697067,0.007138659846142481,0.014283007248093282,-0.16954397394136805,COMPAS,corrupt_20,94,0.9681484464216826,True,1
Oracle (clean audit labels),Random forest,2268,0.7110744909077373,0.6662346079066753,0.2723359209597742,0.29093648208469053,0.001814474473752159,0.012780601368407418,-0.14697068403908797,COMPAS,corrupt_20,94,0.9681484464216826,True,1
Baseline (audit labels),Logistic regression,2268,0.718528976647099,0.6506804925469863,0.6309579847755333,0.6451602481261308,0.08283746263204372,0.0,0.0,COMPAS,corrupt_20,117,0.9719353811317666,True,1
Baseline (audit labels),Random forest,2268,0.7194899110333506,0.6720674011665586,0.41051422922774833,0.4390992504523133,0.061427625368024485,0.0,0.0,COMPAS,corrupt_20,117,0.9719353811317666,True,1
Audit-guided reweighting,Logistic regression,2268,0.7319263272378456,0.6727154893065457,0.3263728245958523,0.36498449211682604,0.006521088872705971,0.013397350590746537,-0.2801757560093048,COMPAS,corrupt_20,117,0.9719353811317666,True,1
Audit-guided reweighting,Random forest,2268,0.7236460789148366,0.6876215165262476,0.26436035721010304,0.3077668648229516,0.009058627925525697,0.004156167881485984,-0.13133238562936167,COMPAS,corrupt_20,117,0.9719353811317666,True,1
Drop flagged block,Logistic regression,2268,0.7375433180439497,0.6740116655865198,0.26480922344460284,0.285377358490566,0.01672085306293425,0.019014341396850654,-0.3597828896355648,COMPAS,corrupt_20,117,0.9719353811317666,True,1
Drop flagged block,Random forest,2268,0.7203892037586215,0.6746597537265068,0.21031652634693487,0.2232165934349961,0.018425045516824,0.0008992927252708949,-0.21588265701731718,COMPAS,corrupt_20,117,0.9719353811317666,True,1
Trusted reference only,Logistic regression,1389,0.7320462329345483,0.6720674011665586,0.2559226806896737,0.29726673559059186,-0.0023460154164386404,0.013517256287449264,-0.34789351253553896,COMPAS,corrupt_20,117,0.9719353811317666,True,1
Trusted reference only,Random forest,1389,0.729754514196159,0.6798444588464031,0.25930346719746084,0.2831157921943655,-0.009144273672771486,0.010264603162808417,-0.1559834582579478,COMPAS,corrupt_20,117,0.9719353811317666,True,1
Oracle (clean audit labels),Logistic regression,2268,0.7342822208561604,0.6804925469863902,0.34613302579551875,0.40746963039545103,-0.020788200353553665,0.015753244209061323,-0.2376906177306798,COMPAS,corrupt_20,117,0.9719353811317666,True,1
Oracle (clean audit labels),Random forest,2268,0.7230389507744894,0.6798444588464031,0.23378533770879847,0.29028818816231583,-0.02958226925475793,0.0035490397411388486,-0.14881106228999746,COMPAS,corrupt_20,117,0.9719353811317666,True,1
Baseline (audit labels),Logistic regression,2268,0.7058643326782144,0.6383668178872327,0.6133152292787655,0.5904909962430367,0.1142033839418286,0.0,0.0,COMPAS,corrupt_20,120,0.9592164696103408,True,1
Baseline (audit labels),Random forest,2268,0.7179017185839927,0.659753726506805,0.42354065504372906,0.38809744961335735,0.08419461261634376,0.0,0.0,COMPAS,corrupt_20,120,0.9592164696103408,True,1
Audit-guided reweighting,Logistic regression,2268,0.7219724510612586,0.6772521062864549,0.2710594236988131,0.2982337953966403,0.0036016350610079684,0.016108118383044268,-0.2922572008463964,COMPAS,corrupt_20,120,0.9592164696103408,True,1
Audit-guided reweighting,Random forest,2268,0.7238605852622002,0.6714193130265717,0.25964007255082094,0.2780843805328842,0.005886800062034014,0.005958866678207553,-0.11001306908047315,COMPAS,corrupt_20,120,0.9592164696103408,True,1
Drop flagged block,Logistic regression,2268,0.7238325814740515,0.6604018146467919,0.2536418425754869,0.23691324437535088,0.04635106837722891,0.01796824879583714,-0.3535777518676858,COMPAS,corrupt_20,120,0.9592164696103408,True,1
Drop flagged block,Random forest,2268,0.7196939610255157,0.6584575502268308,0.22243085630832077,0.2031783046163147,0.04012236702329708,0.0017922424415230953,-0.18491914499704265,COMPAS,corrupt_20,120,0.9592164696103408,True,1
Trusted reference only,Logistic regression,1389,0.7177566080454034,0.6539209332469216,0.21974721624923022,0.2311266571662996,-0.014729240081815198,0.011892275367189065,-0.3593643390767371,COMPAS,corrupt_20,120,0.9592164696103408,True,1
Trusted reference only,Random forest,1389,0.7107140796258016,0.6733635774465327,0.24400597635704693,0.2515783564364986,-0.023794064919463176,-0.007187638958191078,-0.13651909317685873,COMPAS,corrupt_20,120,0.9592164696103408,True,1
Oracle (clean audit labels),Logistic regression,2268,0.717379829804856,0.6753078418664938,0.34870327185357924,0.3919074146046551,0.021223433885101506,0.011515497126641683,-0.19858358163838158,COMPAS,corrupt_20,120,0.9592164696103408,True,1
Oracle (clean audit labels),Random forest,2268,0.7261815052799869,0.6740116655865198,0.28280686877252487,0.30570453858444524,0.0029008624027462293,0.008279786695994273,-0.08239291102891211,COMPAS,corrupt_20,120,0.9592164696103408,True,1
Baseline (audit labels),Logistic regression,2268,0.7322098421541319,0.6668826960466624,0.5522331770917516,0.5737279843444227,0.08614263831370395,0.0,0.0,COMPAS,corrupt_20,124,0.96346387644326,True,1
Baseline (audit labels),Random forest,2268,0.7351861230691314,0.6798444588464031,0.43544932923872637,0.44205805609915205,0.05530581176289129,0.0,0.0,COMPAS,corrupt_20,124,0.96346387644326,True,1
Audit-guided reweighting,Logistic regression,2268,0.7457103064066852,0.6766040181464679,0.273446339098109,0.2950587084148728,-0.008980726854543764,0.013500464252553357,-0.27866927592954993,COMPAS,corrupt_20,124,0.96346387644326,True,1
Audit-guided reweighting,Random forest,2268,0.7401696632058749,0.6811406351263772,0.27056563493346264,0.2836431833007176,-0.012379304915563605,0.004983540136743403,-0.15841487279843447,COMPAS,corrupt_20,124,0.96346387644326,True,1
Drop flagged block,Logistic regression,2268,0.7458301679750148,0.679196370706416,0.2718283632347395,0.2658349641226354,0.01977315460695872,0.013620325820882906,-0.30789302022178733,COMPAS,corrupt_20,124,0.96346387644326,True,1
Drop flagged block,Random forest,2268,0.735389550097071,0.6817887232663642,0.24755535800872797,0.229191128506197,0.014703163495664362,0.00020342702793951783,-0.21286692759295506,COMPAS,corrupt_20,124,0.96346387644326,True,1
Trusted reference only,Logistic regression,1389,0.732204777580822,0.6642903434867142,0.2043919373956144,0.19236790606653625,-0.029322654790068348,-5.064573309843112e-06,-0.3813600782778865,COMPAS,corrupt_20,124,0.96346387644326,True,1
Trusted reference only,Random forest,1389,0.7333738499198108,0.6707712248865846,0.2228479742470772,0.21924331376386175,-0.03233546250134611,-0.0018122731493206423,-0.2228147423352903,COMPAS,corrupt_20,124,0.96346387644326,True,1
Oracle (clean audit labels),Logistic regression,2268,0.7425854646746013,0.677900194426442,0.3313483244437261,0.3914872798434442,-0.012145965237926215,0.010375622520469419,-0.1822407045009785,COMPAS,corrupt_20,124,0.96346387644326,True,1
Oracle (clean audit labels),Random forest,2268,0.7462285810753777,0.6830848995463383,0.2771520257529228,0.3176614481409002,-0.0325182089873024,0.011042458006246259,-0.12439660795825186,COMPAS,corrupt_20,124,0.96346387644326,True,1
Baseline (audit labels),Logistic regression,2268,0.7180105423268324,0.6571613739468568,0.5215741865802619,0.5073858568698237,0.09254451805533004,0.0,0.0,COMPAS,corrupt_20,131,0.985839841220345,True,0
Baseline (audit labels),Random forest,2268,0.7140444661253224,0.6591056383668179,0.37835493452139873,0.3503295257325,0.07142231270008115,0.0,0.0,COMPAS,corrupt_20,131,0.985839841220345,True,0
Audit-guided reweighting,Logistic regression,2268,0.7206190229376912,0.6766040181464679,0.5097846631564736,0.5519983011255043,0.05356870090913213,0.002608480610858832,0.04461244425568056,COMPAS,corrupt_20,131,0.985839841220345,True,0
Audit-guided reweighting,Random forest,2268,0.7138217289822523,0.6733635774465327,0.38704603753206435,0.3592779783393502,0.03605674121768443,-0.0002227371430700842,0.008948452606850232,COMPAS,corrupt_20,131,0.985839841220345,True,0
Drop flagged block,Logistic regression,2268,0.7194731546693496,0.662346079066753,0.5356368975293642,0.514606073476322,0.0926790561737647,0.001462612342517211,0.0072202166064982976,COMPAS,corrupt_20,131,0.985839841220345,True,0
Drop flagged block,Random forest,2268,0.7128952102198238,0.6662346079066753,0.38130822195220737,0.355570175936114,0.0724971168863715,-0.0011492559054985252,0.005240650203614028,COMPAS,corrupt_20,131,0.985839841220345,True,0
Trusted reference only,Logistic regression,1389,0.7310309257396058,0.6837329876863253,0.30876704468745786,0.33468677001486513,0.001982685230093595,0.01302038341277345,-0.1726990868549586,COMPAS,corrupt_20,131,0.985839841220345,True,0
Trusted reference only,Random forest,1389,0.7224491939117385,0.6759559300064809,0.2846327798028891,0.28775536207262686,-0.01084802161804399,0.0084047277864161,-0.06257416365987312,COMPAS,corrupt_20,131,0.985839841220345,True,0
Oracle (clean audit labels),Logistic regression,2268,0.7295014075632387,0.679196370706416,0.34990380720939657,0.3625992779783393,0.008941030782435466,0.0114908652364063,-0.14478657889148444,COMPAS,corrupt_20,131,0.985839841220345,True,0
Oracle (clean audit labels),Random forest,2268,0.7206088600262204,0.6688269604666235,0.29347914135277436,0.26544913994478664,0.003341849069917524,0.0065643939008980245,-0.08488038578771334,COMPAS,corrupt_20,131,0.985839841220345,True,0
Baseline (audit labels),Logistic regression,2268,0.699648961066591,0.6383668178872327,0.567964935641367,0.5766409540485543,0.09792386247773366,0.0,0.0,COMPAS,corrupt_20,134,0.9779525929936252,True,1
Baseline (audit labels),Random forest,2268,0.7013070670435396,0.6480881399870383,0.3782919070868472,0.34680090861767066,0.0680238965921528,0.0,0.0,COMPAS,corrupt_20,134,0.9779525929936252,True,1
Audit-guided reweighting,Logistic regression,2268,0.7138205328227312,0.6714193130265717,0.34289465897322086,0.3283512825846922,0.013888224082218681,0.014171571756140144,-0.2482896714638621,COMPAS,corrupt_20,134,0.9779525929936252,True,1
Audit-guided reweighting,Random forest,2268,0.7104156746735287,0.6668826960466624,0.26892594385936597,0.263805988062281,0.0066435775531606955,0.009108607629989107,-0.08299492055538965,COMPAS,corrupt_20,134,0.9779525929936252,True,1
Drop flagged block,Logistic regression,2268,0.7151063247793975,0.6506804925469863,0.20870489179410617,0.21036629274615548,0.026442878077841514,0.015457363712806482,-0.36627466130239883,COMPAS,corrupt_20,134,0.9779525929936252,True,1
Drop flagged block,Random forest,2268,0.7203254750591819,0.6675307841866494,0.20126699753863536,0.16951398419383845,0.02902071418348151,0.019018408015642252,-0.1772869244238322,COMPAS,corrupt_20,134,0.9779525929936252,True,1
Trusted reference only,Logistic regression,1389,0.7237353987052589,0.6882696046662347,0.31369453523248464,0.32688707173833026,0.007643767290631875,0.024086437638667912,-0.24975388231022405,COMPAS,corrupt_20,134,0.9779525929936252,True,1
Trusted reference only,Random forest,1389,0.7312196703374634,0.6830848995463383,0.2326544405439212,0.21263861996127442,-0.009320012771864117,0.029912603293923756,-0.13416228865639623,COMPAS,corrupt_20,134,0.9779525929936252,True,1
Oracle (clean audit labels),Logistic regression,2268,0.7133950310852658,0.6701231367465975,0.2835982999098845,0.2919300379254613,-0.014235366126286841,0.013746070018674783,-0.284710916123093,COMPAS,corrupt_20,134,0.9779525929936252,True,1
Oracle (clean audit labels),Random forest,2268,0.7097352095933755,0.6675307841866494,0.257036073114635,0.2685186666880031,-0.025068839493244566,0.008428142549835926,-0.07828224192966754,COMPAS,corrupt_20,134,0.9779525929936252,True,1
Baseline (audit labels),Logistic regression,2268,0.703800096636966,0.642903434867142,0.5663152585119797,0.5802236562587679,0.11221080038116538,0.0,0.0,COMPAS,corrupt_20,141,0.9886720996063179,True,0
Baseline (audit labels),Random forest,2268,0.7033996952218764,0.6571613739468568,0.4706851618327028,0.45180167541785243,0.08704355742148207,0.0,0.0,COMPAS,corrupt_20,141,0.9886720996063179,True,0
Audit-guided reweighting,Logistic regression,2268,0.7043930962010858,0.6487362281270252,0.5454644808743169,0.6174035031464187,0.07212705549854703,0.0005929995641198449,0.03717984688765075,COMPAS,corrupt_20,141,0.9886720996063179,True,0
Audit-guided reweighting,Random forest,2268,0.7058815082124527,0.662346079066753,0.39474232870954185,0.4301895867569842,0.04774628365433975,0.00248181299057626,-0.021612088660868223,COMPAS,corrupt_20,141,0.9886720996063179,True,0
Drop flagged block,Logistic regression,2268,0.7036801451581838,0.642903434867142,0.5637208911307272,0.5744999799591166,0.11244198285908924,-0.00011995147878218759,-0.005723676299651315,COMPAS,corrupt_20,141,0.9886720996063179,True,0
Drop flagged block,Random forest,2268,0.7050992894141975,0.6584575502268308,0.4522353930222783,0.4354082327949016,0.08960914066562164,0.00169959419232113,-0.016393442622950838,COMPAS,corrupt_20,141,0.9886720996063179,True,0
Trusted reference only,Logistic regression,1389,0.7302519318945914,0.6785482825664291,0.2897873055905843,0.38623592127941003,0.012695511320215291,0.0264518352576254,-0.1939877349793579,COMPAS,corrupt_20,141,0.9886720996063179,True,0
Trusted reference only,Random forest,1389,0.7261904761904762,0.6727154893065457,0.27259016393442626,0.3025451921920718,0.001363591641653561,0.022790780968599766,-0.1492564832257806,COMPAS,corrupt_20,141,0.9886720996063179,True,0
Oracle (clean audit labels),Logistic regression,2268,0.7238319935935773,0.6714193130265717,0.32311223203026485,0.3959036434326025,0.01375629524101607,0.02003189695661134,-0.18432001282616545,COMPAS,corrupt_20,141,0.9886720996063179,True,0
Oracle (clean audit labels),Random forest,2268,0.7197772957192528,0.6895657809462087,0.28477511559478774,0.3189947492885486,-0.00043339707538891936,0.016377600497376354,-0.13280692612930384,COMPAS,corrupt_20,141,0.9886720996063179,True,0
Baseline (audit labels),Logistic regression,2268,0.7001844301092719,0.6416072585871678,0.5744064424188647,0.5623462641088116,0.13527509596220777,0.0,0.0,COMPAS,corrupt_20,143,0.9569288652228858,True,1
Baseline (audit labels),Random forest,2268,0.7081558341447582,0.661049902786779,0.35910065607270575,0.33004006582658296,0.11145024978361862,0.0,0.0,COMPAS,corrupt_20,143,0.9569288652228858,True,1
Audit-guided reweighting,Logistic regression,2268,0.7171499716001297,0.6694750486066104,0.2869965179747789,0.3404874909500442,0.019656376664635045,0.016965541490857827,-0.2218587731587674,COMPAS,corrupt_20,143,0.9569288652228858,True,1
Audit-guided reweighting,Random forest,2268,0.7190864032240615,0.6707712248865846,0.23651051329622758,0.22083500925106592,0.02416484306664468,0.010930569079303232,-0.10920505657551705,COMPAS,corrupt_20,143,0.9569288652228858,True,1
Drop flagged block,Logistic regression,2268,0.7201268865628043,0.6552171095268956,0.26392978139872547,0.25593274877322814,0.0738553685899408,0.01994245645353243,-0.3064135153355835,COMPAS,corrupt_20,143,0.9569288652228858,True,1
Drop flagged block,Random forest,2268,0.7106737869198313,0.6545690213869086,0.23166391062353792,0.21661132659172977,0.07315711450736384,0.0025179527750730513,-0.1134287392348532,COMPAS,corrupt_20,143,0.9569288652228858,True,1
Trusted reference only,Logistic regression,1389,0.7079200137942228,0.6526247569669476,0.2583051006964051,0.3066044566004344,0.002620652090383202,0.007735583684950864,-0.2557418075083772,COMPAS,corrupt_20,143,0.9569288652228858,True,1
Trusted reference only,Random forest,1389,0.7129973358217029,0.6584575502268308,0.2467414831545266,0.2715549835089695,-0.010286061664120383,0.004841501676944637,-0.05848508231761346,COMPAS,corrupt_20,143,0.9569288652228858,True,1
Oracle (clean audit labels),Logistic regression,2268,0.7131367994698692,0.6578094620868438,0.3475908149821193,0.3523851661169657,0.049356757934055584,0.012952369360597293,-0.20996109799184592,COMPAS,corrupt_20,143,0.9569288652228858,True,1
Oracle (clean audit labels),Random forest,2268,0.7185894054960511,0.6649384316267012,0.2674739856416875,0.23845225645563517,0.03876288675793915,0.010433571351292859,-0.09158780937094779,COMPAS,corrupt_20,143,0.9569288652228858,True,1
Baseline (audit labels),Logistic regression,2268,0.7195903120532945,0.661049902786779,0.49478940731399745,0.471721571111815,0.05969907650524242,0.0,0.0,COMPAS,corrupt_20,147,0.9639194510131577,True,1
Baseline (audit labels),Random forest,2268,0.7100527281063732,0.6506804925469863,0.3529667927700715,0.3341542603737726,0.032229943440540754,0.0,0.0,COMPAS,corrupt_20,147,0.9639194510131577,True,1
Audit-guided reweighting,Logistic regression,2268,0.7191132642878334,0.6545690213869086,0.22809247583018077,0.22899904973075702,-0.05044908554681293,-0.0004770477654610916,-0.242722521381058,COMPAS,corrupt_20,147,0.9639194510131577,True,1
Audit-guided reweighting,Random forest,2268,0.7066375380963941,0.6487362281270252,0.23648591845313155,0.22309154260373776,-0.044148860996766626,-0.003415190009979141,-0.11106271777003485,COMPAS,corrupt_20,147,0.9639194510131577,True,1
Drop flagged block,Logistic regression,2268,0.7211959233487067,0.6662346079066753,0.2661958806221101,0.23659328476401653,0.0059345400132903015,0.001605611295412257,-0.23512828634779848,COMPAS,corrupt_20,147,0.9639194510131577,True,1
Drop flagged block,Random forest,2268,0.7031625064055883,0.6526247569669476,0.26169819251786464,0.23082831802344,0.007782627748318505,-0.006890221700784904,-0.1033259423503326,COMPAS,corrupt_20,147,0.9639194510131577,True,1
Trusted reference only,Logistic regression,1389,0.7218204682147962,0.6701231367465975,0.14096847414880204,0.10703991130820395,-0.06100939444856851,0.002230156161501684,-0.36468165980361106,COMPAS,corrupt_20,147,0.9639194510131577,True,1
Trusted reference only,Random forest,1389,0.7080627815087521,0.6545690213869086,0.24451786464901215,0.2144599303135889,-0.05909700482528901,-0.001989946597621084,-0.1196943300601837,COMPAS,corrupt_20,147,0.9639194510131577,True,1
Oracle (clean audit labels),Logistic regression,2268,0.7227037651374166,0.6584575502268308,0.28473476250525426,0.2724817865061767,-0.02840030288400064,0.003113453084122142,-0.1992397846056383,COMPAS,corrupt_20,147,0.9639194510131577,True,1
Oracle (clean audit labels),Random forest,2268,0.7112563044475012,0.6461438755670771,0.27237326607818413,0.2667247386759582,-0.04204245965708964,0.0012035763411279987,-0.06742952169781441,COMPAS,corrupt_20,147,0.9639194510131577,True,1
Baseline (audit labels),Logistic regression,2268,0.7089092270627979,0.6416072585871678,0.6217349914727144,0.6365425193421979,0.11758615397642791,0.0,0.0,COMPAS,corrupt_20,158,0.9546698263947602,True,1
Baseline (audit labels),Random forest,2268,0.716559478993362,0.6480881399870383,0.48886575327720233,0.4814783802793315,0.09566696632416805,0.0,0.0,COMPAS,corrupt_20,158,0.9546698263947602,True,1
Audit-guided reweighting,Logistic regression,2268,0.7209669931993994,0.6785482825664291,0.28589280848759246,0.37196469839568613,0.0008790994135082775,0.012057766136601478,-0.2645778209465117,COMPAS,corrupt_20,158,0.9546698263947602,True,1
Audit-guided reweighting,Random forest,2268,0.7230686735271296,0.6714193130265717,0.24112035414304983,0.29322269484542984,0.007863169679616644,0.006509194533767526,-0.18825568543390164,COMPAS,corrupt_20,158,0.9546698263947602,True,1
Drop flagged block,Logistic regression,2268,0.7331052348019964,0.6753078418664938,0.2538187775202586,0.295600696654051,0.046194529196913914,0.0241960077391985,-0.3409418226881469,COMPAS,corrupt_20,158,0.9546698263947602,True,1
Drop flagged block,Random forest,2268,0.7217844545118782,0.659753726506805,0.23964195491807416,0.25353350972971167,0.05248645270139607,0.005224975518516195,-0.22794487054961982,COMPAS,corrupt_20,158,0.9546698263947602,True,1
Trusted reference only,Logistic regression,1389,0.7143798645301419,0.6727154893065457,0.253324295868219,0.33528150852396427,-0.01338693799131807,0.005470637467343997,-0.3012610108182336,COMPAS,corrupt_20,158,0.9546698263947602,True,1
Trusted reference only,Random forest,1389,0.7133802745314635,0.6681788723266364,0.2956949821885691,0.34308537361422786,-0.02092862448524191,-0.003179204461898566,-0.13839300666510362,COMPAS,corrupt_20,158,0.9546698263947602,True,1
Oracle (clean audit labels),Logistic regression,2268,0.7268188302425107,0.6798444588464031,0.4011322620685479,0.4829855645242322,0.034308421858096794,0.017909603179712796,-0.15355695481796566,COMPAS,corrupt_20,158,0.9546698263947602,True,1
Oracle (clean audit labels),Random forest,2268,0.7324173813452787,0.6902138690861958,0.3182578099508545,0.3802625849884449,0.023490597012111425,0.015857902351916642,-0.10121579529088659,COMPAS,corrupt_20,158,0.9546698263947602,True,1
Baseline (audit labels),Logistic regression,2268,0.724473142694955,0.6636422553467272,0.4959796035138501,0.49871181450128815,0.0724927541442737,0.0,0.0,COMPAS,corrupt_20,162,0.981066866736983,True,0
Baseline (audit labels),Random forest,2268,0.7374811203130227,0.6811406351263772,0.3054945979603514,0.2825910931174088,0.04915500224498137,0.0,0.0,COMPAS,corrupt_20,162,0.981066866736983,True,0
Audit-guided reweighting,Logistic regression,2268,0.7246589830141948,0.6720674011665586,0.480958230958231,0.5048460311618207,0.026766813356686514,0.00018584031923984945,0.006134216660532543,COMPAS,corrupt_20,162,0.981066866736983,True,0
Audit-guided reweighting,Random forest,2268,0.7381746425952769,0.6798444588464031,0.3085170475581435,0.3085510980247823,0.011461218011405427,0.0006935222822541665,0.02596000490737349,COMPAS,corrupt_20,162,0.981066866736983,True,0
Drop flagged block,Logistic regression,2268,0.7239891131362075,0.6649384316267012,0.49868230621655285,0.49871181450128815,0.07234926316302037,-0.00048402955874748965,0.0,COMPAS,corrupt_20,162,0.981066866736983,True,0
Drop flagged block,Random forest,2268,0.7346436765297192,0.6759559300064809,0.3275924741678166,0.28955956324377385,0.055382567273356,-0.002837443783303528,0.006968470126365034,COMPAS,corrupt_20,162,0.981066866736983,True,0
Trusted reference only,Logistic regression,1389,0.7370342588181231,0.6882696046662347,0.28416748005789094,0.2829591461170408,-0.022403678877410682,0.012561116123168126,-0.21575266838424734,COMPAS,corrupt_20,162,0.981066866736983,True,0
Trusted reference only,Random forest,1389,0.7356945190621483,0.6824368114063513,0.3027414089057925,0.31564225248435773,-0.028041531180747592,-0.0017866012508743756,0.03305115936694891,COMPAS,corrupt_20,162,0.981066866736983,True,0
Oracle (clean audit labels),Logistic regression,2268,0.7302950130595061,0.6662346079066753,0.2671030931304904,0.2818059133848608,-0.022737475867192547,0.005821870364551063,-0.21690590111642738,COMPAS,corrupt_20,162,0.981066866736983,True,0
Oracle (clean audit labels),Random forest,2268,0.7356573509983004,0.6850291639662994,0.2413213961159167,0.22328548644338125,-0.022656709878733694,-0.0018237693147222789,-0.05930560667402757,COMPAS,corrupt_20,162,0.981066866736983,True,0
Baseline (audit labels),Logistic regression,2268,0.7230723178861707,0.6694750486066104,0.5612427328023658,0.5561249630432641,0.09107734815536395,0.0,0.0,COMPAS,corrupt_20,164,0.9924488183196055,True,0
Baseline (audit labels),Random forest,2268,0.726521462660619,0.6655865197666883,0.4134035689081561,0.3965129266449854,0.06784838603414911,0.0,0.0,COMPAS,corrupt_20,164,0.9924488183196055,True,0
Audit-guided reweighting,Logistic regression,2268,0.7226140103432064,0.6746597537265068,0.513495984138186,0.560896488288821,0.05533961341095717,-0.0004583075429642758,0.004771525245556907,COMPAS,corrupt_20,164,0.9924488183196055,True,0
Audit-guided reweighting,Random forest,2268,0.7273746588061003,0.6811406351263772,0.4303306784958161,0.4382822509115995,0.03219014256789787,0.0008531961454812942,0.041769324266614116,COMPAS,corrupt_20,164,0.9924488183196055,True,0
Drop flagged block,Logistic regression,2268,0.7228228700537455,0.6727154893065457,0.5650888866485196,0.5424263329062777,0.08938473760282539,-0.0002494478324251981,-0.013698630136986356,COMPAS,corrupt_20,164,0.9924488183196055,True,0
Drop flagged block,Random forest,2268,0.7274389233324201,0.6655865197666883,0.38192022045233054,0.36946059590683616,0.06544792448761882,0.0009174606718010958,-0.02705233073814922,COMPAS,corrupt_20,164,0.9924488183196055,True,0
Trusted reference only,Logistic regression,1389,0.7297135493297886,0.6675307841866494,0.2494975972040192,0.2632633619132092,-0.0030587965972662667,0.006641231443617945,-0.2928616011300549,COMPAS,corrupt_20,164,0.9924488183196055,True,0
Trusted reference only,Random forest,1389,0.7238595583335871,0.6694750486066104,0.24345868199079201,0.22969022042639864,-0.01094629165888883,-0.00266190432703195,-0.16682270621858675,COMPAS,corrupt_20,164,0.9924488183196055,True,0
Oracle (clean audit labels),Logistic regression,2268,0.7332193483577031,0.6714193130265717,0.3235490808885304,0.3403058375217634,-0.00047924100136254033,0.010147030471532426,-0.21581912552150068,COMPAS,corrupt_20,164,0.9924488183196055,True,0
Oracle (clean audit labels),Random forest,2268,0.7369187865504494,0.6746597537265068,0.2600430150888866,0.26358365362504516,-0.01099575341068626,0.01039732388983039,-0.13292927301994023,COMPAS,corrupt_20,164,0.9924488183196055,True,0
Baseline (audit labels),Logistic regression,2268,0.7063492867392589,0.6254050550874919,0.6171705628287649,0.5938402232939051,0.10218479076338871,0.0,0.0,COMPAS,corrupt_20,165,0.9606286226902844,True,1
Baseline (audit labels),Random forest,2268,0.7103325736473369,0.6422553467271549,0.47468362939683706,0.4447391003790136,0.07437429594070166,0.0,0.0,COMPAS,corrupt_20,165,0.9606286226902844,True,1
Audit-guided reweighting,Logistic regression,2268,0.7225694268591205,0.6694750486066104,0.3343680150580643,0.3879731599446564,-0.01232379862597155,0.016220140119861615,-0.20586706334924865,COMPAS,corrupt_20,165,0.9606286226902844,True,1
Audit-guided reweighting,Random forest,2268,0.7175538110914155,0.6694750486066104,0.302614994201973,0.32935051224837447,-0.016112064871783516,0.007221237444078543,-0.11538858813063912,COMPAS,corrupt_20,165,0.9606286226902844,True,1
Drop flagged block,Logistic regression,2268,0.7265079767029627,0.6701231367465975,0.25790632405088815,0.22234218671273298,0.03815533824262085,0.020158689963703846,-0.3714980365811721,COMPAS,corrupt_20,165,0.9606286226902844,True,1
Drop flagged block,Random forest,2268,0.7134033932641176,0.6435515230071289,0.2486261196914441,0.2187254177492789,0.03418043899644463,0.0030708196167806845,-0.2260136826297347,COMPAS,corrupt_20,165,0.9606286226902844,True,1
Trusted reference only,Logistic regression,1389,0.7104034776736726,0.6558651976668827,0.2499773120682991,0.3058054815774531,-0.029864478094961733,0.004054190934413726,-0.288034741716452,COMPAS,corrupt_20,165,0.9606286226902844,True,1
Trusted reference only,Random forest,1389,0.7163881151346332,0.659753726506805,0.18728803589734971,0.18738453417788337,-0.03931343371934365,0.0060555414872962565,-0.25735456620113023,COMPAS,corrupt_20,165,0.9606286226902844,True,1
Oracle (clean audit labels),Logistic regression,2268,0.7208305900227906,0.659753726506805,0.3685360401996538,0.4198437262570279,0.006520422863138475,0.014481303283531699,-0.17399649703687714,COMPAS,corrupt_20,165,0.9606286226902844,True,1
Oracle (clean audit labels),Random forest,2268,0.7197163838946568,0.6694750486066104,0.2891047510209569,0.3004310724025689,-0.011736770893301163,0.009383810247319824,-0.1443080279764447,COMPAS,corrupt_20,165,0.9606286226902844,True,1
Baseline (audit labels),Logistic regression,2268,0.6991025302931948,0.6474400518470512,0.5289878547975069,0.5203103869116338,0.0998273916182324,0.0,0.0,COMPAS,corrupt_20,173,0.9743237740291334,True,1
Baseline (audit labels),Random forest,2268,0.7027530969382235,0.6558651976668827,0.3967438438772859,0.4112214269221889,0.07218065087461767,0.0,0.0,COMPAS,corrupt_20,173,0.9743237740291334,True,1
Audit-guided reweighting,Logistic regression,2268,0.7084846302607379,0.6552171095268956,0.28616142084358365,0.3187897879077745,0.011956739764297453,0.009382099967543134,-0.20152059900385927,COMPAS,corrupt_20,173,0.9743237740291334,True,1
Audit-guided reweighting,Random forest,2268,0.7103703478307909,0.661049902786779,0.2720977555503812,0.2965003133555431,0.006492932578352373,0.007617250892567373,-0.11472111356664577,COMPAS,corrupt_20,173,0.9743237740291334,True,1
Drop flagged block,Logistic regression,2268,0.7078109785783837,0.6655865197666883,0.25771181550360917,0.25524458224758384,0.03990944857142098,0.008708448285188908,-0.26506580466404994,COMPAS,corrupt_20,173,0.9743237740291334,True,1
Drop flagged block,Random forest,2268,0.7079233947311478,0.6616979909267661,0.22629930719364494,0.2153824586865456,0.03682178084815191,0.005170297792924328,-0.19583896823564328,COMPAS,corrupt_20,173,0.9743237740291334,True,1
Trusted reference only,Logistic regression,1389,0.7117979484474738,0.6636422553467272,0.2319281479156754,0.2508411122472541,-0.004029647565449546,0.012695418154278992,-0.2694692746643797,COMPAS,corrupt_20,173,0.9743237740291334,True,1
Trusted reference only,Random forest,1389,0.7127699678134805,0.6746597537265068,0.2585453428767156,0.25192136425108025,-0.007398037493903553,0.010016870875256934,-0.15930006267110863,COMPAS,corrupt_20,173,0.9743237740291334,True,1
Oracle (clean audit labels),Logistic regression,2268,0.7064949488802337,0.659753726506805,0.2930489891371473,0.32118118547349667,0.00380754853961518,0.007392418587038874,-0.19912920143813712,COMPAS,corrupt_20,173,0.9743237740291334,True,1
Oracle (clean audit labels),Random forest,2268,0.7115621280969383,0.6694750486066104,0.2593974305759438,0.28361150509615063,-0.008354198354858178,0.008809031158714786,-0.12760992182603825,COMPAS,corrupt_20,173,0.9743237740291334,True,1
Baseline (audit labels),Logistic regression,2268,0.7167040453981685,0.6519766688269605,0.6112020064300022,0.6026570048309179,0.11904429809454042,0.0,0.0,COMPAS,corrupt_20,180,0.9440255135706787,True,1
Baseline (audit labels),Random forest,2268,0.7211708038126305,0.661049902786779,0.4227305627093538,0.396135265700483,0.09283224396061018,0.0,0.0,COMPAS,corrupt_20,180,0.9440255135706787,True,1
Audit-guided reweighting,Logistic regression,2268,0.7306480112815807,0.6772521062864549,0.29929471965527105,0.3272946859903382,0.012821684484660478,0.01394396588341229,-0.2753623188405797,COMPAS,corrupt_20,180,0.9440255135706787,True,1
Audit-guided reweighting,Random forest,2268,0.725747149871723,0.6759559300064809,0.20556817990540155,0.21497584541062809,0.012299380306776686,0.0045763460590924065,-0.18115942028985493,COMPAS,corrupt_20,180,0.9440255135706787,True,1
Drop flagged block,Logistic regression,2268,0.7382036121446897,0.6675307841866494,0.2851891127606928,0.27898550724637683,0.047210742668470584,0.021499566746521204,-0.32367149758454106,COMPAS,corrupt_20,180,0.9440255135706787,True,1
Drop flagged block,Random forest,2268,0.7259094075471056,0.6681788723266364,0.23900082479085666,0.21618357487922701,0.04463773913986313,0.0047386037344751,-0.179951690821256,COMPAS,corrupt_20,180,0.9440255135706787,True,1
Trusted reference only,Logistic regression,1389,0.7285768897497324,0.6642903434867142,0.21945664798262893,0.23429951690821255,0.0007702671556937268,0.011872844351563994,-0.36835748792270534,COMPAS,corrupt_20,180,0.9440255135706787,True,1
Trusted reference only,Random forest,1389,0.7383709669198226,0.6824368114063513,0.2607837196384386,0.283816425120773,0.0008798575596368208,0.01720016310719208,-0.11231884057971003,COMPAS,corrupt_20,180,0.9440255135706787,True,1
Oracle (clean audit labels),Logistic regression,2268,0.7328958322714375,0.6785482825664291,0.3544008483563097,0.38405797101449274,0.025260371172977192,0.016191786873269054,-0.21859903381642515,COMPAS,corrupt_20,180,0.9440255135706787,True,1
Oracle (clean audit labels),Random forest,2268,0.7306514093480809,0.6804925469863902,0.2727566530323688,0.31159420289855067,0.010212201871430682,0.009480605535450382,-0.08454106280193235,COMPAS,corrupt_20,180,0.9440255135706787,True,1
Baseline (audit labels),Logistic regression,2268,0.7025869058477754,0.6338302009073234,0.6198866979340024,0.6219392909257091,0.09483972914736483,0.0,0.0,COMPAS,corrupt_20,185,0.9696430168244815,True,1
Baseline (audit labels),Random forest,2268,0.7117622715448803,0.6539209332469216,0.4122766318691479,0.39865785802479037,0.07206590218064579,0.0,0.0,COMPAS,corrupt_20,185,0.9696430168244815,True,1
Audit-guided reweighting,Logistic regression,2268,0.7193397182527618,0.6668826960466624,0.2692352951064939,0.3353751423119478,-0.00862295620828668,0.016752812404986384,-0.2865641486137613,COMPAS,corrupt_20,185,0.9696430168244815,True,1
Audit-guided reweighting,Random forest,2268,0.7221842167494341,0.6707712248865846,0.23141022408257267,0.2502124657248689,-0.004765411186200219,0.010421945204553862,-0.14844539229992149,COMPAS,corrupt_20,185,0.9696430168244815,True,1
Drop flagged block,Logistic regression,2268,0.7233117124421472,0.6668826960466624,0.25739237144250005,0.26769879576030653,0.03288788404329557,0.020724806594371814,-0.35424049516540257,COMPAS,corrupt_20,185,0.9696430168244815,True,1
Drop flagged block,Random forest,2268,0.7141599945947773,0.6707712248865846,0.2153310807403298,0.1993008675015634,0.03340653757260281,0.002397723049897049,-0.19935699052322697,COMPAS,corrupt_20,185,0.9696430168244815,True,1
Trusted reference only,Logistic regression,1389,0.7184613695483261,0.6565132858068697,0.22099114092154587,0.261886054230874,-0.01696025650361388,0.01587446370055068,-0.3600532366948351,COMPAS,corrupt_20,185,0.9696430168244815,True,1
Trusted reference only,Random forest,1389,0.7178178102091146,0.6675307841866494,0.256536722309076,0.279083751583471,-0.018838478574075834,0.006055538664234361,-0.11957410644131938,COMPAS,corrupt_20,185,0.9696430168244815,True,1
Oracle (clean audit labels),Logistic regression,2268,0.717990101685754,0.6668826960466624,0.275231563198682,0.34975867100684704,-0.008835895820971773,0.015403195837978556,-0.27218061991886205,COMPAS,corrupt_20,185,0.9696430168244815,True,1
Oracle (clean audit labels),Random forest,2268,0.7231723590419243,0.6727154893065457,0.25541714996553866,0.2922245562272501,-0.018054245351498133,0.011410087497044086,-0.10643330179754029,COMPAS,corrupt_20,185,0.9696430168244815,True,1
Baseline (audit labels),Logistic regression,2268,0.7189250983244437,0.6591056383668179,0.598271152531298,0.5949339750709614,0.08086426632827548,0.0,0.0,COMPAS,corrupt_20,186,0.9631280620495533,True,1
Baseline (audit labels),Random forest,2268,0.7243144227142934,0.6753078418664938,0.41564585066503207,0.38587560162902623,0.05204384883501234,0.0,0.0,COMPAS,corrupt_20,186,0.9631280620495533,True,1
Audit-guided reweighting,Logistic regression,2268,0.7257219438607834,0.659753726506805,0.2688302240125563,0.25913242009132414,-0.023655278207205033,0.006796845536339635,-0.3358015549796372,COMPAS,corrupt_20,186,0.9631280620495533,True,1
Audit-guided reweighting,Random forest,2268,0.7283526278217769,0.679196370706416,0.25888758281324203,0.21766629643341973,-0.026883334875707487,0.004038205107483539,-0.1682093051956065,COMPAS,corrupt_20,186,0.9631280620495533,True,1
Drop flagged block,Logistic regression,2268,0.7309024971714886,0.6616979909267661,0.23847014007941986,0.21134147846476614,0.016064091542441483,0.011977398847044851,-0.3835924966061952,COMPAS,corrupt_20,186,0.9631280620495533,True,1
Drop flagged block,Random forest,2268,0.7251461397554011,0.6636422553467272,0.2126569957191406,0.1903307417006047,0.01199951656333309,0.0008317170411077379,-0.19554485992842152,COMPAS,corrupt_20,186,0.9631280620495533,True,1
Trusted reference only,Logistic regression,1389,0.7297205834814935,0.6655865197666883,0.19344701804966608,0.16234727878563499,-0.03742558446691968,0.010795485157049756,-0.43258669628532637,COMPAS,corrupt_20,186,0.9631280620495533,True,1
Trusted reference only,Random forest,1389,0.7226905541188513,0.6662346079066753,0.16844558660572645,0.16342712575589285,-0.04451585838554628,-0.0016238685954420573,-0.22244847587313338,COMPAS,corrupt_20,186,0.9631280620495533,True,1
Oracle (clean audit labels),Logistic regression,2268,0.7309748935940952,0.6662346079066753,0.3270074738214165,0.32617549055905215,-0.014540497409065711,0.012049795269651442,-0.2687584845119092,COMPAS,corrupt_20,186,0.9631280620495533,True,1
Oracle (clean audit labels),Random forest,2268,0.7345500983244437,0.6668826960466624,0.28540466078146737,0.2657966185363446,-0.031206675769301917,0.010235675610150374,-0.12007898309268161,COMPAS,corrupt_20,186,0.9631280620495533,True,1
Baseline (audit labels),Logistic regression,2268,0.7109385015011975,0.6351263771872975,0.5427861181844786,0.5153990559643977,0.11165561783773381,0.0,0.0,COMPAS,corrupt_20,188,0.9667429293115054,True,0
Baseline (audit labels),Random forest,2268,0.7247680734068752,0.6688269604666235,0.39942848685250654,0.3791136621264193,0.08629311249434735,0.0,0.0,COMPAS,corrupt_20,188,0.9667429293115054,True,0
Audit-guided reweighting,Logistic regression,2268,0.7120281348041697,0.6681788723266364,0.5127253339433062,0.581151006499653,0.03303750241488168,0.0010896333029721816,0.06575195053525529,COMPAS,corrupt_20,188,0.9667429293115054,True,0
Audit-guided reweighting,Random forest,2268,0.7251290355227203,0.6843810758263124,0.36009196685963785,0.3592951347258156,0.016876344270340016,0.0003609621158451315,-0.01981852740060369,COMPAS,corrupt_20,188,0.9667429293115054,True,0
Drop flagged block,Logistic regression,2268,0.6409093209189353,0.5767984445884641,0.7318059344525887,0.7379731423670464,0.09981778471590907,-0.07002918058226226,0.22257408640264864,COMPAS,corrupt_20,188,0.9667429293115054,True,0
Drop flagged block,Random forest,2268,0.6453513477043484,0.5871678548282566,0.5860465350964239,0.5922234017669179,0.0712250738873329,-0.07941672570252678,0.21310973964049862,COMPAS,corrupt_20,188,0.9667429293115054,True,0
Trusted reference only,Logistic regression,1389,0.7256755389130656,0.6817887232663642,0.32909940426734297,0.3817599545655329,-0.009583534768345059,0.014737037411868048,-0.1336391013988648,COMPAS,corrupt_20,188,0.9667429293115054,True,0
Trusted reference only,Random forest,1389,0.7272501096380257,0.6688269604666235,0.3218503705248569,0.35774910077617217,-0.011359061357615441,0.0024820362311505084,-0.021364561350247113,COMPAS,corrupt_20,188,0.9667429293115054,True,0
Oracle (clean audit labels),Logistic regression,2268,0.7237459096582667,0.6707712248865846,0.27752866816244565,0.3341247554742222,-0.001360492515902867,0.012807408157069156,-0.1812743004901755,COMPAS,corrupt_20,188,0.9667429293115054,True,0
Oracle (clean audit labels),Random forest,2268,0.732012616806666,0.6759559300064809,0.25114790383509206,0.24699469931217272,-0.00871413367332885,0.007244543399790748,-0.13211896281424657,COMPAS,corrupt_20,188,0.9667429293115054,True,0
Baseline (audit labels),Logistic regression,2268,0.704962529639972,0.6247569669475048,0.6384279886830239,0.649766182623677,0.15762584755826392,0.0,0.0,COMPAS,corrupt_30,0,0.9337318281062348,True,1
Baseline (audit labels),Random forest,2268,0.7191472520603602,0.6506804925469863,0.46734776852617216,0.463081466896382,0.12918911899928864,0.0,0.0,COMPAS,corrupt_30,0,0.9337318281062348,True,1
Audit-guided reweighting,Logistic regression,2268,0.7243007004885075,0.6863253402462735,0.3154808706813707,0.3502801624428109,0.011260672701680075,0.019338170848535507,-0.2994860201808661,COMPAS,corrupt_30,0,0.9337318281062348,True,1
Audit-guided reweighting,Random forest,2268,0.7264884531501601,0.6759559300064809,0.2766543685275162,0.26436367998080845,0.01871795076206406,0.007341201089799854,-0.19871778691557357,COMPAS,corrupt_30,0,0.9337318281062348,True,1
Drop flagged block,Logistic regression,2268,0.7300732761256394,0.6591056383668179,0.2664496011505144,0.2316470140737923,0.07965820932380185,0.025110746485667468,-0.41811916854988473,COMPAS,corrupt_30,0,0.9337318281062348,True,1
Drop flagged block,Random forest,2268,0.7233010945557571,0.6604018146467919,0.2327406033480508,0.2013066923231826,0.07923949771593519,0.004153842495396853,-0.2617747745731994,COMPAS,corrupt_30,0,0.9337318281062348,True,1
Trusted reference only,Logistic regression,1389,0.7288630480422331,0.6863253402462735,0.20915236923986746,0.20442433900512352,-0.003220428121647023,0.02390051840226115,-0.4453418436185535,COMPAS,corrupt_30,0,0.9337318281062348,True,1
Trusted reference only,Random forest,1389,0.7203345495063969,0.6908619572261827,0.2545109977621419,0.23742696070871672,-0.008295036393871302,0.0011872974460366281,-0.2256545061876653,COMPAS,corrupt_30,0,0.9337318281062348,True,1
Oracle (clean audit labels),Logistic regression,2268,0.7234344319656482,0.6811406351263772,0.32069917945202725,0.36098116828595417,0.026533399405283875,0.018471902325676193,-0.28878501433772286,COMPAS,corrupt_30,0,0.9337318281062348,True,1
Oracle (clean audit labels),Random forest,2268,0.7274591834654818,0.679196370706416,0.28832248005752575,0.262598742267688,0.018850548002903977,0.008311931405121542,-0.20048272462869404,COMPAS,corrupt_30,0,0.9337318281062348,True,1
Baseline (audit labels),Logistic regression,2268,0.7052904925706824,0.6390149060272197,0.5688174211109991,0.561848292782662,0.11975539995458873,0.0,0.0,COMPAS,corrupt_30,1,0.9625152330862544,True,1
Baseline (audit labels),Random forest,2268,0.7124822004173812,0.6409591704471809,0.365193063816917,0.34321932412302475,0.08948959753660224,0.0,0.0,COMPAS,corrupt_30,1,0.9625152330862544,True,1
Audit-guided reweighting,Logistic regression,2268,0.7135451018592742,0.6733635774465327,0.3156820243976207,0.33287435456110154,0.010484307476213095,0.008254609288591785,-0.22897393822156048,COMPAS,corrupt_30,1,0.9625152330862544,True,1
Audit-guided reweighting,Random forest,2268,0.7128128244935785,0.661049902786779,0.25174748798602015,0.24613556265879843,0.007896249204868644,0.0003306240761973278,-0.09708376146422631,COMPAS,corrupt_30,1,0.9625152330862544,True,1
Drop flagged block,Logistic regression,2268,0.7159795435865693,0.6467919637070642,0.23952011291460829,0.20773707073190728,0.04916128592160418,0.010689051015886908,-0.35411122205075474,COMPAS,corrupt_30,1,0.9625152330862544,True,1
Drop flagged block,Random forest,2268,0.7108831975322422,0.6578094620868438,0.20758308969318146,0.1652159659044341,0.040197453825081664,-0.0015990028851390337,-0.17800335821859065,COMPAS,corrupt_30,1,0.9625152330862544,True,1
Trusted reference only,Logistic regression,1389,0.7075245304461649,0.6519766688269605,0.2501260207682226,0.27518236210146707,-0.0061660910711548444,0.0022340378754824863,-0.28666593068119495,COMPAS,corrupt_30,1,0.9625152330862544,True,1
Trusted reference only,Random forest,1389,0.7108620578854264,0.6733635774465327,0.2856554760224485,0.27617408409146793,-0.017376520029348863,-0.0016201425319547491,-0.06704524003155682,COMPAS,corrupt_30,1,0.9625152330862544,True,1
Oracle (clean audit labels),Logistic regression,2268,0.711749077465813,0.6733635774465327,0.24676546694895313,0.2645520858945988,-0.023207324924928274,0.006458584895130515,-0.29729620688806324,COMPAS,corrupt_30,1,0.9625152330862544,True,1
Oracle (clean audit labels),Random forest,2268,0.7131721984894455,0.6668826960466624,0.18414154652686765,0.18164084911072864,-0.034164734389448226,0.0006899980720642684,-0.1615784750122961,COMPAS,corrupt_30,1,0.9625152330862544,True,1
Baseline (audit labels),Logistic regression,2268,0.7174102575432609,0.6474400518470512,0.581769414455319,0.5576478216676597,0.13107205256554966,0.0,0.0,COMPAS,corrupt_30,6,0.9502537339457923,True,1
Baseline (audit labels),Random forest,2268,0.7227832483013429,0.6584575502268308,0.43629805266875193,0.40272626986634735,0.10385272598582684,0.0,0.0,COMPAS,corrupt_30,6,0.9502537339457923,True,1
Audit-guided reweighting,Logistic regression,2268,0.7342013847581431,0.6863253402462735,0.2342834560925571,0.2810714661245663,0.0005644891164822141,0.016791127214882184,-0.2765763555430934,COMPAS,corrupt_30,6,0.9502537339457923,True,1
Audit-guided reweighting,Random forest,2268,0.7281196996631578,0.6908619572261827,0.22380519960986112,0.2491325225193649,0.005453258711538567,0.005336451361814931,-0.15359374734698245,COMPAS,corrupt_30,6,0.9502537339457923,True,1
Drop flagged block,Logistic regression,2268,0.733575966254593,0.6675307841866494,0.23588268926781686,0.2353667940135291,0.06331123899092517,0.01616570871133205,-0.3222810276541306,COMPAS,corrupt_30,6,0.9502537339457923,True,1
Drop flagged block,Random forest,2268,0.7249611662695485,0.6681788723266364,0.22361349342481412,0.2004486348182678,0.0592888251280107,0.002177917968205656,-0.20227763504807955,COMPAS,corrupt_30,6,0.9502537339457923,True,1
Trusted reference only,Logistic regression,1389,0.7320328140773549,0.6921581335061568,0.20856623953183334,0.2523132732816936,-0.014026893391522632,0.014622556534093945,-0.3053345483859661,COMPAS,corrupt_30,6,0.9502537339457923,True,1
Trusted reference only,Random forest,1389,0.7189364146524679,0.6746597537265068,0.21406518010291598,0.23177421050786867,-0.01973266483065994,-0.0038468336488749477,-0.17095205935847868,COMPAS,corrupt_30,6,0.9502537339457923,True,1
Oracle (clean audit labels),Logistic regression,2268,0.7329165576149801,0.6785482825664291,0.2702804964181213,0.32612772072482565,0.015251313225950525,0.015506300071719159,-0.23152010094283404,COMPAS,corrupt_30,6,0.9502537339457923,True,1
Oracle (clean audit labels),Random forest,2268,0.7332386141541726,0.6876215165262476,0.25014125718898195,0.27701447548280816,0.005767831377071153,0.01045536585282969,-0.1257117943835392,COMPAS,corrupt_30,6,0.9502537339457923,True,1
Baseline (audit labels),Logistic regression,2268,0.7120059762841574,0.6344782890473104,0.667248881843973,0.6487167467479198,0.1148166499980845,0.0,0.0,COMPAS,corrupt_30,7,0.9612187413234962,True,1
Baseline (audit labels),Random forest,2268,0.7210177260373991,0.6668826960466624,0.47511450792721294,0.44012070784015,0.08558433288185907,0.0,0.0,COMPAS,corrupt_30,7,0.9612187413234962,True,1
Audit-guided reweighting,Logistic regression,2268,0.7286063900269069,0.6701231367465975,0.35243369309519723,0.39077375300344314,0.0036436029142697945,0.016600413742749454,-0.25794299374447666,COMPAS,corrupt_30,7,0.9612187413234962,True,1
Audit-guided reweighting,Random forest,2268,0.7273903446504144,0.677900194426442,0.24454383609128322,0.21377909521017907,-0.0016323725467207728,0.006372618613015302,-0.22634161262997093,COMPAS,corrupt_30,7,0.9612187413234962,True,1
Drop flagged block,Logistic regression,2268,0.7289604713422302,0.6662346079066753,0.2504736808451206,0.23462773819058558,0.03490894828833235,0.016954495058072783,-0.4140890085573342,COMPAS,corrupt_30,7,0.9612187413234962,True,1
Drop flagged block,Random forest,2268,0.7264252829270271,0.6733635774465327,0.23040576695912046,0.19626623510663765,0.03156230491141032,0.005407556889628018,-0.24385447273351235,COMPAS,corrupt_30,7,0.9612187413234962,True,1
Trusted reference only,Logistic regression,1389,0.7304063738017008,0.6694750486066104,0.2681319642863152,0.2994855958583448,-0.011556234602318582,0.01840039751754341,-0.349231150889575,COMPAS,corrupt_30,7,0.9612187413234962,True,1
Trusted reference only,Random forest,1389,0.7214858908314066,0.6772521062864549,0.22119128629169316,0.22398460916019186,-0.019311091675573877,0.000468164794007464,-0.21613609867995814,COMPAS,corrupt_30,7,0.9612187413234962,True,1
Oracle (clean audit labels),Logistic regression,2268,0.7253799402371583,0.6701231367465975,0.239290437872929,0.27197364401251745,-0.029648997618829,0.013373963953000945,-0.37674310273540235,COMPAS,corrupt_30,7,0.9612187413234962,True,1
Oracle (clean audit labels),Random forest,2268,0.730832285455455,0.6772521062864549,0.23786855398615472,0.23452039864256757,-0.03554335552243881,0.009814559418055868,-0.20560030919758243,COMPAS,corrupt_30,7,0.9612187413234962,True,1
Baseline (audit labels),Logistic regression,2268,0.693378563341726,0.6156837329876863,0.6778388167417312,0.6794362378459238,0.1484187662864559,0.0,0.0,COMPAS,corrupt_30,8,0.9280418826517672,True,1
Baseline (audit labels),Random forest,2268,0.6979460619476503,0.6396629941672067,0.5025986441271315,0.48904964472700074,0.12038452548178669,0.0,0.0,COMPAS,corrupt_30,8,0.9280418826517672,True,1
Audit-guided reweighting,Logistic regression,2268,0.7124393788337078,0.6578094620868438,0.37423504938097063,0.4363446849399847,-0.00981044483153859,0.019060815491981797,-0.2430915529059391,COMPAS,corrupt_30,8,0.9280418826517672,True,1
Audit-guided reweighting,Random forest,2268,0.7058424441102418,0.6558651976668827,0.2659402581140307,0.2622758586993697,-0.0019908238437785775,0.007896382162591475,-0.22677378602763104,COMPAS,corrupt_30,8,0.9280418826517672,True,1
Drop flagged block,Logistic regression,2268,0.7148228256645094,0.6448476992871031,0.28931963995987586,0.284295044054657,0.06711086805087274,0.021444262322783403,-0.3951411937912668,COMPAS,corrupt_30,8,0.9280418826517672,True,1
Drop flagged block,Random forest,2268,0.704809138376789,0.6558651976668827,0.2633382478675634,0.23192619012719662,0.07266450531208901,0.006863076429138748,-0.2571234545998041,COMPAS,corrupt_30,8,0.9280418826517672,True,1
Trusted reference only,Logistic regression,1389,0.7108408388110647,0.6532728451069345,0.3157487259238315,0.3537564534779564,-0.025533314305046295,0.01746227546933876,-0.32567978436796735,COMPAS,corrupt_30,8,0.9280418826517672,True,1
Trusted reference only,Random forest,1389,0.7042802345426586,0.6545690213869086,0.2451123947246178,0.2820719532255175,-0.03698200005048258,0.006334172595008347,-0.20697769150148326,COMPAS,corrupt_30,8,0.9280418826517672,True,1
Oracle (clean audit labels),Logistic regression,2268,0.7154894472701464,0.659753726506805,0.3309736836790338,0.3715248937313725,-0.0009279912384250188,0.02211088392842042,-0.3079113441145513,COMPAS,corrupt_30,8,0.9280418826517672,True,1
Oracle (clean audit labels),Random forest,2268,0.7123481302489058,0.6662346079066753,0.2551148183305395,0.2674875002035797,-0.005756526827233155,0.014402068301255455,-0.22156214452342105,COMPAS,corrupt_30,8,0.9280418826517672,True,1
Baseline (audit labels),Logistic regression,2268,0.7220117622577531,0.6409591704471809,0.6280445571186486,0.6567747352105399,0.16662916827600727,0.0,0.0,COMPAS,corrupt_30,9,0.9472152750053888,True,1
Baseline (audit labels),Random forest,2268,0.7242410648800408,0.6461438755670771,0.422789964225193,0.44959312839059673,0.14007013425347759,0.0,0.0,COMPAS,corrupt_30,9,0.9472152750053888,True,1
Audit-guided reweighting,Logistic regression,2268,0.7422511692325536,0.6921581335061568,0.3886105656723243,0.36937667910784155,0.03208211023556162,0.020239406974800533,-0.2873980561026983,COMPAS,corrupt_30,9,0.9472152750053888,True,1
Audit-guided reweighting,Random forest,2268,0.7327420933953286,0.6804925469863902,0.30297966484654487,0.2744122965641953,0.03435353937397723,0.008501028515287778,-0.17518083182640143,COMPAS,corrupt_30,9,0.9472152750053888,True,1
Drop flagged block,Logistic regression,2268,0.7493637873924153,0.6506804925469863,0.2383059418457648,0.2235210539912168,0.09122296008175712,0.027352025134662172,-0.43325368121932306,COMPAS,corrupt_30,9,0.9472152750053888,True,1
Drop flagged block,Random forest,2268,0.7214284252288148,0.6539209332469216,0.22098172257040644,0.20880694049771803,0.09313469904546878,-0.0028126396512260232,-0.2407861878928787,COMPAS,corrupt_30,9,0.9472152750053888,True,1
Trusted reference only,Logistic regression,1389,0.7417923456630086,0.6889176928062216,0.24812215886166178,0.22551883305385761,0.015930086493417317,0.01978058340525546,-0.43125590215668225,COMPAS,corrupt_30,9,0.9472152750053888,True,1
Trusted reference only,Random forest,1389,0.7372842761674416,0.6740116655865198,0.21080405896118565,0.1854185824272912,0.007150118449514076,0.013043211287400824,-0.26417454596330553,COMPAS,corrupt_30,9,0.9472152750053888,True,1
Oracle (clean audit labels),Logistic regression,2268,0.7432865071757278,0.6850291639662994,0.2752138418914921,0.27924126863922394,0.02292562771576445,0.021274744917974653,-0.3775334665713159,COMPAS,corrupt_30,9,0.9472152750053888,True,1
Oracle (clean audit labels),Random forest,2268,0.7361329530840106,0.6830848995463383,0.27802303843774373,0.2496878498234737,0.02155181538824147,0.011891888203969803,-0.19990527856712303,COMPAS,corrupt_30,9,0.9472152750053888,True,1
Baseline (audit labels),Logistic regression,2268,0.7266771327660503,0.6571613739468568,0.5990639127438953,0.5611234294161124,0.12481616451014743,0.0,0.0,COMPAS,corrupt_30,10,0.9482001213664071,True,1
Baseline (audit labels),Random forest,2268,0.7341457344678994,0.6759559300064809,0.42705073693763335,0.38255728011825574,0.08978134240833402,0.0,0.0,COMPAS,corrupt_30,10,0.9482001213664071,True,1
Audit-guided reweighting,Logistic regression,2268,0.7327948576337753,0.6662346079066753,0.23151101625128145,0.2260255191576484,0.0023597218655275753,0.006117724867724994,-0.33509791025846397,COMPAS,corrupt_30,10,0.9482001213664071,True,1
Audit-guided reweighting,Random forest,2268,0.7312513636611575,0.6863253402462735,0.21253886358670993,0.1759834747002048,0.004816903747356105,-0.0028943708067419305,-0.20657380541805093,COMPAS,corrupt_30,10,0.9482001213664071,True,1
Drop flagged block,Logistic regression,2268,0.7345701740031637,0.6746597537265068,0.2529469102398198,0.20631946475577645,0.04706746260488259,0.00789304123711343,-0.3548039646603359,COMPAS,corrupt_30,10,0.9482001213664071,True,1
Drop flagged block,Random forest,2268,0.7267052582774233,0.679196370706416,0.22187116615968938,0.18105622989178127,0.04268036268260289,-0.007440476190476164,-0.20150105022647447,COMPAS,corrupt_30,10,0.9482001213664071,True,1
Trusted reference only,Logistic regression,1389,0.729245929471445,0.6759559300064809,0.15048484950338636,0.14713732085405096,-0.017086972793940558,0.0025687967053946714,-0.4139861085620614,COMPAS,corrupt_30,10,0.9482001213664071,True,1
Trusted reference only,Random forest,1389,0.7253722794959908,0.6746597537265068,0.2103994756566896,0.17375329043579996,-0.015740920995185426,-0.008773454971908623,-0.20880398968245578,COMPAS,corrupt_30,10,0.9482001213664071,True,1
Oracle (clean audit labels),Logistic regression,2268,0.7333454358261059,0.677900194426442,0.2980185872981194,0.3138710149166423,-0.005114128752454206,0.006668303060055614,-0.24725241449947005,COMPAS,corrupt_30,10,0.9482001213664071,True,1
Oracle (clean audit labels),Random forest,2268,0.7357130925107729,0.6876215165262476,0.23669394820429224,0.20338549283416202,-0.0214740084622006,0.0015673580428734457,-0.17917178728409372,COMPAS,corrupt_30,10,0.9482001213664071,True,1
Baseline (audit labels),Logistic regression,2268,0.7249715005189458,0.6403110823071938,0.6154090427944957,0.6254658385093168,0.14782164517288077,0.0,0.0,COMPAS,corrupt_30,12,0.9574571124861753,True,1
Baseline (audit labels),Random forest,2268,0.7201529613938372,0.6552171095268956,0.4873951980106524,0.46440771960958294,0.1214597563975337,0.0,0.0,COMPAS,corrupt_30,12,0.9574571124861753,True,1
Audit-guided reweighting,Logistic regression,2268,0.7384794038078709,0.6753078418664938,0.3607574306500664,0.3622616407982262,0.029518939274837397,0.01350790328892515,-0.2632041977110906,COMPAS,corrupt_30,12,0.9574571124861753,True,1
Audit-guided reweighting,Random forest,2268,0.7302264645330339,0.679196370706416,0.3321740007056807,0.3282926829268293,0.02883670551641504,0.010073503139196638,-0.13611503668275365,COMPAS,corrupt_30,12,0.9574571124861753,True,1
Drop flagged block,Logistic regression,2268,0.7412119510659657,0.6668826960466624,0.30587395198010653,0.2608425720620843,0.07321500598413444,0.016240450547019947,-0.36462326644723253,COMPAS,corrupt_30,12,0.9574571124861753,True,1
Drop flagged block,Random forest,2268,0.7287768192877682,0.6584575502268308,0.29643967269855676,0.26997559893522627,0.07274418001851479,0.008623857893930942,-0.19443212067435667,COMPAS,corrupt_30,12,0.9574571124861753,True,1
Trusted reference only,Logistic regression,1389,0.7442201350960476,0.6863253402462735,0.30801451686072884,0.30749445676274945,0.01461369031796167,0.019248634577101797,-0.31797138174656736,COMPAS,corrupt_30,12,0.9574571124861753,True,1
Trusted reference only,Random forest,1389,0.7381272012658874,0.696046662346079,0.3252045634020533,0.3183592017738359,0.0031246063909068367,0.017974239872050157,-0.14604851783574702,COMPAS,corrupt_30,12,0.9574571124861753,True,1
Oracle (clean audit labels),Logistic regression,2268,0.7413497694519593,0.679196370706416,0.3296469916158408,0.32097560975609757,0.02385426726548523,0.01637826893301353,-0.30449022875321924,COMPAS,corrupt_30,12,0.9574571124861753,True,1
Oracle (clean audit labels),Random forest,2268,0.7342955098429551,0.6830848995463383,0.3270981400272191,0.3234146341463415,0.013970026300218708,0.014142548449117887,-0.14099308546324146,COMPAS,corrupt_30,12,0.9574571124861753,True,1
Baseline (audit labels),Logistic regression,2268,0.7204896214148098,0.6305897602073882,0.6210190116631834,0.6522078233741301,0.16458013337943656,0.0,0.0,COMPAS,corrupt_30,13,0.966417525799271,True,1
Baseline (audit labels),Random forest,2268,0.7326790978221651,0.6655865197666883,0.37821243174003905,0.3608711303095753,0.1318859611595843,0.0,0.0,COMPAS,corrupt_30,13,0.966417525799271,True,1
Audit-guided reweighting,Logistic regression,2268,0.7208742656019171,0.6636422553467272,0.567317804894492,0.6041338316746971,0.08825308034447532,0.0003846441871073747,-0.04807399169943294,COMPAS,corrupt_30,13,0.966417525799271,True,1
Audit-guided reweighting,Random forest,2268,0.7338840893463772,0.6850291639662994,0.3967572304995618,0.3760435898590534,0.061536806949070155,0.0012049915242120512,0.015172459549478101,COMPAS,corrupt_30,13,0.966417525799271,True,1
Drop flagged block,Logistic regression,2268,0.6924982469756076,0.6007777057679844,0.8044899885390683,0.8476176451338439,0.16873093661287153,-0.027991374439202188,0.19540982175971378,COMPAS,corrupt_30,13,0.966417525799271,True,1
Drop flagged block,Random forest,2268,0.6963940458441407,0.6137394685677252,0.6301018000404504,0.6843379802343086,0.14494926466756508,-0.03628505197802445,0.3234668499247333,COMPAS,corrupt_30,13,0.966417525799271,True,1
Trusted reference only,Logistic regression,1389,0.7198939335144224,0.6629941672067401,0.3187773882559159,0.3417931282928806,0.011093891634212705,-0.0005956879003873317,-0.31041469508124947,COMPAS,corrupt_30,13,0.966417525799271,True,1
Trusted reference only,Random forest,1389,0.7231531973122562,0.6688269604666235,0.2608154115822828,0.22729769892376273,-0.011486753486150802,-0.009525900509908869,-0.13357343138581257,COMPAS,corrupt_30,13,0.966417525799271,True,1
Oracle (clean audit labels),Logistic regression,2268,0.7373884361660845,0.6804925469863902,0.25436358120407204,0.24290539019228174,0.018506225374943286,0.01689881475127475,-0.40930243318184834,COMPAS,corrupt_30,13,0.966417525799271,True,1
Oracle (clean audit labels),Random forest,2268,0.7388044714035767,0.6746597537265068,0.22958437268253218,0.2087179718106903,0.0041441462807126905,0.006125373581411631,-0.152153158498885,COMPAS,corrupt_30,13,0.966417525799271,True,1
Baseline (audit labels),Logistic regression,2268,0.7097753068474355,0.6480881399870383,0.6336545444764237,0.6164208291429211,0.136983467094821,0.0,0.0,COMPAS,corrupt_30,14,0.9631719285654147,True,1
Baseline (audit labels),Random forest,2268,0.706309476100881,0.6578094620868438,0.5076155956639858,0.49653592580176564,0.11796454095921005,0.0,0.0,COMPAS,corrupt_30,14,0.9631719285654147,True,1
Audit-guided reweighting,Logistic regression,2268,0.7228082568620392,0.6811406351263772,0.40949377303171314,0.42758310171355346,0.027016651739079522,0.013032950014603695,-0.1888377274293676,COMPAS,corrupt_30,14,0.9631719285654147,True,1
Audit-guided reweighting,Random forest,2268,0.7143016036896409,0.6578094620868438,0.33062444522150786,0.3028159570901777,0.02574953382085332,0.00799212758875989,-0.19371996871158792,COMPAS,corrupt_30,14,0.9631719285654147,True,1
Drop flagged block,Logistic regression,2268,0.72513890492654,0.6578094620868438,0.2941200204427468,0.28069719718419617,0.06570946772799768,0.015363598079104479,-0.3357236319587249,COMPAS,corrupt_30,14,0.9631719285654147,True,1
Drop flagged block,Random forest,2268,0.7056896680545839,0.6364225534672715,0.25621183796433283,0.23628338361828144,0.06586148205881959,-0.0006198080462971323,-0.2602525421834842,COMPAS,corrupt_30,14,0.9631719285654147,True,1
Trusted reference only,Logistic regression,1389,0.7201337426896612,0.6681788723266364,0.310986967748877,0.3169337870483414,0.01649968082402764,0.010358435842225733,-0.29948704209457966,COMPAS,corrupt_30,14,0.9631719285654147,True,1
Trusted reference only,Random forest,1389,0.7195648777704571,0.6759559300064809,0.33791053608413807,0.3489622567992311,0.001009385415733477,0.013255401669576061,-0.14757366900253455,COMPAS,corrupt_30,14,0.9631719285654147,True,1
Oracle (clean audit labels),Logistic regression,2268,0.7259293724485983,0.6882696046662347,0.28607741345455523,0.3162064576460504,-0.0006807359178353511,0.016154065601162837,-0.3002143714968707,COMPAS,corrupt_30,14,0.9631719285654147,True,1
Oracle (clean audit labels),Random forest,2268,0.7203740244391161,0.6766040181464679,0.29340048954999065,0.28138123316968416,-0.007422442757023862,0.014064548338235117,-0.21515469263208148,COMPAS,corrupt_30,14,0.9631719285654147,True,1
Baseline (audit labels),Logistic regression,2268,0.6960142319895389,0.627349319507453,0.5703157823975262,0.5662471936665485,0.14371757397035723,0.0,0.0,COMPAS,corrupt_30,15,0.9345531583244775,True,1
Baseline (audit labels),Random forest,2268,0.7111830256831321,0.6351263771872975,0.4116800833571417,0.415609122060735,0.10723549203348026,0.0,0.0,COMPAS,corrupt_30,15,0.9345531583244775,True,1
Audit-guided reweighting,Logistic regression,2268,0.7034106766952861,0.6532728451069345,0.3270456951750332,0.3062835926163126,0.001353040181710563,0.007396444705747185,-0.2599636010502359,COMPAS,corrupt_30,15,0.9345531583244775,True,1
Audit-guided reweighting,Random forest,2268,0.7137172118545851,0.6675307841866494,0.22873300505856847,0.22213484876735867,-0.004804937273728105,0.002534186171453068,-0.19347427329337635,COMPAS,corrupt_30,15,0.9345531583244775,True,1
Drop flagged block,Logistic regression,2268,0.7041261619243595,0.6448476992871031,0.2605028317899937,0.22627318917641492,0.07455255250731685,0.008111929934820572,-0.3399740044901336,COMPAS,corrupt_30,15,0.9345531583244775,True,1
Drop flagged block,Random forest,2268,0.7124737711731255,0.6552171095268956,0.23784515066467232,0.2086937488346453,0.06489430834768783,0.0012907454899934168,-0.20691537322608972,COMPAS,corrupt_30,15,0.9345531583244775,True,1
Trusted reference only,Logistic regression,1389,0.7043719779829906,0.6526247569669476,0.28163622002251987,0.2982335249244039,-0.018873614011275075,0.008357745993451626,-0.2680136687421446,COMPAS,corrupt_30,15,0.9345531583244775,True,1
Trusted reference only,Random forest,1389,0.7029350944237768,0.6558651976668827,0.2613935431826967,0.2704920026266082,-0.034015727737453094,-0.008247931259355301,-0.1451171194341268,COMPAS,corrupt_30,15,0.9345531583244775,True,1
Oracle (clean audit labels),Logistic regression,2268,0.7030271698546728,0.6487362281270252,0.2677696922844226,0.24826311480061292,0.006087256895763504,0.007012937865133906,-0.3179840788659356,COMPAS,corrupt_30,15,0.9345531583244775,True,1
Oracle (clean audit labels),Random forest,2268,0.7100029396559588,0.6616979909267661,0.22573483689897988,0.20790738774087375,-0.00878403559340002,-0.0011800860271732327,-0.20770173431986128,COMPAS,corrupt_30,15,0.9345531583244775,True,1
Baseline (audit labels),Logistic regression,2268,0.7097557148266533,0.6377187297472456,0.687235868102288,0.7066451810926949,0.15217694328362663,0.0,0.0,COMPAS,corrupt_30,17,0.952607119245748,True,1
Baseline (audit labels),Random forest,2268,0.7202404303730969,0.6480881399870383,0.5160985868102288,0.5334341839866702,0.12861851191620888,0.0,0.0,COMPAS,corrupt_30,17,0.952607119245748,True,1
Audit-guided reweighting,Logistic regression,2268,0.7278067551110217,0.6908619572261827,0.3606594885598924,0.4030467475349365,0.027291694265152655,0.018051040284368325,-0.3035984335577584,COMPAS,corrupt_30,17,0.952607119245748,True,1
Audit-guided reweighting,Random forest,2268,0.7296130531041377,0.6837329876863253,0.341806864064603,0.302449102645953,0.03002862917003768,0.00937262273104078,-0.2309850813407172,COMPAS,corrupt_30,17,0.952607119245748,True,1
Drop flagged block,Logistic regression,2268,0.7340793338359357,0.6701231367465975,0.2504475100942126,0.23365787046889408,0.07198490834750515,0.02432361900928237,-0.47298731062380084,COMPAS,corrupt_30,17,0.952607119245748,True,1
Drop flagged block,Random forest,2268,0.7297452420507538,0.6565132858068697,0.22986877523553162,0.20456239586073838,0.07087563125774321,0.009504811677656821,-0.3288717881259318,COMPAS,corrupt_30,17,0.952607119245748,True,1
Trusted reference only,Logistic regression,1389,0.7272131840991196,0.6850291639662994,0.2613408479138627,0.2822320351847911,0.01580806511867683,0.017457469272466275,-0.4244131459079038,COMPAS,corrupt_30,17,0.952607119245748,True,1
Trusted reference only,Random forest,1389,0.7211418737058275,0.6882696046662347,0.2468236877523553,0.22820458253529113,0.01010330710666385,0.0009014433327305671,-0.30522960145137906,COMPAS,corrupt_30,17,0.952607119245748,True,1
Oracle (clean audit labels),Logistic regression,2268,0.7341893491527969,0.6992871030460143,0.2822106325706595,0.27888025821096685,0.005601086694314805,0.02443363432614354,-0.42776492288172807,COMPAS,corrupt_30,17,0.952607119245748,True,1
Oracle (clean audit labels),Random forest,2268,0.7385029729720509,0.6928062216461439,0.2738408479138627,0.26684755621763495,0.000446723862066567,0.01826254259895399,-0.26658662776903524,COMPAS,corrupt_30,17,0.952607119245748,True,1
Baseline (audit labels),Logistic regression,2268,0.7138198179911364,0.6390149060272197,0.6382524813728918,0.6209039417140607,0.13987823994961646,0.0,0.0,COMPAS,corrupt_30,18,0.9547212613112949,True,1
Baseline (audit labels),Random forest,2268,0.7184850637707635,0.6526247569669476,0.47005372945638435,0.4499322391206143,0.11155250883208723,0.0,0.0,COMPAS,corrupt_30,18,0.9547212613112949,True,1
Audit-guided reweighting,Logistic regression,2268,0.7339879562908083,0.6701231367465975,0.318394101191597,0.3443754313319531,0.02750655530148427,0.0201681382996719,-0.27652851038210763,COMPAS,corrupt_30,18,0.9547212613112949,True,1
Audit-guided reweighting,Random forest,2268,0.7243673669609932,0.6668826960466624,0.28600176184199905,0.2731440402247855,0.028250059008627537,0.005882303190229754,-0.1767881988958288,COMPAS,corrupt_30,18,0.9547212613112949,True,1
Drop flagged block,Logistic regression,2268,0.7393890185730234,0.6785482825664291,0.23692067676251444,0.19985405349055402,0.056562281726850294,0.025569200581887053,-0.4210498882235067,COMPAS,corrupt_30,18,0.9547212613112949,True,1
Drop flagged block,Random forest,2268,0.7281775432186475,0.6688269604666235,0.23755783145493187,0.20876466528640447,0.05884567441120403,0.009692479447883984,-0.24116757383420984,COMPAS,corrupt_30,18,0.9547212613112949,True,1
Trusted reference only,Logistic regression,1389,0.7332707466423087,0.6688269604666235,0.29649043763617294,0.3179039731834763,0.014193258215038251,0.019450928651172372,-0.3029999685305844,COMPAS,corrupt_30,18,0.9547212613112949,True,1
Trusted reference only,Random forest,1389,0.7195118238100071,0.679196370706416,0.22139528471904668,0.23932761510401263,0.0005363630723440593,0.0010267600392436238,-0.21060462401660168,COMPAS,corrupt_30,18,0.9547212613112949,True,1
Oracle (clean audit labels),Logistic regression,2268,0.7326228898135931,0.6681788723266364,0.246099739085994,0.27802425317953267,-0.015469697540771543,0.018803071822456774,-0.34287968853452805,COMPAS,corrupt_30,18,0.9547212613112949,True,1
Oracle (clean audit labels),Random forest,2268,0.728040529111269,0.6817887232663642,0.23872959087607926,0.2545597949324657,-0.01777538762743447,0.009555465340505553,-0.1953724441881486,COMPAS,corrupt_30,18,0.9547212613112949,True,1
Baseline (audit labels),Logistic regression,2268,0.7076619033140773,0.6228127025275437,0.691712127145307,0.723665392821138,0.1463992314448046,0.0,0.0,COMPAS,corrupt_30,19,0.9454794771071336,True,1
Baseline (audit labels),Random forest,2268,0.7064279922975575,0.6403110823071938,0.47764559731017997,0.4780554708930204,0.11429015885224725,0.0,0.0,COMPAS,corrupt_30,19,0.9454794771071336,True,1
Audit-guided reweighting,Logistic regression,2268,0.7279314888010541,0.6636422553467272,0.33827153408860744,0.358752452071279,0.011402890414473177,0.02026958548697677,-0.36491294074985897,COMPAS,corrupt_30,19,0.9454794771071336,True,1
Audit-guided reweighting,Random forest,2268,0.7126701800614845,0.6655865197666883,0.28698840082639043,0.2783739676573859,0.005681456652754435,0.006242187763927043,-0.1996815032356345,COMPAS,corrupt_30,19,0.9454794771071336,True,1
Drop flagged block,Logistic regression,2268,0.7292219857437248,0.6688269604666235,0.22833088026790177,0.1923076923076923,0.05729962139390676,0.021560082429647465,-0.5313577005134457,COMPAS,corrupt_30,19,0.9454794771071336,True,1
Drop flagged block,Random forest,2268,0.7084439714874499,0.6526247569669476,0.21758577852194938,0.20073617330551197,0.05200786327539941,0.0020159791898923807,-0.27731929758750845,COMPAS,corrupt_30,19,0.9454794771071336,True,1
Trusted reference only,Logistic regression,1389,0.7314499510151684,0.6649384316267012,0.254452651336133,0.28649259021149637,-0.000428576758841559,0.02378804770109111,-0.4371728026096416,COMPAS,corrupt_30,19,0.9454794771071336,True,1
Trusted reference only,Random forest,1389,0.7333966757879802,0.6824368114063513,0.23778981055133208,0.20781201061602622,-0.01705469483400901,0.026968683490422696,-0.2702434602769942,COMPAS,corrupt_30,19,0.9454794771071336,True,1
Oracle (clean audit labels),Logistic regression,2268,0.7307337589946286,0.6753078418664938,0.28919615971481427,0.3051283319321498,-0.006146381339417806,0.023071855680551256,-0.4185370608889882,COMPAS,corrupt_30,19,0.9454794771071336,True,1
Oracle (clean audit labels),Random forest,2268,0.7215617715617715,0.6707712248865846,0.26585265403675545,0.2637192357779866,-0.02116350561417113,0.015133779264213998,-0.2143362351150338,COMPAS,corrupt_30,19,0.9454794771071336,True,1
Baseline (audit labels),Logistic regression,2268,0.6970723789339119,0.6202203499675956,0.6678178889839816,0.6789293007200794,0.11734735301398547,0.0,0.0,COMPAS,corrupt_30,20,0.9609968589259291,True,1
Baseline (audit labels),Random forest,2268,0.6941279372928966,0.6338302009073234,0.5501472441422439,0.5509713801627292,0.08458680870667501,0.0,0.0,COMPAS,corrupt_30,20,0.9609968589259291,True,1
Audit-guided reweighting,Logistic regression,2268,0.6935551967166238,0.6409591704471809,0.5672150977471984,0.627752808988764,0.03968401423822754,-0.0035171822172881395,-0.05117649173131544,COMPAS,corrupt_30,20,0.9609968589259291,True,1
Audit-guided reweighting,Random forest,2268,0.6947301138752923,0.644199611147116,0.3649953164906701,0.379812734082397,0.009095072345892574,0.000602176582395697,-0.17115864608033216,COMPAS,corrupt_30,20,0.9609968589259291,True,1
Drop flagged block,Logistic regression,2268,0.6973221644715816,0.6221646143875567,0.6611144056660354,0.6738843194649032,0.116967636009214,0.0002497855376696334,-0.005044981255176162,COMPAS,corrupt_30,20,0.9609968589259291,True,1
Drop flagged block,Random forest,2268,0.6907798018536273,0.6331821127673364,0.514849083177778,0.5110161401467975,0.08661487469971507,-0.003348135439269262,-0.03995524001593165,COMPAS,corrupt_30,20,0.9609968589259291,True,1
Trusted reference only,Logistic regression,1389,0.7111629745504702,0.6454957874270901,0.19751437062395127,0.22172284644194756,-0.04962269378546874,0.014090595616558232,-0.45720645427813184,COMPAS,corrupt_30,20,0.9609968589259291,True,1
Trusted reference only,Random forest,1389,0.7079334241644379,0.6642903434867142,0.24035163383717562,0.2515355805243446,-0.05607643496037429,0.013805486871541373,-0.29943579963838457,COMPAS,corrupt_30,20,0.9609968589259291,True,1
Oracle (clean audit labels),Logistic regression,2268,0.7111377436880792,0.6506804925469863,0.2667662895150041,0.27408239700374537,-0.031468372359994445,0.014065364754167309,-0.40484690371633403,COMPAS,corrupt_30,20,0.9609968589259291,True,1
Oracle (clean audit labels),Random forest,2268,0.7092193571176263,0.6552171095268956,0.2856351040817289,0.3182771535580524,-0.04233773848638955,0.015091419824729724,-0.23269422660467676,COMPAS,corrupt_30,20,0.9609968589259291,True,1
Baseline (audit labels),Logistic regression,2268,0.7066568763952831,0.62799740764744,0.6396754714435111,0.6500357714713998,0.16153277602612193,0.0,0.0,COMPAS,corrupt_30,22,0.9404420738061335,True,1
Baseline (audit labels),Random forest,2268,0.7088961045560332,0.6299416720674011,0.47691360523563747,0.4636720834894787,0.13013367627560435,0.0,0.0,COMPAS,corrupt_30,22,0.9404420738061335,True,1
Audit-guided reweighting,Logistic regression,2268,0.7175616804035354,0.6701231367465975,0.3120871706642377,0.3504796897325985,0.02728475938820274,0.010904804008252333,-0.29955608173880127,COMPAS,corrupt_30,22,0.9404420738061335,True,1
Audit-guided reweighting,Random forest,2268,0.7156518999562995,0.6688269604666235,0.2915932935262963,0.29567258624209025,0.025633999290309517,0.0067557954002662735,-0.16799949724738844,COMPAS,corrupt_30,22,0.9404420738061335,True,1
Drop flagged block,Logistic regression,2268,0.7256733775758746,0.6506804925469863,0.2537563674391931,0.2502041232904675,0.08058514578204168,0.019016501180591505,-0.3998316481809323,COMPAS,corrupt_30,22,0.9404420738061335,True,1
Drop flagged block,Random forest,2268,0.7142570403569214,0.6539209332469216,0.24179907566710523,0.20263119045185607,0.07746692625891072,0.005360935800888145,-0.2610408930376226,COMPAS,corrupt_30,22,0.9404420738061335,True,1
Trusted reference only,Logistic regression,1389,0.7131984037453716,0.6707712248865846,0.2960850791080525,0.3370075525617473,0.014000202255584071,0.006541527350088505,-0.3130282189096525,COMPAS,corrupt_30,22,0.9404420738061335,True,1
Trusted reference only,Random forest,1389,0.7235264625276516,0.6766040181464679,0.27941335222480856,0.3082261686058379,-0.0003144571014104258,0.01463035797161838,-0.1554459148836408,COMPAS,corrupt_30,22,0.9404420738061335,True,1
Oracle (clean audit labels),Logistic regression,2268,0.7232647675572765,0.6727154893065457,0.2730627804203353,0.3176158399673403,0.012398715504053803,0.01660789116199346,-0.3324199315040595,COMPAS,corrupt_30,22,0.9404420738061335,True,1
Oracle (clean audit labels),Random forest,2268,0.7201007144526764,0.6740116655865198,0.2662365482575988,0.2760257195345989,0.0023374245884882905,0.01120460989664318,-0.18764636395487977,COMPAS,corrupt_30,22,0.9404420738061335,True,1
Baseline (audit labels),Logistic regression,2268,0.6888439882995452,0.626053143227479,0.6647362231182795,0.6922731356693621,0.1681005427484068,0.0,0.0,COMPAS,corrupt_30,24,0.9455770996516232,True,1
Baseline (audit labels),Random forest,2268,0.7006881625889793,0.6364225534672715,0.49380208333333336,0.5140488442375235,0.14007498171292587,0.0,0.0,COMPAS,corrupt_30,24,0.9455770996516232,True,1
Audit-guided reweighting,Logistic regression,2268,0.7082765500566424,0.6681788723266364,0.41339885752688177,0.4230289471354649,0.03574292796790912,0.019432561757097178,-0.2692441885338972,COMPAS,corrupt_30,24,0.9455770996516232,True,1
Audit-guided reweighting,Random forest,2268,0.7164947669208529,0.6753078418664938,0.3317439516129032,0.32958047979655725,0.03481089222430178,0.01580660433187364,-0.18446836444096626,COMPAS,corrupt_30,24,0.9455770996516232,True,1
Drop flagged block,Logistic regression,2268,0.7141868014811558,0.6390149060272197,0.320169690860215,0.30829861961937427,0.0861465358374689,0.02534281318161058,-0.38397451604998784,COMPAS,corrupt_30,24,0.9455770996516232,True,1
Drop flagged block,Random forest,2268,0.71674078081937,0.6422553467271549,0.2566381048387097,0.2294780691007106,0.0883921493065617,0.016052618230390725,-0.2845707751368129,COMPAS,corrupt_30,24,0.9455770996516232,True,1
Trusted reference only,Logistic regression,1389,0.7127504522935935,0.6688269604666235,0.34421202956989244,0.36546462687407955,0.01766150161213198,0.023906463994048277,-0.32680850879528256,COMPAS,corrupt_30,24,0.9455770996516232,True,1
Trusted reference only,Random forest,1389,0.7170265289214277,0.6714193130265717,0.30557291666666664,0.3148373182253482,0.012781843769954393,0.01633836633244845,-0.1992115260121753,COMPAS,corrupt_30,24,0.9455770996516232,True,1
Oracle (clean audit labels),Logistic regression,2268,0.7127538339279373,0.6629941672067401,0.33020665322580645,0.3340066472988306,0.018659739263701347,0.023909845628392157,-0.3582664883705315,COMPAS,corrupt_30,24,0.9455770996516232,True,1
Oracle (clean audit labels),Random forest,2268,0.7213693928275535,0.6740116655865198,0.27461693548387095,0.2554864358084999,0.008789596424469193,0.020681230238574266,-0.2585624084290236,COMPAS,corrupt_30,24,0.9455770996516232,True,1
Baseline (audit labels),Logistic regression,2268,0.6934091986723566,0.6189241736876215,0.6210419173382137,0.6263689375622244,0.1500799808206159,0.0,0.0,COMPAS,corrupt_30,25,0.9470189835670078,True,1
Baseline (audit labels),Random forest,2268,0.7061479712795502,0.6448476992871031,0.4281722800241318,0.4039539183615417,0.1263486103334912,0.0,0.0,COMPAS,corrupt_30,25,0.9470189835670078,True,1
Audit-guided reweighting,Logistic regression,2268,0.7117777551988078,0.6720674011665586,0.30785667822704865,0.3440031597700763,0.019501565383271746,0.018368556526451196,-0.28236577779214816,COMPAS,corrupt_30,25,0.9470189835670078,True,1
Audit-guided reweighting,Random forest,2268,0.7163593104382578,0.6675307841866494,0.22835630243037647,0.22858751554674112,0.024614219073400778,0.010211339158707644,-0.1753664028148006,COMPAS,corrupt_30,25,0.9470189835670078,True,1
Drop flagged block,Logistic regression,2268,0.715586262954684,0.6526247569669476,0.23997398071472142,0.21435174291572834,0.07259458380365247,0.022177064282327352,-0.4120171946464961,COMPAS,corrupt_30,25,0.9470189835670078,True,1
Drop flagged block,Random forest,2268,0.7148530109056426,0.6584575502268308,0.2259869296906334,0.19505049068411318,0.06840737032990851,0.00870503962609237,-0.20890342767742853,COMPAS,corrupt_30,25,0.9470189835670078,True,1
Trusted reference only,Logistic regression,1389,0.7153559574612206,0.6655865197666883,0.26494170938615386,0.2928669871256177,0.002629872368978603,0.021946758788863985,-0.33350195043660674,COMPAS,corrupt_30,25,0.9470189835670078,True,1
Trusted reference only,Random forest,1389,0.711344238975818,0.6642903434867142,0.227249134656542,0.23515916501395007,-0.008284713238489783,0.005196267696267798,-0.16879475334759164,COMPAS,corrupt_30,25,0.9470189835670078,True,1
Oracle (clean audit labels),Logistic regression,2268,0.7152594323646956,0.6746597537265068,0.23588740255406926,0.2796816699720999,0.001935182599435592,0.02185023369233896,-0.3466872675901245,COMPAS,corrupt_30,25,0.9470189835670078,True,1
Oracle (clean audit labels),Random forest,2268,0.7154490957122536,0.6649384316267012,0.23801916394508993,0.24005008571716696,-0.0027138123252423707,0.009301124432703367,-0.16390383264437475,COMPAS,corrupt_30,25,0.9470189835670078,True,1
Baseline (audit labels),Logistic regression,2268,0.7139287236994376,0.644199611147116,0.6591701780206044,0.6633890662059676,0.15746719911907114,0.0,0.0,COMPAS,corrupt_30,27,0.9224122977030342,True,1
Baseline (audit labels),Random forest,2268,0.7201777508577926,0.6461438755670771,0.5568100105508624,0.551187373722585,0.12216964320425483,0.0,0.0,COMPAS,corrupt_30,27,0.9224122977030342,True,1
Audit-guided reweighting,Logistic regression,2268,0.7316124469589818,0.6817887232663642,0.3556732727162759,0.35653747026169713,-0.002426187470371932,0.01768372325954415,-0.30685159594427047,COMPAS,corrupt_30,27,0.9224122977030342,True,1
Audit-guided reweighting,Random forest,2268,0.7262508205707789,0.6688269604666235,0.31939880244349905,0.32389968279143533,-0.0014798766816229714,0.006073069712986379,-0.22728769093114964,COMPAS,corrupt_30,27,0.9224122977030342,True,1
Drop flagged block,Logistic regression,2268,0.7313138268714089,0.6552171095268956,0.26906883597776926,0.24098764208300294,0.07604775463215563,0.017385103171971283,-0.42240142412296466,COMPAS,corrupt_30,27,0.9224122977030342,True,1
Drop flagged block,Random forest,2268,0.725091024140008,0.6675307841866494,0.2755186387371222,0.23687384351044138,0.07090327406238561,0.004913273282215469,-0.3143135302121436,COMPAS,corrupt_30,27,0.9224122977030342,True,1
Trusted reference only,Logistic regression,1389,0.7306074592421649,0.6804925469863902,0.28304032848800087,0.2809856595294739,-0.01744682300631628,0.016678735542727252,-0.3824034066764937,COMPAS,corrupt_30,27,0.9224122977030342,True,1
Trusted reference only,Random forest,1389,0.7244193404302837,0.6843810758263124,0.2856226016948583,0.25041303198519693,-0.02928311783336124,0.0042415895724911,-0.30077434173738804,COMPAS,corrupt_30,27,0.9224122977030342,True,1
Oracle (clean audit labels),Logistic regression,2268,0.7287886683405183,0.6753078418664938,0.3660998098156623,0.37368655828707376,0.023511665550057126,0.014859944641080647,-0.28970250791889385,COMPAS,corrupt_30,27,0.9224122977030342,True,1
Oracle (clean audit labels),Random forest,2268,0.7260875523642589,0.6707712248865846,0.310360006182671,0.3008607586571504,0.007993090914571122,0.005909801506466361,-0.2503266150654346,COMPAS,corrupt_30,27,0.9224122977030342,True,1
Baseline (audit labels),Logistic regression,2268,0.6986103404791929,0.6377187297472456,0.6673264993519501,0.6536807066956856,0.12364584987828964,0.0,0.0,COMPAS,corrupt_30,30,0.9525476942236305,True,1
Baseline (audit labels),Random forest,2268,0.7049920134510299,0.6461438755670771,0.50482923462775,0.4876968377928562,0.08948285063335792,0.0,0.0,COMPAS,corrupt_30,30,0.9525476942236305,True,1
Audit-guided reweighting,Logistic regression,2268,0.7195502311895754,0.6636422553467272,0.4052163813563602,0.429325513196481,0.0027387732098343998,0.02093989071038249,-0.22435519349920457,COMPAS,corrupt_30,30,0.9525476942236305,True,1
Audit-guided reweighting,Random forest,2268,0.714637242538882,0.6746597537265068,0.33927182750088375,0.3577712609970674,-0.00630651450559927,0.009645229087852036,-0.1299255767957888,COMPAS,corrupt_30,30,0.9525476942236305,True,1
Drop flagged block,Logistic regression,2268,0.7253930222782681,0.661049902786779,0.27728795300375364,0.30109970674486797,0.0367485054505875,0.02678268179907517,-0.3525809999508176,COMPAS,corrupt_30,30,0.9525476942236305,True,1
Drop flagged block,Random forest,2268,0.7105060949978983,0.6584575502268308,0.25741217660623816,0.2508797653958944,0.036359128511440075,0.005514081546868388,-0.23681707239696181,COMPAS,corrupt_30,30,0.9525476942236305,True,1
Trusted reference only,Logistic regression,1389,0.7172887767969736,0.6636422553467272,0.33463953273073105,0.3944281524926686,-0.012398512498805747,0.018678436317780656,-0.25925255420301696,COMPAS,corrupt_30,30,0.9525476942236305,True,1
Trusted reference only,Random forest,1389,0.7184791929382094,0.6701231367465975,0.2581915198033968,0.280058651026393,-0.0249576838119957,0.01348717948717948,-0.20763818676646323,COMPAS,corrupt_30,30,0.9525476942236305,True,1
Oracle (clean audit labels),Logistic regression,2268,0.7202513661202186,0.6681788723266364,0.3741604807352421,0.425366568914956,-0.013266907324057775,0.021641025641025657,-0.22831413778072956,COMPAS,corrupt_30,30,0.9525476942236305,True,1
Oracle (clean audit labels),Random forest,2268,0.7210239596469105,0.6688269604666235,0.29342187210691983,0.3142228739002933,-0.029658227961153694,0.016031946195880553,-0.17347396389256292,COMPAS,corrupt_30,30,0.9525476942236305,True,1
Baseline (audit labels),Logistic regression,2268,0.720343062734367,0.6526247569669476,0.582735531628533,0.5867033110849365,0.10241956427836585,0.0,0.0,COMPAS,corrupt_30,31,0.9558057527509988,True,1
Baseline (audit labels),Random forest,2268,0.7236503834329922,0.6616979909267661,0.4968792059219381,0.46132705143305847,0.07090839533339321,0.0,0.0,COMPAS,corrupt_30,31,0.9558057527509988,True,1
Audit-guided reweighting,Logistic regression,2268,0.7315251173946826,0.6850291639662994,0.3449411170928667,0.41004940452820315,-0.019837593251076036,0.011182054660315632,-0.1766539065567333,COMPAS,corrupt_30,31,0.9558057527509988,True,1
Audit-guided reweighting,Random forest,2268,0.7281933042802609,0.6921581335061568,0.26850605652759085,0.3140377568381102,-0.02796048072302526,0.0045429208472687055,-0.14728929459494827,COMPAS,corrupt_30,31,0.9558057527509988,True,1
Drop flagged block,Logistic regression,2268,0.732387419343941,0.6824368114063513,0.2676665545087484,0.30232463028399426,0.03349634705674576,0.012044356609574036,-0.2843786808009422,COMPAS,corrupt_30,31,0.9558057527509988,True,1
Drop flagged block,Random forest,2268,0.7200229721968852,0.6837329876863253,0.23305013458950202,0.25712439471273385,0.02447173308366213,-0.003627411236106992,-0.20420265672032462,COMPAS,corrupt_30,31,0.9558057527509988,True,1
Trusted reference only,Logistic regression,1389,0.7269593932637411,0.6701231367465975,0.2860060565275908,0.3376766784452297,-0.032121377149240904,0.006616330529374159,-0.24902663263970676,COMPAS,corrupt_30,31,0.9558057527509988,True,1
Trusted reference only,Random forest,1389,0.7247136921049964,0.6720674011665586,0.30157806191117087,0.32159566810626883,-0.042060330584965666,0.001063308672004215,-0.13973138332678964,COMPAS,corrupt_30,31,0.9558057527509988,True,1
Oracle (clean audit labels),Logistic regression,2268,0.7339017262930307,0.6869734283862605,0.2985060565275909,0.3442530427954456,-0.024316222038376578,0.013558663558663753,-0.24245026828949084,COMPAS,corrupt_30,31,0.9558057527509988,True,1
Oracle (clean audit labels),Random forest,2268,0.7376085267389615,0.6934543097861309,0.2811978465679677,0.3232970160973694,-0.03876883004875098,0.01395814330596934,-0.13803003533568908,COMPAS,corrupt_30,31,0.9558057527509988,True,1
Baseline (audit labels),Logistic regression,2268,0.6831276349789202,0.61049902786779,0.6855164872139973,0.7046611613868027,0.1706594958241957,0.0,0.0,COMPAS,corrupt_30,32,0.9365688166562409,True,1
Baseline (audit labels),Random forest,2268,0.6904647762817897,0.6169799092676604,0.5707284656796769,0.6245890282924469,0.13901226156538238,0.0,0.0,COMPAS,corrupt_30,32,0.9365688166562409,True,1
Audit-guided reweighting,Logistic regression,2268,0.7017798857609139,0.6500324044069994,0.34792395693135936,0.372351529067947,0.02447841101130044,0.01865225078199373,-0.3323096323188557,COMPAS,corrupt_30,32,0.9365688166562409,True,1
Audit-guided reweighting,Random forest,2268,0.7040136678906568,0.6578094620868438,0.2516840511440108,0.24863445012698743,0.024830962585571492,0.013548891608867075,-0.37595457816545946,COMPAS,corrupt_30,32,0.9365688166562409,True,1
Drop flagged block,Logistic regression,2268,0.7044888140894873,0.6396629941672067,0.2317176985195154,0.2041113664603103,0.08014194939412822,0.02136117911056712,-0.5005497949264923,COMPAS,corrupt_30,32,0.9365688166562409,True,1
Drop flagged block,Random forest,2268,0.7060052019583843,0.6416072585871678,0.23421433378196505,0.211242206656917,0.08168221367314077,0.015540425676594638,-0.4133468216355299,COMPAS,corrupt_30,32,0.9365688166562409,True,1
Trusted reference only,Logistic regression,1389,0.7111570107439141,0.662346079066753,0.2686944818304172,0.28817451205510913,0.0030139973748737336,0.02802937576499398,-0.41648664933169355,COMPAS,corrupt_30,32,0.9365688166562409,True,1
Trusted reference only,Random forest,1389,0.7103724670202638,0.6649384316267012,0.3003314266487215,0.3119716104790731,0.004227892318090953,0.019907690738474093,-0.31261741781337377,COMPAS,corrupt_30,32,0.9365688166562409,True,1
Oracle (clean audit labels),Logistic regression,2268,0.7067965456276348,0.6558651976668827,0.26937247644683715,0.2776154194064642,0.010811724934477462,0.02366891064871468,-0.42704574198033846,COMPAS,corrupt_30,32,0.9365688166562409,True,1
Oracle (clean audit labels),Random forest,2268,0.7114553583571331,0.6746597537265068,0.22254710632570662,0.21676582124343313,0.0003234831778157199,0.020990582075343434,-0.40782320704901376,COMPAS,corrupt_30,32,0.9365688166562409,True,1
Baseline (audit labels),Logistic regression,2268,0.7309778363435061,0.6584575502268308,0.5642688599743815,0.5277755553777635,0.10289901620225805,0.0,0.0,COMPAS,corrupt_30,33,0.9694943195131198,True,1
Baseline (audit labels),Random forest,2268,0.7385242115702031,0.6766040181464679,0.3877199487628935,0.34726869200571026,0.08143253471678413,0.0,0.0,COMPAS,corrupt_30,33,0.9694943195131198,True,1
Audit-guided reweighting,Logistic regression,2268,0.7340870652004102,0.677900194426442,0.3308079956852963,0.34550319581122046,0.008169208162719266,0.0031092288569041227,-0.18227235956654309,COMPAS,corrupt_30,33,0.9694943195131198,True,1
Audit-guided reweighting,Random forest,2268,0.738503834319366,0.6746597537265068,0.29240039102002297,0.2504200336026882,0.016690692892728398,-2.03772508371447e-05,-0.09684865840302204,COMPAS,corrupt_30,33,0.9694943195131198,True,1
Drop flagged block,Logistic regression,2268,0.736914408754067,0.6720674011665586,0.2716257668711657,0.23956583193322134,0.03930469146054638,0.005936572410560892,-0.2882097234445422,COMPAS,corrupt_30,33,0.9694943195131198,True,1
Drop flagged block,Random forest,2268,0.731647738464778,0.677900194426442,0.25435515404840553,0.21532052997858675,0.041356825116428575,-0.006876473105425052,-0.1319481620271235,COMPAS,corrupt_30,33,0.9694943195131198,True,1
Trusted reference only,Logistic regression,1389,0.7317283984160083,0.6850291639662994,0.25390851479808535,0.2892231378510281,-0.00224779868840963,0.0007505620725022366,-0.23855241752673545,COMPAS,corrupt_30,33,0.9694943195131198,True,1
Trusted reference only,Random forest,1389,0.7271961582089754,0.679196370706416,0.2651368570080226,0.28204923060511505,-0.007367345666074443,-0.011328053361227663,-0.0652194614005952,COMPAS,corrupt_30,33,0.9694943195131198,True,1
Oracle (clean audit labels),Logistic regression,2268,0.7360195078214681,0.6889176928062216,0.24295826872513993,0.26985269932705724,-0.02546795734540075,0.005041671477961973,-0.2579228560507063,COMPAS,corrupt_30,33,0.9694943195131198,True,1
Oracle (clean audit labels),Random forest,2268,0.7380487423840025,0.6830848995463383,0.2507752983213106,0.21631952778444496,-0.026051190706163463,-0.0004754691862005611,-0.1309491642212653,COMPAS,corrupt_30,33,0.9694943195131198,True,1
Baseline (audit labels),Logistic regression,2268,0.6990832758690626,0.6318859364873622,0.6672504790399032,0.6944645779752162,0.14681415662817743,0.0,0.0,COMPAS,corrupt_30,35,0.924088599053406,True,1
Baseline (audit labels),Random forest,2268,0.704958152489893,0.6338302009073234,0.45716710928833165,0.4663899929857377,0.11204053092153665,0.0,0.0,COMPAS,corrupt_30,35,0.924088599053406,True,1
Audit-guided reweighting,Logistic regression,2268,0.7208520937276058,0.6798444588464031,0.2934884190002353,0.2877669902912622,-0.008956909041530348,0.021768817858543232,-0.40669758768395403,COMPAS,corrupt_30,35,0.924088599053406,True,1
Audit-guided reweighting,Random forest,2268,0.7151910179964575,0.6701231367465975,0.2487259219417084,0.2232362459546926,-0.004638835473693037,0.010232865506564437,-0.2431537470310451,COMPAS,corrupt_30,35,0.924088599053406,True,1
Drop flagged block,Logistic regression,2268,0.7227720764207195,0.6519766688269605,0.27402427135509466,0.2452770633621697,0.05790927807558277,0.023688800551656897,-0.4491875146130465,COMPAS,corrupt_30,35,0.924088599053406,True,1
Drop flagged block,Random forest,2268,0.7197230898200354,0.659753726506805,0.23423370423908296,0.22329904138414775,0.053048144192805013,0.014764937330142391,-0.24309095160158994,COMPAS,corrupt_30,35,0.924088599053406,True,1
Trusted reference only,Logistic regression,1389,0.7196757663029516,0.679196370706416,0.21116751269035533,0.21190938511326857,-0.03278295121732466,0.020592490433889,-0.48255519286194765,COMPAS,corrupt_30,35,0.924088599053406,True,1
Trusted reference only,Random forest,1389,0.7103792303844022,0.6649384316267012,0.24586849094026286,0.22679611650485432,-0.030685567625493237,0.005421077894509185,-0.23959387648088337,COMPAS,corrupt_30,35,0.924088599053406,True,1
Oracle (clean audit labels),Logistic regression,2268,0.7190943630930651,0.6766040181464679,0.30248260328772647,0.3199029126213593,-0.00588332571008654,0.020011087224002466,-0.37456166535385693,COMPAS,corrupt_30,35,0.924088599053406,True,1
Oracle (clean audit labels),Random forest,2268,0.7152831298422099,0.6668826960466624,0.2425471476115238,0.23262135922330102,-0.015657555691948155,0.010324977352316855,-0.23376863376243667,COMPAS,corrupt_30,35,0.924088599053406,True,1
Baseline (audit labels),Logistic regression,2268,0.7025355278054715,0.61049902786779,0.7141351353180432,0.7147683594136153,0.14585119354482767,0.0,0.0,COMPAS,corrupt_30,36,0.9472497079087407,True,1
Baseline (audit labels),Random forest,2268,0.7020463340036162,0.6325340246273493,0.5353048462741011,0.532752996179544,0.11692506828388471,0.0,0.0,COMPAS,corrupt_30,36,0.9472497079087407,True,1
Audit-guided reweighting,Logistic regression,2268,0.7221269369201913,0.6772521062864549,0.34277187117207963,0.4258199847444698,0.014248613079792083,0.019591409114719793,-0.28894837466914547,COMPAS,corrupt_30,36,0.9472497079087407,True,1
Audit-guided reweighting,Random forest,2268,0.7133966440798256,0.6688269604666235,0.2969603351312575,0.3251334858886346,0.012435268245041597,0.011350310076209458,-0.20761951029090936,COMPAS,corrupt_30,36,0.9472497079087407,True,1
Drop flagged block,Logistic regression,2268,0.7281383598911776,0.6733635774465327,0.2536917225557142,0.21281464530892447,0.06545739633625458,0.02560283208570613,-0.5019537141046908,COMPAS,corrupt_30,36,0.9472497079087407,True,1
Drop flagged block,Random forest,2268,0.7027940654624105,0.6344782890473104,0.22562989381644927,0.20823798627002288,0.06253884377804264,0.0007477314587943651,-0.3245150099095211,COMPAS,corrupt_30,36,0.9472497079087407,True,1
Trusted reference only,Logistic regression,1389,0.7199876645431657,0.6668826960466624,0.27944580172302946,0.3451563691838291,-0.0046216565703199874,0.01745213673769419,-0.3696119902297862,COMPAS,corrupt_30,36,0.9472497079087407,True,1
Trusted reference only,Random forest,1389,0.7268617245982527,0.6798444588464031,0.3077174258779261,0.3882532418001526,-0.010692263188368911,0.024815390594636555,-0.1444997543793914,COMPAS,corrupt_30,36,0.9472497079087407,True,1
Oracle (clean audit labels),Logistic regression,2268,0.7240059818516703,0.6720674011665586,0.3194947314280301,0.408466819221968,0.0023824321861471986,0.02147045404619885,-0.3063015401916473,COMPAS,corrupt_30,36,0.9472497079087407,True,1
Oracle (clean audit labels),Random forest,2268,0.7182319741800302,0.6688269604666235,0.29326692067703014,0.36231884057971014,-0.008372493573638451,0.016185640176413996,-0.17043415559983383,COMPAS,corrupt_30,36,0.9472497079087407,True,1
Baseline (audit labels),Logistic regression,2268,0.7051994695358098,0.6208684381075826,0.6757515825445837,0.6777389277389277,0.17799618407551687,0.0,0.0,COMPAS,corrupt_30,38,0.9433005689090112,True,1
Baseline (audit labels),Random forest,2268,0.7165792218949434,0.6305897602073882,0.512618312445763,0.5153457653457653,0.14878918395057594,0.0,0.0,COMPAS,corrupt_30,38,0.9433005689090112,True,1
Audit-guided reweighting,Logistic regression,2268,0.725073978617793,0.6772521062864549,0.41508412208297174,0.4785931899641577,0.04126906294615984,0.019874509081983183,-0.19914573777477007,COMPAS,corrupt_30,38,0.9433005689090112,True,1
Audit-guided reweighting,Random forest,2268,0.72932689685267,0.6856772521062865,0.27369948806953104,0.2867293906810036,0.03662350973605821,0.012747674957726662,-0.22861637466476165,COMPAS,corrupt_30,38,0.9433005689090112,True,1
Drop flagged block,Logistic regression,2268,0.7325724104074619,0.6662346079066753,0.2467575494608249,0.2291756272401434,0.09556991934450487,0.027372940871652096,-0.44856330049878435,COMPAS,corrupt_30,38,0.9433005689090112,True,1
Drop flagged block,Random forest,2268,0.7243597610865651,0.6707712248865846,0.19446798920977038,0.16818100358422938,0.08540706630699291,0.007780539191621694,-0.3471647617615359,COMPAS,corrupt_30,38,0.9433005689090112,True,1
Trusted reference only,Logistic regression,1389,0.7283817092128948,0.6688269604666235,0.29705421350393196,0.3698297491039427,0.02597935799724116,0.023182239677084993,-0.30790917863498507,COMPAS,corrupt_30,38,0.9433005689090112,True,1
Trusted reference only,Random forest,1389,0.7352000150002727,0.6889176928062216,0.264246264791158,0.29206093189964155,0.0055517831140077245,0.01862079310532927,-0.2232848334461237,COMPAS,corrupt_30,38,0.9433005689090112,True,1
Oracle (clean audit labels),Logistic regression,2268,0.732271552664594,0.6843810758263124,0.3302119701586917,0.3686559139784946,0.03946774996407065,0.027072083128784175,-0.3090830137604331,COMPAS,corrupt_30,38,0.9433005689090112,True,1
Oracle (clean audit labels),Random forest,2268,0.7371807328315061,0.6850291639662994,0.2538663868203131,0.2845609318996416,0.026224224789054396,0.020601510936562706,-0.23078483344612366,COMPAS,corrupt_30,38,0.9433005689090112,True,1
Baseline (audit labels),Logistic regression,2268,0.7220147294463585,0.6448476992871031,0.6746260272267652,0.6873705293276109,0.15294499792554683,0.0,0.0,COMPAS,corrupt_30,39,0.9470762664196548,True,1
Baseline (audit labels),Random forest,2268,0.7219029374201789,0.6480881399870383,0.4854026998025437,0.4782203147353362,0.1177463765675888,0.0,0.0,COMPAS,corrupt_30,39,0.9470762664196548,True,1
Audit-guided reweighting,Logistic regression,2268,0.7386446402498721,0.6889176928062216,0.373067905449726,0.3856973595125254,0.020499770965852537,0.016629910803513615,-0.3016731698150855,COMPAS,corrupt_30,39,0.9470762664196548,True,1
Audit-guided reweighting,Random forest,2268,0.7275416594679377,0.6882696046662347,0.256080946982821,0.2833953960731212,0.015830185409939412,0.005638722047758837,-0.19482491866221502,COMPAS,corrupt_30,39,0.9470762664196548,True,1
Drop flagged block,Logistic regression,2268,0.7408118811210369,0.6655865197666883,0.2542056169079087,0.22344278943805018,0.07261367253941431,0.018797151674678436,-0.4639277398895607,COMPAS,corrupt_30,39,0.9470762664196548,True,1
Drop flagged block,Random forest,2268,0.7227659379859142,0.662346079066753,0.2021622639859258,0.19741029113067032,0.06619230421717315,0.0008630005657352946,-0.2808100236046659,COMPAS,corrupt_30,39,0.9470762664196548,True,1
Trusted reference only,Logistic regression,1389,0.7366002012256472,0.6915100453661698,0.2535816281565253,0.2623053486797563,0.005991663734861152,0.014585471779288706,-0.4250651806478546,COMPAS,corrupt_30,39,0.9470762664196548,True,1
Trusted reference only,Random forest,1389,0.7319388124976711,0.6785482825664291,0.23916933810098862,0.25492552471225455,-0.008095425033088244,0.010035875077492262,-0.22329479002308167,COMPAS,corrupt_30,39,0.9470762664196548,True,1
Oracle (clean audit labels),Logistic regression,2268,0.7398794339935838,0.6895657809462087,0.32977553224054007,0.3405044008124577,0.016213145134866602,0.01786470454722533,-0.3468661285151532,COMPAS,corrupt_30,39,0.9470762664196548,True,1
Oracle (clean audit labels),Random forest,2268,0.728852675047681,0.6824368114063513,0.25905120071582105,0.29187542315504394,0.0011694020716277453,0.006949737627502173,-0.18634489158029227,COMPAS,corrupt_30,39,0.9470762664196548,True,1
Baseline (audit labels),Logistic regression,2268,0.6818873204128852,0.6143875567077123,0.6653327269971199,0.6544384057971014,0.13957979460165204,0.0,0.0,COMPAS,corrupt_30,40,0.9657489926889076,True,1
Baseline (audit labels),Random forest,2268,0.6881383578767646,0.6364225534672715,0.4628838024017651,0.43750000000000006,0.1102857681554924,0.0,0.0,COMPAS,corrupt_30,40,0.9657489926889076,True,1
Audit-guided reweighting,Logistic regression,2268,0.70142382389707,0.662346079066753,0.3878918026712479,0.4396135265700483,0.03898093350437437,0.019536503484184786,-0.21482487922705312,COMPAS,corrupt_30,40,0.9657489926889076,True,1
Audit-guided reweighting,Random forest,2268,0.6939286766872974,0.6591056383668179,0.27620467215737793,0.3081219806763285,0.0341463312545206,0.005790318810532824,-0.12937801932367154,COMPAS,corrupt_30,40,0.9657489926889076,True,1
Drop flagged block,Logistic regression,2268,0.7035241589343848,0.6506804925469863,0.2696629781213683,0.2807971014492754,0.058865161849365855,0.021636838521499557,-0.37364130434782605,COMPAS,corrupt_30,40,0.9657489926889076,True,1
Drop flagged block,Random forest,2268,0.6959765033486793,0.6571613739468568,0.25042359321577146,0.26856884057971014,0.059022072443246754,0.007838145471914748,-0.1689311594202899,COMPAS,corrupt_30,40,0.9657489926889076,True,1
Trusted reference only,Logistic regression,1389,0.7008038862973465,0.661049902786779,0.29927239654388355,0.3360507246376812,0.029426360430461207,0.018916565884461223,-0.31838768115942023,COMPAS,corrupt_30,40,0.9657489926889076,True,1
Trusted reference only,Random forest,1389,0.6962229539518481,0.6571613739468568,0.29875364222794876,0.3090277777777778,0.023296171881126537,0.008084596075083494,-0.12847222222222227,COMPAS,corrupt_30,40,0.9657489926889076,True,1
Oracle (clean audit labels),Logistic regression,2268,0.7016474079494294,0.659753726506805,0.3400602967678911,0.4092693236714976,0.008826192437998537,0.019760087536544124,-0.24516908212560384,COMPAS,corrupt_30,40,0.9657489926889076,True,1
Oracle (clean audit labels),Random forest,2268,0.6998104617010681,0.659753726506805,0.2966634665588736,0.3606582125603865,-0.0019036712376901965,0.011672103824303504,-0.07684178743961356,COMPAS,corrupt_30,40,0.9657489926889076,True,1
Baseline (audit labels),Logistic regression,2268,0.7056295754274351,0.6299416720674011,0.7027060684594931,0.6923076923076923,0.13752235917379907,0.0,0.0,COMPAS,corrupt_30,41,0.968923700804495,True,1
Baseline (audit labels),Random forest,2268,0.7149328739697349,0.6409591704471809,0.5422150045437717,0.5598474801061007,0.10619213961114127,0.0,0.0,COMPAS,corrupt_30,41,0.968923700804495,True,1
Audit-guided reweighting,Logistic regression,2268,0.7217259333787277,0.6681788723266364,0.4219228568543637,0.4507042253521127,0.038729721386522864,0.016096357951292606,-0.2416034669555796,COMPAS,corrupt_30,41,0.968923700804495,True,1
Audit-guided reweighting,Random forest,2268,0.719594262697711,0.6740116655865198,0.34759853253003936,0.3168503776280874,0.028891424041664893,0.004661388727976057,-0.24299710247801337,COMPAS,corrupt_30,41,0.968923700804495,True,1
Drop flagged block,Logistic regression,2268,0.7246249038757957,0.6668826960466624,0.30628891656288915,0.30133700755256165,0.056632433448611685,0.018995328448360604,-0.39097068475513064,COMPAS,corrupt_30,41,0.968923700804495,True,1
Drop flagged block,Random forest,2268,0.7210187641222124,0.6552171095268956,0.2654303120056544,0.2252984084880637,0.049876382899922134,0.006085890152477513,-0.33454907161803704,COMPAS,corrupt_30,41,0.968923700804495,True,1
Trusted reference only,Logistic regression,1389,0.7185771246413339,0.6655865197666883,0.3336356904850056,0.3624209022249439,0.030456047258128005,0.012947549213898846,-0.3298867900827484,COMPAS,corrupt_30,41,0.968923700804495,True,1
Trusted reference only,Random forest,1389,0.7160262338621435,0.6759559300064809,0.24932348288512673,0.2611247193304756,0.011741467351292334,0.001093359892408552,-0.29872276077562515,COMPAS,corrupt_30,41,0.968923700804495,True,1
Oracle (clean audit labels),Logistic regression,2268,0.7239397542608006,0.6720674011665586,0.31122143313924133,0.3454786691161462,-0.010643428944318134,0.018310178833365498,-0.34682902319154607,COMPAS,corrupt_30,41,0.968923700804495,True,1
Oracle (clean audit labels),Random forest,2268,0.7197280743654109,0.6798444588464031,0.2838224899868736,0.29352929169218206,-0.022801804165326955,0.004795200395675936,-0.2663181884139187,COMPAS,corrupt_30,41,0.968923700804495,True,1
Baseline (audit labels),Logistic regression,2268,0.7269835075335958,0.6629941672067401,0.6280432274907413,0.6101414249910491,0.13218032418310377,0.0,0.0,COMPAS,corrupt_30,42,0.9606266027662395,True,1
Baseline (audit labels),Random forest,2268,0.7314171304465862,0.6740116655865198,0.4569984956725288,0.4379699248120301,0.10078357513017111,0.0,0.0,COMPAS,corrupt_30,42,0.9606266027662395,True,1
Audit-guided reweighting,Logistic regression,2268,0.740522770462875,0.6882696046662347,0.3646054681966284,0.35718654968716135,0.018563345580739354,0.013539262929279205,-0.2529548753038877,COMPAS,corrupt_30,42,0.9606266027662395,True,1
Audit-guided reweighting,Random forest,2268,0.7377248201438849,0.6843810758263124,0.308677203704828,0.28994372400293617,0.020281840860778777,0.0063076896972986685,-0.14802620080909396,COMPAS,corrupt_30,42,0.9606266027662395,True,1
Drop flagged block,Logistic regression,2268,0.7430670557893309,0.662346079066753,0.284771551346137,0.28184312628893005,0.05446009035546151,0.016083548255735103,-0.328298298702119,COMPAS,corrupt_30,42,0.9606266027662395,True,1
Drop flagged block,Random forest,2268,0.7333395547712773,0.6733635774465327,0.27722461700362255,0.23576799140708915,0.05606254897971941,0.001922424324691141,-0.20220193340494097,COMPAS,corrupt_30,42,0.9606266027662395,True,1
Trusted reference only,Logistic regression,1389,0.7368085720103164,0.6785482825664291,0.28708032299192515,0.30054353525114474,0.003598937920665235,0.009825064476720602,-0.3095978897399043,COMPAS,corrupt_30,42,0.9606266027662395,True,1
Trusted reference only,Random forest,1389,0.7357956087959822,0.6817887232663642,0.24169921545612155,0.20404418190080043,-0.006291185269380661,0.004378478349395976,-0.2339257429112297,COMPAS,corrupt_30,42,0.9606266027662395,True,1
Oracle (clean audit labels),Logistic regression,2268,0.7395386520971902,0.6850291639662994,0.3459312326715642,0.3434933063022126,0.007840867772368365,0.012555144563594411,-0.2666481186888365,COMPAS,corrupt_30,42,0.9606266027662395,True,1
Oracle (clean audit labels),Random forest,2268,0.7363937152165061,0.6902138690861958,0.30105269193666984,0.2711297144255304,-0.003067099387930816,0.004976584769919912,-0.1668402103864997,COMPAS,corrupt_30,42,0.9606266027662395,True,1
Baseline (audit labels),Logistic regression,2268,0.7163131951380255,0.6403110823071938,0.6903012094859264,0.6717391304347826,0.1399217397740412,0.0,0.0,COMPAS,corrupt_30,43,0.9628825505812272,True,1
Baseline (audit labels),Random forest,2268,0.7297938620628741,0.6604018146467919,0.5259916538398062,0.4943811374258258,0.10940640280534009,0.0,0.0,COMPAS,corrupt_30,43,0.9628825505812272,True,1
Audit-guided reweighting,Logistic regression,2268,0.7409220154501539,0.6804925469863902,0.37205754067826863,0.395849743562814,0.04051575318345357,0.02460882031212841,-0.2758893868719686,COMPAS,corrupt_30,43,0.9628825505812272,True,1
Audit-guided reweighting,Random forest,2268,0.7419462505860052,0.6830848995463383,0.2816155444707531,0.28824239878170455,0.03436915196593637,0.012152388523131052,-0.20613873864412124,COMPAS,corrupt_30,43,0.9628825505812272,True,1
Drop flagged block,Logistic regression,2268,0.7431980935298235,0.6785482825664291,0.2632913779921388,0.26060319627509676,0.0514114439622142,0.026884898391797973,-0.41113593415968586,COMPAS,corrupt_30,43,0.9628825505812272,True,1
Drop flagged block,Random forest,2268,0.7405619195151614,0.6817887232663642,0.21407328319350094,0.16912156166814557,0.04915767561832385,0.01076805745228726,-0.3252595757576802,COMPAS,corrupt_30,43,0.9628825505812272,True,1
Trusted reference only,Logistic regression,1389,0.7365193330751514,0.6804925469863902,0.30583220782545145,0.3291148103415078,0.028526698912474613,0.02020613793712589,-0.3426243200932748,COMPAS,corrupt_30,43,0.9628825505812272,True,1
Trusted reference only,Random forest,1389,0.7435862157993791,0.6766040181464679,0.24036469823477707,0.2226539935934464,0.019776288068117376,0.013792353736505003,-0.2717271438323794,COMPAS,corrupt_30,43,0.9628825505812272,True,1
Oracle (clean audit labels),Logistic regression,2268,0.7406162736185565,0.6876215165262476,0.3311755017632021,0.38647622048346725,0.00021228886247959267,0.024303078480531037,-0.28526290995131537,COMPAS,corrupt_30,43,0.9628825505812272,True,1
Oracle (clean audit labels),Random forest,2268,0.7453357385024085,0.6876215165262476,0.2761743734485673,0.2807418298937492,-0.011820121456985855,0.015541876439534419,-0.2136393075320766,COMPAS,corrupt_30,43,0.9628825505812272,True,1
Baseline (audit labels),Logistic regression,2268,0.7008474719338229,0.6247569669475048,0.6951912898835627,0.6894979893321241,0.12088680401397955,0.0,0.0,COMPAS,corrupt_30,44,0.9812645202185515,True,0
Baseline (audit labels),Random forest,2268,0.6994766607579979,0.6474400518470512,0.47057647394861973,0.4603116833526246,0.09632615445598114,0.0,0.0,COMPAS,corrupt_30,44,0.9812645202185515,True,0
Audit-guided reweighting,Logistic regression,2268,0.7008694184181649,0.6396629941672067,0.6642152662264563,0.707033239938869,0.06554775177536054,2.1946484341950345e-05,0.01753525060674488,COMPAS,corrupt_30,44,0.9812645202185515,True,0
Audit-guided reweighting,Random forest,2268,0.701256858276357,0.6467919637070642,0.4940655611001899,0.5060494141619969,0.04808688142262929,0.0017801975183591168,0.04573773080937227,COMPAS,corrupt_30,44,0.9812645202185515,True,0
Drop flagged block,Logistic regression,2268,0.7021802988098252,0.62799740764744,0.6938622578422972,0.6965800746989965,0.12165711937054402,0.0013328268760023354,0.0070820853668723815,COMPAS,corrupt_30,44,0.9812645202185515,True,0
Drop flagged block,Random forest,2268,0.6984890689626067,0.6448476992871031,0.4551304669254163,0.43725761607579683,0.09522804045926059,-0.0009875917953912072,-0.023054067276827794,COMPAS,corrupt_30,44,0.9812645202185515,True,0
Trusted reference only,Logistic regression,1389,0.7151751498269605,0.6668826960466624,0.2703462876153032,0.28438614365766685,-0.0013966811325478723,0.014327677893137603,-0.4051118456744573,COMPAS,corrupt_30,44,0.9812645202185515,True,0
Trusted reference only,Random forest,1389,0.7125626740947075,0.659753726506805,0.24568442629836856,0.23476502801833926,-0.002541445513794427,0.013086013336709668,-0.22554665533428536,COMPAS,corrupt_30,44,0.9812645202185515,True,0
Oracle (clean audit labels),Logistic regression,2268,0.7234135224107369,0.6759559300064809,0.2920913352487524,0.3220835455934794,-0.016543503332751897,0.022566050476913957,-0.36741444373864474,COMPAS,corrupt_30,44,0.9812645202185515,True,0
Oracle (clean audit labels),Random forest,2268,0.7112914661939731,0.6629941672067401,0.24243997513315524,0.249872643912379,-0.020252507287709776,0.01181480543597524,-0.2104390394402456,COMPAS,corrupt_30,44,0.9812645202185515,True,0
Baseline (audit labels),Logistic regression,2268,0.7186178902868308,0.6474400518470512,0.5944157472164435,0.5674763832658569,0.07626354161324578,0.0,0.0,COMPAS,corrupt_30,45,0.9583899412304463,True,1
Baseline (audit labels),Random forest,2268,0.7109460529196773,0.6539209332469216,0.45987074484710183,0.4188644120384735,0.05256689275093285,0.0,0.0,COMPAS,corrupt_30,45,0.9583899412304463,True,1
Audit-guided reweighting,Logistic regression,2268,0.7243073450895188,0.6662346079066753,0.3166398365322247,0.32688488985417313,-0.03923555701311021,0.00568945480268801,-0.2405914934116838,COMPAS,corrupt_30,45,0.9583899412304463,True,1
Audit-guided reweighting,Random forest,2268,0.7120113519613291,0.6636422553467272,0.28794223511263617,0.2768461061123177,-0.039068237782144966,0.0010652990416518682,-0.14201830592615583,COMPAS,corrupt_30,45,0.9583899412304463,True,1
Drop flagged block,Logistic regression,2268,0.7238155390497365,0.6688269604666235,0.25042429701126867,0.19646873594242015,0.009188263367343352,0.005197648762905738,-0.3710076473234368,COMPAS,corrupt_30,45,0.9583899412304463,True,1
Drop flagged block,Random forest,2268,0.7028312532632677,0.6532728451069345,0.23081085259333695,0.19259230530561589,0.007008403772393645,-0.0081147996564096,-0.22627210673285764,COMPAS,corrupt_30,45,0.9583899412304463,True,1
Trusted reference only,Logistic regression,1389,0.7210971316928569,0.6545690213869086,0.2442522458334874,0.25867980142724173,-0.05309673126828374,0.002479241406026178,-0.3087965818386152,COMPAS,corrupt_30,45,0.9583899412304463,True,1
Trusted reference only,Random forest,1389,0.7174869048220572,0.6604018146467919,0.23722319871215353,0.21316320198572758,-0.06226147990561903,0.006540851902379963,-0.20570121005274594,COMPAS,corrupt_30,45,0.9583899412304463,True,1
Oracle (clean audit labels),Logistic regression,2268,0.7250736866926044,0.6662346079066753,0.22389775198201317,0.2086487744337574,-0.05438074399063153,0.0064557964057736505,-0.3588276088320995,COMPAS,corrupt_30,45,0.9583899412304463,True,1
Oracle (clean audit labels),Random forest,2268,0.713405925252219,0.6649384316267012,0.25767515484740433,0.253001861619609,-0.054953401423468495,0.002459872332541746,-0.1658625504188645,COMPAS,corrupt_30,45,0.9583899412304463,True,1
Baseline (audit labels),Logistic regression,2268,0.7005129272560509,0.6292935839274141,0.6717642670645281,0.6492301618634031,0.14291754541239932,0.0,0.0,COMPAS,corrupt_30,46,0.9467031739150517,True,1
Baseline (audit labels),Random forest,2268,0.7069063260464156,0.6500324044069994,0.46164366529901774,0.438138419845737,0.11306077363594524,0.0,0.0,COMPAS,corrupt_30,46,0.9467031739150517,True,1
Audit-guided reweighting,Logistic regression,2268,0.7202194198219054,0.6675307841866494,0.3799106827827455,0.4447789182787209,0.007165951172638296,0.01970649256585455,-0.2044512435846822,COMPAS,corrupt_30,46,0.9467031739150517,True,1
Audit-guided reweighting,Random forest,2268,0.7189028331996441,0.6668826960466624,0.24320459960146645,0.25029609159099886,0.006974289040979964,0.01199650715322853,-0.18784232825473812,COMPAS,corrupt_30,46,0.9467031739150517,True,1
Drop flagged block,Logistic regression,2268,0.7257286071596589,0.6629941672067401,0.2694671545846481,0.2284017633899198,0.06135231928862728,0.025215679903608068,-0.4208283984734833,COMPAS,corrupt_30,46,0.9467031739150517,True,1
Drop flagged block,Random forest,2268,0.716801032962049,0.661049902786779,0.20149634901593122,0.18017173312277923,0.05507830973637573,0.009894706915633433,-0.25796668672295775,COMPAS,corrupt_30,46,0.9467031739150517,True,1
Trusted reference only,Logistic regression,1389,0.7215715441293437,0.6772521062864549,0.2877388765117224,0.34218318199763126,-0.005878528746390166,0.0210586168732928,-0.30704697986577184,COMPAS,corrupt_30,46,0.9467031739150517,True,1
Trusted reference only,Random forest,1389,0.7209445578265828,0.6688269604666235,0.2580084747186575,0.2978023424134755,-0.02106434834258475,0.014038231780167276,-0.1403360774322615,COMPAS,corrupt_30,46,0.9467031739150517,True,1
Oracle (clean audit labels),Logistic regression,2268,0.7198606584286928,0.6636422553467272,0.28374850045868316,0.3531550203974207,-0.0055308900755938195,0.01934773117264199,-0.2960751414659824,COMPAS,corrupt_30,46,0.9467031739150517,True,1
Oracle (clean audit labels),Random forest,2268,0.7188867566277783,0.6681788723266364,0.2406121152857445,0.2527470719831557,-0.018230388701676703,0.011980430581362778,-0.18539134786258127,COMPAS,corrupt_30,46,0.9467031739150517,True,1
Baseline (audit labels),Logistic regression,2268,0.7085263835263835,0.6325340246273493,0.6835187108614761,0.6850572449458243,0.13745313331096298,0.0,0.0,COMPAS,corrupt_30,47,0.9502000255863552,True,1
Baseline (audit labels),Random forest,2268,0.7170984894669106,0.6390149060272197,0.5725442939687597,0.6093445062804395,0.10788235166967741,0.0,0.0,COMPAS,corrupt_30,47,0.9502000255863552,True,1
Audit-guided reweighting,Logistic regression,2268,0.7286357786357787,0.6837329876863253,0.4093885398704542,0.44305956009555975,0.011127125417640715,0.020109395109395134,-0.24199768485026457,COMPAS,corrupt_30,47,0.9502000255863552,True,1
Audit-guided reweighting,Random forest,2268,0.724376820429452,0.6753078418664938,0.32576529154523853,0.3274487190048604,0.009395409546683942,0.0072783309625413795,-0.28189578727557907,COMPAS,corrupt_30,47,0.9502000255863552,True,1
Drop flagged block,Logistic regression,2268,0.7391460069091648,0.6649384316267012,0.25709157280143596,0.21739759901319788,0.0612597885402032,0.030619623382781236,-0.46765964593262643,COMPAS,corrupt_30,47,0.9502000255863552,True,1
Drop flagged block,Random forest,2268,0.7196420104314841,0.6649384316267012,0.2296967069018256,0.1873418307958698,0.056137550673716397,0.0025435209645735535,-0.42200267548456966,COMPAS,corrupt_30,47,0.9502000255863552,True,1
Trusted reference only,Logistic regression,1389,0.7309659283343494,0.6902138690861958,0.28275703274946973,0.29291539665540817,0.0025112957554468407,0.02243954480796584,-0.39214184829041615,COMPAS,corrupt_30,47,0.9502000255863552,True,1
Trusted reference only,Random forest,1389,0.7392052767052767,0.6934543097861309,0.2894595312284664,0.31050333635390065,-0.0009029196079209934,0.02210678723836612,-0.2988411699265388,COMPAS,corrupt_30,47,0.9502000255863552,True,1
Oracle (clean audit labels),Logistic regression,2268,0.7304138725191357,0.6811406351263772,0.3709769042793134,0.3994562978828569,0.009326424992152305,0.02188748899275217,-0.2856009470629674,COMPAS,corrupt_30,47,0.9502000255863552,True,1
Oracle (clean audit labels),Random forest,2268,0.7303901646006908,0.6714193130265717,0.24679748975633695,0.23065326633165828,-0.007625693441637327,0.013291675133780267,-0.3786912399487812,COMPAS,corrupt_30,47,0.9502000255863552,True,1
Baseline (audit labels),Logistic regression,2268,0.7271188330579517,0.644199611147116,0.6530772720399214,0.6585616438356164,0.13459612978076452,0.0,0.0,COMPAS,corrupt_30,50,0.9422506747824397,True,1
Baseline (audit labels),Random forest,2268,0.7362199403283629,0.6759559300064809,0.3953710704504595,0.3543457723193198,0.10014194604188631,0.0,0.0,COMPAS,corrupt_30,50,0.9422506747824397,True,1
Audit-guided reweighting,Logistic regression,2268,0.7531525275972875,0.6882696046662347,0.3106944234420418,0.33954614561630725,-0.005566013004590031,0.026033694539335794,-0.3190154982193092,COMPAS,corrupt_30,50,0.9422506747824397,True,1
Audit-guided reweighting,Random forest,2268,0.7418897595226269,0.6856772521062865,0.19893139775190277,0.17664282898811878,0.001903859898998661,0.005669819194264014,-0.177702943331201,COMPAS,corrupt_30,50,0.9422506747824397,True,1
Drop flagged block,Logistic regression,2268,0.7556563035346828,0.677900194426442,0.261604247525917,0.2385832535615744,0.05277591579772778,0.028537470476731164,-0.41997839027404205,COMPAS,corrupt_30,50,0.9422506747824397,True,1
Drop flagged block,Random forest,2268,0.7375875561322238,0.677900194426442,0.1919770821782012,0.15147249282054176,0.0523972340546891,0.001367615803860911,-0.20287327949877804,COMPAS,corrupt_30,50,0.9422506747824397,True,1
Trusted reference only,Logistic regression,1389,0.7615009815747771,0.6999351911860013,0.19714703362064617,0.2113294667492539,-0.024142121649100456,0.03438214851682542,-0.44723217708636254,COMPAS,corrupt_30,50,0.9422506747824397,True,1
Trusted reference only,Random forest,1389,0.7467266761952067,0.6798444588464031,0.17793235546146474,0.18858043808773017,-0.02742642734713796,0.010506735866843808,-0.16576533423158962,COMPAS,corrupt_30,50,0.9422506747824397,True,1
Oracle (clean audit labels),Logistic regression,2268,0.7520535355276007,0.6843810758263124,0.31620713409614065,0.35339827693000725,-0.009834032811160132,0.024934702469649017,-0.3051633669056092,COMPAS,corrupt_30,50,0.9422506747824397,True,1
Oracle (clean audit labels),Random forest,2268,0.743246393853078,0.6895657809462087,0.23023841927516503,0.21955065037445803,-0.016260363941780875,0.007026453524715093,-0.13479512194486176,COMPAS,corrupt_30,50,0.9422506747824397,True,1
Baseline (audit labels),Logistic regression,2268,0.7007507370442497,0.626701231367466,0.6134868365758623,0.6231287272132564,0.1554250350204195,0.0,0.0,COMPAS,corrupt_30,51,0.9536730662855203,True,0
Baseline (audit labels),Random forest,2268,0.704133364437953,0.6409591704471809,0.4938242344168659,0.4930931562377707,0.12744164950657189,0.0,0.0,COMPAS,corrupt_30,51,0.9536730662855203,True,0
Audit-guided reweighting,Logistic regression,2268,0.7034994387644704,0.6532728451069345,0.5903957936211772,0.6277868318122556,0.07821611368295267,0.002748701720220681,0.00465810459899918,COMPAS,corrupt_30,51,0.9536730662855203,True,0
Audit-guided reweighting,Random forest,2268,0.7058196067294168,0.6532728451069345,0.4631286287245381,0.4611880704041721,0.05438523867486855,0.0016862422914637465,-0.031905085833598634,COMPAS,corrupt_30,51,0.9536730662855203,True,0
Drop flagged block,Logistic regression,2268,0.7016213283024991,0.6292935839274141,0.6082994624360822,0.6177667969183502,0.15587628187452096,0.000870591258249398,-0.00536193029490617,COMPAS,corrupt_30,51,0.9536730662855203,True,0
Drop flagged block,Random forest,2268,0.7056108338742832,0.6390149060272197,0.4742244993326677,0.4746593305180279,0.12807712935491322,0.0014774694363302032,-0.018433825719742836,COMPAS,corrupt_30,51,0.9536730662855203,True,0
Trusted reference only,Logistic regression,1389,0.7095918871037541,0.6707712248865846,0.37048878310186817,0.4107073011734028,0.013305589763326409,0.008841150059504366,-0.2124214260398536,COMPAS,corrupt_30,51,0.9536730662855203,True,0
Trusted reference only,Random forest,1389,0.7098640525262361,0.6668826960466624,0.2803568967198179,0.29014830508474576,-0.008419153985906758,0.005730688088283031,-0.20294485115302496,COMPAS,corrupt_30,51,0.9536730662855203,True,0
Oracle (clean audit labels),Logistic regression,2268,0.7178109447690144,0.6714193130265717,0.22780909925265508,0.24583604954367666,-0.0058612382141806085,0.017060207724764687,-0.37729267766957975,COMPAS,corrupt_30,51,0.9536730662855203,True,0
Oracle (clean audit labels),Random forest,2268,0.7196434125824949,0.6655865197666883,0.24982602293471573,0.2420143415906128,-0.009708502675673691,0.015510048144541821,-0.2510788146471579,COMPAS,corrupt_30,51,0.9536730662855203,True,0
Baseline (audit labels),Logistic regression,2268,0.7055276526179974,0.6312378483473753,0.654518367058681,0.6570921860454154,0.14783443449591183,0.0,0.0,COMPAS,corrupt_30,52,0.948538020818462,True,1
Baseline (audit labels),Random forest,2268,0.7063273053981206,0.6383668178872327,0.49430979341052556,0.4896124250244517,0.12306104754302238,0.0,0.0,COMPAS,corrupt_30,52,0.948538020818462,True,1
Audit-guided reweighting,Logistic regression,2268,0.7262865374612417,0.6804925469863902,0.38414275288966315,0.4303846153846154,0.01778649241519048,0.020758884843244285,-0.2267075706608,COMPAS,corrupt_30,52,0.948538020818462,True,1
Audit-guided reweighting,Random forest,2268,0.7153100997750502,0.6694750486066104,0.26796602018476356,0.2893589743589744,0.02570393714614727,0.008982794376929615,-0.20025345066547728,COMPAS,corrupt_30,52,0.948538020818462,True,1
Drop flagged block,Logistic regression,2268,0.7289269960076469,0.6707712248865846,0.2450050949544817,0.23041666666666671,0.06714048498254277,0.02339934338964944,-0.4266755193787487,COMPAS,corrupt_30,52,0.948538020818462,True,1
Drop flagged block,Random forest,2268,0.7081318016928658,0.6532728451069345,0.25999401384885973,0.23250000000000004,0.07015469810072139,0.001804496294745217,-0.25711242502445164,COMPAS,corrupt_30,52,0.948538020818462,True,1
Trusted reference only,Logistic regression,1389,0.7233733356751535,0.6740116655865198,0.31310597169021337,0.34060897435897436,0.0016890298010201477,0.01784568305715606,-0.31648321168644106,COMPAS,corrupt_30,52,0.948538020818462,True,1
Trusted reference only,Random forest,1389,0.7134507170698425,0.6688269604666235,0.263960679730825,0.28028846153846154,-0.012837354663937983,0.007123411671721924,-0.20932396348599014,COMPAS,corrupt_30,52,0.948538020818462,True,1
Oracle (clean audit labels),Logistic regression,2268,0.7239745529712969,0.6707712248865846,0.2495771019629867,0.27602564102564103,-0.003384445289866256,0.018446900353299434,-0.3810665450197744,COMPAS,corrupt_30,52,0.948538020818462,True,1
Oracle (clean audit labels),Random forest,2268,0.7159864692332114,0.6694750486066104,0.2443123156652195,0.2702884615384616,-0.0029708791690158387,0.0096591638350908,-0.2193239634859901,COMPAS,corrupt_30,52,0.948538020818462,True,1
Baseline (audit labels),Logistic regression,2268,0.7088625279414753,0.626701231367466,0.6174059722979017,0.6214233308877476,0.1413477276871109,0.0,0.0,COMPAS,corrupt_30,53,0.9404454065114435,True,1
Baseline (audit labels),Random forest,2268,0.7098777348777349,0.6364225534672715,0.4805520238407566,0.49142516507703593,0.10797354318497654,0.0,0.0,COMPAS,corrupt_30,53,0.9404454065114435,True,1
Audit-guided reweighting,Logistic regression,2268,0.7217985842985843,0.6694750486066104,0.29081316892360065,0.34947837792360764,0.0018405005062716029,0.012936056357109038,-0.27194495296413995,COMPAS,corrupt_30,53,0.9404454065114435,True,1
Audit-guided reweighting,Random forest,2268,0.7154423220212695,0.6830848995463383,0.2427650299691227,0.2573784284031634,0.0022624270687318093,0.005564587143534583,-0.23404673667387255,COMPAS,corrupt_30,53,0.9404454065114435,True,1
Drop flagged block,Logistic regression,2268,0.726745072139809,0.6506804925469863,0.25112342165983864,0.22686353693420835,0.06312190609002155,0.017882544198333683,-0.39455979395353924,COMPAS,corrupt_30,53,0.9404454065114435,True,1
Drop flagged block,Random forest,2268,0.7162441576915262,0.6636422553467272,0.22344486825022036,0.1861601884570082,0.057467782964791825,0.006366422813791295,-0.3052649766200277,COMPAS,corrupt_30,53,0.9404454065114435,True,1
Trusted reference only,Logistic regression,1389,0.723034782903204,0.6733635774465327,0.20563325328113125,0.2566969544001346,-0.014008321407381397,0.014172254961728692,-0.36472637648761297,COMPAS,corrupt_30,53,0.9404454065114435,True,1
Trusted reference only,Random forest,1389,0.7268585314637945,0.677900194426442,0.18967158415908192,0.2310365135453475,-0.027926057744514454,0.016980796586059665,-0.26038865153168844,COMPAS,corrupt_30,53,0.9404454065114435,True,1
Oracle (clean audit labels),Logistic regression,2268,0.7273343832554359,0.6869734283862605,0.2252191344944266,0.2899545683997981,-0.01563133955768925,0.01847185531396056,-0.3314687624879495,COMPAS,corrupt_30,53,0.9404454065114435,True,1
Oracle (clean audit labels),Random forest,2268,0.7257425658741448,0.6837329876863253,0.20295587710977914,0.23080935554433785,-0.026461025088369783,0.015864830996409895,-0.2606158095326981,COMPAS,corrupt_30,53,0.9404454065114435,True,1
Baseline (audit labels),Logistic regression,2268,0.7050603885519908,0.6215165262475697,0.6349213581746996,0.6452430260917037,0.1344409613910238,0.0,0.0,COMPAS,corrupt_30,54,0.9663476921936196,True,1
Baseline (audit labels),Random forest,2268,0.7110671850059562,0.6616979909267661,0.39518698528419066,0.38869933124061695,0.10339898972269246,0.0,0.0,COMPAS,corrupt_30,54,0.9663476921936196,True,1
Audit-guided reweighting,Logistic regression,2268,0.7230824652162615,0.6720674011665586,0.3792358579721885,0.4236671792900166,0.026930973743242603,0.018022076664270692,-0.22157584680168707,COMPAS,corrupt_30,54,0.9663476921936196,True,1
Audit-guided reweighting,Random forest,2268,0.7141473554909882,0.679196370706416,0.2584092750101256,0.24242278610790724,0.021944439965798868,0.0030801704850319522,-0.1462765451327097,COMPAS,corrupt_30,54,0.9663476921936196,True,1
Drop flagged block,Logistic regression,2268,0.7279132119150544,0.659753726506805,0.2637741325772918,0.24039632192746374,0.05504146417734124,0.0228528233630636,-0.40484670416423996,COMPAS,corrupt_30,54,0.9663476921936196,True,1
Drop flagged block,Random forest,2268,0.7130463906914903,0.6655865197666883,0.20683643850411765,0.1883970908624888,0.051186015720334654,0.0019792056855341134,-0.20030224037812816,COMPAS,corrupt_30,54,0.9663476921936196,True,1
Trusted reference only,Logistic regression,1389,0.7272197306390489,0.6843810758263124,0.3403520318617524,0.37400679225938743,0.015392549256382893,0.022159342087058054,-0.27123623383231626,COMPAS,corrupt_30,54,0.9663476921936196,True,1
Trusted reference only,Random forest,1389,0.7279275539852396,0.6824368114063513,0.2504286485756717,0.26774157375368446,-0.003924563813672788,0.016860368979283336,-0.1209577574869325,COMPAS,corrupt_30,54,0.9663476921936196,True,1
Oracle (clean audit labels),Logistic regression,2268,0.7288294171045215,0.6798444588464031,0.32976407452409884,0.36240868896578243,0.011536195857412834,0.023769028552530713,-0.28283433712592126,COMPAS,corrupt_30,54,0.9663476921936196,True,1
Oracle (clean audit labels),Random forest,2268,0.7185706186662886,0.6766040181464679,0.2459143377885784,0.2365516468025119,-0.0039994251808272985,0.007503433660332348,-0.15214768443810506,COMPAS,corrupt_30,54,0.9663476921936196,True,1
Baseline (audit labels),Logistic regression,2268,0.6990400534679532,0.6318859364873622,0.6137078719670842,0.6059026598754952,0.1397318986475492,0.0,0.0,COMPAS,corrupt_30,56,0.9558016259815659,True,1
Baseline (audit labels),Random forest,2268,0.7010128716633418,0.6370706416072586,0.5124089873136887,0.5025523486134692,0.11587422524840751,0.0,0.0,COMPAS,corrupt_30,56,0.9558016259815659,True,1
Audit-guided reweighting,Logistic regression,2268,0.7154705926257651,0.661049902786779,0.37345118761891316,0.39708442310165937,0.02603311404105202,0.016430539157811896,-0.20881823677383582,COMPAS,corrupt_30,56,0.9558016259815659,True,1
Audit-guided reweighting,Random forest,2268,0.7112035039151027,0.6629941672067401,0.32927936104556177,0.33325043948034133,0.02545773003100893,0.010190632251760867,-0.16930190913312787,COMPAS,corrupt_30,56,0.9558016259815659,True,1
Drop flagged block,Logistic regression,2268,0.714004973605287,0.6493843162670123,0.32254963258775204,0.31393903014191993,0.06409443119283187,0.01496492013733386,-0.29196362973357526,COMPAS,corrupt_30,56,0.9558016259815659,True,1
Drop flagged block,Random forest,2268,0.7012342412028932,0.6487362281270252,0.29186583570319274,0.26893624319341425,0.06651121235396507,0.00022136953955143035,-0.23361610542005495,COMPAS,corrupt_30,56,0.9558016259815659,True,1
Trusted reference only,Logistic regression,1389,0.7277485445588894,0.6798444588464031,0.3169493690459383,0.3524503708785319,0.012789563028558937,0.028708491090936206,-0.25345228899696326,COMPAS,corrupt_30,56,0.9558016259815659,True,1
Trusted reference only,Random forest,1389,0.7195519344814016,0.6830848995463383,0.2555095029682069,0.27393560005145134,-0.006877251471692047,0.018539062818059837,-0.22861674856201786,COMPAS,corrupt_30,56,0.9558016259815659,True,1
Oracle (clean audit labels),Logistic regression,2268,0.7128175507877701,0.6636422553467272,0.30166965840409293,0.3394760536809159,0.0014410676333724837,0.013777497319816923,-0.2664266061945793,COMPAS,corrupt_30,56,0.9558016259815659,True,1
Oracle (clean audit labels),Random forest,2268,0.7141958094152452,0.6707712248865846,0.3258119709835085,0.3457788449170347,-0.002921484891164172,0.013182937751903379,-0.1567735036964345,COMPAS,corrupt_30,56,0.9558016259815659,True,1
Baseline (audit labels),Logistic regression,2268,0.7127384730954298,0.642903434867142,0.6401061234365444,0.6580964325529542,0.1419945411856347,0.0,0.0,COMPAS,corrupt_30,57,0.9293729937676287,True,1
Baseline (audit labels),Random forest,2268,0.7095780066728478,0.6539209332469216,0.44973922803433053,0.4204524340393905,0.1160551935227706,0.0,0.0,COMPAS,corrupt_30,57,0.9293729937676287,True,1
Audit-guided reweighting,Logistic regression,2268,0.7316437470814751,0.6811406351263772,0.2920982061845969,0.3024840533964622,-0.008923053050304386,0.018905273986045246,-0.355612379156492,COMPAS,corrupt_30,57,0.9293729937676287,True,1
Audit-guided reweighting,Random forest,2268,0.7183657275501987,0.6571613739468568,0.3080049600440893,0.3080324850397843,0.0005385187077925346,0.008787720877350913,-0.11241994899960617,COMPAS,corrupt_30,57,0.9293729937676287,True,1
Drop flagged block,Logistic regression,2268,0.7324355555856338,0.6662346079066753,0.24326227073237938,0.20225060827250607,0.06384791540703272,0.019697082490203965,-0.4558458242804482,COMPAS,corrupt_30,57,0.9293729937676287,True,1
Drop flagged block,Random forest,2268,0.7246587440698956,0.6642903434867142,0.22418323935237144,0.1851309921962096,0.06205416780050088,0.01508073739704785,-0.23532144184318088,COMPAS,corrupt_30,57,0.9293729937676287,True,1
Trusted reference only,Logistic regression,1389,0.736423360381151,0.6772521062864549,0.2049328243351323,0.2177286775826922,-0.029213460887360987,0.023684887285721157,-0.44036775497026204,COMPAS,corrupt_30,57,0.9293729937676287,True,1
Trusted reference only,Random forest,1389,0.7206294877608062,0.6714193130265717,0.2035987203355087,0.2394867495232459,-0.03346275601274712,0.011051481087958392,-0.1809656845161446,COMPAS,corrupt_30,57,0.9293729937676287,True,1
Oracle (clean audit labels),Logistic regression,2268,0.7319584402049227,0.6824368114063513,0.31988587866038487,0.32317353850200564,0.012810670968807614,0.01921996710949292,-0.3349228940509486,COMPAS,corrupt_30,57,0.9293729937676287,True,1
Oracle (clean audit labels),Random forest,2268,0.7172727611106975,0.6681788723266364,0.29355664733280007,0.2888472414019859,-0.0001360712396668573,0.007694754437849727,-0.13160519263740456,COMPAS,corrupt_30,57,0.9293729937676287,True,1
Baseline (audit labels),Logistic regression,2268,0.6986991506935496,0.626701231367466,0.6785835623534635,0.7569143551326178,0.1790487854734093,0.0,0.0,COMPAS,corrupt_30,58,0.9358139498555017,True,1
Baseline (audit labels),Random forest,2268,0.706375379245264,0.6331821127673364,0.551505141600035,0.59176814277037,0.14790698017467074,0.0,0.0,COMPAS,corrupt_30,58,0.9358139498555017,True,1
Audit-guided reweighting,Logistic regression,2268,0.7267675281495537,0.6921581335061568,0.3899475580343177,0.3891013696838939,0.031033084656119425,0.0280683774560041,-0.36781298544872393,COMPAS,corrupt_30,58,0.9358139498555017,True,1
Audit-guided reweighting,Random forest,2268,0.7246670928419464,0.6785482825664291,0.29033305189366293,0.2971789088293943,0.033333296130740986,0.01829171359668247,-0.29458923394097575,COMPAS,corrupt_30,58,0.9358139498555017,True,1
Drop flagged block,Logistic regression,2268,0.7337140160931904,0.6448476992871031,0.2338629108486584,0.20117027884018168,0.08754827457372483,0.03501486539964083,-0.5557440762924362,COMPAS,corrupt_30,58,0.9358139498555017,True,1
Drop flagged block,Random forest,2268,0.7190109689399398,0.6513285806869734,0.24310669030311388,0.21917102941601824,0.09149509783006382,0.01263558969467582,-0.3725971133543518,COMPAS,corrupt_30,58,0.9358139498555017,True,1
Trusted reference only,Logistic regression,1389,0.7310292809475973,0.6915100453661698,0.2654962812961474,0.27830897976529045,0.013318526650986984,0.03233013025404774,-0.4786053753673274,COMPAS,corrupt_30,58,0.9358139498555017,True,1
Trusted reference only,Random forest,1389,0.7287140668283427,0.6804925469863902,0.2524026089793831,0.23978457716321794,0.003412701561268605,0.022338687583078776,-0.3519835656071521,COMPAS,corrupt_30,58,0.9358139498555017,True,1
Oracle (clean audit labels),Logistic regression,2268,0.7320033958728644,0.6882696046662347,0.2877059078784046,0.2718855218855219,0.026739148920157274,0.03330424517931485,-0.48502883324709595,COMPAS,corrupt_30,58,0.9358139498555017,True,1
Oracle (clean audit labels),Random forest,2268,0.7300111955569535,0.6876215165262476,0.2452713089635732,0.25395541172240205,0.0160382210314427,0.02363581631168954,-0.337812731047968,COMPAS,corrupt_30,58,0.9358139498555017,True,1
Baseline (audit labels),Logistic regression,2268,0.6632926862342277,0.5981853532080363,0.6734879062748907,0.7055569326452892,0.18298997342723833,0.0,0.0,COMPAS,corrupt_30,61,0.9344356666444141,True,1
Baseline (audit labels),Random forest,2268,0.6828483819132274,0.6215165262475697,0.4963989366528763,0.5444374338058002,0.15155801044218908,0.0,0.0,COMPAS,corrupt_30,61,0.9344356666444141,True,1
Audit-guided reweighting,Logistic regression,2268,0.6968901070588316,0.6500324044069994,0.340266038427026,0.35310019841269835,0.033820791749214374,0.03359742082460393,-0.35245673423259083,COMPAS,corrupt_30,61,0.9344356666444141,True,1
Audit-guided reweighting,Random forest,2268,0.7002064560746902,0.6558651976668827,0.24546884399649138,0.22628968253968257,0.0377863853528676,0.017358074161462844,-0.31814775126611766,COMPAS,corrupt_30,61,0.9344356666444141,True,1
Drop flagged block,Logistic regression,2268,0.704749167734543,0.6241088788075179,0.20589579601480085,0.19345238095238093,0.09199871778360169,0.041456481500315334,-0.5121045516929082,COMPAS,corrupt_30,61,0.9344356666444141,True,1
Drop flagged block,Random forest,2268,0.7005098685325686,0.6500324044069994,0.1832660619524048,0.1754287130720869,0.08739109241085163,0.017661486619341193,-0.3690087207337133,COMPAS,corrupt_30,61,0.9344356666444141,True,1
Trusted reference only,Logistic regression,1389,0.6855494308050092,0.6299416720674011,0.22731901421941114,0.24355158730158732,0.021988616360601676,0.022256744570781528,-0.46200534534370186,COMPAS,corrupt_30,61,0.9344356666444141,True,1
Trusted reference only,Random forest,1389,0.6945950206456075,0.6493843162670123,0.17115889376947147,0.19439484126984125,0.014573264991826762,0.011746638732380132,-0.350042592535959,COMPAS,corrupt_30,61,0.9344356666444141,True,1
Oracle (clean audit labels),Logistic regression,2268,0.6952374414363105,0.6474400518470512,0.31391425335488704,0.33291170634920636,0.03893364882396999,0.03194475520208284,-0.3726452262960828,COMPAS,corrupt_30,61,0.9344356666444141,True,1
Oracle (clean audit labels),Random forest,2268,0.7023447511339829,0.661049902786779,0.2197875322213671,0.20114087301587308,0.02283934385656483,0.019496369220755483,-0.34329656078992715,COMPAS,corrupt_30,61,0.9344356666444141,True,1
Baseline (audit labels),Logistic regression,2268,0.7035645619587225,0.6195722618276086,0.659711717526203,0.6641478394384733,0.17093069715851505,0.0,0.0,COMPAS,corrupt_30,62,0.9477361537955457,True,1
Baseline (audit labels),Random forest,2268,0.7076268014224218,0.6325340246273493,0.5003159812562608,0.5235687650800614,0.13972006545924187,0.0,0.0,COMPAS,corrupt_30,62,0.9477361537955457,True,1
Audit-guided reweighting,Logistic regression,2268,0.7240773824715432,0.6746597537265068,0.37449325346402856,0.4437229437229437,0.039188253101524184,0.020512820512820662,-0.22042489571552965,COMPAS,corrupt_30,62,0.9477361537955457,True,1
Audit-guided reweighting,Random forest,2268,0.7163748660099025,0.6675307841866494,0.3020545504662404,0.3037401195295932,0.039736232680391725,0.008748064587480675,-0.21982864555046827,COMPAS,corrupt_30,62,0.9477361537955457,True,1
Drop flagged block,Logistic regression,2268,0.7289520698279822,0.6733635774465327,0.2590054658034328,0.21675692728324303,0.08975201253602927,0.025387507869259696,-0.4473909121552303,COMPAS,corrupt_30,62,0.9477361537955457,True,1
Drop flagged block,Random forest,2268,0.719770983274633,0.6519766688269605,0.2656713257094451,0.22969949550339985,0.08656158375333833,0.012144181852211111,-0.2938692695766616,COMPAS,corrupt_30,62,0.9477361537955457,True,1
Trusted reference only,Logistic regression,1389,0.7229773875759278,0.6850291639662994,0.30971037292511244,0.3472141893194524,0.022815961338186752,0.019412825617205254,-0.3169336501190209,COMPAS,corrupt_30,62,0.9477361537955457,True,1
Trusted reference only,Random forest,1389,0.7274352168512752,0.6869734283862605,0.27176741090337025,0.30123385386543283,0.013465751451863794,0.019808415428853365,-0.22233491121462862,COMPAS,corrupt_30,62,0.9477361537955457,True,1
Oracle (clean audit labels),Logistic regression,2268,0.7270072992700729,0.6843810758263124,0.31108522754011947,0.38422104211577895,0.028382731229386393,0.02344273731135038,-0.2799267973226944,COMPAS,corrupt_30,62,0.9477361537955457,True,1
Oracle (clean audit labels),Random forest,2268,0.7255108638320318,0.6759559300064809,0.2504790141384805,0.27960635855372695,0.017168223391796245,0.017884062409609935,-0.2439624065263345,COMPAS,corrupt_30,62,0.9477361537955457,True,1
Baseline (audit labels),Logistic regression,2268,0.694021772172421,0.6202203499675956,0.6726388257671396,0.6750247676558003,0.13818730921939748,0.0,0.0,COMPAS,corrupt_30,63,0.94822116176377,True,1
Baseline (audit labels),Random forest,2268,0.697513392284153,0.6331821127673364,0.48642966553889144,0.48615370099542393,0.10873840017968284,0.0,0.0,COMPAS,corrupt_30,63,0.94822116176377,True,1
Audit-guided reweighting,Logistic regression,2268,0.706422723311694,0.662346079066753,0.36535541752933054,0.3997953266245949,0.006780115460783609,0.012400951139272975,-0.27522944103120545,COMPAS,corrupt_30,63,0.94822116176377,True,1
Audit-guided reweighting,Random forest,2268,0.7044915660697277,0.6500324044069994,0.27558450739786894,0.2777466436003022,0.007690154926762172,0.006978173785574748,-0.20840705739512172,COMPAS,corrupt_30,63,0.94822116176377,True,1
Drop flagged block,Logistic regression,2268,0.7099633189896848,0.6487362281270252,0.26769344712080667,0.2595859425127718,0.059276515794350004,0.015941546817263785,-0.41543882514302855,COMPAS,corrupt_30,63,0.94822116176377,True,1
Drop flagged block,Random forest,2268,0.7028787500084441,0.6435515230071289,0.21574845562120215,0.18047805852683896,0.05675899075334134,0.005365357724291142,-0.305675642468585,COMPAS,corrupt_30,63,0.94822116176377,True,1
Trusted reference only,Logistic regression,1389,0.7127084839191261,0.6681788723266364,0.28551566261004224,0.3113390674366284,-0.007975145844938747,0.01868671174670511,-0.3636857002191719,COMPAS,corrupt_30,63,0.94822116176377,True,1
Trusted reference only,Random forest,1389,0.7011139408104949,0.661049902786779,0.2420441347270615,0.24283034039131596,-0.018298196378254916,0.003600548526341951,-0.24332336060410797,COMPAS,corrupt_30,63,0.94822116176377,True,1
Oracle (clean audit labels),Logistic regression,2268,0.7096669323731871,0.6668826960466624,0.2959046609099631,0.32645403377110693,-0.012880404506922405,0.015645160200766117,-0.3485707338846934,COMPAS,corrupt_30,63,0.94822116176377,True,1
Oracle (clean audit labels),Random forest,2268,0.7039241250261765,0.6662346079066753,0.21550438485751322,0.21019630775728332,-0.023570178942906028,0.006410732742023528,-0.2759573932381406,COMPAS,corrupt_30,63,0.94822116176377,True,1
Baseline (audit labels),Logistic regression,2268,0.7141043627031651,0.6474400518470512,0.6093592381874672,0.6009247141110087,0.15196677174323758,0.0,0.0,COMPAS,corrupt_30,67,0.9558425292104213,True,1
Baseline (audit labels),Random forest,2268,0.7001514114627887,0.6461438755670771,0.46913542885580173,0.4386277328412967,0.12393391051943992,0.0,0.0,COMPAS,corrupt_30,67,0.9558425292104213,True,1
Audit-guided reweighting,Logistic regression,2268,0.7247185628742514,0.6694750486066104,0.34674474438122904,0.3380281690140845,0.03335243732994764,0.010614200171086274,-0.2628965450969242,COMPAS,corrupt_30,67,0.9558425292104213,True,1
Audit-guided reweighting,Random forest,2268,0.7053207869974337,0.6655865197666883,0.2789512972602187,0.24369131455399057,0.03084372849347472,0.0051693755346450265,-0.19493641828730612,COMPAS,corrupt_30,67,0.9558425292104213,True,1
Drop flagged block,Logistic regression,2268,0.7253182207014541,0.6532728451069345,0.27216236936609767,0.23811619718309862,0.08124278029320497,0.011213857998289,-0.36280851692791005,COMPAS,corrupt_30,67,0.9558425292104213,True,1
Drop flagged block,Random forest,2268,0.7051197604790418,0.6578094620868438,0.24438122906831294,0.22062059859154926,0.07482239359494158,0.004968349016253093,-0.21800713424974744,COMPAS,corrupt_30,67,0.9558425292104213,True,1
Trusted reference only,Logistic regression,1389,0.7262395209580839,0.6707712248865846,0.28732901585764437,0.2704665492957746,0.017802414965191082,0.012135158254918732,-0.33045816481523405,COMPAS,corrupt_30,67,0.9558425292104213,True,1
Trusted reference only,Random forest,1389,0.7134499572284003,0.6688269604666235,0.2537206283877389,0.2464421948356807,0.006896959769664535,0.013298545765611625,-0.192185538005616,COMPAS,corrupt_30,67,0.9558425292104213,True,1
Oracle (clean audit labels),Logistic regression,2268,0.7260786997433704,0.6746597537265068,0.28535521661353885,0.2649647887323944,0.01360702994468621,0.01197433704020523,-0.3359599253786143,COMPAS,corrupt_30,67,0.9558425292104213,True,1
Oracle (clean audit labels),Random forest,2268,0.7104448246364414,0.6688269604666235,0.24736042179450968,0.23892312206572774,0.004199445716003614,0.010293413173652732,-0.19970461077556895,COMPAS,corrupt_30,67,0.9558425292104213,True,1
Baseline (audit labels),Logistic regression,2268,0.7087839004132526,0.6344782890473104,0.6031790886612504,0.5789223913420916,0.11450650984180755,0.0,0.0,COMPAS,corrupt_30,68,0.9495344325154056,True,1
Baseline (audit labels),Random forest,2268,0.7196626627541367,0.6552171095268956,0.46382903567643946,0.4338503385612593,0.08408758809741856,0.0,0.0,COMPAS,corrupt_30,68,0.9495344325154056,True,1
Audit-guided reweighting,Logistic regression,2268,0.7140011710513401,0.661049902786779,0.3068106507880439,0.3557957372419821,-0.016758305399909523,0.005217270638087523,-0.22312665410010946,COMPAS,corrupt_30,68,0.9495344325154056,True,1
Audit-guided reweighting,Random forest,2268,0.721801692947631,0.6830848995463383,0.2498006761871121,0.27450749680629327,-0.01895044218964148,0.0021390301934942624,-0.15934284175496605,COMPAS,corrupt_30,68,0.9495344325154056,True,1
Drop flagged block,Logistic regression,2268,0.7168932617164364,0.6422553467271549,0.24232729474693449,0.21992872991326573,0.044390007013881405,0.008109361303183849,-0.3589936614288258,COMPAS,corrupt_30,68,0.9495344325154056,True,1
Drop flagged block,Random forest,2268,0.7136957161858926,0.6649384316267012,0.23112815596037073,0.209876958246487,0.03883765177956966,-0.005966946568244147,-0.22397338031477232,COMPAS,corrupt_30,68,0.9495344325154056,True,1
Trusted reference only,Logistic regression,1389,0.7124408974450097,0.6662346079066753,0.22813577568081278,0.30654541787131045,-0.037254957156504065,0.0036569970317571476,-0.2723769734707811,COMPAS,corrupt_30,68,0.9495344325154056,True,1
Trusted reference only,Random forest,1389,0.7157721323626467,0.6668826960466624,0.23466888698255706,0.28281113427015403,-0.03772919873819186,-0.0038905303914900102,-0.1510392042911053,COMPAS,corrupt_30,68,0.9495344325154056,True,1
Oracle (clean audit labels),Logistic regression,2268,0.7145850044506721,0.6629941672067401,0.2492607357319473,0.28370201035433334,-0.028387748404384405,0.005801104037419513,-0.2952203809877582,COMPAS,corrupt_30,68,0.9495344325154056,True,1
Oracle (clean audit labels),Random forest,2268,0.7199858864621727,0.6772521062864549,0.2185615044322215,0.2383849929402272,-0.039397724017376845,0.0003232237080359468,-0.19546534562103213,COMPAS,corrupt_30,68,0.9495344325154056,True,1
Baseline (audit labels),Logistic regression,2268,0.7219519103351305,0.6461438755670771,0.6513962472592059,0.645793133578476,0.11101487335202054,0.0,0.0,COMPAS,corrupt_30,69,0.9352922117850933,True,1
Baseline (audit labels),Random forest,2268,0.7249461343152228,0.6539209332469216,0.49225673031259365,0.49927185349692355,0.08407161784080652,0.0,0.0,COMPAS,corrupt_30,69,0.9352922117850933,True,1
Audit-guided reweighting,Logistic regression,2268,0.7343064561268633,0.6759559300064809,0.3206468105744974,0.32197309417040354,-0.021322314334330184,0.012354545791732785,-0.32382003940807247,COMPAS,corrupt_30,69,0.9352922117850933,True,1
Audit-guided reweighting,Random forest,2268,0.7267020376233685,0.6798444588464031,0.2532847428284659,0.24340166559897497,-0.01753440869827394,0.0017559033081456787,-0.2558701878979486,COMPAS,corrupt_30,69,0.9352922117850933,True,1
Drop flagged block,Logistic regression,2268,0.7400866908767209,0.6733635774465327,0.27822386435974045,0.24380204996796928,0.02518212313725754,0.018134780541590345,-0.4019910836105067,COMPAS,corrupt_30,69,0.9352922117850933,True,1
Drop flagged block,Random forest,2268,0.7209344474004539,0.6759559300064809,0.2175559020959707,0.18368033311979504,0.025514875677736137,-0.004011686914768942,-0.3155915203771285,COMPAS,corrupt_30,69,0.9352922117850933,True,1
Trusted reference only,Logistic regression,1389,0.7352977870391912,0.677900194426442,0.22629781443771202,0.2529628443305574,-0.03411578527877379,0.013345876704060733,-0.39283028924791863,COMPAS,corrupt_30,69,0.9352922117850933,True,1
Trusted reference only,Random forest,1389,0.7311141345579979,0.6681788723266364,0.2065118910890088,0.19415438821268416,-0.038938179586494925,0.006168000242775085,-0.3051174652842394,COMPAS,corrupt_30,69,0.9352922117850933,True,1
Oracle (clean audit labels),Logistic regression,2268,0.7374777034841573,0.6895657809462087,0.3027369208125213,0.28842088404868677,-0.026908223276044474,0.0155257931490268,-0.35737224952978924,COMPAS,corrupt_30,69,0.9352922117850933,True,1
Oracle (clean audit labels),Random forest,2268,0.7338613687784713,0.6811406351263772,0.25599101390016266,0.2328635490070468,-0.038823805771785014,0.00891523446324849,-0.26640830448987673,COMPAS,corrupt_30,69,0.9352922117850933,True,1
Baseline (audit labels),Logistic regression,2268,0.7266908839301159,0.6591056383668179,0.6146996649313898,0.6079153244362632,0.12153923339058226,0.0,0.0,COMPAS,corrupt_30,70,0.945108287707678,True,1
Baseline (audit labels),Random forest,2268,0.7267612632321567,0.6869734283862605,0.3807011235048782,0.34570741933834437,0.09623208700550012,0.0,0.0,COMPAS,corrupt_30,70,0.945108287707678,True,1
Audit-guided reweighting,Logistic regression,2268,0.7384332041067595,0.6921581335061568,0.24428753390175129,0.25256624492719026,-0.012789201517619753,0.011742320176643561,-0.3553490795090729,COMPAS,corrupt_30,70,0.945108287707678,True,1
Audit-guided reweighting,Random forest,2268,0.7315080503746214,0.6999351911860013,0.2533884947454387,0.22947004058247789,-0.002363853774146718,0.004746787142464681,-0.11623737875586648,COMPAS,corrupt_30,70,0.945108287707678,True,1
Drop flagged block,Logistic regression,2268,0.7419801513409376,0.6915100453661698,0.2627448739879886,0.23565119530743783,0.05026702348882661,0.015289267410821705,-0.37226412912882534,COMPAS,corrupt_30,70,0.945108287707678,True,1
Drop flagged block,Random forest,2268,0.7321168737344445,0.6766040181464679,0.2459443927259528,0.19823176346212867,0.05439590071233369,0.005355610502287722,-0.1474756558762157,COMPAS,corrupt_30,70,0.945108287707678,True,1
Trusted reference only,Logistic regression,1389,0.7327163697168888,0.6882696046662347,0.19996235939385182,0.20876956655185347,-0.029023956659602834,0.006025485786772866,-0.3991457578844097,COMPAS,corrupt_30,70,0.945108287707678,True,1
Trusted reference only,Random forest,1389,0.7333446957748677,0.6856772521062865,0.19818115213862494,0.2076612215666882,-0.03172845576336458,0.0065834325427109874,-0.13804619777165617,COMPAS,corrupt_30,70,0.945108287707678,True,1
Oracle (clean audit labels),Logistic regression,2268,0.7373156147080869,0.6908619572261827,0.26485375616280904,0.26225147495140333,-0.01073481590215275,0.010624730777970992,-0.34566384948485984,COMPAS,corrupt_30,70,0.945108287707678,True,1
Oracle (clean audit labels),Random forest,2268,0.7358902218559107,0.7038237200259235,0.23587385019710905,0.21097773079152887,-0.016838753870392797,0.009128958623753958,-0.1347296885468155,COMPAS,corrupt_30,70,0.945108287707678,True,1
Baseline (audit labels),Logistic regression,2268,0.725919377652051,0.6416072585871678,0.621971736204576,0.6424242048253315,0.12502278769208997,0.0,0.0,COMPAS,corrupt_30,71,0.942551962077768,True,1
Baseline (audit labels),Random forest,2268,0.7294074560517276,0.6493843162670123,0.5589030955585463,0.5878429937155301,0.1004680618792585,0.0,0.0,COMPAS,corrupt_30,71,0.942551962077768,True,1
Audit-guided reweighting,Logistic regression,2268,0.7413955681282414,0.6824368114063513,0.3837903768506057,0.39795918367346933,-0.01624626037342569,0.015476190476190421,-0.24446502115186214,COMPAS,corrupt_30,71,0.942551962077768,True,1
Audit-guided reweighting,Random forest,2268,0.7386761635347209,0.6869734283862605,0.29668405114401075,0.27891156462585037,-0.012202055546940982,0.009268707482993244,-0.3089314290896797,COMPAS,corrupt_30,71,0.942551962077768,True,1
Drop flagged block,Logistic regression,2268,0.7426769717788105,0.6681788723266364,0.27258411843876174,0.23922902494331066,0.049673241517166344,0.01675759412675959,-0.4031951798820208,COMPAS,corrupt_30,71,0.942551962077768,True,1
Drop flagged block,Random forest,2268,0.7296692934599582,0.6604018146467919,0.24537180349932702,0.22412541643143846,0.052156238559161516,0.000261837408230603,-0.3637175772840916,COMPAS,corrupt_30,71,0.942551962077768,True,1
Trusted reference only,Logistic regression,1389,0.7380918704115309,0.6830848995463383,0.3237937415881561,0.3469387755102041,-0.028735942569478867,0.012172492759479958,-0.2954854293151274,COMPAS,corrupt_30,71,0.942551962077768,True,1
Trusted reference only,Random forest,1389,0.7474506634336904,0.6817887232663642,0.27456763122476446,0.28004535147392284,-0.047708883360215615,0.018043207381962745,-0.3077976422416072,COMPAS,corrupt_30,71,0.942551962077768,True,1
Oracle (clean audit labels),Logistic regression,2268,0.7448625985047483,0.694750486066105,0.27053331090174965,0.27437641723356004,-0.02595483390666664,0.018943220852697396,-0.3680477875917714,COMPAS,corrupt_30,71,0.942551962077768,True,1
Oracle (clean audit labels),Random forest,2268,0.7442799892234122,0.6979909267660401,0.2799545760430686,0.272108843537415,-0.028152493996540406,0.014872533171684577,-0.31573415017811507,COMPAS,corrupt_30,71,0.942551962077768,True,1
Baseline (audit labels),Logistic regression,2268,0.6981905295886641,0.6208684381075826,0.659109613529503,0.6526185993768647,0.14561517242212962,0.0,0.0,COMPAS,corrupt_30,72,0.9752422502620496,True,1
Baseline (audit labels),Random forest,2268,0.7137213925276518,0.6403110823071938,0.4951699620207907,0.4752562451145534,0.1163061401518406,0.0,0.0,COMPAS,corrupt_30,72,0.9752422502620496,True,1
Audit-guided reweighting,Logistic regression,2268,0.7171024686953124,0.6727154893065457,0.44289289593157,0.4913433458489779,0.04964482667431891,0.018911939106648235,-0.16127525352788685,COMPAS,corrupt_30,72,0.9752422502620496,True,1
Audit-guided reweighting,Random forest,2268,0.7256723924087194,0.6675307841866494,0.3142627783511761,0.3427722152690863,0.03835791489649698,0.011950999881067625,-0.1324840298454671,COMPAS,corrupt_30,72,0.9752422502620496,True,1
Drop flagged block,Logistic regression,2268,0.7336663438503492,0.6694750486066104,0.2644344605670572,0.2616291197329996,0.06490294248659623,0.03547581426168511,-0.3909894796438651,COMPAS,corrupt_30,72,0.9752422502620496,True,1
Drop flagged block,Random forest,2268,0.7295852659836553,0.6701231367465975,0.24740115624093517,0.2488527325823946,0.06569598574654689,0.015863873456003486,-0.2264035125321588,COMPAS,corrupt_30,72,0.9752422502620496,True,1
Trusted reference only,Logistic regression,1389,0.7285879334658578,0.6746597537265068,0.3426274462186064,0.3942949520233625,0.04138071453422976,0.030397403877193696,-0.2583236473535022,COMPAS,corrupt_30,72,0.9752422502620496,True,1
Trusted reference only,Random forest,1389,0.7293728868273952,0.6753078418664938,0.3186661404893449,0.33375052148518985,0.02888559073633945,0.01565149429974344,-0.14150572362936353,COMPAS,corrupt_30,72,0.9752422502620496,True,1
Oracle (clean audit labels),Logistic regression,2268,0.7240073398236404,0.6616979909267661,0.3294173598041001,0.38099707968293706,0.023179979798432115,0.025816810234976284,-0.27162151969392767,COMPAS,corrupt_30,72,0.9752422502620496,True,1
Oracle (clean audit labels),Random forest,2268,0.7275821057818102,0.6707712248865846,0.2668039449807405,0.2926574885273258,0.003584420576755787,0.013860713254158386,-0.18259875658722757,COMPAS,corrupt_30,72,0.9752422502620496,True,1
Baseline (audit labels),Logistic regression,2268,0.7272811569573558,0.6454957874270901,0.6929789486063742,0.6963897131552917,0.11892960497443128,0.0,0.0,COMPAS,corrupt_30,73,0.9314859490700672,True,1
Baseline (audit labels),Random forest,2268,0.7194879135181795,0.6487362281270252,0.510209841904538,0.47239119683481706,0.08114462133309053,0.0,0.0,COMPAS,corrupt_30,73,0.9314859490700672,True,1
Audit-guided reweighting,Logistic regression,2268,0.7434863826874509,0.6908619572261827,0.3552712488029435,0.40314812917261117,-0.03183276249796718,0.016205225730095085,-0.2932415839826806,COMPAS,corrupt_30,73,0.9314859490700672,True,1
Audit-guided reweighting,Random forest,2268,0.7268807469374956,0.6753078418664938,0.21790124493876112,0.25536577099212576,-0.037777744486863996,0.007392833419316069,-0.2170254258426913,COMPAS,corrupt_30,73,0.9314859490700672,True,1
Drop flagged block,Logistic regression,2268,0.7407147023815546,0.6616979909267661,0.258836377076998,0.24448052715793456,0.03487696571444654,0.013433545424198723,-0.4519091859973572,COMPAS,corrupt_30,73,0.9314859490700672,True,1
Drop flagged block,Random forest,2268,0.7248028296765361,0.6636422553467272,0.2522219048739101,0.24396818765813555,0.022813776307172517,0.005314916158356553,-0.2284230091766815,COMPAS,corrupt_30,73,0.9314859490700672,True,1
Trusted reference only,Logistic regression,1389,0.741281177188599,0.6733635774465327,0.2267502226105072,0.29791359591389543,-0.05117774832204092,0.014000020231243138,-0.3984761172413963,COMPAS,corrupt_30,73,0.9314859490700672,True,1
Trusted reference only,Random forest,1389,0.7348510137538735,0.677900194426442,0.24127282807748518,0.2784604592138348,-0.0656803364921913,0.015363100235693983,-0.19393073762098229,COMPAS,corrupt_30,73,0.9314859490700672,True,1
Oracle (clean audit labels),Logistic regression,2268,0.7418392223110148,0.6882696046662347,0.31649669864417596,0.35205605782342414,-0.028245813277675613,0.014558065353659,-0.3443336553318676,COMPAS,corrupt_30,73,0.9314859490700672,True,1
Oracle (clean audit labels),Random forest,2268,0.7338790711161914,0.6785482825664291,0.22956435543757664,0.2657071467419149,-0.048128010809889266,0.014391157598011906,-0.20668405009290214,COMPAS,corrupt_30,73,0.9314859490700672,True,1
Baseline (audit labels),Logistic regression,2268,0.7089658516665817,0.626053143227479,0.6644611427706895,0.6578270509977826,0.14563352258477225,0.0,0.0,COMPAS,corrupt_30,74,0.9546635322186074,True,1
Baseline (audit labels),Random forest,2268,0.7131956850934953,0.6506804925469863,0.5265520197690252,0.5086031042128604,0.1180324876446619,0.0,0.0,COMPAS,corrupt_30,74,0.9546635322186074,True,1
Audit-guided reweighting,Logistic regression,2268,0.7229280451908189,0.6694750486066104,0.3587573755610469,0.4084257206208426,0.027187072736200912,0.01396219352423722,-0.24940133037694,COMPAS,corrupt_30,74,0.9546635322186074,True,1
Audit-guided reweighting,Random forest,2268,0.71914399469144,0.679196370706416,0.3156168574646561,0.3429268292682927,0.02867933888290286,0.005948309597944679,-0.16567627494456766,COMPAS,corrupt_30,74,0.9546635322186074,True,1
Drop flagged block,Logistic regression,2268,0.7261880455311112,0.6552171095268956,0.2579336661791652,0.29237250554323724,0.062374850750599675,0.0172221938645295,-0.36545454545454537,COMPAS,corrupt_30,74,0.9546635322186074,True,1
Drop flagged block,Random forest,2268,0.7221283582597451,0.6681788723266364,0.25145830181384166,0.25946784922394683,0.06051534479027676,0.008932673166249794,-0.24913525498891353,COMPAS,corrupt_30,74,0.9546635322186074,True,1
Trusted reference only,Logistic regression,1389,0.7286262399401086,0.6869734283862605,0.2801738194899726,0.32949002217294904,0.0140074208494666,0.019660388273526896,-0.32833702882483357,COMPAS,corrupt_30,74,0.9546635322186074,True,1
Trusted reference only,Random forest,1389,0.7311997005427663,0.6811406351263772,0.255003614235043,0.28456762749445674,0.007864790161096646,0.018004015449270994,-0.22403547671840363,COMPAS,corrupt_30,74,0.9546635322186074,True,1
Oracle (clean audit labels),Logistic regression,2268,0.7276087659299337,0.6720674011665586,0.295111536974465,0.38603104212860306,-0.0067355748259924075,0.018642914263352073,-0.27179600886917954,COMPAS,corrupt_30,74,0.9546635322186074,True,1
Oracle (clean audit labels),Random forest,2268,0.7255406394092527,0.6837329876863253,0.27614604871652626,0.3546341463414634,-0.01766748758787251,0.01234495431575744,-0.15396895787139697,COMPAS,corrupt_30,74,0.9546635322186074,True,1
Baseline (audit labels),Logistic regression,2268,0.7049906716417911,0.644199611147116,0.6146098766262145,0.6126470588235294,0.14389460211134175,0.0,0.0,COMPAS,corrupt_30,77,0.9728310199248738,True,1
Baseline (audit labels),Random forest,2268,0.6965874610464163,0.6513285806869734,0.49420445759236226,0.48794117647058827,0.121582959859735,0.0,0.0,COMPAS,corrupt_30,77,0.9728310199248738,True,1
Audit-guided reweighting,Logistic regression,2268,0.7183732778415615,0.6720674011665586,0.36266850438699705,0.4397058823529412,0.056322789363191905,0.013382606199770386,-0.1729411764705882,COMPAS,corrupt_30,77,0.9728310199248738,True,1
Audit-guided reweighting,Random forest,2268,0.7041398433655897,0.6701231367465975,0.30721249201600165,0.3542647058823529,0.0540209199069448,0.007552382319173323,-0.13367647058823534,COMPAS,corrupt_30,77,0.9728310199248738,True,1
Drop flagged block,Logistic regression,2268,0.7201355858072276,0.6649384316267012,0.27800450465593174,0.3126470588235294,0.0703527649430955,0.015144914165436507,-0.30000000000000004,COMPAS,corrupt_30,77,0.9728310199248738,True,1
Drop flagged block,Random forest,2268,0.7000531340549997,0.6461438755670771,0.26421151712777763,0.29220588235294115,0.07627227160221417,0.0034656730085833587,-0.19573529411764712,COMPAS,corrupt_30,77,0.9728310199248738,True,1
Trusted reference only,Logistic regression,1389,0.7190139617844842,0.6733635774465327,0.3215046895485259,0.3777941176470588,0.04711965973345589,0.014023290142693101,-0.23485294117647065,COMPAS,corrupt_30,77,0.9728310199248738,True,1
Trusted reference only,Random forest,1389,0.7121543723689246,0.6565132858068697,0.3185228762564293,0.3504411764705883,0.037242078339844054,0.015566911322508314,-0.13749999999999996,COMPAS,corrupt_30,77,0.9728310199248738,True,1
Oracle (clean audit labels),Logistic regression,2268,0.719417165545897,0.6798444588464031,0.3006034221938346,0.3791176470588235,0.008585667901740646,0.014426493904105886,-0.23352941176470593,COMPAS,corrupt_30,77,0.9728310199248738,True,1
Oracle (clean audit labels),Random forest,2268,0.7078711866491718,0.6720674011665586,0.2565132618415302,0.29000000000000004,0.0020872408139411824,0.011283725602755479,-0.19794117647058823,COMPAS,corrupt_30,77,0.9728310199248738,True,1
Baseline (audit labels),Logistic regression,2268,0.7034002489618019,0.6189241736876215,0.7222912942378257,0.7217165898617512,0.16546727658832783,0.0,0.0,COMPAS,corrupt_30,79,0.9612001638400373,True,1
Baseline (audit labels),Random forest,2268,0.7082971835767513,0.6409591704471809,0.49395993225715396,0.476036866359447,0.13519444102087097,0.0,0.0,COMPAS,corrupt_30,79,0.9612001638400373,True,1
Audit-guided reweighting,Logistic regression,2268,0.7214825572423538,0.6759559300064809,0.4359517601043025,0.48174328290597485,0.048027413889634385,0.018082308280551906,-0.2399733069557764,COMPAS,corrupt_30,79,0.9612001638400373,True,1
Audit-guided reweighting,Random forest,2268,0.7176966918257542,0.6681788723266364,0.34198880361295175,0.3176640462056795,0.047512382888958093,0.00939950824900293,-0.15837282015376747,COMPAS,corrupt_30,79,0.9612001638400373,True,1
Drop flagged block,Logistic regression,2268,0.724303952868719,0.6539209332469216,0.2320175674404225,0.21127584677381295,0.07847764760237186,0.020903703906917093,-0.5104407430879383,COMPAS,corrupt_30,79,0.9612001638400373,True,1
Drop flagged block,Random forest,2268,0.7041598225032663,0.6357744653272845,0.21112682966168905,0.17534038542103053,0.08119779898590784,-0.0041373610734850574,-0.30069648093841644,COMPAS,corrupt_30,79,0.9612001638400373,True,1
Trusted reference only,Logistic regression,1389,0.7227582292849034,0.6766040181464679,0.2632595868224035,0.29548607506535424,0.034650749202813524,0.019357980323101542,-0.426230514796397,COMPAS,corrupt_30,79,0.9612001638400373,True,1
Trusted reference only,Random forest,1389,0.7149138749909982,0.6759559300064809,0.25197919326872675,0.2789705646417078,0.02442180157601237,0.006616691414246922,-0.1970663017177392,COMPAS,corrupt_30,79,0.9612001638400373,True,1
Oracle (clean audit labels),Logistic regression,2268,0.7240441890052158,0.6830848995463383,0.27967613812013603,0.3311784524494862,0.009390301123780254,0.020643940043413966,-0.39053813741226506,COMPAS,corrupt_30,79,0.9612001638400373,True,1
Oracle (clean audit labels),Random forest,2268,0.7225481891972525,0.6746597537265068,0.28590774069543945,0.3255159917328074,0.0025010491563279835,0.01425100562050119,-0.1505208746266396,COMPAS,corrupt_30,79,0.9612001638400373,True,1
Baseline (audit labels),Logistic regression,2268,0.6888434994417945,0.6033700583279326,0.8039146505376343,0.8343289988052014,0.17908965977683133,0.0,0.0,COMPAS,corrupt_30,80,0.9177326277291997,True,1
Baseline (audit labels),Random forest,2268,0.6979422510910382,0.6247569669475048,0.5871370967741936,0.6286032456761051,0.1407687515848498,0.0,0.0,COMPAS,corrupt_30,80,0.9177326277291997,True,1
Audit-guided reweighting,Logistic regression,2268,0.7279821712507188,0.6785482825664291,0.33882224462365595,0.3761849448041135,0.010986245395656846,0.039138671808924386,-0.4581440540010879,COMPAS,corrupt_30,80,0.9177326277291997,True,1
Audit-guided reweighting,Random forest,2268,0.7162378632565378,0.6701231367465975,0.2619875672043011,0.2635024815810637,0.01686108506618733,0.018295612165499575,-0.36510076409504144,COMPAS,corrupt_30,80,0.9177326277291997,True,1
Drop flagged block,Logistic regression,2268,0.7345943705808722,0.662346079066753,0.23214213709677423,0.19677191386354964,0.06945650931698788,0.04575087113907772,-0.6375570849416518,COMPAS,corrupt_30,80,0.9177326277291997,True,1
Drop flagged block,Random forest,2268,0.715011502418891,0.6753078418664938,0.18313340053763444,0.14500562599324884,0.06318817570974666,0.017069251327852752,-0.4835976196828563,COMPAS,corrupt_30,80,0.9177326277291997,True,1
Trusted reference only,Logistic regression,1389,0.7299984776210291,0.679196370706416,0.2517825940860215,0.263299406207608,-0.0045263393799241936,0.041154978179234636,-0.5710295925975934,COMPAS,corrupt_30,80,0.9177326277291997,True,1
Trusted reference only,Random forest,1389,0.7321754795493759,0.6869734283862605,0.24937836021505375,0.24411284492352175,-0.01199066040590191,0.03423322845833765,-0.3844904007525834,COMPAS,corrupt_30,80,0.9177326277291997,True,1
Oracle (clean audit labels),Logistic regression,2268,0.7266238709022632,0.6753078418664938,0.35564348118279565,0.3934382285329023,0.019414901475971247,0.037780371460468753,-0.4408907702722991,COMPAS,corrupt_30,80,0.9177326277291997,True,1
Oracle (clean audit labels),Random forest,2268,0.717482830948273,0.6753078418664938,0.27765961021505375,0.2887975500986946,-0.0007648203662163899,0.019540579857234786,-0.3398056955774105,COMPAS,corrupt_30,80,0.9177326277291997,True,1
Baseline (audit labels),Logistic regression,2268,0.7075333163568458,0.6338302009073234,0.6301239115311326,0.6679731243001119,0.1604721527171088,0.0,0.0,COMPAS,corrupt_30,81,0.9344246270485492,True,1
Baseline (audit labels),Random forest,2268,0.7038613020965961,0.6383668178872327,0.4526030831689357,0.46657334826427777,0.13252468026140063,0.0,0.0,COMPAS,corrupt_30,81,0.9344246270485492,True,1
Audit-guided reweighting,Logistic regression,2268,0.7256387403446226,0.6694750486066104,0.3407953594509849,0.3422064933066626,0.011352244906065678,0.018105423987776814,-0.3257666309934493,COMPAS,corrupt_30,81,0.9344246270485492,True,1
Audit-guided reweighting,Random forest,2268,0.71304133774722,0.6571613739468568,0.24813225295831642,0.22077267637178052,0.014113203405239916,0.009180035650623863,-0.24580067189249724,COMPAS,corrupt_30,81,0.9344246270485492,True,1
Drop flagged block,Logistic regression,2268,0.7286147186147185,0.6558651976668827,0.2510057099455219,0.22273236282194847,0.08223602132285379,0.021081402257872695,-0.44524076147816344,COMPAS,corrupt_30,81,0.9344246270485492,True,1
Drop flagged block,Random forest,2268,0.7041295306001188,0.6422553467271549,0.20138060366122118,0.19490481522956327,0.07543727527519128,0.000268228503522705,-0.2716685330347145,COMPAS,corrupt_30,81,0.9344246270485492,True,1
Trusted reference only,Logistic regression,1389,0.7256913674560733,0.6746597537265068,0.2658855120634782,0.26116838487972505,-0.0014149979024481452,0.018158051099227523,-0.40680473942038686,COMPAS,corrupt_30,81,0.9344246270485492,True,1
Trusted reference only,Random forest,1389,0.717231983702572,0.677900194426442,0.24862628591401137,0.2308303841616659,-0.011542439338640187,0.013370681605975876,-0.23574296410261186,COMPAS,corrupt_30,81,0.9344246270485492,True,1
Oracle (clean audit labels),Logistic regression,2268,0.7299694423223835,0.6753078418664938,0.25143084714889213,0.22277786326101456,0.004861833006897465,0.02243612596553768,-0.44519526103909735,COMPAS,corrupt_30,81,0.9344246270485492,True,1
Oracle (clean audit labels),Random forest,2268,0.7190297937356761,0.6616979909267661,0.20894905411173215,0.1755141816689747,-0.008123332212335077,0.015168491639079962,-0.29105916659530306,COMPAS,corrupt_30,81,0.9344246270485492,True,1
Baseline (audit labels),Logistic regression,2268,0.7093314763231198,0.6474400518470512,0.6407224462365592,0.6224504444152023,0.12225621844553214,0.0,0.0,COMPAS,corrupt_30,82,0.9331478675233932,True,1
Baseline (audit labels),Random forest,2268,0.7110779100194141,0.6364225534672715,0.452414314516129,0.4303769454380152,0.1047049124192787,0.0,0.0,COMPAS,corrupt_30,82,0.9331478675233932,True,1
Audit-guided reweighting,Logistic regression,2268,0.7249134802059594,0.6804925469863902,0.3274915994623656,0.38057792968283183,-0.031097663448313217,0.01558200388283959,-0.24187251473237042,COMPAS,corrupt_30,82,0.9331478675233932,True,1
Audit-guided reweighting,Random forest,2268,0.7162209842154132,0.6629941672067401,0.2866918682795699,0.2910522080674331,-0.01160875393077232,0.005143074195999131,-0.1393247373705821,COMPAS,corrupt_30,82,0.9331478675233932,True,1
Drop flagged block,Logistic regression,2268,0.7290833122309446,0.6565132858068697,0.26211357526881723,0.24724140953018325,0.04348924046755254,0.01975183590782481,-0.375209034885019,COMPAS,corrupt_30,82,0.9331478675233932,True,1
Drop flagged block,Random forest,2268,0.7026082552544948,0.6364225534672715,0.22682795698924735,0.20590039596229992,0.0559532005519594,-0.008469654764919343,-0.22447654947571527,COMPAS,corrupt_30,82,0.9331478675233932,True,1
Trusted reference only,Logistic regression,1389,0.7224065164176584,0.6740116655865198,0.2782594086021505,0.3237489742425329,-0.05321599192611859,0.013075040094538637,-0.29870147017266935,COMPAS,corrupt_30,82,0.9331478675233932,True,1
Trusted reference only,Random forest,1389,0.7264235671478012,0.6694750486066104,0.2147043010752688,0.22650318283579118,-0.059062289305325866,0.015345657128387091,-0.203873762602224,COMPAS,corrupt_30,82,0.9331478675233932,True,1
Oracle (clean audit labels),Logistic regression,2268,0.7253203342618384,0.6733635774465327,0.2557594086021506,0.2914266593369822,-0.028337903185001734,0.015988857938718626,-0.33102378507822006,COMPAS,corrupt_30,82,0.9331478675233932,True,1
Oracle (clean audit labels),Random forest,2268,0.7214560648265383,0.6720674011665586,0.2322983870967742,0.2353227052909168,-0.025679955663507337,0.010378154807124229,-0.19505424014709838,COMPAS,corrupt_30,82,0.9331478675233932,True,1
Baseline (audit labels),Logistic regression,2268,0.6953577794754265,0.6370706416072586,0.6759928070853571,0.652252827588525,0.1379792186323705,0.0,0.0,COMPAS,corrupt_30,85,0.9503955061555036,True,1
Baseline (audit labels),Random forest,2268,0.7040276716747306,0.6552171095268956,0.45821387156950066,0.4460167274479159,0.1092011574879882,0.0,0.0,COMPAS,corrupt_30,85,0.9503955061555036,True,1
Audit-guided reweighting,Logistic regression,2268,0.7109914268737798,0.6688269604666235,0.3563383358822244,0.3877207737594617,0.010100637476733065,0.015633647398353268,-0.2645320538290633,COMPAS,corrupt_30,85,0.9503955061555036,True,1
Audit-guided reweighting,Random forest,2268,0.7102919955861133,0.6727154893065457,0.29506243382686587,0.31130601946413555,0.010034143807294282,0.006264323911382763,-0.13471070798378032,COMPAS,corrupt_30,85,0.9503955061555036,True,1
Drop flagged block,Logistic regression,2268,0.7124089635854343,0.6506804925469863,0.2704603129253987,0.2587408386399135,0.058328444759853215,0.017051184110007722,-0.3935119889486115,COMPAS,corrupt_30,85,0.9503955061555036,True,1
Drop flagged block,Random forest,2268,0.7065732959850607,0.6578094620868438,0.24821437574576072,0.20954125562296577,0.05724087590462168,0.002545624310330119,-0.2364754718249501,COMPAS,corrupt_30,85,0.9503955061555036,True,1
Trusted reference only,Logistic regression,1389,0.7097860962566845,0.6454957874270901,0.27049224408853334,0.29869037606632226,-0.007528394804987126,0.014428316781258,-0.3535624515222027,COMPAS,corrupt_30,85,0.9503955061555036,True,1
Trusted reference only,Random forest,1389,0.7055114166878873,0.6655865197666883,0.31079945548963916,0.3426048299891866,-0.010849285711656886,0.0014837450131567342,-0.10341189745872925,COMPAS,corrupt_30,85,0.9503955061555036,True,1
Oracle (clean audit labels),Logistic regression,2268,0.7116840675664206,0.6642903434867142,0.3006083726870914,0.3362369337979095,-0.0058226011457450655,0.016326288090994012,-0.3160158937906155,COMPAS,corrupt_30,85,0.9503955061555036,True,1
Oracle (clean audit labels),Random forest,2268,0.7116721840251252,0.6740116655865198,0.25461573366048773,0.2511714526012256,-0.01672539245252813,0.00764451235039465,-0.1948452748466903,COMPAS,corrupt_30,85,0.9503955061555036,True,1
Baseline (audit labels),Logistic regression,2268,0.7195689902104501,0.6474400518470512,0.6176197727066464,0.6348784756458292,0.10247410927845813,0.0,0.0,COMPAS,corrupt_30,88,0.9473503209473547,True,1
Baseline (audit labels),Random forest,2268,0.7199101922526074,0.662346079066753,0.4654017969687497,0.4566838394793926,0.07451579595357205,0.0,0.0,COMPAS,corrupt_30,88,0.9473503209473547,True,1
Audit-guided reweighting,Logistic regression,2268,0.7316012064230231,0.6759559300064809,0.26237054665362475,0.2632644164902229,-0.029533721402333013,0.012032216212573,-0.3716140591556063,COMPAS,corrupt_30,88,0.9473503209473547,True,1
Audit-guided reweighting,Random forest,2268,0.72166422349155,0.6688269604666235,0.2085505594939177,0.1737296051812181,-0.024667637106979057,0.0017540312389425772,-0.2829542342981745,COMPAS,corrupt_30,88,0.9473503209473547,True,1
Drop flagged block,Logistic regression,2268,0.733939072267435,0.6701231367465975,0.2534361229037886,0.20948161112206665,0.026376438056624374,0.014370082056984979,-0.4253968645237626,COMPAS,corrupt_30,88,0.9473503209473547,True,1
Drop flagged block,Random forest,2268,0.7143178486579387,0.6591056383668179,0.23836894665900282,0.19726927388217708,0.023923525430923243,-0.005592343594668758,-0.25941456559721554,COMPAS,corrupt_30,88,0.9473503209473547,True,1
Trusted reference only,Logistic regression,1389,0.7289878515223509,0.6720674011665586,0.2003757970561444,0.19937103001619133,-0.04496181575418445,0.009418861311900839,-0.4355074456296379,COMPAS,corrupt_30,88,0.9473503209473547,True,1
Trusted reference only,Random forest,1389,0.7207240223087161,0.6720674011665586,0.2046362869368506,0.16359447004608296,-0.05176576688705248,0.0008138300561086886,-0.29308936943330965,COMPAS,corrupt_30,88,0.9473503209473547,True,1
Oracle (clean audit labels),Logistic regression,2268,0.7358405364875567,0.677900194426442,0.2774864622303791,0.2661757379499315,-0.029013883753992387,0.016271546277106586,-0.36870273769589773,COMPAS,corrupt_30,88,0.9473503209473547,True,1
Oracle (clean audit labels),Random forest,2268,0.7325675243053801,0.6759559300064809,0.23193367417252375,0.20827624859882926,-0.03619617957371535,0.01265733205277264,-0.24840759088056336,COMPAS,corrupt_30,88,0.9473503209473547,True,1
Baseline (audit labels),Logistic regression,2268,0.7042964917622383,0.6338302009073234,0.6721908317357819,0.6721125718316048,0.15155205807143823,0.0,0.0,COMPAS,corrupt_30,89,0.9393926187195067,True,1
Baseline (audit labels),Random forest,2268,0.7137234006563145,0.6480881399870383,0.45863014159351567,0.43294946061257755,0.12430239339423188,0.0,0.0,COMPAS,corrupt_30,89,0.9393926187195067,True,1
Audit-guided reweighting,Logistic regression,2268,0.7282029162014954,0.6785482825664291,0.32234049709077456,0.3525584146702159,0.006656353007943316,0.023906424439257057,-0.31955415716138885,COMPAS,corrupt_30,89,0.9393926187195067,True,1
Audit-guided reweighting,Random forest,2268,0.7278214756926824,0.6649384316267012,0.2512477718360071,0.25884846692300106,0.010332911683372581,0.014098075036367952,-0.1741009936895765,COMPAS,corrupt_30,89,0.9393926187195067,True,1
Drop flagged block,Logistic regression,2268,0.7309981731452349,0.6688269604666235,0.2454646352537584,0.23129251700680276,0.06365693300187114,0.026701681382996556,-0.440820054824802,COMPAS,corrupt_30,89,0.9393926187195067,True,1
Drop flagged block,Random forest,2268,0.717387259379546,0.6655865197666883,0.20599670399892372,0.17322291235334708,0.06645977648730295,0.0036638587232314945,-0.25972654825923047,COMPAS,corrupt_30,89,0.9393926187195067,True,1
Trusted reference only,Logistic regression,1389,0.7227375756960656,0.6649384316267012,0.2694245451182188,0.30129153110519574,-0.008395031325919344,0.018441083933827263,-0.37082104072640903,COMPAS,corrupt_30,89,0.9393926187195067,True,1
Trusted reference only,Random forest,1389,0.7158192090395481,0.6675307841866494,0.2967813540510544,0.3307206940747313,-0.025224455752836106,0.002095808383233644,-0.10222876653784624,COMPAS,corrupt_30,89,0.9393926187195067,True,1
Oracle (clean audit labels),Logistic regression,2268,0.7329256740755776,0.6824368114063513,0.275871926815323,0.30020703933747417,-0.0024191912280989714,0.02862918231333933,-0.3719055324941306,COMPAS,corrupt_30,89,0.9393926187195067,True,1
Oracle (clean audit labels),Random forest,2268,0.7291256470110626,0.6804925469863902,0.21091716274846128,0.2225179927043281,-0.010807888801291354,0.015402246354748184,-0.21043146790824946,COMPAS,corrupt_30,89,0.9393926187195067,True,1
Baseline (audit labels),Logistic regression,2268,0.7139840581974284,0.6344782890473104,0.6887115242136459,0.6795396419437341,0.13932726533971895,0.0,0.0,COMPAS,corrupt_30,90,0.9441572744359261,True,1
Baseline (audit labels),Random forest,2268,0.7286514335395964,0.6616979909267661,0.5012746682831548,0.47026814911707,0.11238663893519196,0.0,0.0,COMPAS,corrupt_30,90,0.9441572744359261,True,1
Audit-guided reweighting,Logistic regression,2268,0.7475844467236776,0.696046662346079,0.29160773220179165,0.3024809243514279,0.005163467633157004,0.03360038852624925,-0.37705871759230614,COMPAS,corrupt_30,90,0.9441572744359261,True,1
Audit-guided reweighting,Random forest,2268,0.7465868104847748,0.6928062216461439,0.2503081430592039,0.24050577719642469,0.015218796688702407,0.01793537694517844,-0.2297623719206453,COMPAS,corrupt_30,90,0.9441572744359261,True,1
Drop flagged block,Logistic regression,2268,0.7476557671016077,0.6843810758263124,0.21411564625850338,0.16947024198822758,0.04769331439730118,0.033671708904179365,-0.5100693999555065,COMPAS,corrupt_30,90,0.9441572744359261,True,1
Drop flagged block,Random forest,2268,0.7298511441826345,0.6766040181464679,0.22115578904829258,0.18548942664050572,0.04850794800122993,0.0011997106430381432,-0.28477872247656427,COMPAS,corrupt_30,90,0.9441572744359261,True,1
Trusted reference only,Logistic regression,1389,0.7465078486377809,0.6921581335061568,0.19398363305718325,0.20129060388053194,-0.012084635877792738,0.032523790440352474,-0.4782490380632021,COMPAS,corrupt_30,90,0.9441572744359261,True,1
Trusted reference only,Random forest,1389,0.7479902936361846,0.694750486066105,0.2052367481646124,0.20740353172007853,-0.017750775969161636,0.01933886009658825,-0.26286461739699146,COMPAS,corrupt_30,90,0.9441572744359261,True,1
Oracle (clean audit labels),Logistic regression,2268,0.7390243032678318,0.6817887232663642,0.29604970701151745,0.3487508175277959,-0.007780793951342568,0.025040245070403366,-0.33078882441593815,COMPAS,corrupt_30,90,0.9441572744359261,True,1
Oracle (clean audit labels),Random forest,2268,0.744745216440366,0.6934543097861309,0.2563396645787028,0.276102027468934,-0.013140735031462736,0.01609378290076957,-0.19416612164813601,COMPAS,corrupt_30,90,0.9441572744359261,True,1
Baseline (audit labels),Logistic regression,2268,0.6864567332309268,0.6202203499675956,0.6604755952500957,0.709872347258276,0.20258180170372558,0.0,0.0,COMPAS,corrupt_30,91,0.9280667043551837,True,1
Baseline (audit labels),Random forest,2268,0.6995417306707629,0.6364225534672715,0.4128999415334368,0.42778387347124464,0.15578114458693076,0.0,0.0,COMPAS,corrupt_30,91,0.9280667043551837,True,1
Audit-guided reweighting,Logistic regression,2268,0.7118006485748422,0.659753726506805,0.32461207099319234,0.2998647975521241,0.04723653852181814,0.025343915343915335,-0.4100075497061519,COMPAS,corrupt_30,91,0.9280667043551837,True,1
Audit-guided reweighting,Random forest,2268,0.709758491210104,0.6584575502268308,0.2131207032116288,0.19662268846843473,0.04340001926777953,0.010216760539341174,-0.2311611850028099,COMPAS,corrupt_30,91,0.9280667043551837,True,1
Drop flagged block,Logistic regression,2268,0.71552654036525,0.6299416720674011,0.23409306263986612,0.2371985976931517,0.10778382111391344,0.029069807134323167,-0.47267374956512426,COMPAS,corrupt_30,91,0.9280667043551837,True,1
Drop flagged block,Random forest,2268,0.7014678272742789,0.6448476992871031,0.19899968414615293,0.19724355714935643,0.09537564086340927,0.0019260966035160587,-0.2305403163218882,COMPAS,corrupt_30,91,0.9280667043551837,True,1
Trusted reference only,Logistic regression,1389,0.7131797235023041,0.6772521062864549,0.20398278260518937,0.1834483740126664,0.02935943189893303,0.026722990271377256,-0.5264239732456095,COMPAS,corrupt_30,91,0.9280667043551837,True,1
Trusted reference only,Random forest,1389,0.7002082266598395,0.6616979909267661,0.18847066255384637,0.1759944495837188,0.0239651989614596,0.0006664959890766431,-0.25178942388752584,COMPAS,corrupt_30,91,0.9280667043551837,True,1
Oracle (clean audit labels),Logistic regression,2268,0.7123178016726404,0.659753726506805,0.3116267817181105,0.31666725965985915,0.050355604497809237,0.02586106844171354,-0.3932050875984168,COMPAS,corrupt_30,91,0.9280667043551837,True,1
Oracle (clean audit labels),Random forest,2268,0.708989588667008,0.6629941672067401,0.21958562663387166,0.19623196938475124,0.027739807219137325,0.009447857996245146,-0.2315519040864934,COMPAS,corrupt_30,91,0.9280667043551837,True,1
Baseline (audit labels),Logistic regression,2268,0.7027060270602706,0.6364225534672715,0.6762022505929253,0.6711057844401723,0.1350210800679581,0.0,0.0,COMPAS,corrupt_30,93,0.9449048457610593,True,1
Baseline (audit labels),Random forest,2268,0.700829837065494,0.6480881399870383,0.566927385578039,0.5562687075657655,0.11109207867169901,0.0,0.0,COMPAS,corrupt_30,93,0.9449048457610593,True,1
Audit-guided reweighting,Logistic regression,2268,0.7247788505282313,0.677900194426442,0.4052581117222587,0.4541659940502272,0.016219573917419905,0.02207282346796069,-0.21693979038994515,COMPAS,corrupt_30,93,0.9449048457610593,True,1
Audit-guided reweighting,Random forest,2268,0.7220745084163169,0.6830848995463383,0.36122521067770097,0.39956491325169696,0.011198120368328235,0.021244671350822975,-0.15670379431406856,COMPAS,corrupt_30,93,0.9449048457610593,True,1
Drop flagged block,Logistic regression,2268,0.7414370924531162,0.677900194426442,0.2867117458074717,0.259399334301901,0.053393791650110045,0.03873106539284554,-0.41170645013827134,COMPAS,corrupt_30,93,0.9449048457610593,True,1
Drop flagged block,Random forest,2268,0.7266483007295826,0.659753726506805,0.2213806327900288,0.1987408620252289,0.05448087042521921,0.025818463664088687,-0.3575278455405366,COMPAS,corrupt_30,93,0.9449048457610593,True,1
Trusted reference only,Logistic regression,1389,0.731510219211781,0.6889176928062216,0.2977712738221392,0.32251766098594037,0.0031302821959159344,0.02880419215151042,-0.34858812345423196,COMPAS,corrupt_30,93,0.9449048457610593,True,1
Trusted reference only,Random forest,1389,0.7339171679388027,0.6733635774465327,0.3102134530958268,0.3419351367140957,-0.0052955679249301335,0.03308733087330873,-0.21433357085166982,COMPAS,corrupt_30,93,0.9449048457610593,True,1
Oracle (clean audit labels),Logistic regression,2268,0.7344420293518004,0.677900194426442,0.3206792148155624,0.3527123738363736,-0.0031979677125667516,0.03173600229152973,-0.3183934106037987,COMPAS,corrupt_30,93,0.9449048457610593,True,1
Oracle (clean audit labels),Random forest,2268,0.7272296079125176,0.6675307841866494,0.3289112041849591,0.3723373997801505,-0.010872669123433099,0.026399770847023607,-0.183931307785615,COMPAS,corrupt_30,93,0.9449048457610593,True,1
Baseline (audit labels),Logistic regression,2268,0.7114271547973205,0.6416072585871678,0.6910615464836588,0.6937903566471546,0.11208716455757262,0.0,0.0,COMPAS,corrupt_30,96,0.9555899730851078,True,1
Baseline (audit labels),Random forest,2268,0.7264687430433286,0.6558651976668827,0.5302349834317337,0.527469675939895,0.08888105854572237,0.0,0.0,COMPAS,corrupt_30,96,0.9555899730851078,True,1
Audit-guided reweighting,Logistic regression,2268,0.7317052192742801,0.6804925469863902,0.3617601049603875,0.4182598827012055,-0.013398599257222754,0.020278064476959567,-0.2755304739459491,COMPAS,corrupt_30,96,0.9555899730851078,True,1
Audit-guided reweighting,Random forest,2268,0.737458597265227,0.6921581335061568,0.24389665438764696,0.22543114052840013,-0.012004878108774153,0.010989854221898354,-0.3020385354114949,COMPAS,corrupt_30,96,0.9555899730851078,True,1
Drop flagged block,Logistic regression,2268,0.7386804417191157,0.6740116655865198,0.25718154446518987,0.2357245462409625,0.03180010104514641,0.027253286921795183,-0.4580658104061921,COMPAS,corrupt_30,96,0.9555899730851078,True,1
Drop flagged block,Random forest,2268,0.7295853317952765,0.6759559300064809,0.24071251955391837,0.20245609800253456,0.035439496030636564,0.0031165887519478686,-0.32501357793736046,COMPAS,corrupt_30,96,0.9555899730851078,True,1
Trusted reference only,Logistic regression,1389,0.7460334324975209,0.6908619572261827,0.2578543674622799,0.2781600438084808,-0.023066130173371002,0.034606277700200305,-0.4156303128386738,COMPAS,corrupt_30,96,0.9555899730851078,True,1
Trusted reference only,Random forest,1389,0.7341860104291044,0.6889176928062216,0.21999798153100875,0.21151877336253894,-0.03341457354069377,0.007717267385775717,-0.3159509025773561,COMPAS,corrupt_30,96,0.9555899730851078,True,1
Oracle (clean audit labels),Logistic regression,2268,0.7390042431478896,0.6850291639662994,0.28908344687221416,0.31815909145020355,-0.028908985808141496,0.027577088350569046,-0.37563126519695106,COMPAS,corrupt_30,96,0.9555899730851078,True,1
Oracle (clean audit labels),Random forest,2268,0.7367022173652007,0.6973428386260532,0.2670770886948916,0.25077974333944425,-0.032230388534456256,0.01023347432187205,-0.27668993260045077,COMPAS,corrupt_30,96,0.9555899730851078,True,1
Baseline (audit labels),Logistic regression,2268,0.7154814935075917,0.6234607906675308,0.6712402529438886,0.6998492928356133,0.1398326915015451,0.0,0.0,COMPAS,corrupt_30,98,0.9413127312955007,True,1
Baseline (audit labels),Random forest,2268,0.7213058889982513,0.6532728451069345,0.49977451782150556,0.4920936702990958,0.11304406049874927,0.0,0.0,COMPAS,corrupt_30,98,0.9413127312955007,True,1
Audit-guided reweighting,Logistic regression,2268,0.7344716610350648,0.6785482825664291,0.32811190646864624,0.38086430965866874,-0.0066615217861411,0.018990167527473067,-0.3189849831769445,COMPAS,corrupt_30,98,0.9413127312955007,True,1
Audit-guided reweighting,Random forest,2268,0.7287106844848521,0.6733635774465327,0.24246064999444705,0.23159172350017337,-0.00418532923259185,0.007404795486600779,-0.2605019467989224,COMPAS,corrupt_30,98,0.9413127312955007,True,1
Drop flagged block,Logistic regression,2268,0.7413056860576419,0.6707712248865846,0.24042626227952385,0.21502881582641142,0.057996666709672184,0.025824192550050196,-0.48482047700920183,COMPAS,corrupt_30,98,0.9413127312955007,True,1
Drop flagged block,Random forest,2268,0.7201981715051089,0.6448476992871031,0.22816272409394867,0.1937746348249479,0.05648314266459986,-0.0011077174931424238,-0.2983190354741479,COMPAS,corrupt_30,98,0.9413127312955007,True,1
Trusted reference only,Logistic regression,1389,0.735234379492175,0.6785482825664291,0.21916531209089288,0.2438528989216771,-0.02144800010225545,0.019752885984583246,-0.45599639391393615,COMPAS,corrupt_30,98,0.9413127312955007,True,1
Trusted reference only,Random forest,1389,0.7288814928311229,0.6753078418664938,0.2169222692257211,0.1791865515134501,-0.030227909157237443,0.007575603832871591,-0.3129071187856457,COMPAS,corrupt_30,98,0.9413127312955007,True,1
Oracle (clean audit labels),Logistic regression,2268,0.7400271602182287,0.6830848995463383,0.23123870485728992,0.262116683455257,-0.011038017174058057,0.02454566671063696,-0.43773260938035624,COMPAS,corrupt_30,98,0.9413127312955007,True,1
Oracle (clean audit labels),Random forest,2268,0.7371530138371674,0.6785482825664291,0.1903271510831558,0.19897782254735213,-0.017236682499089384,0.015847124838916038,-0.29311584775174365,COMPAS,corrupt_30,98,0.9413127312955007,True,1
Baseline (audit labels),Logistic regression,2268,0.7123757313901831,0.6377187297472456,0.7105686956814095,0.6891046609050948,0.14346583650896405,0.0,0.0,COMPAS,corrupt_30,99,0.9541934276059294,True,1
Baseline (audit labels),Random forest,2268,0.7158125880377071,0.6474400518470512,0.5036428127153832,0.4782104695336799,0.11516982334558101,0.0,0.0,COMPAS,corrupt_30,99,0.9541934276059294,True,1
Audit-guided reweighting,Logistic regression,2268,0.73715157384332,0.679196370706416,0.34999915948022253,0.36401117169836417,0.027410062018360937,0.02477584245313691,-0.32509348920673065,COMPAS,corrupt_30,99,0.9541934276059294,True,1
Audit-guided reweighting,Random forest,2268,0.7293069062195254,0.6740116655865198,0.2713752584598315,0.27467083388748503,0.026555458567458445,0.013494318181818343,-0.20353963564619487,COMPAS,corrupt_30,99,0.9541934276059294,True,1
Drop flagged block,Logistic regression,2268,0.7407966735290931,0.6753078418664938,0.23799149393985242,0.21478920069158125,0.060434212969583734,0.02842094213891,-0.47431546021351356,COMPAS,corrupt_30,99,0.9541934276059294,True,1
Drop flagged block,Random forest,2268,0.7248686206522916,0.6604018146467919,0.24328172541899906,0.22589440085117696,0.0582047200795861,0.009056032614584542,-0.25231606868250295,COMPAS,corrupt_30,99,0.9541934276059294,True,1
Trusted reference only,Logistic regression,1389,0.7404936206522916,0.6856772521062865,0.2678047304453074,0.30948264396861286,0.014179099834353504,0.028117889262108564,-0.37962201693648195,COMPAS,corrupt_30,99,0.9541934276059294,True,1
Trusted reference only,Random forest,1389,0.7293763205656084,0.6785482825664291,0.28413602972077934,0.30506051336613915,0.0037279844753982383,0.013563732527901329,-0.17314995616754075,COMPAS,corrupt_30,99,0.9541934276059294,True,1
Oracle (clean audit labels),Logistic regression,2268,0.7349692545237838,0.677900194426442,0.30604669927883404,0.3484173427317463,-0.009255426960461,0.022593523133600746,-0.3406873181733485,COMPAS,corrupt_30,99,0.9541934276059294,True,1
Oracle (clean audit labels),Random forest,2268,0.7318362972694767,0.6746597537265068,0.26247079193773426,0.29661524138848255,-0.019978589524250467,0.016023709231769656,-0.18159522814519735,COMPAS,corrupt_30,99,0.9541934276059294,True,1
Baseline (audit labels),Logistic regression,2268,0.7120742247076766,0.6467919637070642,0.5683638626768263,0.5620104215363214,0.13872476844659232,0.0,0.0,COMPAS,corrupt_30,100,0.949124392742016,True,1
Baseline (audit labels),Random forest,2268,0.7109549228944247,0.642903434867142,0.4210593598089183,0.41739165136882433,0.10834666125468062,0.0,0.0,COMPAS,corrupt_30,100,0.949124392742016,True,1
Audit-guided reweighting,Logistic regression,2268,0.7164429757668193,0.6727154893065457,0.3333097845284352,0.33258135083401696,0.011731744937624411,0.004368751059142695,-0.22942907070230445,COMPAS,corrupt_30,100,0.949124392742016,True,1
Audit-guided reweighting,Random forest,2268,0.7127724114556855,0.6701231367465975,0.2591226388117946,0.24832512988788624,0.010636918720761668,0.0018174885612607383,-0.1690665214809381,COMPAS,corrupt_30,100,0.949124392742016,True,1
Drop flagged block,Logistic regression,2268,0.7166649720386375,0.6519766688269605,0.2536946392827707,0.22419332786436974,0.0708586720564246,0.004590747330960987,-0.3378170936719517,COMPAS,corrupt_30,100,0.949124392742016,True,1
Drop flagged block,Random forest,2268,0.7075699034062023,0.6448476992871031,0.23839464432894314,0.20245419742958715,0.06930888648107325,-0.0033850194882224516,-0.2149374539392372,COMPAS,corrupt_30,100,0.949124392742016,True,1
Trusted reference only,Logistic regression,1389,0.7121165904084052,0.659753726506805,0.28963347967233516,0.30916735028712056,-0.006951890314547904,4.236570072868595e-05,-0.25284307124920086,COMPAS,corrupt_30,100,0.949124392742016,True,1
Trusted reference only,Random forest,1389,0.7089442467378411,0.662346079066753,0.22609543994213727,0.2272696199070276,-0.02157707972332723,-0.0020106761565836795,-0.19012203146179674,COMPAS,corrupt_30,100,0.949124392742016,True,1
Oracle (clean audit labels),Logistic regression,2268,0.71695814268768,0.679196370706416,0.25616053556710566,0.2537257314738857,-0.009876820596598779,0.004883917980003427,-0.3082846900624357,COMPAS,corrupt_30,100,0.949124392742016,True,1
Oracle (clean audit labels),Random forest,2268,0.7113972208100322,0.6740116655865198,0.20640191081731174,0.20823079026524471,-0.01707044763130272,0.0004422979156074591,-0.20916086110357962,COMPAS,corrupt_30,100,0.949124392742016,True,1
Baseline (audit labels),Logistic regression,2268,0.7065449539612862,0.6286454957874271,0.6101964421212377,0.6411354700345526,0.14072668269444888,0.0,0.0,COMPAS,corrupt_30,102,0.940809415083125,True,1
Baseline (audit labels),Random forest,2268,0.7148341155472179,0.6409591704471809,0.4691965264311609,0.48981889669963063,0.1162858233490881,0.0,0.0,COMPAS,corrupt_30,102,0.940809415083125,True,1
Audit-guided reweighting,Logistic regression,2268,0.7220165935063314,0.6740116655865198,0.31629879436809716,0.3514468142915364,-0.002581268266565684,0.015471639545045157,-0.2896886557430162,COMPAS,corrupt_30,102,0.940809415083125,True,1
Audit-guided reweighting,Random forest,2268,0.7229444532544259,0.6785482825664291,0.2877396509569176,0.2834093833158858,0.007311246260020998,0.008110337707208037,-0.20640951338374486,COMPAS,corrupt_30,102,0.940809415083125,True,1
Drop flagged block,Logistic regression,2268,0.7240680070584821,0.6571613739468568,0.2195194334373155,0.23740380542924955,0.06518869415620931,0.017523053097195818,-0.4037316646053031,COMPAS,corrupt_30,102,0.940809415083125,True,1
Drop flagged block,Random forest,2268,0.7170188034995495,0.6629941672067401,0.23933226540763847,0.19932086262361493,0.07550416421843298,0.002184687952331621,-0.2904980340760157,COMPAS,corrupt_30,102,0.940809415083125,True,1
Trusted reference only,Logistic regression,1389,0.7229562623784925,0.6753078418664938,0.2626018042323582,0.2937420587036608,-0.019247588319932674,0.016411308417206283,-0.3473934113308918,COMPAS,corrupt_30,102,0.940809415083125,True,1
Trusted reference only,Random forest,1389,0.7259718065597998,0.6817887232663642,0.24282101003288087,0.23606926808218187,-0.023509885863060576,0.011137691012581885,-0.25374962861744876,COMPAS,corrupt_30,102,0.940809415083125,True,1
Oracle (clean audit labels),Logistic regression,2268,0.7237221684251015,0.6727154893065457,0.25238006913413713,0.29379000615325607,-0.0027594101539056837,0.01717721446381526,-0.34734546388129656,COMPAS,corrupt_30,102,0.940809415083125,True,1
Oracle (clean audit labels),Random forest,2268,0.7263235497552136,0.6746597537265068,0.2459539667818903,0.24417238706377814,-0.0010790845815762395,0.011489434207995752,-0.2456465096358525,COMPAS,corrupt_30,102,0.940809415083125,True,1
Baseline (audit labels),Logistic regression,2268,0.7190844051283096,0.6312378483473753,0.7545097419836143,0.7640921409214092,0.13428065885346663,0.0,0.0,COMPAS,corrupt_30,107,0.9696874587831057,True,1
Baseline (audit labels),Random forest,2268,0.7279483703960375,0.661049902786779,0.5500221790589358,0.5631436314363143,0.10806899885566645,0.0,0.0,COMPAS,corrupt_30,107,0.9696874587831057,True,1
Audit-guided reweighting,Logistic regression,2268,0.7309098197482046,0.6740116655865198,0.45391628413390783,0.4928847414358161,0.04075556628097232,0.011825414619894947,-0.2712073994855931,COMPAS,corrupt_30,107,0.9696874587831057,True,1
Audit-guided reweighting,Random forest,2268,0.7343944273455494,0.6759559300064809,0.36511435657205843,0.3511315417256012,0.038560422175224485,0.006446056949511836,-0.21201208971071311,COMPAS,corrupt_30,107,0.9696874587831057,True,1
Drop flagged block,Logistic regression,2268,0.7489307528722746,0.6837329876863253,0.301660405003058,0.2553041018387553,0.06067112871717262,0.029846347743964996,-0.5087880390826539,COMPAS,corrupt_30,107,0.9696874587831057,True,1
Drop flagged block,Random forest,2268,0.7319179185096105,0.6591056383668179,0.2864828717176673,0.2693089430894309,0.0637843480615975,0.003969548113572974,-0.2938346883468834,COMPAS,corrupt_30,107,0.9696874587831057,True,1
Trusted reference only,Logistic regression,1389,0.7401771943770681,0.6753078418664938,0.34590930781173335,0.35553006520164215,0.04315349659256895,0.02109278924875846,-0.40856207571976705,COMPAS,corrupt_30,107,0.9696874587831057,True,1
Trusted reference only,Random forest,1389,0.7407029004708424,0.679196370706416,0.28403981477125323,0.24266050298409636,0.03153666540896438,0.01275453007480487,-0.32048312845221794,COMPAS,corrupt_30,107,0.9696874587831057,True,1
Oracle (clean audit labels),Logistic regression,2268,0.7493647364165699,0.6850291639662994,0.2927450954035581,0.32649118570393626,-0.00019008812139797993,0.030280331288260243,-0.43760095521747294,COMPAS,corrupt_30,107,0.9696874587831057,True,1
Oracle (clean audit labels),Random forest,2268,0.7371248717582872,0.6817887232663642,0.3081763436813205,0.2983320109014385,-0.0071508441882287554,0.009176501362249678,-0.2648116205348758,COMPAS,corrupt_30,107,0.9696874587831057,True,1
Baseline (audit labels),Logistic regression,2268,0.7016782495734845,0.6305897602073882,0.6555381848134887,0.6370320855614974,0.12493268205298846,0.0,0.0,COMPAS,corrupt_30,108,0.9439276431178398,True,1
Baseline (audit labels),Random forest,2268,0.7045459941457988,0.6454957874270901,0.4281725418999109,0.4032108220792169,0.09260941928596822,0.0,0.0,COMPAS,corrupt_30,108,0.9439276431178398,True,1
Audit-guided reweighting,Logistic regression,2268,0.7119705865394074,0.6565132858068697,0.33692403382251584,0.3621253079660553,-0.014052272849071401,0.01029233696592291,-0.2749067775954421,COMPAS,corrupt_30,108,0.9439276431178398,True,1
Audit-guided reweighting,Random forest,2268,0.708650888135915,0.6539209332469216,0.23964563686183538,0.25277169449767317,-0.013282906362399483,0.004104893990116265,-0.1504391275815437,COMPAS,corrupt_30,108,0.9439276431178398,True,1
Drop flagged block,Logistic regression,2268,0.714399096431515,0.6467919637070642,0.27822717568544386,0.24016586603824885,0.04608340614810158,0.012720846858030543,-0.3968662195232485,COMPAS,corrupt_30,108,0.9439276431178398,True,1
Drop flagged block,Random forest,2268,0.7002443772873274,0.6370706416072586,0.20649217476087206,0.20223959759102106,0.041448914322326225,-0.004301616858471413,-0.20097122448819582,COMPAS,corrupt_30,108,0.9439276431178398,True,1
Trusted reference only,Logistic regression,1389,0.722023803467071,0.6604018146467919,0.21793669205036392,0.26231864221188067,-0.035713355684567016,0.0203455538935865,-0.3747134433496167,COMPAS,corrupt_30,108,0.9439276431178398,True,1
Trusted reference only,Random forest,1389,0.7074654632653962,0.6487362281270252,0.22051204464841057,0.2283568300027375,-0.03646532933563379,0.0029194691195973954,-0.1748539920764794,COMPAS,corrupt_30,108,0.9439276431178398,True,1
Oracle (clean audit labels),Logistic regression,2268,0.7160746325861256,0.6545690213869086,0.30156504782557525,0.3180776074459349,-0.015865161189850485,0.014396383012641123,-0.3189544781155625,COMPAS,corrupt_30,108,0.9439276431178398,True,1
Oracle (clean audit labels),Random forest,2268,0.7118306758787238,0.6532728451069345,0.24140904735488428,0.25142862031207225,-0.025972853654862904,0.007284681732925069,-0.15178220176714463,COMPAS,corrupt_30,108,0.9439276431178398,True,1
Baseline (audit labels),Logistic regression,2268,0.6961370573089842,0.6228127025275437,0.6917759582151235,0.6972151408564329,0.16732064172443684,0.0,0.0,COMPAS,corrupt_30,111,0.9602173414196947,True,1
Baseline (audit labels),Random forest,2268,0.7080967483417736,0.6370706416072586,0.4885374283589273,0.5011025417621306,0.13403095350708782,0.0,0.0,COMPAS,corrupt_30,111,0.9602173414196947,True,1
Audit-guided reweighting,Logistic regression,2268,0.7175584428871041,0.6688269604666235,0.37210617181742,0.3801398601398602,0.05195262804185552,0.0214213855781199,-0.3170752807165727,COMPAS,corrupt_30,111,0.9602173414196947,True,1
Audit-guided reweighting,Random forest,2268,0.7177443006462394,0.6662346079066753,0.24843256231889915,0.23134671779833071,0.04713177001925051,0.00964755230446579,-0.26975582396379993,COMPAS,corrupt_30,111,0.9602173414196947,True,1
Drop flagged block,Logistic regression,2268,0.722118778454141,0.6668826960466624,0.24341810790163593,0.22001353485224462,0.07615955797638674,0.025981721145156733,-0.47720160600418826,COMPAS,corrupt_30,111,0.9602173414196947,True,1
Drop flagged block,Random forest,2268,0.7135352191927977,0.6409591704471809,0.18069367741240688,0.1682747641636279,0.07066453446323895,0.005438470851024113,-0.33282777759850274,COMPAS,corrupt_30,111,0.9602173414196947,True,1
Trusted reference only,Logistic regression,1389,0.71380036489505,0.6688269604666235,0.2637754466734648,0.28935709451838487,0.03632778095212974,0.017663307586065824,-0.407858046338048,COMPAS,corrupt_30,111,0.9602173414196947,True,1
Trusted reference only,Random forest,1389,0.7201544836052994,0.6629941672067401,0.2163366886427655,0.20422287390029326,0.027384958484326982,0.012057735263525826,-0.2968796678618374,COMPAS,corrupt_30,111,0.9602173414196947,True,1
Oracle (clean audit labels),Logistic regression,2268,0.7183803093082339,0.6785482825664291,0.32074839890826246,0.35198736747123843,0.017586854449901157,0.022243251999249702,-0.34522777338519445,COMPAS,corrupt_30,111,0.9602173414196947,True,1
Oracle (clean audit labels),Random forest,2268,0.7195994680034785,0.6668826960466624,0.22239273610844684,0.23044439431536207,0.004481623261839651,0.011502719661704908,-0.2706581474467686,COMPAS,corrupt_30,111,0.9602173414196947,True,1
Baseline (audit labels),Logistic regression,2268,0.678996978055409,0.6241088788075179,0.64985466337349,0.656093049392978,0.13346275557901732,0.0,0.0,COMPAS,corrupt_30,112,0.954156535735848,True,1
Baseline (audit labels),Random forest,2268,0.6945900769345177,0.6513285806869734,0.4477897071424971,0.43023051617359537,0.10465239225033185,0.0,0.0,COMPAS,corrupt_30,112,0.954156535735848,True,1
Audit-guided reweighting,Logistic regression,2268,0.6896633607809732,0.6454957874270901,0.3240502713510426,0.35417219608316247,0.01166925261329299,0.010666382725564194,-0.3019208533098155,COMPAS,corrupt_30,112,0.954156535735848,True,1
Audit-guided reweighting,Random forest,2268,0.7024643721521384,0.6532728451069345,0.27672933783624853,0.25981421160574253,0.011717615205587228,0.00787429521762073,-0.17041630456785284,COMPAS,corrupt_30,112,0.954156535735848,True,1
Drop flagged block,Logistic regression,2268,0.696580199840452,0.6357744653272845,0.2350488095838164,0.21236980737523625,0.05627379902254581,0.017583221785043013,-0.4437232420177417,COMPAS,corrupt_30,112,0.954156535735848,True,1
Drop flagged block,Random forest,2268,0.7034877432090754,0.6519766688269605,0.22045129962867754,0.2022138450191414,0.05590536543545277,0.00889766627455768,-0.22801667115445395,COMPAS,corrupt_30,112,0.954156535735848,True,1
Trusted reference only,Logistic regression,1389,0.6842177760651171,0.6409591704471809,0.24477040173395836,0.26591064462942854,-0.007359625454823826,0.005220798009708094,-0.39018240476354943,COMPAS,corrupt_30,112,0.954156535735848,True,1
Trusted reference only,Random forest,1389,0.689259420760151,0.6474400518470512,0.22714686560142483,0.23044999396790927,-0.021192800693765113,-0.005330656174366677,-0.1997805222056861,COMPAS,corrupt_30,112,0.954156535735848,True,1
Oracle (clean audit labels),Logistic regression,2268,0.6960317540799632,0.6571613739468568,0.29339852479123607,0.30736317207544134,-0.006382623426816281,0.017034776024554166,-0.34872987731753663,COMPAS,corrupt_30,112,0.954156535735848,True,1
Oracle (clean audit labels),Random forest,2268,0.7079082667423844,0.661049902786779,0.24350689718903845,0.23176096835163068,-0.01690772232159443,0.013318189807866698,-0.1984695478219647,COMPAS,corrupt_30,112,0.954156535735848,True,1
Baseline (audit labels),Logistic regression,2268,0.6906446981191637,0.6150356448476992,0.6972459623149394,0.7159167001473149,0.16347580574211973,0.0,0.0,COMPAS,corrupt_30,115,0.9490152993126383,True,1
Baseline (audit labels),Random forest,2268,0.6986563273286422,0.62799740764744,0.5439030955585464,0.5558122405249766,0.13287915887192525,0.0,0.0,COMPAS,corrupt_30,115,0.9490152993126383,True,1
Audit-guided reweighting,Logistic regression,2268,0.7072059687104342,0.6649384316267012,0.36427658142664876,0.39130546447619624,0.03711449654795851,0.01656127059127044,-0.32461123567111866,COMPAS,corrupt_30,115,0.9490152993126383,True,1
Audit-guided reweighting,Random forest,2268,0.7090228205415423,0.6662346079066753,0.2897695154777928,0.3037950842828892,0.03384873758627849,0.010366493212900063,-0.25201715624208737,COMPAS,corrupt_30,115,0.9490152993126383,True,1
Drop flagged block,Logistic regression,2268,0.713169926986487,0.6396629941672067,0.2621971736204576,0.2412142899947778,0.07753249435512088,0.02252522886732322,-0.4747024101525371,COMPAS,corrupt_30,115,0.9490152993126383,True,1
Drop flagged block,Random forest,2268,0.7141712745627165,0.659753726506805,0.2073923283983849,0.19408607213485263,0.07328691513734353,0.015514947234074206,-0.36172616839012395,COMPAS,corrupt_30,115,0.9490152993126383,True,1
Trusted reference only,Logistic regression,1389,0.7017443814217778,0.6467919637070642,0.2455434051144011,0.26939704988485474,0.027044671513432594,0.011099683302614016,-0.44651965026246015,COMPAS,corrupt_30,115,0.9490152993126383,True,1
Trusted reference only,Random forest,1389,0.7053288663048236,0.6571613739468568,0.23650908479138627,0.2259329332500064,0.03134197128424443,0.006672538976181364,-0.32987930727497017,COMPAS,corrupt_30,115,0.9490152993126383,True,1
Oracle (clean audit labels),Logistic regression,2268,0.7115541932702655,0.6727154893065457,0.31888627187079405,0.35878228561155384,0.010807714257674794,0.020909495151101742,-0.35713441453576106,COMPAS,corrupt_30,115,0.9490152993126383,True,1
Oracle (clean audit labels),Random forest,2268,0.7165719629467452,0.6772521062864549,0.2659168909825033,0.29092792507426657,0.0006446012855034766,0.017915635618102943,-0.26488431545071,COMPAS,corrupt_30,115,0.9490152993126383,True,1
Baseline (audit labels),Logistic regression,2268,0.7007479940160478,0.6208684381075826,0.6920323465354522,0.7032258064516129,0.17009754997181115,0.0,0.0,COMPAS,corrupt_30,116,0.9396432421084571,True,1
Baseline (audit labels),Random forest,2268,0.7147779817761458,0.6487362281270252,0.46545703261541765,0.4402812241521919,0.1354549365392561,0.0,0.0,COMPAS,corrupt_30,116,0.9396432421084571,True,1
Audit-guided reweighting,Logistic regression,2268,0.728998368013056,0.6850291639662994,0.3351987039875239,0.36788217825201147,0.03574456114474078,0.028250373997008138,-0.33534362819960145,COMPAS,corrupt_30,116,0.9396432421084571,True,1
Audit-guided reweighting,Random forest,2268,0.7261313409492725,0.6753078418664938,0.2682150923610551,0.29990676473635136,0.033874544981886134,0.011353359173126631,-0.14037445941584054,COMPAS,corrupt_30,116,0.9396432421084571,True,1
Drop flagged block,Logistic regression,2268,0.7377906976744186,0.6649384316267012,0.23816750020166172,0.22542214855485343,0.0822093157115168,0.03704270365837081,-0.4778036578967595,COMPAS,corrupt_30,116,0.9396432421084571,True,1
Drop flagged block,Random forest,2268,0.7241687066503468,0.6701231367465975,0.20333548439138505,0.20019683000103594,0.07981943241687672,0.009390724874201006,-0.24008439415115596,COMPAS,corrupt_30,116,0.9396432421084571,True,1
Trusted reference only,Logistic regression,1389,0.7326465388276893,0.6798444588464031,0.24142937807534082,0.2524431092233848,0.010415586375266406,0.03189854481164145,-0.4507826972282281,COMPAS,corrupt_30,116,0.9396432421084571,True,1
Trusted reference only,Random forest,1389,0.7355654154766761,0.6928062216461439,0.21604521255142373,0.20325287475396253,0.004627318651342582,0.020787433700530267,-0.23702834939822937,COMPAS,corrupt_30,116,0.9396432421084571,True,1
Oracle (clean audit labels),Logistic regression,2268,0.7301050591595266,0.6850291639662994,0.31972453012825686,0.35092717289961667,0.036627277490445254,0.0293570651434788,-0.35229863355199625,COMPAS,corrupt_30,116,0.9396432421084571,True,1
Oracle (clean audit labels),Random forest,2268,0.7263633890928871,0.6856772521062865,0.2810542201070152,0.3040678200214096,0.019271241384196447,0.011585407316741292,-0.1362134041307823,COMPAS,corrupt_30,116,0.9396432421084571,True,1
Baseline (audit labels),Logistic regression,2268,0.7139136980276735,0.6318859364873622,0.6564499797488862,0.660662150778356,0.13655665488305013,0.0,0.0,COMPAS,corrupt_30,117,0.9324150009281273,True,1
Baseline (audit labels),Random forest,2268,0.7200852532223688,0.6474400518470512,0.4776427703523694,0.477220536136723,0.10906440773677872,0.0,0.0,COMPAS,corrupt_30,117,0.9324150009281273,True,1
Audit-guided reweighting,Logistic regression,2268,0.727031530160019,0.6707712248865846,0.27040299716484406,0.30124887061227595,-0.012540093641528305,0.01311783213234552,-0.35941328016608004,COMPAS,corrupt_30,117,0.9324150009281273,True,1
Audit-guided reweighting,Random forest,2268,0.7241550796711662,0.6759559300064809,0.29556331848251655,0.2753595041671241,-0.004094943037218468,0.004069826448797387,-0.20186103196959887,COMPAS,corrupt_30,117,0.9324150009281273,True,1
Drop flagged block,Logistic regression,2268,0.729441117764471,0.6649384316267012,0.26811124611853654,0.23378376818952878,0.05925869951108109,0.015527419736797499,-0.4268783825888272,COMPAS,corrupt_30,117,0.9324150009281273,True,1
Drop flagged block,Random forest,2268,0.7190720254406442,0.6649384316267012,0.24798163899014447,0.22223817203847085,0.056432076522336505,-0.001013227781724635,-0.25498236409825215,COMPAS,corrupt_30,117,0.9324150009281273,True,1
Trusted reference only,Logistic regression,1389,0.7182017321289624,0.6681788723266364,0.2299463345484002,0.24612630565664917,-0.029868498352731865,0.004288034101288973,-0.4145358451217068,COMPAS,corrupt_30,117,0.9324150009281273,True,1
Trusted reference only,Random forest,1389,0.7227917047261408,0.6785482825664291,0.2509518023491292,0.23823114661352568,-0.03251871512924459,0.0027064515037720227,-0.23898938952319732,COMPAS,corrupt_30,117,0.9324150009281273,True,1
Oracle (clean audit labels),Logistic regression,2268,0.7291104232213539,0.6688269604666235,0.3136222492237073,0.33314193553834853,-0.006319710012644308,0.015196725193680427,-0.32752021524000746,COMPAS,corrupt_30,117,0.9324150009281273,True,1
Oracle (clean audit labels),Random forest,2268,0.7317187658581144,0.6804925469863902,0.2655342918860537,0.2561662458729851,-0.01148422155512463,0.011633512635745524,-0.2210542902637379,COMPAS,corrupt_30,117,0.9324150009281273,True,1
Baseline (audit labels),Logistic regression,2268,0.6977778794068925,0.62799740764744,0.6506520131746991,0.6348118203040483,0.14518876483640053,0.0,0.0,COMPAS,corrupt_30,119,0.9710539716389258,True,1
Baseline (audit labels),Random forest,2268,0.714562774610337,0.6513285806869734,0.46663137729380927,0.45370950293230083,0.11526017243448028,0.0,0.0,COMPAS,corrupt_30,119,0.9710539716389258,True,1
Audit-guided reweighting,Logistic regression,2268,0.7216420893590929,0.6668826960466624,0.3865177791221348,0.42699756369492503,0.049927304170939046,0.0238642099522004,-0.20781425660912323,COMPAS,corrupt_30,119,0.9710539716389258,True,1
Audit-guided reweighting,Random forest,2268,0.7280811406851835,0.6746597537265068,0.3085366673388452,0.30976586695296693,0.045497663689425316,0.013518366074846466,-0.1439436359793339,COMPAS,corrupt_30,119,0.9710539716389258,True,1
Drop flagged block,Logistic regression,2268,0.7294167166343147,0.6688269604666235,0.26314445116622975,0.25394557542222396,0.0686834336450135,0.03163883722742222,-0.3808662448818243,COMPAS,corrupt_30,119,0.9710539716389258,True,1
Drop flagged block,Random forest,2268,0.7309352249899218,0.6740116655865198,0.23709921355111918,0.2111427432670956,0.06982615272730264,0.01637245037958479,-0.24256675966520524,COMPAS,corrupt_30,119,0.9710539716389258,True,1
Trusted reference only,Logistic regression,1389,0.7288272677690039,0.6707712248865846,0.2977011494252874,0.2976504108683983,0.03874990783438881,0.031049388362111352,-0.33716140943565,COMPAS,corrupt_30,119,0.9710539716389258,True,1
Trusted reference only,Random forest,1389,0.7271791822921431,0.6753078418664938,0.2528466760771661,0.28405665441631905,0.02390492266380151,0.012616407681806052,-0.16965284851598178,COMPAS,corrupt_30,119,0.9710539716389258,True,1
Oracle (clean audit labels),Logistic regression,2268,0.7285698073450748,0.6655865197666883,0.30543792431269745,0.3474336210100343,0.01128097999300226,0.030791927938182306,-0.287378199294014,COMPAS,corrupt_30,119,0.9710539716389258,True,1
Oracle (clean audit labels),Random forest,2268,0.7343211683283026,0.6733635774465327,0.23790582778786046,0.25994962216624684,0.00399365822584441,0.019758393717965617,-0.193759880766054,COMPAS,corrupt_30,119,0.9710539716389258,True,1
Baseline (audit labels),Logistic regression,2268,0.7108446645869549,0.6241088788075179,0.6033496194840359,0.6350785740825738,0.16199629882540512,0.0,0.0,COMPAS,corrupt_30,120,0.927800685370598,True,1
Baseline (audit labels),Random forest,2268,0.7165241826018622,0.6416072585871678,0.4801666380057389,0.5018195528162087,0.13396340512087834,0.0,0.0,COMPAS,corrupt_30,120,0.927800685370598,True,1
Audit-guided reweighting,Logistic regression,2268,0.7300179281580945,0.6720674011665586,0.2708912874151552,0.2958961942012789,0.003930099939041809,0.019173263571139576,-0.33918237988129496,COMPAS,corrupt_30,120,0.927800685370598,True,1
Audit-guided reweighting,Random forest,2268,0.7294310956588003,0.6759559300064809,0.21457425034814598,0.18985534239771523,0.008315849421025479,0.01290691305693803,-0.3119642104184935,COMPAS,corrupt_30,120,0.927800685370598,True,1
Drop flagged block,Logistic regression,2268,0.7332523107592761,0.6487362281270252,0.24007404634977803,0.22667366074355783,0.08214869008319381,0.02240764617232116,-0.408404913339016,COMPAS,corrupt_30,120,0.927800685370598,True,1
Drop flagged block,Random forest,2268,0.7309653649757952,0.6565132858068697,0.23793290645410375,0.26527222258649713,0.08210944258768615,0.014441182373932993,-0.23654733022971158,COMPAS,corrupt_30,120,0.927800685370598,True,1
Trusted reference only,Logistic regression,1389,0.7329639974009274,0.6876215165262476,0.1856722336303954,0.22077357670578013,-0.01693644049225429,0.022119332813972492,-0.4143049973767937,COMPAS,corrupt_30,120,0.927800685370598,True,1
Trusted reference only,Random forest,1389,0.7346692135764125,0.6869734283862605,0.23202032565557656,0.22021481343515248,-0.022984889337731462,0.018145030974550225,-0.28160473938105623,COMPAS,corrupt_30,120,0.927800685370598,True,1
Oracle (clean audit labels),Logistic regression,2268,0.7296079958904715,0.6675307841866494,0.29474729491420265,0.2917985968833427,0.02605705491345578,0.018763331303516595,-0.34327997719923115,COMPAS,corrupt_30,120,0.927800685370598,True,1
Oracle (clean audit labels),Random forest,2268,0.7259551762028364,0.6701231367465975,0.22298876154445313,0.18538675059558934,0.01403201830703904,0.009430993600974213,-0.31643280222061937,COMPAS,corrupt_30,120,0.927800685370598,True,1
Baseline (audit labels),Logistic regression,2268,0.7124243163896969,0.6357744653272845,0.5720445320263419,0.5598241200335441,0.12942477303434385,0.0,0.0,COMPAS,corrupt_30,122,0.9423058114627471,True,1
Baseline (audit labels),Random forest,2268,0.7140159605123093,0.6461438755670771,0.42326309938861095,0.41806622696675055,0.10079028652514122,0.0,0.0,COMPAS,corrupt_30,122,0.9423058114627471,True,1
Audit-guided reweighting,Logistic regression,2268,0.7195214558373844,0.6811406351263772,0.3274602933993566,0.34804462530606617,-0.005053360775748916,0.007097139447687417,-0.21177949472747792,COMPAS,corrupt_30,122,0.9423058114627471,True,1
Audit-guided reweighting,Random forest,2268,0.713737973679393,0.677900194426442,0.24696410826469944,0.24387005552298513,0.0002995344913205855,-0.00027798683291635484,-0.17419617144376542,COMPAS,corrupt_30,122,0.9423058114627471,True,1
Drop flagged block,Logistic regression,2268,0.7198638542535375,0.6558651976668827,0.2709025988243814,0.24617201779494424,0.06102482576355717,0.007439537863840551,-0.31365210223859985,COMPAS,corrupt_30,122,0.9423058114627471,True,1
Drop flagged block,Random forest,2268,0.7085104651872343,0.6480881399870383,0.2556987182726155,0.22514398041176675,0.06090058609793758,-0.005505495325075049,-0.1929222465549838,COMPAS,corrupt_30,122,0.9423058114627471,True,1
Trusted reference only,Logistic regression,1389,0.713792215012645,0.6707712248865846,0.24845300052212285,0.25913025485395036,-0.023218470143187675,0.0013678986229480605,-0.30069386517959373,COMPAS,corrupt_30,122,0.9423058114627471,True,1
Trusted reference only,Random forest,1389,0.7190943053380252,0.6675307841866494,0.26684183046165766,0.27314894644273546,-0.03545456588771012,0.005078344825715897,-0.1449172805240151,COMPAS,corrupt_30,122,0.9423058114627471,True,1
Oracle (clean audit labels),Logistic regression,2268,0.7186061333387574,0.6675307841866494,0.2424199551984909,0.260225195709901,-0.008109618481031089,0.0061818169490605035,-0.2995989243236431,COMPAS,corrupt_30,122,0.9423058114627471,True,1
Oracle (clean audit labels),Random forest,2268,0.7164271572795259,0.6753078418664938,0.24878985397402859,0.2336534813946271,-0.011373241622957053,0.0024111967672165724,-0.18441274557212345,COMPAS,corrupt_30,122,0.9423058114627471,True,1
Baseline (audit labels),Logistic regression,2268,0.7318213072456072,0.6338302009073234,0.6094123598347525,0.6231359649122807,0.14710507798141526,0.0,0.0,COMPAS,corrupt_30,125,0.9231145963899673,True,1
Baseline (audit labels),Random forest,2268,0.7233863665761221,0.6383668178872327,0.4136818143495489,0.4139254385964913,0.11794350339826065,0.0,0.0,COMPAS,corrupt_30,125,0.9231145963899673,True,1
Audit-guided reweighting,Logistic regression,2268,0.7386836318580696,0.696046662346079,0.27592445830874296,0.284331797235023,-0.012377635494742245,0.006862324612462389,-0.33880416767725774,COMPAS,corrupt_30,125,0.9231145963899673,True,1
Audit-guided reweighting,Random forest,2268,0.723545500343797,0.6785482825664291,0.2630688812073181,0.2330691244239631,-0.008415224376823738,0.00015913376767495713,-0.18085631417252818,COMPAS,corrupt_30,125,0.9231145963899673,True,1
Drop flagged block,Logistic regression,2268,0.7402154007447801,0.644199611147116,0.26882556276873787,0.24577302631578946,0.07739999625497107,0.008394093499172861,-0.3773629385964913,COMPAS,corrupt_30,125,0.9231145963899673,True,1
Drop flagged block,Random forest,2268,0.7149207905289027,0.6526247569669476,0.24256133546918474,0.19710599078341018,0.07192762844744893,-0.008465576047219425,-0.2168194478130811,COMPAS,corrupt_30,125,0.9231145963899673,True,1
Trusted reference only,Logistic regression,1389,0.736576598656128,0.694750486066105,0.17426861141556363,0.17677419354838714,-0.03133561561099446,0.004755291410520779,-0.4463617713638936,COMPAS,corrupt_30,125,0.9231145963899673,True,1
Trusted reference only,Random forest,1389,0.7320417117687505,0.679196370706416,0.25266503667481666,0.252073732718894,-0.033702881024658626,0.00865534519262845,-0.16185170587759728,COMPAS,corrupt_30,125,0.9231145963899673,True,1
Oracle (clean audit labels),Logistic regression,2268,0.7379075356221364,0.677900194426442,0.3355096534862153,0.33310599078341013,0.021493311743345234,0.006086228376529168,-0.2900299741288706,COMPAS,corrupt_30,125,0.9231145963899673,True,1
Oracle (clean audit labels),Random forest,2268,0.7189272171503653,0.6714193130265717,0.2476755754152264,0.24302304147465437,0.010243000956644321,-0.004459149425756759,-0.1709023971218369,COMPAS,corrupt_30,125,0.9231145963899673,True,1
Baseline (audit labels),Logistic regression,2268,0.7218198345141615,0.6351263771872975,0.6411709350003361,0.6608247999552348,0.1371774369888188,0.0,0.0,COMPAS,corrupt_30,127,0.954289804716092,True,1
Baseline (audit labels),Random forest,2268,0.732524593506295,0.6604018146467919,0.4766165893661357,0.4868110346371216,0.10987400612964704,0.0,0.0,COMPAS,corrupt_30,127,0.954289804716092,True,1
Audit-guided reweighting,Logistic regression,2268,0.7355174405763121,0.6720674011665586,0.3420901391409559,0.33429777711733294,0.01900142061299237,0.013697606062150536,-0.32652702283790186,COMPAS,corrupt_30,127,0.954289804716092,True,1
Audit-guided reweighting,Random forest,2268,0.7394481540003738,0.6843810758263124,0.2681336963097398,0.22220959606996438,0.022093869588524995,0.006923560494078829,-0.26460143856715723,COMPAS,corrupt_30,127,0.954289804716092,True,1
Drop flagged block,Logistic regression,2268,0.7368715700766265,0.6526247569669476,0.25300631847818783,0.21071494130296065,0.057477684989479805,0.015051735562464974,-0.45010985865227415,COMPAS,corrupt_30,127,0.954289804716092,True,1
Drop flagged block,Random forest,2268,0.7346866133170227,0.6733635774465327,0.2420901391409559,0.1935035532906182,0.05505765583751421,0.002162019810727722,-0.2933074813465034,COMPAS,corrupt_30,127,0.954289804716092,True,1
Trusted reference only,Logistic regression,1389,0.7374322510491531,0.6766040181464679,0.27591248235531357,0.2740273249359708,0.003381824586065396,0.015612416534991569,-0.386797475019264,COMPAS,corrupt_30,127,0.954289804716092,True,1
Trusted reference only,Random forest,1389,0.7340486263316174,0.6811406351263772,0.25129898501041875,0.2330399209797117,-0.001744298608571171,0.00152403282532243,-0.2537711136574099,COMPAS,corrupt_30,127,0.954289804716092,True,1
Oracle (clean audit labels),Logistic regression,2268,0.7371705999286406,0.6895657809462087,0.2543540364320764,0.2652686602389839,-0.016014233688349755,0.015350765414479106,-0.3955561397162509,COMPAS,corrupt_30,127,0.954289804716092,True,1
Oracle (clean audit labels),Random forest,2268,0.7454253529741577,0.6928062216461439,0.2113194864556026,0.1905577748446255,-0.020490861457505005,0.012900759467862732,-0.2962532597924961,COMPAS,corrupt_30,127,0.954289804716092,True,1
Baseline (audit labels),Logistic regression,2268,0.7016746855744069,0.6338302009073234,0.6283474776049033,0.6253333333333333,0.12017168473642514,0.0,0.0,COMPAS,corrupt_30,132,0.9540417414624505,True,1
Baseline (audit labels),Random forest,2268,0.6992884274499873,0.6325340246273493,0.49993096248400354,0.4955555555555556,0.09467450111612796,0.0,0.0,COMPAS,corrupt_30,132,0.9540417414624505,True,1
Audit-guided reweighting,Logistic regression,2268,0.7144171520216087,0.6578094620868438,0.3110493702431467,0.3195332441959402,-0.004390472579623439,0.012742466447201783,-0.3058000891373931,COMPAS,corrupt_30,132,0.9540417414624505,True,1
Audit-guided reweighting,Random forest,2268,0.7053591626572129,0.6558651976668827,0.2530208122853102,0.25562173331712656,0.0004353064691366981,0.006070735207225564,-0.23993382223842902,COMPAS,corrupt_30,132,0.9540417414624505,True,1
Drop flagged block,Logistic regression,2268,0.7170287836583101,0.6454957874270901,0.27636559574324787,0.24922004781005636,0.04433988900316299,0.0153540980839032,-0.37611328552327694,COMPAS,corrupt_30,132,0.9540417414624505,True,1
Drop flagged block,Random forest,2268,0.7017337722630201,0.642903434867142,0.2308277766552166,0.19599999999999995,0.04436080663828712,0.0024453448130328237,-0.29955555555555563,COMPAS,corrupt_30,132,0.9540417414624505,True,1
Trusted reference only,Logistic regression,1389,0.7199442896935934,0.6681788723266364,0.25276655216542065,0.25793120213929743,-0.013995334754176803,0.018269604119186433,-0.36740213119403586,COMPAS,corrupt_30,132,0.9540417414624505,True,1
Trusted reference only,Random forest,1389,0.7243800118173378,0.6798444588464031,0.2526436317101098,0.24611644584903364,-0.01528868545462847,0.025091584367350483,-0.24943910970652194,COMPAS,corrupt_30,132,0.9540417414624505,True,1
Oracle (clean audit labels),Logistic regression,2268,0.7144711741369123,0.6688269604666235,0.2984188724994949,0.30798590008508575,-0.00857523571536456,0.01279648856250537,-0.31734743324824755,COMPAS,corrupt_30,132,0.9540417414624505,True,1
Oracle (clean audit labels),Random forest,2268,0.7027323373005824,0.6591056383668179,0.2671095170741564,0.2745431708601759,-0.01855886508618998,0.0034439098505950616,-0.2210123846953797,COMPAS,corrupt_30,132,0.9540417414624505,True,1
Baseline (audit labels),Logistic regression,2268,0.7090109403978017,0.6338302009073234,0.6218898193925941,0.6390341160832964,0.1545650471250286,0.0,0.0,COMPAS,corrupt_30,136,0.9633611156823997,True,1
Baseline (audit labels),Random forest,2268,0.7102334405254113,0.6435515230071289,0.4674620791712912,0.46535223748338506,0.11926214685027914,0.0,0.0,COMPAS,corrupt_30,136,0.9633611156823997,True,1
Audit-guided reweighting,Logistic regression,2268,0.7294931346026237,0.6642903434867142,0.3358927790670299,0.33965841131964913,0.054311924904744235,0.020482194204822002,-0.2993757047636473,COMPAS,corrupt_30,136,0.9633611156823997,True,1
Audit-guided reweighting,Random forest,2268,0.7224754564170622,0.6798444588464031,0.23602730972320324,0.22282543129448662,0.045967930182735706,0.01224201589165097,-0.24252680618889844,COMPAS,corrupt_30,136,0.9633611156823997,True,1
Drop flagged block,Logistic regression,2268,0.734734486924268,0.6642903434867142,0.23559344835704432,0.20800841825431993,0.07943670167198236,0.025723546526466357,-0.4310256978289765,COMPAS,corrupt_30,136,0.9633611156823997,True,1
Drop flagged block,Random forest,2268,0.7095145730182226,0.6487362281270252,0.19721185215080883,0.1653999276149113,0.07207805530213951,-0.0007188675071886363,-0.29995230986847377,COMPAS,corrupt_30,136,0.9633611156823997,True,1
Trusted reference only,Logistic regression,1389,0.7308219760774504,0.6798444588464031,0.28273299028016013,0.2700480843803319,0.03852169672684935,0.021811035679648705,-0.3689860317029645,COMPAS,corrupt_30,136,0.9633611156823997,True,1
Trusted reference only,Random forest,1389,0.7215889949466592,0.6701231367465975,0.22045202300474226,0.20065318925253783,0.027535887844261087,0.011355554421247915,-0.2646990482308472,COMPAS,corrupt_30,136,0.9633611156823997,True,1
Oracle (clean audit labels),Logistic regression,2268,0.7329385942524629,0.6746597537265068,0.23758113880200454,0.22631542664115956,-0.0006295263032829457,0.023927653854661224,-0.41271868944213685,COMPAS,corrupt_30,136,0.9633611156823997,True,1
Oracle (clean audit labels),Random forest,2268,0.725545743793919,0.6727154893065457,0.20172199239901795,0.18866656325939712,-0.01085632407691517,0.015312303268507743,-0.27668567422398793,COMPAS,corrupt_30,136,0.9633611156823997,True,1
Baseline (audit labels),Logistic regression,2268,0.6866970541065248,0.61049902786779,0.7059208423743923,0.7310304435793983,0.14844170578308225,0.0,0.0,COMPAS,corrupt_30,140,0.9537425015512299,True,1
Baseline (audit labels),Random forest,2268,0.6887836583101208,0.6325340246273493,0.5169013136869018,0.5119206786800289,0.11713017946185211,0.0,0.0,COMPAS,corrupt_30,140,0.9537425015512299,True,1
Audit-guided reweighting,Logistic regression,2268,0.7051894994513379,0.662346079066753,0.4043666212511144,0.4340642236252903,0.0245446769513733,0.01849244534481309,-0.296966219954108,COMPAS,corrupt_30,140,0.9537425015512299,True,1
Audit-guided reweighting,Random forest,2268,0.699166033595003,0.6532728451069345,0.2822038317269685,0.2960464874961087,0.01933938450701589,0.010382375284882173,-0.2158741911839202,COMPAS,corrupt_30,140,0.9537425015512299,True,1
Drop flagged block,Logistic regression,2268,0.708745674010298,0.6480881399870383,0.28054027686666333,0.27585188496260404,0.06405552387519353,0.02204861990377316,-0.45517855861679424,COMPAS,corrupt_30,140,0.9537425015512299,True,1
Drop flagged block,Random forest,2268,0.6938516080020258,0.6448476992871031,0.2161847571950009,0.19803481772974363,0.055892526548934396,0.005067949691905049,-0.31388586095028526,COMPAS,corrupt_30,140,0.9537425015512299,True,1
Trusted reference only,Logistic regression,1389,0.7081472102642019,0.6636422553467272,0.3068207431330003,0.3452079724778698,0.010440359828435719,0.02145015615767709,-0.3858224711015285,COMPAS,corrupt_30,140,0.9537425015512299,True,1
Trusted reference only,Random forest,1389,0.701745589600743,0.6578094620868438,0.27817698608938457,0.30224854527023254,-0.007101133874485077,0.012961931290622175,-0.20967213340979635,COMPAS,corrupt_30,140,0.9537425015512299,True,1
Oracle (clean audit labels),Logistic regression,2268,0.7075107622182831,0.6655865197666883,0.29821701905771136,0.300835721298521,-0.01181530471283121,0.02081370811175831,-0.4301947222808773,COMPAS,corrupt_30,140,0.9537425015512299,True,1
Oracle (clean audit labels),Random forest,2268,0.7024200219464842,0.6578094620868438,0.29750382668079595,0.3113401074384783,-0.022554616871456545,0.013636363636363447,-0.2005805712415506,COMPAS,corrupt_30,140,0.9537425015512299,True,1
Baseline (audit labels),Logistic regression,2268,0.7081142799147467,0.6409591704471809,0.5908197217180884,0.5657610810428385,0.11557208010952591,0.0,0.0,COMPAS,corrupt_30,141,0.9424296847678817,True,1
Baseline (audit labels),Random forest,2268,0.7136565851348152,0.6506804925469863,0.4523106136989985,0.42711096961335737,0.08837598886011233,0.0,0.0,COMPAS,corrupt_30,141,0.9424296847678817,True,1
Audit-guided reweighting,Logistic regression,2268,0.7123092797455935,0.6545690213869086,0.2775441957383882,0.29836073631694066,-0.020198609953212987,0.004194999830846813,-0.26740034472589785,COMPAS,corrupt_30,141,0.9424296847678817,True,1
Audit-guided reweighting,Random forest,2268,0.7141547413647282,0.6571613739468568,0.2624504268333669,0.2338224090048907,-0.010018326873938554,0.0004981562299130049,-0.19328856060846666,COMPAS,corrupt_30,141,0.9424296847678817,True,1
Drop flagged block,Logistic regression,2268,0.7144955851009844,0.6565132858068697,0.31124722726356113,0.26813143601464773,0.04603319223851743,0.006381305186237696,-0.2976296450281908,COMPAS,corrupt_30,141,0.9424296847678817,True,1
Drop flagged block,Random forest,2268,0.7094167597009371,0.6558651976668827,0.2786230422800296,0.24128904453641797,0.04740117632509078,-0.0042398254338781305,-0.1858219250769394,COMPAS,corrupt_30,141,0.9424296847678817,True,1
Trusted reference only,Logistic regression,1389,0.7073412497039818,0.6558651976668827,0.21779088525912477,0.2064931553982649,-0.03709273457086182,-0.0007730302107649134,-0.3592679256445736,COMPAS,corrupt_30,141,0.9424296847678817,True,1
Trusted reference only,Random forest,1389,0.7078833857708313,0.6591056383668179,0.20877361027088792,0.1814249551475829,-0.03790318983610219,-0.005773199363983905,-0.24568601446577448,COMPAS,corrupt_30,141,0.9424296847678817,True,1
Oracle (clean audit labels),Logistic regression,2268,0.7143644913562706,0.6558651976668827,0.3110590172749882,0.3234289365676227,-0.017716358070309246,0.006250211441523823,-0.24233214447521578,COMPAS,corrupt_30,141,0.9424296847678817,True,1
Oracle (clean audit labels),Random forest,2268,0.720333062688183,0.6591056383668179,0.2631478120588828,0.2693602693602693,-0.026456855587100314,0.0066764775533677545,-0.15775070025308807,COMPAS,corrupt_30,141,0.9424296847678817,True,1
Baseline (audit labels),Logistic regression,2268,0.694274686665991,0.6247569669475048,0.6229596382402878,0.6169532187125151,0.1404781288721405,0.0,0.0,COMPAS,corrupt_30,142,0.9393456815439822,True,1
Baseline (audit labels),Random forest,2268,0.6993699537177798,0.6409591704471809,0.47706053423437056,0.4903238704518193,0.11791622707784732,0.0,0.0,COMPAS,corrupt_30,142,0.9393456815439822,True,1
Audit-guided reweighting,Logistic regression,2268,0.7137013952231344,0.6662346079066753,0.38234740363440756,0.46293482606957215,-0.0020385814818171255,0.019426708557143346,-0.15401839264294293,COMPAS,corrupt_30,142,0.9393456815439822,True,1
Audit-guided reweighting,Random forest,2268,0.707327455153542,0.6668826960466624,0.3082051540672751,0.3926429428228708,0.0032915078194116765,0.007957501435762238,-0.09768092762894848,COMPAS,corrupt_30,142,0.9393456815439822,True,1
Drop flagged block,Logistic regression,2268,0.7210854363028276,0.6467919637070642,0.2745759577722863,0.3070371851259496,0.06530797224836438,0.026810749636836606,-0.3099160335865655,COMPAS,corrupt_30,142,0.9393456815439822,True,1
Drop flagged block,Random forest,2268,0.7128086888956454,0.6539209332469216,0.213216332980315,0.2391043582566973,0.06683761890135054,0.013438735177865646,-0.251219512195122,COMPAS,corrupt_30,142,0.9393456815439822,True,1
Trusted reference only,Logistic regression,1389,0.7078586872065132,0.6558651976668827,0.28996419385748146,0.3472211115553779,-0.01915990028838438,0.013584000540522223,-0.2697321071571372,COMPAS,corrupt_30,142,0.9393456815439822,True,1
Trusted reference only,Random forest,1389,0.7198059187189623,0.6746597537265068,0.27751441491418294,0.3444622151139545,-0.02652788259913874,0.0204359650011825,-0.14586165533786483,COMPAS,corrupt_30,142,0.9393456815439822,True,1
Oracle (clean audit labels),Logistic regression,2268,0.7170610790176009,0.6642903434867142,0.2891152688822768,0.35573770491803275,-0.002322412879527058,0.02278639235160984,-0.2612155137944823,COMPAS,corrupt_30,142,0.9393456815439822,True,1
Oracle (clean audit labels),Random forest,2268,0.7168034863687038,0.6727154893065457,0.2958175735875065,0.38020791683326666,-0.008263675009680949,0.017433532650924066,-0.11011595361855264,COMPAS,corrupt_30,142,0.9393456815439822,True,1
Baseline (audit labels),Logistic regression,2268,0.6910543562717476,0.6351263771872975,0.6972666296837965,0.6891724260145312,0.11532994608243041,0.0,0.0,COMPAS,corrupt_30,146,0.9548505552481571,True,1
Baseline (audit labels),Random forest,2268,0.6939351711090842,0.6526247569669476,0.5258644745910871,0.501063264221159,0.09119415168846678,0.0,0.0,COMPAS,corrupt_30,146,0.9548505552481571,True,1
Audit-guided reweighting,Logistic regression,2268,0.7111769872639438,0.6571613739468568,0.3318388891690621,0.3554846712741449,-0.007164729375070289,0.020122630992196244,-0.3336877547403863,COMPAS,corrupt_30,146,0.9548505552481571,True,1
Audit-guided reweighting,Random forest,2268,0.7044255261646567,0.6616979909267661,0.3054869131070653,0.3144603934077619,-0.005676292864102095,0.010490355055572498,-0.1866028708133971,COMPAS,corrupt_30,146,0.9548505552481571,True,1
Drop flagged block,Logistic regression,2268,0.7188659166920037,0.6649384316267012,0.2567485332929884,0.2263866737550948,0.032769884975258456,0.02781156042025612,-0.4627857522594364,COMPAS,corrupt_30,146,0.9548505552481571,True,1
Drop flagged block,Random forest,2268,0.701645214688693,0.6584575502268308,0.2635533814110646,0.2270955165692008,0.03483134320688941,0.007710043579608805,-0.2739677476519582,COMPAS,corrupt_30,146,0.9548505552481571,True,1
Trusted reference only,Logistic regression,1389,0.7155974460322286,0.6565132858068697,0.263923210113134,0.29000531632110577,-0.023176689076501056,0.02454308976048103,-0.39916710969342545,COMPAS,corrupt_30,146,0.9548505552481571,True,1
Trusted reference only,Random forest,1389,0.7189697983176243,0.6740116655865198,0.27882394472741945,0.24405772495755518,-0.028453703639418904,0.025034627208540106,-0.2570055392636038,COMPAS,corrupt_30,146,0.9548505552481571,True,1
Oracle (clean audit labels),Logistic regression,2268,0.7116229181446572,0.6636422553467272,0.3594381965807656,0.380294169767854,-0.0034411679132841932,0.020568561872909563,-0.3088782562466772,COMPAS,corrupt_30,146,0.9548505552481571,True,1
Oracle (clean audit labels),Random forest,2268,0.713234350190872,0.6675307841866494,0.3480676450316876,0.3739145844409002,-0.014658070910335774,0.0192991790817878,-0.1271486797802588,COMPAS,corrupt_30,146,0.9548505552481571,True,1
Baseline (audit labels),Logistic regression,2268,0.7034351235903087,0.6124432922877512,0.6945871210462676,0.6888998357963875,0.16083646976495586,0.0,0.0,COMPAS,corrupt_30,147,0.9568127668742196,True,1
Baseline (audit labels),Random forest,2268,0.6990878667918214,0.6325340246273493,0.5556309636480601,0.5464148877941981,0.13254248632665638,0.0,0.0,COMPAS,corrupt_30,147,0.9568127668742196,True,1
Audit-guided reweighting,Logistic regression,2268,0.7292618931015249,0.677900194426442,0.40094744748284794,0.46698179149337715,0.04814193590778876,0.025826769511216208,-0.22191804430301032,COMPAS,corrupt_30,147,0.9568127668742196,True,1
Audit-guided reweighting,Random forest,2268,0.7162864411160539,0.6727154893065457,0.35810854049975915,0.39183238388145253,0.04837059718397779,0.01719857432423244,-0.15458250391274558,COMPAS,corrupt_30,147,0.9568127668742196,True,1
Drop flagged block,Logistic regression,2268,0.7413156892353318,0.6707712248865846,0.24219694647746903,0.23163422220668928,0.07237664342154532,0.03788056564502307,-0.4572656135896982,COMPAS,corrupt_30,147,0.9568127668742196,True,1
Drop flagged block,Random forest,2268,0.7263005210246365,0.6642903434867142,0.24262974776273732,0.24370915318211994,0.07657663722270319,0.027212654232815048,-0.30270573461207817,COMPAS,corrupt_30,147,0.9568127668742196,True,1
Trusted reference only,Logistic regression,1389,0.7374190575303704,0.6843810758263124,0.3137354624237545,0.39102855345472337,0.0361735033257638,0.03398393394006172,-0.2978712823416641,COMPAS,corrupt_30,147,0.9568127668742196,True,1
Trusted reference only,Random forest,1389,0.7346693942238365,0.6766040181464679,0.30321519149351817,0.34860902387026876,0.027643573733222626,0.03558152743201504,-0.19780586392392935,COMPAS,corrupt_30,147,0.9568127668742196,True,1
Oracle (clean audit labels),Logistic regression,2268,0.7374088546980642,0.6902138690861958,0.3214854683179355,0.4045451368259183,0.017844650617759694,0.03397373110775548,-0.28435469897046917,COMPAS,corrupt_30,147,0.9568127668742196,True,1
Oracle (clean audit labels),Random forest,2268,0.7270640329755541,0.6817887232663642,0.29496839034971023,0.3463635410477755,0.01508752842493738,0.027976166183732665,-0.2000513467464226,COMPAS,corrupt_30,147,0.9568127668742196,True,1
Baseline (audit labels),Logistic regression,2268,0.716499094432878,0.6351263771872975,0.6460880442238631,0.6218859446243309,0.1498955844189691,0.0,0.0,COMPAS,corrupt_30,148,0.9422750586038955,True,1
Baseline (audit labels),Random forest,2268,0.7216862167606087,0.6403110823071938,0.468098091433644,0.4638797234097495,0.13089129179662884,0.0,0.0,COMPAS,corrupt_30,148,0.9422750586038955,True,1
Audit-guided reweighting,Logistic regression,2268,0.7307985917161767,0.6798444588464031,0.357498083363596,0.441667217339589,0.014133453393852746,0.014299497283298712,-0.18021872728474186,COMPAS,corrupt_30,148,0.9422750586038955,True,1
Audit-guided reweighting,Random forest,2268,0.729567189695154,0.6811406351263772,0.30586490739619904,0.36418753717042224,0.018538709387620145,0.00788097293454526,-0.09969218623932724,COMPAS,corrupt_30,148,0.9422750586038955,True,1
Drop flagged block,Logistic regression,2268,0.743986018720696,0.6707712248865846,0.23875405183660842,0.23016751470296704,0.07422781715809246,0.02748692428781807,-0.39171842992136385,COMPAS,corrupt_30,148,0.9422750586038955,True,1
Drop flagged block,Random forest,2268,0.7315805954738571,0.6694750486066104,0.22844624675516823,0.2078074406925262,0.07488466145274875,0.009894378713248386,-0.25607228271722327,COMPAS,corrupt_30,148,0.9422750586038955,True,1
Trusted reference only,Logistic regression,1389,0.7319428223226527,0.6798444588464031,0.30935520316345877,0.3532511729333245,0.002928456127862189,0.015443727889774772,-0.2686347716910064,COMPAS,corrupt_30,148,0.9422750586038955,True,1
Trusted reference only,Random forest,1389,0.7324252272381049,0.679196370706416,0.2667924249149283,0.320177757219322,-0.014257688946264224,0.010739010477496147,-0.14370196619042747,COMPAS,corrupt_30,148,0.9422750586038955,True,1
Oracle (clean audit labels),Logistic regression,2268,0.7445496707798034,0.6882696046662347,0.2836672315700278,0.3374248331461046,0.006290382461038857,0.028050576346925427,-0.2844611114782263,COMPAS,corrupt_30,148,0.9422750586038955,True,1
Oracle (clean audit labels),Random forest,2268,0.7378764027827147,0.6843810758263124,0.2424797240043578,0.2884837771757087,0.004336874970646276,0.01619018602210598,-0.17539594623404076,COMPAS,corrupt_30,148,0.9422750586038955,True,1
Baseline (audit labels),Logistic regression,2268,0.6983367525135212,0.6189241736876215,0.6782641453586541,0.6900567924699067,0.16676941758443842,0.0,0.0,COMPAS,corrupt_30,149,0.9422632969773055,True,1
Baseline (audit labels),Random forest,2268,0.7098692799376071,0.6292935839274141,0.4978927435033266,0.5198603946058467,0.12939710803320847,0.0,0.0,COMPAS,corrupt_30,149,0.9422632969773055,True,1
Audit-guided reweighting,Logistic regression,2268,0.7190891982163747,0.6649384316267012,0.38958682300390846,0.422384946145004,0.02900597844777042,0.020752445702853506,-0.2676718463249027,COMPAS,corrupt_30,149,0.9422632969773055,True,1
Audit-guided reweighting,Random forest,2268,0.7187263695088248,0.6636422553467272,0.2712474689377275,0.26368938652135043,0.02072812769294763,0.00885708957121778,-0.2561710080844962,COMPAS,corrupt_30,149,0.9422632969773055,True,1
Drop flagged block,Logistic regression,2268,0.7232837693494515,0.6461438755670771,0.2619153330238878,0.22242751926433646,0.08099304694247411,0.024947016835930258,-0.46762927320557024,COMPAS,corrupt_30,149,0.9422632969773055,True,1
Drop flagged block,Random forest,2268,0.7135814923449924,0.6396629941672067,0.21158167006383993,0.17607362657254055,0.07491925326360116,0.0037122124073852847,-0.3437867680333061,COMPAS,corrupt_30,149,0.9422632969773055,True,1
Trusted reference only,Logistic regression,1389,0.7204353944490598,0.6688269604666235,0.31532158785897363,0.3472093320277576,0.015396334670214396,0.022098641935538565,-0.3428474604421491,COMPAS,corrupt_30,149,0.9422632969773055,True,1
Trusted reference only,Random forest,1389,0.7182516403587597,0.6539209332469216,0.28061828553745977,0.2847290220954489,0.01024200013504395,0.00838236042115259,-0.23513137251039773,COMPAS,corrupt_30,149,0.9422632969773055,True,1
Oracle (clean audit labels),Logistic regression,2268,0.7222461470643089,0.6727154893065457,0.3136330918313118,0.3517050534292648,0.014494390530627399,0.023909394550787666,-0.3383517390406419,COMPAS,corrupt_30,149,0.9422632969773055,True,1
Oracle (clean audit labels),Random forest,2268,0.7204676082128143,0.6707712248865846,0.24894384909823547,0.23798373706841497,0.0013290562307493037,0.010598328275207236,-0.2818766575374317,COMPAS,corrupt_30,149,0.9422632969773055,True,1
Baseline (audit labels),Logistic regression,2268,0.677557030221607,0.6143875567077123,0.6595254933656631,0.6541744987468672,0.17423577576665727,0.0,0.0,COMPAS,corrupt_30,150,0.9304087325086909,True,1
Baseline (audit labels),Random forest,2268,0.6903642334676818,0.6383668178872327,0.4775392335151883,0.4660479323308271,0.13756784070478456,0.0,0.0,COMPAS,corrupt_30,150,0.9304087325086909,True,1
Audit-guided reweighting,Logistic regression,2268,0.6924642755363758,0.6480881399870383,0.3075486630295683,0.391181005767445,0.02924465611182081,0.014907245314768836,-0.26299349297942215,COMPAS,corrupt_30,150,0.9304087325086909,True,1
Audit-guided reweighting,Random forest,2268,0.6952267299054133,0.662346079066753,0.2568481848184819,0.27693107179063414,0.02379399421990691,0.004862496437731512,-0.18911686054019294,COMPAS,corrupt_30,150,0.9304087325086909,True,1
Drop flagged block,Logistic regression,2268,0.6998899089416332,0.6416072585871678,0.23045901528928403,0.22563744324135526,0.08931928501103026,0.022332878720026206,-0.4285370555055119,COMPAS,corrupt_30,150,0.9304087325086909,True,1
Drop flagged block,Random forest,2268,0.7015217671565634,0.6474400518470512,0.2131407018252846,0.2036921871139773,0.08163336926995601,0.011157533688881616,-0.2623557452168498,COMPAS,corrupt_30,150,0.9304087325086909,True,1
Trusted reference only,Logistic regression,1389,0.6953649798477385,0.6506804925469863,0.23567724119350708,0.3235732601824795,0.001557017024687135,0.017807949626131525,-0.33060123856438767,COMPAS,corrupt_30,150,0.9304087325086909,True,1
Trusted reference only,Random forest,1389,0.6958391008155898,0.6532728451069345,0.2311123459284704,0.2608554901476363,-0.014414072856410165,0.005474867347907919,-0.20519244218319077,COMPAS,corrupt_30,150,0.9304087325086909,True,1
Oracle (clean audit labels),Logistic regression,2268,0.696638914899103,0.6578094620868438,0.32921970768505426,0.3804809895811148,0.03842047213428279,0.019081884677496053,-0.27369350916575236,COMPAS,corrupt_30,150,0.9304087325086909,True,1
Oracle (clean audit labels),Random forest,2268,0.7043308702791461,0.6584575502268308,0.25165184885835523,0.27552541679800313,0.019656539500290227,0.013966636811464261,-0.19052251553282396,COMPAS,corrupt_30,150,0.9304087325086909,True,1
Baseline (audit labels),Logistic regression,2268,0.7156813779932819,0.6370706416072586,0.6379132179075445,0.6375755502337781,0.1559767716956736,0.0,0.0,COMPAS,corrupt_30,151,0.9213349914439657,True,1
Baseline (audit labels),Random forest,2268,0.7288616385848955,0.6461438755670771,0.43788181182692215,0.44677842399361384,0.12635089174877656,0.0,0.0,COMPAS,corrupt_30,151,0.9213349914439657,True,1
Audit-guided reweighting,Logistic regression,2268,0.7301500365695092,0.679196370706416,0.3674258157982716,0.4363478748629561,-0.005809015532820538,0.014468658576227256,-0.20122767537082198,COMPAS,corrupt_30,151,0.9213349914439657,True,1
Audit-guided reweighting,Random forest,2268,0.7328428052876801,0.6863253402462735,0.278116040402403,0.2680961729685628,-0.0037348158523812236,0.003981166702784589,-0.17868225102505103,COMPAS,corrupt_30,151,0.9213349914439657,True,1
Drop flagged block,Logistic regression,2268,0.7339204206847979,0.6532728451069345,0.2641369575274972,0.24283759550580897,0.07582938113114146,0.018239042691515994,-0.39473795472796913,COMPAS,corrupt_30,151,0.9213349914439657,True,1
Drop flagged block,Random forest,2268,0.7276409619135333,0.6493843162670123,0.2399525869492538,0.2152418347313939,0.07379500364807112,-0.0012206766713621642,-0.23153658926221993,COMPAS,corrupt_30,151,0.9213349914439657,True,1
Trusted reference only,Logistic regression,1389,0.7280337455303932,0.6824368114063513,0.2938460966969583,0.3408633130210857,-0.028107247769437682,0.01235236753711133,-0.2967122372126924,COMPAS,corrupt_30,151,0.9213349914439657,True,1
Trusted reference only,Random forest,1389,0.7142600769314119,0.6720674011665586,0.26687232583977494,0.3099699990651267,-0.03538054653659939,-0.014601561653483586,-0.13680842492848716,COMPAS,corrupt_30,151,0.9213349914439657,True,1
Oracle (clean audit labels),Logistic regression,2268,0.7325541431899447,0.6850291639662994,0.3086441015665894,0.34087181186949167,0.01621297589739512,0.01687276519666281,-0.29670373836428643,COMPAS,corrupt_30,151,0.9213349914439657,True,1
Oracle (clean audit labels),Random forest,2268,0.735624458229494,0.6830848995463383,0.2676743628449182,0.2668808376464989,0.005126037516085535,0.006762819644598461,-0.17989758634711495,COMPAS,corrupt_30,151,0.9213349914439657,True,1
Baseline (audit labels),Logistic regression,2268,0.6986088740441838,0.6286454957874271,0.6475154705362335,0.6561153200562537,0.13810845737968536,0.0,0.0,COMPAS,corrupt_30,156,0.9482468587903389,True,1
Baseline (audit labels),Random forest,2268,0.6983418388972721,0.6357744653272845,0.5132066782968796,0.5149990926824843,0.11148223899698484,0.0,0.0,COMPAS,corrupt_30,156,0.9482468587903389,True,1
Audit-guided reweighting,Logistic regression,2268,0.7110484732371443,0.6578094620868438,0.34075347645890264,0.39031165311653115,0.010374833893002311,0.012439599192960449,-0.26580366693972257,COMPAS,corrupt_30,156,0.9482468587903389,True,1
Audit-guided reweighting,Random forest,2268,0.7102634746782863,0.6604018146467919,0.2724024457060648,0.27010501355013544,0.009788595920835363,0.01192163578101424,-0.2448940791323489,COMPAS,corrupt_30,156,0.9482468587903389,True,1
Drop flagged block,Logistic regression,2268,0.7163790034078771,0.6545690213869086,0.2736948783365434,0.24565054665880326,0.06094316064941907,0.017770129363693266,-0.41046477339745047,COMPAS,corrupt_30,156,0.9482468587903389,True,1
Drop flagged block,Random forest,2268,0.7024516369678372,0.6318859364873622,0.22540260368872705,0.20240514905149054,0.061438103539722566,0.004109798070565107,-0.3125939436309938,COMPAS,corrupt_30,156,0.9482468587903389,True,1
Trusted reference only,Logistic regression,1389,0.7187950356894592,0.661049902786779,0.2593335820719931,0.2943258807588076,-0.0011984123541392,0.020186161645275424,-0.3617894392974461,COMPAS,corrupt_30,156,0.9482468587903389,True,1
Trusted reference only,Random forest,1389,0.7157949170071718,0.6681788723266364,0.26334533329299736,0.2720867208672087,-0.007190015686488249,0.01745307810989971,-0.24291237181527564,COMPAS,corrupt_30,156,0.9482468587903389,True,1
Oracle (clean audit labels),Logistic regression,2268,0.7195766433258168,0.6681788723266364,0.2838477853855954,0.3020155826558266,-0.00951471359638123,0.02096776928163302,-0.3540997374004271,COMPAS,corrupt_30,156,0.9482468587903389,True,1
Oracle (clean audit labels),Random forest,2268,0.7101820925382749,0.6629941672067401,0.2576226634532321,0.2655149051490515,-0.015033639828238687,0.01184025364100283,-0.24948418753343282,COMPAS,corrupt_30,156,0.9482468587903389,True,1
Baseline (audit labels),Logistic regression,2268,0.696843181346551,0.6195722618276086,0.6416981861583203,0.6480798771121352,0.16044365126311644,0.0,0.0,COMPAS,corrupt_30,158,0.949373270147162,True,1
Baseline (audit labels),Random forest,2268,0.6970472969984793,0.6344782890473104,0.44608065627784227,0.44526003949967086,0.13603595099016608,0.0,0.0,COMPAS,corrupt_30,158,0.949373270147162,True,1
Audit-guided reweighting,Logistic regression,2268,0.7092568149113287,0.6714193130265717,0.40552725805638207,0.4601828587381351,0.037951030077304826,0.01241363356477776,-0.18789701837400014,COMPAS,corrupt_30,158,0.949373270147162,True,1
Audit-guided reweighting,Random forest,2268,0.7018355099999659,0.6642903434867142,0.3603963891270362,0.3730108877721943,0.04039750426910238,0.004788213001486574,-0.07224915172747653,COMPAS,corrupt_30,158,0.949373270147162,True,1
Drop flagged block,Logistic regression,2268,0.7170412755867475,0.6519766688269605,0.22377830450350494,0.19272547728768924,0.08121864993983263,0.020198094240196474,-0.455354399824446,COMPAS,corrupt_30,158,0.949373270147162,True,1
Drop flagged block,Random forest,2268,0.69927811097768,0.6312378483473753,0.21605897086758447,0.19807987711213515,0.08260563918871244,0.002230813979200663,-0.2471801623875357,COMPAS,corrupt_30,158,0.949373270147162,True,1
Trusted reference only,Logistic regression,1389,0.7078739313695139,0.6688269604666235,0.2920823036966059,0.3317629815745394,0.01984163225799329,0.011030750022962943,-0.31631689553759584,COMPAS,corrupt_30,158,0.949373270147162,True,1
Trusted reference only,Random forest,1389,0.7061602103751986,0.6642903434867142,0.2673474876863853,0.29082914572864327,0.00037400312376922873,0.009112913376719267,-0.1544308937710276,COMPAS,corrupt_30,158,0.949373270147162,True,1
Oracle (clean audit labels),Logistic regression,2268,0.7156626444543478,0.6629941672067401,0.2693193470842369,0.3014726409826912,0.015875816356688444,0.018819463107796808,-0.346607236129444,COMPAS,corrupt_30,158,0.949373270147162,True,1
Oracle (clean audit labels),Random forest,2268,0.7104236760548527,0.6604018146467919,0.26041824264124935,0.26387144053601347,0.011146675569421394,0.013376379056373344,-0.1813885989636574,COMPAS,corrupt_30,158,0.949373270147162,True,1
Baseline (audit labels),Logistic regression,2268,0.7066811712599754,0.6396629941672067,0.7066606915420539,0.6968973555180451,0.12490740460442595,0.0,0.0,COMPAS,corrupt_30,159,0.9568336200441091,True,1
Baseline (audit labels),Random forest,2268,0.7157147535006818,0.6565132858068697,0.5363275221877043,0.5043190470269918,0.09794194357651897,0.0,0.0,COMPAS,corrupt_30,159,0.9568336200441091,True,1
Audit-guided reweighting,Logistic regression,2268,0.7265780074807242,0.6675307841866494,0.486483526850997,0.5645687645687645,0.00015248039377180334,0.01989683622074878,-0.13232859094928062,COMPAS,corrupt_30,159,0.9568336200441091,True,1
Audit-guided reweighting,Random forest,2268,0.7265459375886142,0.6889176928062216,0.36841697384647526,0.4010931597138494,-0.002640083121460024,0.010831184087932377,-0.10322588731314242,COMPAS,corrupt_30,159,0.9568336200441091,True,1
Drop flagged block,Logistic regression,2268,0.7382936454352728,0.6714193130265717,0.2981306395854252,0.2861265171609999,0.03844130827394643,0.031612474175297334,-0.4107708383570452,COMPAS,corrupt_30,159,0.9568336200441091,True,1
Drop flagged block,Random forest,2268,0.7214029396275842,0.6649384316267012,0.24476895810449278,0.23615464994775337,0.03878966681320206,0.0056881861269023615,-0.26816439707923845,COMPAS,corrupt_30,159,0.9568336200441091,True,1
Trusted reference only,Logistic regression,1389,0.7361753446669457,0.6746597537265068,0.3540412957484518,0.3968732417008279,-0.012463675861869916,0.029494173406970248,-0.3000241138172172,COMPAS,corrupt_30,159,0.9568336200441091,True,1
Trusted reference only,Random forest,1389,0.7289351445508189,0.6824368114063513,0.28029960981987023,0.27113576079093316,-0.022395355680865703,0.01322039105013706,-0.23318328623605866,COMPAS,corrupt_30,159,0.9568336200441091,True,1
Oracle (clean audit labels),Logistic regression,2268,0.7370969320928473,0.6740116655865198,0.32914119938272024,0.376087131259545,-0.016383230088649725,0.030415760832871896,-0.3208102242585001,COMPAS,corrupt_30,159,0.9568336200441091,True,1
Oracle (clean audit labels),Random forest,2268,0.7366091321549617,0.6895657809462087,0.2902849190999575,0.30348042761835864,-0.027541668418937792,0.0208943786542799,-0.20083861940863318,COMPAS,corrupt_30,159,0.9568336200441091,True,1
Baseline (audit labels),Logistic regression,2268,0.6972275550726936,0.6215165262475697,0.6220411937788988,0.6748440649262365,0.16005638041779002,0.0,0.0,COMPAS,corrupt_30,160,0.9308699259243782,True,1
Baseline (audit labels),Random forest,2268,0.7070957652481098,0.62799740764744,0.5327482135350988,0.6177950840200837,0.13024951142705699,0.0,0.0,COMPAS,corrupt_30,160,0.9308699259243782,True,1
Audit-guided reweighting,Logistic regression,2268,0.7226357290109691,0.6655865197666883,0.3192568306010929,0.3452953739995776,0.005777549105459134,0.025408173938275436,-0.3295486909266589,COMPAS,corrupt_30,160,0.9308699259243782,True,1
Audit-guided reweighting,Random forest,2268,0.7217154608426315,0.6746597537265068,0.23364270701975623,0.23241094968745352,0.005554302218501839,0.014619695594521698,-0.38538413433263013,COMPAS,corrupt_30,160,0.9308699259243782,True,1
Drop flagged block,Logistic regression,2268,0.7283142306693074,0.6578094620868438,0.22762505254308535,0.22229841739317102,0.07797273143769456,0.031086675596613822,-0.4525456475330655,COMPAS,corrupt_30,160,0.9308699259243782,True,1
Drop flagged block,Random forest,2268,0.7162706111390407,0.661049902786779,0.20359310634720473,0.2130854273754011,0.07183424973893271,0.009174845890930872,-0.40470965664468256,COMPAS,corrupt_30,160,0.9308699259243782,True,1
Trusted reference only,Logistic regression,1389,0.7202823392862565,0.659753726506805,0.2774981084489281,0.29906666353729044,-0.015075100834443522,0.023054784213562884,-0.37577740138894605,COMPAS,corrupt_30,160,0.9308699259243782,True,1
Trusted reference only,Random forest,1389,0.7308869326981149,0.6753078418664938,0.22611685582177388,0.23780130025582652,-0.03407517019123729,0.02379116745000509,-0.37999378376425713,COMPAS,corrupt_30,160,0.9308699259243782,True,1
Oracle (clean audit labels),Logistic regression,2268,0.7269764256143275,0.6707712248865846,0.2592164775115595,0.2570860813168415,0.015777888506146254,0.029748870541633887,-0.417757983609395,COMPAS,corrupt_30,160,0.9308699259243782,True,1
Oracle (clean audit labels),Random forest,2268,0.7288734770447498,0.6915100453661698,0.23212442202606143,0.22475962478778921,0.004352313602818181,0.02177771179664001,-0.39303545923229444,COMPAS,corrupt_30,160,0.9308699259243782,True,1
Baseline (audit labels),Logistic regression,2268,0.6921144593567992,0.6305897602073882,0.6437778452814905,0.6375331174565793,0.13778284076563418,0.0,0.0,COMPAS,corrupt_30,161,0.9535765891165278,True,1
Baseline (audit labels),Random forest,2268,0.6952840381531189,0.627349319507453,0.45923957067638715,0.4674712982042979,0.11075733509788788,0.0,0.0,COMPAS,corrupt_30,161,0.9535765891165278,True,1
Audit-guided reweighting,Logistic regression,2268,0.7103722461382629,0.6649384316267012,0.36084109626029437,0.38269416693522396,0.007058654057360836,0.018257786781463725,-0.2548389505213553,COMPAS,corrupt_30,161,0.9535765891165278,True,1
Audit-guided reweighting,Random forest,2268,0.701450156157677,0.6604018146467919,0.29642567841231265,0.2853689977441186,0.010733929660255659,0.00616611800455813,-0.18210230046017928,COMPAS,corrupt_30,161,0.9535765891165278,True,1
Drop flagged block,Logistic regression,2268,0.7127146112939985,0.6435515230071289,0.272628932091265,0.2552368675475347,0.054045082096223496,0.02060015193719933,-0.38229624990904454,COMPAS,corrupt_30,161,0.9535765891165278,True,1
Drop flagged block,Random forest,2268,0.6997780028699248,0.642903434867142,0.24172742000810044,0.2148565903963906,0.05797189888778642,0.004493964716805854,-0.2526147078079073,COMPAS,corrupt_30,161,0.9535765891165278,True,1
Trusted reference only,Logistic regression,1389,0.7099105258715287,0.6616979909267661,0.2999122451734845,0.3209474701901386,-0.010381674707755417,0.017796066514729536,-0.3165856472664407,COMPAS,corrupt_30,161,0.9535765891165278,True,1
Trusted reference only,Random forest,1389,0.7044753946146703,0.6636422553467272,0.2558171324422843,0.2644376409925878,-0.01792653339198902,0.009191356461551448,-0.20303365721171007,COMPAS,corrupt_30,161,0.9535765891165278,True,1
Oracle (clean audit labels),Logistic regression,2268,0.7099586393179707,0.6558651976668827,0.2797742000810045,0.28390267483080894,-0.016082496995234563,0.01784417996117149,-0.3536304426257703,COMPAS,corrupt_30,161,0.9535765891165278,True,1
Oracle (clean audit labels),Random forest,2268,0.7049455558369208,0.6636422553467272,0.25303260429323615,0.26745085401224616,-0.012525263490396843,0.009661517683801857,-0.20002044419205173,COMPAS,corrupt_30,161,0.9535765891165278,True,1
Baseline (audit labels),Logistic regression,2268,0.6989135924631766,0.6182760855476345,0.6828274816754102,0.6905931572598238,0.19547532745684537,0.0,0.0,COMPAS,corrupt_30,162,0.9360910618209106,True,1
Baseline (audit labels),Random forest,2268,0.6991867404681653,0.6312378483473753,0.4362613467943311,0.41451307313376284,0.1626219463649281,0.0,0.0,COMPAS,corrupt_30,162,0.9360910618209106,True,1
Audit-guided reweighting,Logistic regression,2268,0.7299322111932273,0.6804925469863902,0.2912929212135063,0.30933118605532395,0.06122523628733123,0.03101861873005063,-0.3812619712044999,COMPAS,corrupt_30,162,0.9360910618209106,True,1
Audit-guided reweighting,Random forest,2268,0.7091523478703046,0.6616979909267661,0.24821123101585946,0.2374005305039788,0.0663542969693669,0.009965607402139254,-0.17711254262978404,COMPAS,corrupt_30,162,0.9360910618209106,True,1
Drop flagged block,Logistic regression,2268,0.7294280040267858,0.6545690213869086,0.25732059378056193,0.2595206517620311,0.11114315521597051,0.030514411563609123,-0.43107250549779275,COMPAS,corrupt_30,162,0.9360910618209106,True,1
Drop flagged block,Random forest,2268,0.7094186242273691,0.6493843162670123,0.2580263551458405,0.2332038651004168,0.10669168846535793,0.010231883759203808,-0.18130920803334605,COMPAS,corrupt_30,162,0.9360910618209106,True,1
Trusted reference only,Logistic regression,1389,0.7309097031104513,0.6681788723266364,0.2046976820780303,0.20822281167108758,0.047325426397935244,0.0319961106472747,-0.48237034558873626,COMPAS,corrupt_30,162,0.9360910618209106,True,1
Trusted reference only,Random forest,1389,0.7248617939811235,0.6837329876863253,0.2699772475978908,0.2864816218264494,0.04364246492379664,0.02567505351295818,-0.12803145130731347,COMPAS,corrupt_30,162,0.9360910618209106,True,1
Oracle (clean audit labels),Logistic regression,2268,0.7217858725790325,0.6694750486066104,0.3945743754852109,0.44586017430845015,0.06899363649258028,0.022872280115855848,-0.2447329829513737,COMPAS,corrupt_30,162,0.9360910618209106,True,1
Oracle (clean audit labels),Random forest,2268,0.7139736678451544,0.6668826960466624,0.2642975489916014,0.29535809018567644,0.05160387260408639,0.014786927376989056,-0.11915498294808641,COMPAS,corrupt_30,162,0.9360910618209106,True,1
Baseline (audit labels),Logistic regression,2268,0.7102513889220872,0.6241088788075179,0.6811249289392863,0.721097046413502,0.18534886957437113,0.0,0.0,COMPAS,corrupt_30,163,0.930955607061802,True,1
Baseline (audit labels),Random forest,2268,0.7117162876938259,0.6416072585871678,0.5268399258613904,0.5253164556962024,0.15169926652339039,0.0,0.0,COMPAS,corrupt_30,163,0.930955607061802,True,1
Audit-guided reweighting,Logistic regression,2268,0.7288443348710787,0.6928062216461439,0.3740972346029514,0.4044666374012291,0.04563685050929911,0.018592945948991524,-0.3166304090122729,COMPAS,corrupt_30,163,0.930955607061802,True,1
Audit-guided reweighting,Random forest,2268,0.7259000249271819,0.6889176928062216,0.30065998163353863,0.2961113549897571,0.03705109934622308,0.014183737233355975,-0.22920510070644534,COMPAS,corrupt_30,163,0.930955607061802,True,1
Drop flagged block,Logistic regression,2268,0.7344230723263889,0.6571613739468568,0.25434521546953887,0.22325870646766166,0.09913183201826425,0.024171683404301758,-0.49783833994584037,COMPAS,corrupt_30,163,0.930955607061802,True,1
Drop flagged block,Random forest,2268,0.7224477809686088,0.6571613739468568,0.2686935929305943,0.2450980392156863,0.09379719047406376,0.010731493274782955,-0.28021841648051615,COMPAS,corrupt_30,163,0.930955607061802,True,1
Trusted reference only,Logistic regression,1389,0.7271745551522436,0.6740116655865198,0.32050988795113033,0.3426068188469418,0.02194106424097586,0.01692316623015644,-0.37849022756656026,COMPAS,corrupt_30,163,0.930955607061802,True,1
Trusted reference only,Random forest,1389,0.7337674532956808,0.6908619572261827,0.25485819813577054,0.26788849868305525,0.016108871702848804,0.02205116560185494,-0.2574279570131472,COMPAS,corrupt_30,163,0.930955607061802,True,1
Oracle (clean audit labels),Logistic regression,2268,0.7321070639535876,0.6953985742060921,0.32150726080711517,0.3430458004097161,0.03791953970789741,0.021855675031500432,-0.3780512460037859,COMPAS,corrupt_30,163,0.930955607061802,True,1
Oracle (clean audit labels),Random forest,2268,0.7265419852280837,0.6837329876863253,0.3072446607754952,0.32098697688030436,0.02914812038165837,0.014825697534257776,-0.20432947881589808,COMPAS,corrupt_30,163,0.930955607061802,True,1
Baseline (audit labels),Logistic regression,2268,0.7187570206073974,0.6344782890473104,0.6818990808402976,0.6854498979748558,0.1584470777139112,0.0,0.0,COMPAS,corrupt_30,165,0.9401660636481276,True,1
Baseline (audit labels),Random forest,2268,0.7135541122888711,0.6215165262475697,0.5199510140363626,0.5329607038637909,0.11930962188707961,0.0,0.0,COMPAS,corrupt_30,165,0.9401660636481276,True,1
Audit-guided reweighting,Logistic regression,2268,0.7346959268563338,0.6830848995463383,0.40038455327223554,0.4530711825487945,0.015733805194503847,0.015938906248936346,-0.23237871542606126,COMPAS,corrupt_30,165,0.9401660636481276,True,1
Audit-guided reweighting,Random forest,2268,0.7200454084376637,0.6843810758263124,0.2751456794110918,0.2821110792192882,0.005103966308912855,0.006491296148792625,-0.2508496246445027,COMPAS,corrupt_30,165,0.9401660636481276,True,1
Drop flagged block,Logistic regression,2268,0.736471076799488,0.6578094620868438,0.2658548319808362,0.2211422427979025,0.08070935586340588,0.017714056192090544,-0.46430765517695327,COMPAS,corrupt_30,165,0.9401660636481276,True,1
Drop flagged block,Random forest,2268,0.7173146049057451,0.6539209332469216,0.2339618070975817,0.20719718714121704,0.06633020189054717,0.003760492616873945,-0.32576351672257386,COMPAS,corrupt_30,165,0.9401660636481276,True,1
Trusted reference only,Logistic regression,1389,0.7375739503979196,0.6837329876863253,0.3131989583753886,0.3437141216991963,0.002792636119357428,0.018816929790522186,-0.3417357762756595,COMPAS,corrupt_30,165,0.9401660636481276,True,1
Trusted reference only,Random forest,1389,0.730928626377741,0.6830848995463383,0.30342026996110727,0.32986509758897825,-0.009396403124166008,0.01737451408886992,-0.20309560627481266,COMPAS,corrupt_30,165,0.9401660636481276,True,1
Oracle (clean audit labels),Logistic regression,2268,0.7392350686572855,0.6863253402462735,0.28446175999569356,0.3287887485648679,0.01026053268390259,0.020478048049888065,-0.3566611494099879,COMPAS,corrupt_30,165,0.9401660636481276,True,1
Oracle (clean audit labels),Random forest,2268,0.7326799488048799,0.6785482825664291,0.23338649117848925,0.2373349598163031,-0.010698692669614318,0.019125836516008743,-0.2956257440474878,COMPAS,corrupt_30,165,0.9401660636481276,True,1
Baseline (audit labels),Logistic regression,2268,0.7147611448574076,0.6357744653272845,0.6385436302725443,0.6372739018087855,0.16890807080746728,0.0,0.0,COMPAS,corrupt_30,168,0.9540054140580078,True,1
Baseline (audit labels),Random forest,2268,0.7237799855863276,0.662346079066753,0.4815408446823453,0.4603563222720253,0.13138495718182597,0.0,0.0,COMPAS,corrupt_30,168,0.9540054140580078,True,1
Audit-guided reweighting,Logistic regression,2268,0.7371023370740245,0.6837329876863253,0.3113409475038894,0.3419149497156202,0.04913009755782105,0.0223411922166169,-0.2953589520931653,COMPAS,corrupt_30,168,0.9540054140580078,True,1
Audit-guided reweighting,Random forest,2268,0.7353126394179622,0.6869734283862605,0.2684364740946832,0.2954536894044973,0.04548926102257733,0.011532653831634598,-0.164902632867528,COMPAS,corrupt_30,168,0.9540054140580078,True,1
Drop flagged block,Logistic regression,2268,0.7394857407598066,0.6701231367465975,0.26399935484521325,0.24580963501450148,0.08778330339680596,0.02472459590239895,-0.39146426679428403,COMPAS,corrupt_30,168,0.9540054140580078,True,1
Drop flagged block,Random forest,2268,0.7330836679364425,0.6889176928062216,0.2468422697351842,0.21929262872424582,0.08158569367507784,0.009303682350114917,-0.24106369354777946,COMPAS,corrupt_30,168,0.9540054140580078,True,1
Trusted reference only,Logistic regression,1389,0.7319751878925151,0.6876215165262476,0.24367865915330156,0.28104636709480585,0.030909076703593108,0.01721404303510754,-0.35622753471397967,COMPAS,corrupt_30,168,0.9540054140580078,True,1
Trusted reference only,Random forest,1389,0.7301606094924328,0.6830848995463383,0.26300810139682734,0.2924780594372669,0.025755973753456618,0.006380623906105165,-0.16787826283475837,COMPAS,corrupt_30,168,0.9540054140580078,True,1
Oracle (clean audit labels),Logistic regression,2268,0.7352011050482171,0.6863253402462735,0.355134188835462,0.385061584240461,0.043690481333178544,0.020439960190809514,-0.2522123175683245,COMPAS,corrupt_30,168,0.9540054140580078,True,1
Oracle (clean audit labels),Random forest,2268,0.7383086241806514,0.6999351911860013,0.27848677600696226,0.3278089570228634,0.02455838503803809,0.01452863859432374,-0.13254736524916189,COMPAS,corrupt_30,168,0.9540054140580078,True,1
Baseline (audit labels),Logistic regression,2268,0.7098855920066051,0.6357744653272845,0.6916906359859379,0.6978631801051335,0.1359104461795374,0.0,0.0,COMPAS,corrupt_30,173,0.9498063338402426,True,1
Baseline (audit labels),Random forest,2268,0.7339660314411365,0.6817887232663642,0.47268002220315897,0.44020685197155784,0.09403601637772419,0.0,0.0,COMPAS,corrupt_30,173,0.9498063338402426,True,1
Audit-guided reweighting,Logistic regression,2268,0.7320022241318304,0.6772521062864549,0.34306235387125533,0.36050888461211467,0.007563429294320967,0.0221166321252253,-0.3373542954930188,COMPAS,corrupt_30,173,0.9498063338402426,True,1
Audit-guided reweighting,Random forest,2268,0.7466275758647998,0.6863253402462735,0.2814855931775748,0.28481770893717007,-0.00345547003407487,0.012661544423663296,-0.15538914303438778,COMPAS,corrupt_30,173,0.9498063338402426,True,1
Drop flagged block,Logistic regression,2268,0.7430116766921093,0.6759559300064809,0.25539351735042304,0.2321051777308879,0.05170921038428644,0.033126084685504265,-0.4657580023742456,COMPAS,corrupt_30,173,0.9498063338402426,True,1
Drop flagged block,Random forest,2268,0.7436266828421709,0.6785482825664291,0.21698709861903082,0.18056859899257238,0.037512603162974334,0.009660651401034448,-0.25963825297898546,COMPAS,corrupt_30,173,0.9498063338402426,True,1
Trusted reference only,Logistic regression,1389,0.748374867310317,0.6941023979261179,0.25462986324872583,0.2487304936582651,-0.0018171106220101763,0.038489275303711934,-0.4491326864468684,COMPAS,corrupt_30,173,0.9498063338402426,True,1
Trusted reference only,Random forest,1389,0.7340241621594298,0.6746597537265068,0.21999798153100875,0.20880963974617595,-0.015016675028165616,5.8130718293303296e-05,-0.2313972122253819,COMPAS,corrupt_30,173,0.9498063338402426,True,1
Oracle (clean audit labels),Logistic regression,2268,0.7398422888338472,0.6817887232663642,0.3000151385174345,0.3012111515601209,-0.004375741708801506,0.029956696827242113,-0.3966520285450126,COMPAS,corrupt_30,173,0.9498063338402426,True,1
Oracle (clean audit labels),Random forest,2268,0.7496031946620836,0.6902138690861958,0.2750365847504668,0.2849259164792357,-0.027593884072925734,0.015637163220947103,-0.15528093549232214,COMPAS,corrupt_30,173,0.9498063338402426,True,1
Baseline (audit labels),Logistic regression,2268,0.7123644471470558,0.6454957874270901,0.6371761854264506,0.6232649829528011,0.13981241574069303,0.0,0.0,COMPAS,corrupt_30,174,0.9518602674628298,True,1
Baseline (audit labels),Random forest,2268,0.7249805749805749,0.6675307841866494,0.4906024339746503,0.47325450450450446,0.10465206891465595,0.0,0.0,COMPAS,corrupt_30,174,0.9518602674628298,True,1
Audit-guided reweighting,Logistic regression,2268,0.7362217492652274,0.6837329876863253,0.3352034203571849,0.3866482459967359,0.015419989686838553,0.02385730211817161,-0.23661673695606517,COMPAS,corrupt_30,174,0.9518602674628298,True,1
Audit-guided reweighting,Random forest,2268,0.734847640282423,0.6895657809462087,0.2663199178575637,0.26566160906167696,0.010974938644392584,0.00986706530184811,-0.2075928954428275,COMPAS,corrupt_30,174,0.9518602674628298,True,1
Drop flagged block,Logistic regression,2268,0.7407832505658593,0.6753078418664938,0.24544260970560017,0.25825294488341655,0.05723507390774363,0.02841880341880343,-0.36501203806938454,COMPAS,corrupt_30,174,0.9518602674628298,True,1
Drop flagged block,Random forest,2268,0.7289981757373062,0.6856772521062865,0.22398458146072148,0.21954530030539532,0.051301632714487844,0.004017600756731299,-0.25370920419910914,COMPAS,corrupt_30,174,0.9518602674628298,True,1
Trusted reference only,Logistic regression,1389,0.7321881017533192,0.6740116655865198,0.2520830177245872,0.29579717872897376,-0.002039878392052441,0.01982365460626334,-0.3274678042238273,COMPAS,corrupt_30,174,0.9518602674628298,True,1
Trusted reference only,Random forest,1389,0.7328139252052295,0.6817887232663642,0.19991920416098574,0.22765685846785272,-0.01696751494102533,0.00783335022465459,-0.24559764603665174,COMPAS,corrupt_30,174,0.9518602674628298,True,1
Oracle (clean audit labels),Logistic regression,2268,0.7374902874902876,0.6843810758263124,0.32752276591088897,0.3870279703330263,0.0037245137224780622,0.02512584034323173,-0.23623701261977476,COMPAS,corrupt_30,174,0.9518602674628298,True,1
Oracle (clean audit labels),Random forest,2268,0.7383711698929091,0.6928062216461439,0.2421501792657678,0.25249244590948017,-0.012708926863872705,0.013390594912334186,-0.2207620585950243,COMPAS,corrupt_30,174,0.9518602674628298,True,1
Baseline (audit labels),Logistic regression,2268,0.7102772998684344,0.6331821127673364,0.6042520732805549,0.5841485447041975,0.1306328618701439,0.0,0.0,COMPAS,corrupt_30,176,0.9337657504197145,True,1
Baseline (audit labels),Random forest,2268,0.7176744931349729,0.6448476992871031,0.5107427519187087,0.5033202617538475,0.09884791853454089,0.0,0.0,COMPAS,corrupt_30,176,0.9337657504197145,True,1
Audit-guided reweighting,Logistic regression,2268,0.7252892757143339,0.6824368114063513,0.27661494106103574,0.3279258945784549,-0.013244808191963608,0.015011975845899528,-0.25622265012574263,COMPAS,corrupt_30,176,0.9337657504197145,True,1
Audit-guided reweighting,Random forest,2268,0.7276928785885368,0.6798444588464031,0.24802248686138256,0.2671274744909954,-0.007096481087972117,0.010018385453563927,-0.2361927872628521,COMPAS,corrupt_30,176,0.9337657504197145,True,1
Drop flagged block,Logistic regression,2268,0.7259184293087745,0.6571613739468568,0.2375199935483004,0.2534678139841068,0.048118615937374765,0.01564112944034013,-0.33068073072009074,COMPAS,corrupt_30,176,0.9337657504197145,True,1
Drop flagged block,Random forest,2268,0.728943595452552,0.6688269604666235,0.23238047554402608,0.1998636385009639,0.04565093657007524,0.01126910231757916,-0.3034566232528836,COMPAS,corrupt_30,176,0.9337657504197145,True,1
Trusted reference only,Logistic regression,1389,0.7201801437101507,0.6662346079066753,0.26263625855186223,0.3215780316922932,-0.027196914394196026,0.009902843841716358,-0.2625705130119043,COMPAS,corrupt_30,176,0.9337657504197145,True,1
Trusted reference only,Random forest,1389,0.7115946429173835,0.6668826960466624,0.2197778195943494,0.24530963464522504,-0.0326083598618907,-0.006079850217589389,-0.25801062710862244,COMPAS,corrupt_30,176,0.9337657504197145,True,1
Oracle (clean audit labels),Logistic regression,2268,0.7280015517997503,0.6740116655865198,0.23921356469845023,0.28802840080876474,-0.025871120454258878,0.017724251931315993,-0.2961201438954328,COMPAS,corrupt_30,176,0.9337657504197145,True,1
Oracle (clean audit labels),Random forest,2268,0.7263763789090173,0.6850291639662994,0.28187542843317787,0.3207316499741383,-0.03173686308355805,0.008701885774044404,-0.1825886117797092,COMPAS,corrupt_30,176,0.9337657504197145,True,1
Baseline (audit labels),Logistic regression,2268,0.7075556008631089,0.6370706416072586,0.6857808340727596,0.6871910739191074,0.14838632413395703,0.0,0.0,COMPAS,corrupt_30,178,0.9265240675452582,True,1
Baseline (audit labels),Random forest,2268,0.7149141138692084,0.6629941672067401,0.49728765023796073,0.46422315202231523,0.11159239141073907,0.0,0.0,COMPAS,corrupt_30,178,0.9265240675452582,True,1
Audit-guided reweighting,Logistic regression,2268,0.7235146201811169,0.6837329876863253,0.2486202979215401,0.2510854527577896,0.0022796242789628884,0.015959019318008028,-0.4361056211613178,COMPAS,corrupt_30,178,0.9265240675452582,True,1
Audit-guided reweighting,Random forest,2268,0.7243862242384083,0.6753078418664938,0.2572967922346804,0.23440558953788865,0.007165515999807526,0.009472110369199815,-0.22981756248442659,COMPAS,corrupt_30,178,0.9265240675452582,True,1
Drop flagged block,Logistic regression,2268,0.7259935096929847,0.6584575502268308,0.29504618052754705,0.25212087462694355,0.0598939974418039,0.018437908829875838,-0.43507019929216384,COMPAS,corrupt_30,178,0.9265240675452582,True,1
Drop flagged block,Random forest,2268,0.7175773484887099,0.6707712248865846,0.2357273937242882,0.20323012552301256,0.05076345000242555,0.0026632346195014645,-0.26099302649930267,COMPAS,corrupt_30,178,0.9265240675452582,True,1
Trusted reference only,Logistic regression,1389,0.7185398508248806,0.6727154893065457,0.17775301820332878,0.1986269783953571,-0.014573932602338857,0.01098424996177172,-0.4885640955237503,COMPAS,corrupt_30,178,0.9265240675452582,True,1
Trusted reference only,Random forest,1389,0.7142455442853016,0.6753078418664938,0.13362943991825976,0.1279137554490163,-0.021318539194457253,-0.0006685695839068195,-0.33630939657329895,COMPAS,corrupt_30,178,0.9265240675452582,True,1
Oracle (clean audit labels),Logistic regression,2268,0.7244558846016615,0.6811406351263772,0.39910025274932115,0.40340558083686445,0.027400653062848224,0.01690028373855268,-0.28378549308224293,COMPAS,corrupt_30,178,0.9265240675452582,True,1
Oracle (clean audit labels),Random forest,2268,0.7336578486840988,0.677900194426442,0.3231309322147832,0.32470481775705007,0.004064801278980235,0.018743734814890334,-0.13951833426526516,COMPAS,corrupt_30,178,0.9265240675452582,True,1
Baseline (audit labels),Logistic regression,2268,0.710509296135177,0.6286454957874271,0.6662620706350701,0.6517121517121518,0.1424841220388685,0.0,0.0,COMPAS,corrupt_30,179,0.9532951775314497,True,1
Baseline (audit labels),Random forest,2268,0.7087937149820613,0.6558651976668827,0.5378073136616726,0.5033715033715034,0.11268960960522267,0.0,0.0,COMPAS,corrupt_30,179,0.9532951775314497,True,1
Audit-guided reweighting,Logistic regression,2268,0.7222664733233939,0.6714193130265717,0.36432807918874577,0.39878309194714223,0.01639796389232495,0.011757177188216894,-0.25292905976500957,COMPAS,corrupt_30,179,0.9532951775314497,True,1
Audit-guided reweighting,Random forest,2268,0.7173443893007645,0.6707712248865846,0.29433688839874117,0.3112675678814899,0.017614233331267104,0.008550674318703155,-0.19210393549001348,COMPAS,corrupt_30,179,0.9532951775314497,True,1
Drop flagged block,Logistic regression,2268,0.7241684196910592,0.6526247569669476,0.27376133093041394,0.2710077463970766,0.06089856206324751,0.013659123555882169,-0.3807044053150752,COMPAS,corrupt_30,179,0.9532951775314497,True,1
Drop flagged block,Random forest,2268,0.7068866627181069,0.6552171095268956,0.25776689888909804,0.26928334658649244,0.05719554986622455,-0.0019070522639544896,-0.23408815678501094,COMPAS,corrupt_30,179,0.9532951775314497,True,1
Trusted reference only,Logistic regression,1389,0.7277876491772699,0.6688269604666235,0.27212389380530977,0.3014661865746987,0.001804151157250633,0.01727835304209291,-0.3502459651374531,COMPAS,corrupt_30,179,0.9532951775314497,True,1
Trusted reference only,Random forest,1389,0.7268353995193649,0.6727154893065457,0.25272009575813,0.2508420967986919,-0.007571535300653354,0.018041684537303593,-0.2525294065728115,COMPAS,corrupt_30,179,0.9532951775314497,True,1
Oracle (clean audit labels),Logistic regression,2268,0.7246849661989665,0.6720674011665586,0.31702732872474926,0.3562359836673427,0.006220672993183185,0.014175670063789503,-0.2954761680448091,COMPAS,corrupt_30,179,0.9532951775314497,True,1
Oracle (clean audit labels),Random forest,2268,0.7201968833609051,0.6772521062864549,0.30477849207843566,0.3392868311249699,-0.0026511295556632675,0.011403168378843809,-0.1640846722465335,COMPAS,corrupt_30,179,0.9532951775314497,True,1
Baseline (audit labels),Logistic regression,2268,0.7195864323274432,0.644199611147116,0.6523557904007046,0.6509173115381272,0.1079979965675485,0.0,0.0,COMPAS,corrupt_30,181,0.9540202814818081,True,1
Baseline (audit labels),Random forest,2268,0.7230429809898282,0.6532728451069345,0.4683799382186951,0.46404660464307457,0.08732249092438027,0.0,0.0,COMPAS,corrupt_30,181,0.9540202814818081,True,1
Audit-guided reweighting,Logistic regression,2268,0.737479951002619,0.6733635774465327,0.2338882894511279,0.21351708202673703,-0.019179782680077695,0.017893518675175746,-0.4374002295113901,COMPAS,corrupt_30,181,0.9540202814818081,True,1
Audit-guided reweighting,Random forest,2268,0.7305803888659543,0.6681788723266364,0.2533672155723847,0.2140204654233372,-0.002875600033755976,0.007537407876126112,-0.2500261392197374,COMPAS,corrupt_30,181,0.9540202814818081,True,1
Drop flagged block,Logistic regression,2268,0.7415599642671035,0.6766040181464679,0.2530899055801494,0.21469437440222594,0.03682455443259691,0.02197353193966023,-0.4362229371359012,COMPAS,corrupt_30,181,0.9540202814818081,True,1
Drop flagged block,Random forest,2268,0.7229736131507887,0.6759559300064809,0.23781768800777142,0.235052024461641,0.04565491110409836,-6.936783903954691e-05,-0.22899458018143357,COMPAS,corrupt_30,181,0.9540202814818081,True,1
Trusted reference only,Logistic regression,1389,0.7335479788580362,0.6817887232663642,0.20796064551043525,0.17051493645816135,-0.030046775119303815,0.013961546530593005,-0.4804023750799658,COMPAS,corrupt_30,181,0.9540202814818081,True,1
Trusted reference only,Random forest,1389,0.7287277599940445,0.659753726506805,0.17478428643937333,0.14119931600150715,-0.03340198728940319,0.005684779004216267,-0.3228472886415674,COMPAS,corrupt_30,181,0.9540202814818081,True,1
Oracle (clean audit labels),Logistic regression,2268,0.7393275041789894,0.6772521062864549,0.26074702269908334,0.25664301039775544,-0.02331994244396207,0.019741071851546166,-0.3942743011403717,COMPAS,corrupt_30,181,0.9540202814818081,True,1
Oracle (clean audit labels),Random forest,2268,0.7322621359880349,0.6720674011665586,0.2334008961314416,0.1943637563954448,-0.02197163687192527,0.009219154998206691,-0.2696828482476298,COMPAS,corrupt_30,181,0.9540202814818081,True,1
Baseline (audit labels),Logistic regression,2268,0.7129377005011039,0.6318859364873622,0.6001759193477452,0.6020453801679939,0.16305876785788864,0.0,0.0,COMPAS,corrupt_30,182,0.9397231434067784,True,1
Baseline (audit labels),Random forest,2268,0.7191173018632357,0.6305897602073882,0.46712845495449773,0.47574997272826447,0.13621280796345414,0.0,0.0,COMPAS,corrupt_30,182,0.9397231434067784,True,1
Audit-guided reweighting,Logistic regression,2268,0.7287311490690626,0.6908619572261827,0.302434114821205,0.3273557515123731,0.02719521339742681,0.015793448567958612,-0.2746896286556208,COMPAS,corrupt_30,182,0.9397231434067784,True,1
Audit-guided reweighting,Random forest,2268,0.7279282941714775,0.6817887232663642,0.24286511722318083,0.24811908421648737,0.03609852496866717,0.008810992308241783,-0.2276308885117771,COMPAS,corrupt_30,182,0.9397231434067784,True,1
Drop flagged block,Logistic regression,2268,0.7291716986844745,0.6565132858068697,0.26068879190770994,0.2269773211444598,0.08501891749247026,0.016233998183370568,-0.37506805902353413,COMPAS,corrupt_30,182,0.9397231434067784,True,1
Drop flagged block,Random forest,2268,0.7215564839037798,0.659753726506805,0.23486247843296454,0.1929545434116261,0.09222683779523766,0.0024391820405440523,-0.28279542931663837,COMPAS,corrupt_30,182,0.9397231434067784,True,1
Trusted reference only,Logistic regression,1389,0.7264161373834414,0.6720674011665586,0.22576034371934095,0.24636625947199525,0.003264792275424422,0.013478436882337408,-0.35567912069599866,COMPAS,corrupt_30,182,0.9397231434067784,True,1
Trusted reference only,Random forest,1389,0.7280983905480846,0.6753078418664938,0.24240332893534966,0.29282060962345735,-0.0016939058961444875,0.008981088684848815,-0.18292936310480712,COMPAS,corrupt_30,182,0.9397231434067784,True,1
Oracle (clean audit labels),Logistic regression,2268,0.7278789662222616,0.6785482825664291,0.3036317196116242,0.34307724114374055,0.02813163111929673,0.014941265721157615,-0.25896813902425336,COMPAS,corrupt_30,182,0.9397231434067784,True,1
Oracle (clean audit labels),Random forest,2268,0.7255316362250852,0.6804925469863902,0.2533052538989816,0.24575501802263394,0.02525367977206472,0.006414334361849461,-0.22999495470563053,COMPAS,corrupt_30,182,0.9397231434067784,True,1
Baseline (audit labels),Logistic regression,2268,0.7143968245908021,0.6403110823071938,0.6484700727863756,0.6236957021374397,0.1293798321767664,0.0,0.0,COMPAS,corrupt_30,183,0.9503327837003259,True,1
Baseline (audit labels),Random forest,2268,0.7324658508099324,0.6714193130265717,0.4472761474033469,0.4310388416455987,0.09969692186376977,0.0,0.0,COMPAS,corrupt_30,183,0.9503327837003259,True,1
Audit-guided reweighting,Logistic regression,2268,0.7346527530933157,0.6707712248865846,0.3071800411211054,0.33599578468435315,0.0009988842021726452,0.020255928502513565,-0.2876999174530866,COMPAS,corrupt_30,183,0.9503327837003259,True,1
Audit-guided reweighting,Random forest,2268,0.7456786675468441,0.7012313674659754,0.25840677589670596,0.2622193971429528,0.0039425473411770495,0.013212816736911659,-0.1688194445026459,COMPAS,corrupt_30,183,0.9503327837003259,True,1
Drop flagged block,Logistic regression,2268,0.7381167589160277,0.6694750486066104,0.2230567585666165,0.22661503462580712,0.0419564747544785,0.023719934325225567,-0.3970806675116326,COMPAS,corrupt_30,183,0.9503327837003259,True,1
Drop flagged block,Random forest,2268,0.7450701602938438,0.6895657809462087,0.18076629280784468,0.15602522498410887,0.04479540701172158,0.012604309483911336,-0.2750136166614898,COMPAS,corrupt_30,183,0.9503327837003259,True,1
Trusted reference only,Logistic regression,1389,0.7428062424888708,0.6843810758263124,0.2341328729923176,0.26171757385166106,-0.014808647566065813,0.028409417898068723,-0.3619781282857787,COMPAS,corrupt_30,183,0.9503327837003259,True,1
Trusted reference only,Random forest,1389,0.7449186682239035,0.6889176928062216,0.2106262051142272,0.20423371583419758,-0.01734022935061741,0.012452817413971085,-0.2268051258114011,COMPAS,corrupt_30,183,0.9503327837003259,True,1
Oracle (clean audit labels),Logistic regression,2268,0.7362370723945902,0.679196370706416,0.3058020466330833,0.3588287444381252,-0.019025427926230742,0.021840247803788126,-0.26486695769931456,COMPAS,corrupt_30,183,0.9503327837003259,True,1
Oracle (clean audit labels),Random forest,2268,0.7457209837674977,0.6966947504860661,0.27131516870757916,0.29217824763306677,-0.02815972363782815,0.013255132957565308,-0.13886059401253192,COMPAS,corrupt_30,183,0.9503327837003259,True,1
Baseline (audit labels),Logistic regression,2268,0.7122867361924161,0.6448476992871031,0.6088862718707941,0.5888529139685477,0.12800169804548855,0.0,0.0,COMPAS,corrupt_30,184,0.9432987726841999,True,1
Baseline (audit labels),Random forest,2268,0.7209458727827669,0.6681788723266364,0.43380383580080756,0.40441720629047173,0.10288583790347805,0.0,0.0,COMPAS,corrupt_30,184,0.9432987726841999,True,1
Audit-guided reweighting,Logistic regression,2268,0.7273226382788655,0.6772521062864549,0.3292698519515478,0.3376808453896926,-0.0112783839633388,0.015035902086449338,-0.25117206857885505,COMPAS,corrupt_30,184,0.9432987726841999,True,1
Audit-guided reweighting,Random forest,2268,0.7248034013927709,0.677900194426442,0.27658815612382237,0.27172644842989535,-0.006003153778920689,0.0038575286100039907,-0.13269075786057638,COMPAS,corrupt_30,184,0.9432987726841999,True,1
Drop flagged block,Logistic regression,2268,0.7299543864160852,0.6655865197666883,0.2896870794078062,0.2812937529168611,0.04954539016372772,0.017667650223669118,-0.30755916105168657,COMPAS,corrupt_30,184,0.9432987726841999,True,1
Drop flagged block,Random forest,2268,0.7188521483727319,0.6694750486066104,0.2355568640646029,0.2141226081738783,0.04934367385864358,-0.0020937244100349695,-0.19029459811659344,COMPAS,corrupt_30,184,0.9432987726841999,True,1
Trusted reference only,Logistic regression,1389,0.7200627017588976,0.6604018146467919,0.27244784656796767,0.27637675845056336,-0.029807917957297425,0.007775965566481524,-0.3124761555179843,COMPAS,corrupt_30,184,0.9432987726841999,True,1
Trusted reference only,Random forest,1389,0.7039786685435461,0.6545690213869086,0.2624512113055182,0.27049303286885795,-0.031410428086954933,-0.016967204239220823,-0.13392417342161378,COMPAS,corrupt_30,184,0.9432987726841999,True,1
Oracle (clean audit labels),Logistic regression,2268,0.7257017995032586,0.6733635774465327,0.30004374158815605,0.3294386292419495,-0.014258188150430229,0.013415063310842523,-0.25941428472659817,COMPAS,corrupt_30,184,0.9432987726841999,True,1
Oracle (clean audit labels),Random forest,2268,0.724889688216942,0.677900194426442,0.26475942126514135,0.26110074004933664,-0.023225545414257143,0.003943815434175102,-0.1433164662411351,COMPAS,corrupt_30,184,0.9432987726841999,True,1
Baseline (audit labels),Logistic regression,2268,0.6900511413669308,0.611147116007777,0.6020698995371025,0.5915178571428571,0.15899060957180966,0.0,0.0,COMPAS,corrupt_30,185,0.9365983385915199,True,1
Baseline (audit labels),Random forest,2268,0.6887446657183499,0.6318859364873622,0.44251851252922586,0.43399234693877553,0.13093337753276757,0.0,0.0,COMPAS,corrupt_30,185,0.9365983385915199,True,1
Audit-guided reweighting,Logistic regression,2268,0.7069260990313622,0.6506804925469863,0.32196472007169186,0.3626256344751084,0.011110201787573715,0.016874957664431367,-0.22889222266774867,COMPAS,corrupt_30,185,0.9365983385915199,True,1
Audit-guided reweighting,Random forest,2268,0.6950806069227122,0.6467919637070642,0.2993083489990769,0.30026219368718277,0.019406752078261258,0.0063359412043623164,-0.13373015325159276,COMPAS,corrupt_30,185,0.9365983385915199,True,1
Drop flagged block,Logistic regression,2268,0.7084230847388742,0.6364225534672715,0.24881412005686832,0.23285656660728093,0.07759571639970908,0.018371943371943367,-0.35866129053557616,COMPAS,corrupt_30,185,0.9365983385915199,True,1
Drop flagged block,Random forest,2268,0.6868158572105941,0.6247569669475048,0.23535674098630172,0.21141581632653056,0.08077159413271828,-0.001928808507755786,-0.22257653061224497,COMPAS,corrupt_30,185,0.9365983385915199,True,1
Trusted reference only,Logistic regression,1389,0.7061725259093681,0.6532728451069345,0.23412537985216936,0.25151265588759286,-0.006101247302316648,0.016121384542437278,-0.34000520125526423,COMPAS,corrupt_30,185,0.9365983385915199,True,1
Trusted reference only,Random forest,1389,0.697536916615864,0.6513285806869734,0.22829704944984602,0.2411845776328616,-0.005208053541802649,0.00879225089751412,-0.19280776930591392,COMPAS,corrupt_30,185,0.9365983385915199,True,1
Oracle (clean audit labels),Logistic regression,2268,0.7035189324663009,0.6526247569669476,0.2556194538214307,0.29650576489966046,0.001408720809119579,0.01346779109937013,-0.29501209224319663,COMPAS,corrupt_30,185,0.9365983385915199,True,1
Oracle (clean audit labels),Random forest,2268,0.6965911400121927,0.659753726506805,0.28217878487733555,0.3109432249823523,0.0036881209396326664,0.007846474293842776,-0.12304912195642326,COMPAS,corrupt_30,185,0.9365983385915199,True,1
Baseline (audit labels),Logistic regression,2268,0.7125798515848831,0.6351263771872975,0.6472733342100205,0.6400665695860204,0.13491834958704885,0.0,0.0,COMPAS,corrupt_30,186,0.9411760596023915,True,1
Baseline (audit labels),Random forest,2268,0.7178079579929202,0.6409591704471809,0.48979839566242145,0.4883592380159886,0.10765955597348309,0.0,0.0,COMPAS,corrupt_30,186,0.9411760596023915,True,1
Audit-guided reweighting,Logistic regression,2268,0.7254725290300374,0.6759559300064809,0.39101260743633054,0.46855376137383054,0.001544354674253401,0.012892677445154321,-0.17151280821218984,COMPAS,corrupt_30,186,0.9411760596023915,True,1
Audit-guided reweighting,Random forest,2268,0.7244981119086428,0.6707712248865846,0.3224421807931322,0.3555363321799308,0.004209243710168509,0.006690153915722585,-0.13282290583605777,COMPAS,corrupt_30,186,0.9411760596023915,True,1
Drop flagged block,Logistic regression,2268,0.739203795755422,0.6604018146467919,0.22921155473731414,0.21390811226451367,0.053703127700358344,0.026623944170538927,-0.4261584573215067,COMPAS,corrupt_30,186,0.9411760596023915,True,1
Drop flagged block,Random forest,2268,0.7319348971251741,0.6727154893065457,0.21575440619615538,0.21846565423555042,0.05456866326885568,0.014126939132253935,-0.26989358378043815,COMPAS,corrupt_30,186,0.9411760596023915,True,1
Trusted reference only,Logistic regression,1389,0.7318994637753052,0.677900194426442,0.29445057001527464,0.34040593361527616,-0.008355984045003484,0.01931961219042211,-0.2996606359707442,COMPAS,corrupt_30,186,0.9411760596023915,True,1
Trusted reference only,Random forest,1389,0.7285366701425096,0.6824368114063513,0.2765374901794174,0.3162805972062028,-0.01724262416054967,0.01072871214958937,-0.1720786408097858,COMPAS,corrupt_30,186,0.9411760596023915,True,1
Oracle (clean audit labels),Logistic regression,2268,0.7356267147210385,0.6856772521062865,0.3157152924594785,0.36360214020248627,0.0015201396975431658,0.023046863136155338,-0.2764644293835341,COMPAS,corrupt_30,186,0.9411760596023915,True,1
Oracle (clean audit labels),Random forest,2268,0.7278085991678225,0.677900194426442,0.25005985076086334,0.25394880174291945,-0.00838392281889866,0.010000641174902292,-0.23441043627306912,COMPAS,corrupt_30,186,0.9411760596023915,True,1
Baseline (audit labels),Logistic regression,2268,0.7121548047651012,0.6208684381075826,0.7167881118645212,0.7285788628187433,0.12742409272411304,0.0,0.0,COMPAS,corrupt_30,188,0.9478945925085608,True,1
Baseline (audit labels),Random forest,2268,0.7162695184047623,0.6461438755670771,0.49449279762507176,0.505565988641763,0.09264313387646383,0.0,0.0,COMPAS,corrupt_30,188,0.9478945925085608,True,1
Audit-guided reweighting,Logistic regression,2268,0.7242743526635884,0.6636422553467272,0.34589279087811625,0.38434918702721504,-0.010762803476194849,0.012119547898487237,-0.34422967579152824,COMPAS,corrupt_30,188,0.9478945925085608,True,1
Audit-guided reweighting,Random forest,2268,0.7219962166670058,0.6830848995463383,0.2648686030428769,0.24766542039822625,-0.009218717610349203,0.005726698262243479,-0.2579005682435368,COMPAS,corrupt_30,188,0.9478945925085608,True,1
Drop flagged block,Logistic regression,2268,0.7279034368664782,0.6552171095268956,0.27668926896737844,0.2309998416182094,0.04960608139924172,0.015748632101377003,-0.4975790212005339,COMPAS,corrupt_30,188,0.9478945925085608,True,1
Drop flagged block,Random forest,2268,0.7165305548210376,0.6506804925469863,0.248328441790642,0.23129397922935951,0.04426240716492247,0.0002610364162752843,-0.27427200941240354,COMPAS,corrupt_30,188,0.9478945925085608,True,1
Trusted reference only,Logistic regression,1389,0.7302968356962215,0.6733635774465327,0.24006173464224267,0.2740805147378489,-0.021380679469582442,0.018142030931120323,-0.4544983480808944,COMPAS,corrupt_30,188,0.9478945925085608,True,1
Trusted reference only,Random forest,1389,0.726521130389385,0.6804925469863902,0.3064804506966232,0.2985566472480654,-0.014953984418076938,0.010251611984622766,-0.20700934139369764,COMPAS,corrupt_30,188,0.9478945925085608,True,1
Oracle (clean audit labels),Logistic regression,2268,0.7270355755344466,0.6694750486066104,0.28041021489053064,0.29735675158681857,-0.016958369265591244,0.014880770769345464,-0.4312221112319247,COMPAS,corrupt_30,188,0.9478945925085608,True,1
Oracle (clean audit labels),Random forest,2268,0.7285950138654409,0.6850291639662994,0.22820902067941842,0.21751152073732716,-0.026965696392714622,0.012325495460678626,-0.2880544679044359,COMPAS,corrupt_30,188,0.9478945925085608,True,1
Baseline (audit labels),Logistic regression,2268,0.7092977455912582,0.6357744653272845,0.6674728623760011,0.6527157027265025,0.11445023883507244,0.0,0.0,COMPAS,corrupt_30,190,0.9548438095188202,True,1
Baseline (audit labels),Random forest,2268,0.7083020596667748,0.6461438755670771,0.5427322970522839,0.5104258394669945,0.08987169271673223,0.0,0.0,COMPAS,corrupt_30,190,0.9548438095188202,True,1
Audit-guided reweighting,Logistic regression,2268,0.7191024626744564,0.6616979909267661,0.33910508912443105,0.4091581238473424,-0.005750868562428901,0.009804717083198189,-0.24355757887916007,COMPAS,corrupt_30,190,0.9548438095188202,True,1
Audit-guided reweighting,Random forest,2268,0.7145297454830682,0.6727154893065457,0.30713701851110564,0.33930084569757585,-0.0018780725676168508,0.0062276858162934046,-0.17112499376941864,COMPAS,corrupt_30,190,0.9548438095188202,True,1
Drop flagged block,Logistic regression,2268,0.7193095450611273,0.662346079066753,0.2676962200746095,0.2538255769518334,0.04392484595162349,0.010011799469869076,-0.3988901257746691,COMPAS,corrupt_30,190,0.9548438095188202,True,1
Drop flagged block,Random forest,2268,0.7068330425727577,0.6636422553467272,0.2681890198162681,0.27931280841377704,0.04223891160363524,-0.0014690170940171443,-0.23111303105321745,COMPAS,corrupt_30,190,0.9548438095188202,True,1
Trusted reference only,Logistic regression,1389,0.7183366804608893,0.659753726506805,0.3010888687807159,0.35111402794623425,-0.01767126490702786,0.009038934869631032,-0.3016016747802682,COMPAS,corrupt_30,190,0.9548438095188202,True,1
Trusted reference only,Random forest,1389,0.7052440022178946,0.6636422553467272,0.23500829181817878,0.2545234020635685,-0.030867094944346807,-0.0030580574488802137,-0.255902437403426,COMPAS,corrupt_30,190,0.9548438095188202,True,1
Oracle (clean audit labels),Logistic regression,2268,0.7195910080601537,0.6629941672067401,0.25318469730658866,0.3195789788492531,-0.029671126516586876,0.010293262468895503,-0.33313672387724935,COMPAS,corrupt_30,190,0.9548438095188202,True,1
Oracle (clean audit labels),Random forest,2268,0.7136177377474846,0.6720674011665586,0.28372650791675214,0.3223785867379999,-0.033397677505546786,0.0053156780807097626,-0.18804725272899458,COMPAS,corrupt_30,190,0.9548438095188202,True,1
Baseline (audit labels),Logistic regression,2268,0.6819459061787936,0.6027219701879456,0.5871115776440982,0.5791028977197548,0.16944345993515164,0.0,0.0,COMPAS,corrupt_30,192,0.9739943445841243,True,0
Baseline (audit labels),Random forest,2268,0.6842228057806343,0.6202203499675956,0.4518164506708654,0.44666572784193076,0.14757799046549214,0.0,0.0,COMPAS,corrupt_30,192,0.9739943445841243,True,0
Audit-guided reweighting,Logistic regression,2268,0.6829251262768179,0.6403110823071938,0.5541856756429407,0.6035725312045164,0.11220923954182926,0.0009792200980243138,0.02446963348476161,COMPAS,corrupt_30,192,0.9739943445841243,True,0
Audit-guided reweighting,Random forest,2268,0.6886437716492791,0.6461438755670771,0.39089352281750034,0.39140828297975566,0.09901569602663951,0.004420965868644822,-0.0552574448621751,COMPAS,corrupt_30,192,0.9739943445841243,True,0
Drop flagged block,Logistic regression,2268,0.6817764585270486,0.6001296176279974,0.594528442811579,0.5841661888589953,0.16988327720543517,-0.00016944765174498055,0.005063291139240533,COMPAS,corrupt_30,192,0.9739943445841243,True,0
Drop flagged block,Random forest,2268,0.6853893549408892,0.626701231367466,0.44513975803087197,0.4418939705786772,0.14950386487696665,0.0011665491602548261,-0.004771757263253573,COMPAS,corrupt_30,192,0.9739943445841243,True,0
Trusted reference only,Logistic regression,1389,0.7024890923396038,0.662346079066753,0.34244754868316574,0.40096149605257353,0.041221176761749856,0.02054318616081019,-0.17814140166718123,COMPAS,corrupt_30,192,0.9739943445841243,True,0
Trusted reference only,Random forest,1389,0.6958780794343344,0.6604018146467919,0.23190614612351462,0.29991619988532614,0.03531412010627055,0.011655273653700116,-0.14674952795660462,COMPAS,corrupt_30,192,0.9739943445841243,True,0
Oracle (clean audit labels),Logistic regression,2268,0.6980621660007971,0.6493843162670123,0.2608721251026148,0.34586512592069857,0.02631315738106721,0.016116259822003487,-0.2332377717990562,COMPAS,corrupt_30,192,0.9739943445841243,True,0
Oracle (clean audit labels),Random forest,2268,0.6954421136167792,0.661049902786779,0.23853405466510552,0.25527279142592507,0.02599322872719878,0.011219307836144887,-0.1913929364160057,COMPAS,corrupt_30,192,0.9739943445841243,True,0
Baseline (audit labels),Logistic regression,2268,0.7041976003063151,0.6474400518470512,0.6163770219686431,0.6195607553366175,0.15406700169386267,0.0,0.0,COMPAS,corrupt_30,193,0.9583396569821053,True,1
Baseline (audit labels),Random forest,2268,0.7158775553078229,0.6545690213869086,0.4465770179364663,0.4308634373289546,0.12180675438181221,0.0,0.0,COMPAS,corrupt_30,193,0.9583396569821053,True,1
Audit-guided reweighting,Logistic regression,2268,0.7239827053988025,0.6843810758263124,0.38418076248462735,0.4286788275337894,0.03838269125487914,0.01978510509248743,-0.1908819278028281,COMPAS,corrupt_30,193,0.9583396569821053,True,1
Audit-guided reweighting,Random forest,2268,0.7300386959924912,0.6753078418664938,0.3375637587951856,0.34636991507220516,0.02781934432169908,0.014161140684668228,-0.08449352225674944,COMPAS,corrupt_30,193,0.9583396569821053,True,1
Drop flagged block,Logistic regression,2268,0.7302911348226659,0.6493843162670123,0.24179116012445984,0.27107498099864513,0.08398737536356593,0.02609353451635088,-0.34848577433797234,COMPAS,corrupt_30,193,0.9583396569821053,True,1
Drop flagged block,Random forest,2268,0.7237014648229032,0.6480881399870383,0.22884115239612102,0.22842933148276656,0.07557933096035097,0.007823909515080274,-0.20243410584618804,COMPAS,corrupt_30,193,0.9583396569821053,True,1
Trusted reference only,Logistic regression,1389,0.7183240094740801,0.6766040181464679,0.3867613556178303,0.436138924688543,0.028540237143410252,0.014126409167765086,-0.1834218306480745,COMPAS,corrupt_30,193,0.9583396569821053,True,1
Trusted reference only,Random forest,1389,0.714715320156817,0.6772521062864549,0.3103230445622736,0.32996265820693294,0.016520147133898266,-0.001162235151005886,-0.10090077912202167,COMPAS,corrupt_30,193,0.9583396569821053,True,1
Oracle (clean audit labels),Logistic regression,2268,0.7278387508852301,0.6869734283862605,0.29345174492449744,0.3230312944053402,0.02003553301100125,0.023641150578915027,-0.2965294609312773,COMPAS,corrupt_30,193,0.9583396569821053,True,1
Oracle (clean audit labels),Random forest,2268,0.7319429996509906,0.6772521062864549,0.2740200130373715,0.29153035259905496,0.00971572101708551,0.0160654443431677,-0.13933308472989964,COMPAS,corrupt_30,193,0.9583396569821053,True,1
Baseline (audit labels),Logistic regression,2268,0.712152748423313,0.6286454957874271,0.5903948427600934,0.5830721003134797,0.1167971644970206,0.0,0.0,COMPAS,corrupt_30,194,0.9501325695921425,True,1
Baseline (audit labels),Random forest,2268,0.713148639737585,0.6480881399870383,0.42403748025449384,0.3911665676371559,0.08680621195424609,0.0,0.0,COMPAS,corrupt_30,194,0.9501325695921425,True,1
Audit-guided reweighting,Logistic regression,2268,0.7169783406320275,0.6629941672067401,0.3083397607972974,0.3623824451410659,-0.011716035664204205,0.00482559220871448,-0.2206896551724138,COMPAS,corrupt_30,194,0.9501325695921425,True,1
Audit-guided reweighting,Random forest,2268,0.7132881321542702,0.6688269604666235,0.24773579249788652,0.24526645768025074,-0.016213354933974133,0.00013949241668520518,-0.14590010995690517,COMPAS,corrupt_30,194,0.9501325695921425,True,1
Drop flagged block,Logistic regression,2268,0.7205104577042084,0.6513285806869734,0.2462841399379595,0.2696760710553814,0.05104226851562965,0.008357709280895409,-0.3133960292580983,COMPAS,corrupt_30,194,0.9501325695921425,True,1
Drop flagged block,Random forest,2268,0.7128628916355275,0.6526247569669476,0.2073067634884121,0.19481713688610236,0.04138123188410481,-0.00028574810205750367,-0.19634943075105354,COMPAS,corrupt_30,194,0.9501325695921425,True,1
Trusted reference only,Logistic regression,1389,0.7119447779111644,0.6552171095268956,0.2469863894942119,0.2827168234064786,-0.02682364583241925,-0.00020797051214860307,-0.3003552769070011,COMPAS,corrupt_30,194,0.9501325695921425,True,1
Trusted reference only,Random forest,1389,0.7162445259794059,0.6688269604666235,0.22667672606878342,0.25057471264367814,-0.043485044715252164,0.003095886241820889,-0.14059185499347776,COMPAS,corrupt_30,194,0.9501325695921425,True,1
Oracle (clean audit labels),Logistic regression,2268,0.717237035659334,0.6668826960466624,0.2600512625335547,0.31970741901776384,-0.012929501594936665,0.005084287236021057,-0.26336468129571583,COMPAS,corrupt_30,194,0.9501325695921425,True,1
Oracle (clean audit labels),Random forest,2268,0.7127698966910707,0.6636422553467272,0.21978390248667073,0.23051201671891325,-0.024309695347158433,-0.0003787430465143071,-0.16065455091824266,COMPAS,corrupt_30,194,0.9501325695921425,True,1
Baseline (audit labels),Logistic regression,2268,0.699226364937632,0.6163318211276734,0.6616721787529241,0.6653414303814059,0.15434372197298707,0.0,0.0,COMPAS,corrupt_30,195,0.9585477831377182,True,1
Baseline (audit labels),Random forest,2268,0.7065017722036671,0.62799740764744,0.4968523970853163,0.5246952684695706,0.12485503555850141,0.0,0.0,COMPAS,corrupt_30,195,0.9585477831377182,True,1
Audit-guided reweighting,Logistic regression,2268,0.717282393838184,0.6759559300064809,0.37809550697749456,0.4246028606341922,0.03915869521390136,0.018056028900552024,-0.2407385697472137,COMPAS,corrupt_30,195,0.9585477831377182,True,1
Audit-guided reweighting,Random forest,2268,0.716488310271965,0.6869734283862605,0.273392756312011,0.2870392348199137,0.035898816226563324,0.009986538068297968,-0.23765603364965687,COMPAS,corrupt_30,195,0.9585477831377182,True,1
Drop flagged block,Logistic regression,2268,0.7248551564310545,0.6642903434867142,0.24528615794143743,0.20720651841495918,0.07598535342129265,0.025628791493422454,-0.45813491196644673,COMPAS,corrupt_30,195,0.9585477831377182,True,1
Drop flagged block,Random forest,2268,0.7114290096107967,0.6636422553467272,0.21966503992901515,0.18374000611647512,0.07253480211951846,0.0049272374071296365,-0.3409552623530955,COMPAS,corrupt_30,195,0.9585477831377182,True,1
Trusted reference only,Logistic regression,1389,0.7230863608479313,0.6889176928062216,0.3234737570917695,0.3625550544610597,0.0264552845478645,0.023859995910299303,-0.30278637592034624,COMPAS,corrupt_30,195,0.9585477831377182,True,1
Trusted reference only,Random forest,1389,0.729829254992843,0.6889176928062216,0.30106074050173426,0.2944589498114303,0.01300465012688079,0.023327482789175957,-0.23023631865814032,COMPAS,corrupt_30,195,0.9585477831377182,True,1
Oracle (clean audit labels),Logistic regression,2268,0.7181429350419193,0.6733635774465327,0.3177835363394369,0.37760547160024965,0.02002079010413027,0.018916570104287267,-0.28773595878115626,COMPAS,corrupt_30,195,0.9585477831377182,True,1
Oracle (clean audit labels),Random forest,2268,0.7176197941517279,0.6850291639662994,0.29436221128767714,0.3361025397578923,0.007381117575978924,0.011118021948060886,-0.18859272871167831,COMPAS,corrupt_30,195,0.9585477831377182,True,1
Baseline (audit labels),Logistic regression,2268,0.6998205046985535,0.627349319507453,0.6176730585012521,0.6007462686567164,0.16176440347801746,0.0,0.0,COMPAS,corrupt_30,197,0.9594167660939062,True,1
Baseline (audit labels),Random forest,2268,0.7121101426766258,0.6571613739468568,0.44420449389106437,0.4190526957051477,0.131710137536298,0.0,0.0,COMPAS,corrupt_30,197,0.9594167660939062,True,1
Audit-guided reweighting,Logistic regression,2268,0.7127138531544512,0.6500324044069994,0.37390719795640553,0.40695739454290925,0.053597401776181886,0.012893348455897735,-0.19378887411380719,COMPAS,corrupt_30,197,0.9594167660939062,True,1
Audit-guided reweighting,Random forest,2268,0.7184001416888908,0.6701231367465975,0.281737055274524,0.32065471002051465,0.04520994660168076,0.006289999012265013,-0.09839798568463304,COMPAS,corrupt_30,197,0.9594167660939062,True,1
Drop flagged block,Logistic regression,2268,0.7215115071133954,0.6474400518470512,0.2589987059475993,0.2624475025753453,0.08367354345600542,0.021691002414841898,-0.3382987660813711,COMPAS,corrupt_30,197,0.9594167660939062,True,1
Drop flagged block,Random forest,2268,0.7133865347870068,0.659753726506805,0.22888257734904122,0.2371078651487537,0.08410858534721277,0.0012763921103809972,-0.181944830556394,COMPAS,corrupt_30,197,0.9594167660939062,True,1
Trusted reference only,Logistic regression,1389,0.7151082591680545,0.6591056383668179,0.3122161907802968,0.37622053760884683,0.043905815677819815,0.015287754469501036,-0.2245257310478696,COMPAS,corrupt_30,197,0.9594167660939062,True,1
Trusted reference only,Random forest,1389,0.7107256106075932,0.6571613739468568,0.23319328437221654,0.28452063357898166,0.029724415898882084,-0.0013845320690325513,-0.13453206212616603,COMPAS,corrupt_30,197,0.9594167660939062,True,1
Oracle (clean audit labels),Logistic regression,2268,0.719105180159468,0.6604018146467919,0.30757440801304137,0.366244926349525,0.028740847650001622,0.019284675460914502,-0.23450134230719144,COMPAS,corrupt_30,197,0.9594167660939062,True,1
Oracle (clean audit labels),Random forest,2268,0.7235074131218899,0.6766040181464679,0.2487067878930474,0.28319994365056306,0.01873542901784442,0.011397270445264174,-0.13585275205458464,COMPAS,corrupt_30,197,0.9594167660939062,True,1
Baseline (audit labels),Logistic regression,2268,0.7055660057617352,0.6370706416072586,0.5922305612718395,0.5807417149465426,0.13032048312200373,0.0,0.0,COMPAS,corrupt_30,198,0.9636652559855855,True,1
Baseline (audit labels),Random forest,2268,0.7153016437891883,0.6655865197666883,0.4183765080902231,0.3848822575707759,0.10281817108613434,0.0,0.0,COMPAS,corrupt_30,198,0.9636652559855855,True,1
Audit-guided reweighting,Logistic regression,2268,0.7229579732248772,0.6649384316267012,0.3373397759216667,0.34717335209946054,0.025277819931765255,0.017391967463141977,-0.23356836284708204,COMPAS,corrupt_30,198,0.9636652559855855,True,1
Audit-guided reweighting,Random forest,2268,0.7222852058973055,0.6850291639662994,0.2623623048057136,0.24783016654937834,0.02520706204563994,0.006983562108117236,-0.13705209102139754,COMPAS,corrupt_30,198,0.9636652559855855,True,1
Drop flagged block,Logistic regression,2268,0.7253872225046601,0.6629941672067401,0.25955460059987356,0.23683971837054008,0.06101831194175,0.01982121674292492,-0.3439019965760025,COMPAS,corrupt_30,198,0.9636652559855855,True,1
Drop flagged block,Random forest,2268,0.7167403829859346,0.6727154893065457,0.22151609302075348,0.1835920227661818,0.05666620508627607,0.0014387391967463081,-0.20129023480459407,COMPAS,corrupt_30,198,0.9636652559855855,True,1
Trusted reference only,Logistic regression,1389,0.727262328418912,0.6649384316267012,0.2744152577707837,0.2899366643209008,0.009709147421560926,0.021696322657176803,-0.29080505062564177,COMPAS,corrupt_30,198,0.9636652559855855,True,1
Trusted reference only,Random forest,1389,0.7298720555837992,0.679196370706416,0.227444215793084,0.25064508562045507,-0.002294583221636226,0.014570411794610938,-0.1342371719503208,COMPAS,corrupt_30,198,0.9636652559855855,True,1
Oracle (clean audit labels),Logistic regression,2268,0.7222597864768683,0.6649384316267012,0.3017105139275579,0.31667839549612953,0.013124087303263976,0.016693780715133055,-0.26406331945041306,COMPAS,corrupt_30,198,0.9636652559855855,True,1
Oracle (clean audit labels),Random forest,2268,0.7233621420098288,0.6798444588464031,0.2701448573619013,0.2673000234576589,0.00324007458825204,0.008060498220640588,-0.11758223411311697,COMPAS,corrupt_30,198,0.9636652559855855,True,1
Baseline (audit labels),Logistic regression,2268,0.7027820718833269,0.6241088788075179,0.6920528799104095,0.713845112909137,0.15454318928590816,0.0,0.0,COMPAS,corrupt_30,199,0.9519564869975101,True,1
Baseline (audit labels),Random forest,2268,0.7093012021235483,0.6513285806869734,0.5102823916355308,0.5134617011079473,0.12990723666473813,0.0,0.0,COMPAS,corrupt_30,199,0.9519564869975101,True,1
Audit-guided reweighting,Logistic regression,2268,0.7358387744170751,0.6843810758263124,0.32320844249091146,0.34177944862155385,0.027207904167981578,0.03305670253374826,-0.37206566428758314,COMPAS,corrupt_30,199,0.9519564869975101,True,1
Audit-guided reweighting,Random forest,2268,0.7314350561736807,0.677900194426442,0.2637824403991216,0.26679197994987464,0.03043227526973602,0.02213385405013235,-0.24666972115807267,COMPAS,corrupt_30,199,0.9519564869975101,True,1
Drop flagged block,Logistic regression,2268,0.741953637220403,0.6804925469863902,0.25009668642993343,0.23954887218045118,0.06251162229145846,0.03917156533707611,-0.4742962407286858,COMPAS,corrupt_30,199,0.9519564869975101,True,1
Drop flagged block,Random forest,2268,0.7203571113777976,0.6480881399870383,0.17928690815293602,0.16107769423558893,0.06296124067952802,0.011055909254249263,-0.3523840068723584,COMPAS,corrupt_30,199,0.9519564869975101,True,1
Trusted reference only,Logistic regression,1389,0.7299349443009309,0.6746597537265068,0.2372584100379011,0.23671679197994983,0.011632427533831313,0.027152872417604,-0.47712832092918717,COMPAS,corrupt_30,199,0.9519564869975101,True,1
Trusted reference only,Random forest,1389,0.7370897151651988,0.6824368114063513,0.2251936250853363,0.21583959899749378,0.0025262584037215596,0.02778851304165053,-0.29762210211045353,COMPAS,corrupt_30,199,0.9519564869975101,True,1
Oracle (clean audit labels),Logistic regression,2268,0.7368659696655344,0.6882696046662347,0.3241164541807212,0.3484210526315789,0.014751484179873153,0.03408389778220755,-0.3654240602775581,COMPAS,corrupt_30,199,0.9519564869975101,True,1
Oracle (clean audit labels),Random forest,2268,0.7361218463749839,0.6817887232663642,0.2613930244524185,0.2633333333333333,0.004034321408271979,0.0268206442514356,-0.250128367774614,COMPAS,corrupt_30,199,0.9519564869975101,True,1
Baseline (audit labels),Logistic regression,2268,0.7093592493207322,0.6416072585871678,0.6904232038870961,0.7090433482810165,0.1015767706997448,0.0,0.0,COMPAS,corrupt_30_shift_1.0,0,0.9465375206227883,True,1
Baseline (audit labels),Random forest,2268,0.7044680163360952,0.6338302009073234,0.5378408542979589,0.5645739910313902,0.0781136720161335,0.0,0.0,COMPAS,corrupt_30_shift_1.0,0,0.9465375206227883,True,1
Audit-guided reweighting,Logistic regression,2268,0.7189077172225945,0.6642903434867142,0.3233761898499854,0.33605814316974053,-0.03584175705794945,0.009548467901862256,-0.3729852051112759,COMPAS,corrupt_30_shift_1.0,0,0.9465375206227883,True,1
Audit-guided reweighting,Random forest,2268,0.7117312153421927,0.6552171095268956,0.21441745821405334,0.17009217737917287,-0.02883120938344208,0.007263199006097509,-0.3944818136522173,COMPAS,corrupt_30_shift_1.0,0,0.9465375206227883,True,1
Drop flagged block,Logistic regression,2268,0.7224867092464589,0.6480881399870383,0.2816897134244414,0.2409192825112107,0.024581989574844587,0.013127459925726614,-0.46812406576980575,COMPAS,corrupt_30_shift_1.0,0,0.9465375206227883,True,1
Drop flagged block,Random forest,2268,0.7051136153206446,0.642903434867142,0.22982186390442755,0.19701046337817635,0.029196891447721973,0.0006455989845494114,-0.3675635276532138,COMPAS,corrupt_30_shift_1.0,0,0.9465375206227883,True,1
Trusted reference only,Logistic regression,1389,0.717889236425587,0.6681788723266364,0.22896540794615794,0.24724914035636136,-0.05010757411154765,0.008529987104854753,-0.4617942079246551,COMPAS,corrupt_30_shift_1.0,0,0.9465375206227883,True,1
Trusted reference only,Random forest,1389,0.7097615913215336,0.6539209332469216,0.23017253878497895,0.19055954985933105,-0.05004542042630067,0.005293574985438365,-0.3740144411720591,COMPAS,corrupt_30_shift_1.0,0,0.9465375206227883,True,1
Oracle (clean audit labels),Logistic regression,2268,0.7219597927349493,0.6655865197666883,0.2425793486214094,0.21948265082838392,-0.048620685941911046,0.012600543414217014,-0.48956069745263253,COMPAS,corrupt_30_shift_1.0,0,0.9465375206227883,True,1
Oracle (clean audit labels),Random forest,2268,0.7145122571217901,0.6675307841866494,0.2037016431141278,0.16118318224445133,-0.044111762310592884,0.01004424078569488,-0.40339080878693884,COMPAS,corrupt_30_shift_1.0,0,0.9465375206227883,True,1
Baseline (audit labels),Logistic regression,2268,0.7075546551869671,0.6364225534672715,0.6869801905337971,0.6989276332361726,0.12318687818179352,0.0,0.0,COMPAS,corrupt_30_shift_1.0,1,0.9555727194989607,True,1
Baseline (audit labels),Random forest,2268,0.7200725922174391,0.6662346079066753,0.46147319253322583,0.4515815610493361,0.09114126264831501,0.0,0.0,COMPAS,corrupt_30_shift_1.0,1,0.9555727194989607,True,1
Audit-guided reweighting,Logistic regression,2268,0.7228479783911539,0.6694750486066104,0.3851286187139809,0.3984640623885494,-0.006293669373266142,0.015293323204186748,-0.30046357084762315,COMPAS,corrupt_30_shift_1.0,1,0.9555727194989607,True,1
Audit-guided reweighting,Random forest,2268,0.7232303536760362,0.6869734283862605,0.27772401162693006,0.2585177964288262,-0.008548628878075726,0.0031577614585970304,-0.1930637646205099,COMPAS,corrupt_30_shift_1.0,1,0.9555727194989607,True,1
Drop flagged block,Logistic regression,2268,0.731320165442728,0.6629941672067401,0.25032343700119297,0.20922196596844111,0.037173485181693056,0.023765510255760902,-0.48970566726773146,COMPAS,corrupt_30_shift_1.0,1,0.9555727194989607,True,1
Drop flagged block,Random forest,2268,0.7188942348273826,0.6584575502268308,0.22829779726800742,0.19637266544316095,0.04214107044730675,-0.0011783573900565614,-0.25520889560617516,COMPAS,corrupt_30_shift_1.0,1,0.9555727194989607,True,1
Trusted reference only,Logistic regression,1389,0.7346332404828225,0.6908619572261827,0.2847152914293395,0.3034150439462025,-0.017775855075951696,0.027078585295855384,-0.3955125892899701,COMPAS,corrupt_30_shift_1.0,1,0.9555727194989607,True,1
Trusted reference only,Random forest,1389,0.7362252046931712,0.6863253402462735,0.2711880639145118,0.2739802024140691,-0.027226623344439038,0.016152612475732075,-0.177601358635267,COMPAS,corrupt_30_shift_1.0,1,0.9555727194989607,True,1
Oracle (clean audit labels),Logistic regression,2268,0.729590613657466,0.6746597537265068,0.30728699363207146,0.32692170522361447,-0.017758217090992345,0.022035958470498884,-0.3720059280125581,COMPAS,corrupt_30_shift_1.0,1,0.9555727194989607,True,1
Oracle (clean audit labels),Random forest,2268,0.7255482400607749,0.6863253402462735,0.2453282255490028,0.23575612037059057,-0.026785424047311768,0.0054756478433357625,-0.21582544067874554,COMPAS,corrupt_30_shift_1.0,1,0.9555727194989607,True,1
Baseline (audit labels),Logistic regression,2268,0.7020696285801031,0.6247569669475048,0.6272439494855131,0.6318727357120038,0.14399856018964108,0.0,0.0,COMPAS,corrupt_30_shift_1.0,3,0.9373867816356575,True,1
Baseline (audit labels),Random forest,2268,0.7061565968356779,0.6370706416072586,0.5424930606429239,0.5506748407086581,0.11508318733001732,0.0,0.0,COMPAS,corrupt_30_shift_1.0,3,0.9373867816356575,True,1
Audit-guided reweighting,Logistic regression,2268,0.7190415949802651,0.662346079066753,0.35794480774788456,0.40829366073665746,-0.003629878700544653,0.016971966400161964,-0.2235790749753463,COMPAS,corrupt_30_shift_1.0,3,0.9373867816356575,True,1
Audit-guided reweighting,Random forest,2268,0.7148011334885133,0.662346079066753,0.27988964237947705,0.29320658982711095,-0.0014878159026140425,0.008644536652835377,-0.2574682508815472,COMPAS,corrupt_30_shift_1.0,3,0.9373867816356575,True,1
Drop flagged block,Logistic regression,2268,0.7243371116283777,0.6642903434867142,0.27107682691596824,0.2644152468053119,0.05895108718735098,0.022267483048274528,-0.36745748890669183,COMPAS,corrupt_30_shift_1.0,3,0.9373867816356575,True,1
Drop flagged block,Random forest,2268,0.7180531660088385,0.6616979909267661,0.2764132429144628,0.2508456527186169,0.059525747379099214,0.01189656917316062,-0.2998291879900412,COMPAS,corrupt_30_shift_1.0,3,0.9373867816356575,True,1
Trusted reference only,Logistic regression,1389,0.7302213001383125,0.6759559300064809,0.323511818750042,0.3511416311701328,-0.02389268598047234,0.028151671558209412,-0.28073110454187095,COMPAS,corrupt_30_shift_1.0,3,0.9373867816356575,True,1
Trusted reference only,Random forest,1389,0.7338789933542489,0.6714193130265717,0.2705525946138492,0.2963934477574543,-0.03279034154841809,0.027722396518571002,-0.25428139295120383,COMPAS,corrupt_30_shift_1.0,3,0.9373867816356575,True,1
Oracle (clean audit labels),Logistic regression,2268,0.7251712039941975,0.6701231367465975,0.3318172042288072,0.3740134051616137,-0.005804607726615396,0.02310157541409441,-0.25785933055039006,COMPAS,corrupt_30_shift_1.0,3,0.9373867816356575,True,1
Oracle (clean audit labels),Random forest,2268,0.7246381945147252,0.6740116655865198,0.25127025519359625,0.26218366324229514,-0.012322439576201494,0.018481597679047335,-0.288491177466363,COMPAS,corrupt_30_shift_1.0,3,0.9373867816356575,True,1
Baseline (audit labels),Logistic regression,2268,0.7031762864212492,0.6448476992871031,0.6593713964895295,0.674854072847434,0.11425342750473066,0.0,0.0,COMPAS,corrupt_30_shift_1.0,4,0.9610120696279894,True,1
Baseline (audit labels),Random forest,2268,0.7043133195307107,0.6454957874270901,0.5167505454643254,0.49013157894736836,0.08618189195108006,0.0,0.0,COMPAS,corrupt_30_shift_1.0,4,0.9610120696279894,True,1
Audit-guided reweighting,Logistic regression,2268,0.7283441902742008,0.6733635774465327,0.34457880740822916,0.41286706579647375,-0.009017073697911826,0.025167903852951645,-0.2619870070509603,COMPAS,corrupt_30_shift_1.0,4,0.9610120696279894,True,1
Audit-guided reweighting,Random forest,2268,0.714989311383797,0.661049902786779,0.26202458875856016,0.30861625842031515,-0.004394402933853181,0.010675991853086209,-0.18151532052705321,COMPAS,corrupt_30_shift_1.0,4,0.9610120696279894,True,1
Drop flagged block,Logistic regression,2268,0.7354542241074585,0.6694750486066104,0.24709281802503247,0.2673145657402759,0.03208137067466654,0.032277937686209346,-0.40753950710715814,COMPAS,corrupt_30_shift_1.0,4,0.9610120696279894,True,1
Drop flagged block,Random forest,2268,0.7187589422478076,0.6578094620868438,0.21773860072011375,0.22942221089939085,0.038655444808506356,0.014445622717096818,-0.2607093680479775,COMPAS,corrupt_30_shift_1.0,4,0.9610120696279894,True,1
Trusted reference only,Logistic regression,1389,0.7316113720143412,0.6766040181464679,0.3140159958043792,0.37107832485369824,-0.019172137212310814,0.028435085593092047,-0.3037757479937358,COMPAS,corrupt_30_shift_1.0,4,0.9610120696279894,True,1
Trusted reference only,Random forest,1389,0.7296705886313521,0.677900194426442,0.2512968435349451,0.2818585761706018,-0.03252103393059769,0.0253572691006414,-0.20827300277676658,COMPAS,corrupt_30_shift_1.0,4,0.9610120696279894,True,1
Oracle (clean audit labels),Logistic regression,2268,0.7300442693867932,0.6662346079066753,0.2778808752979462,0.32836044568662565,-0.027485742565834803,0.026867982965544046,-0.3464936271608084,COMPAS,corrupt_30_shift_1.0,4,0.9610120696279894,True,1
Oracle (clean audit labels),Random forest,2268,0.7228349240014139,0.6526247569669476,0.2884640598682817,0.3197134657605072,-0.029281833649162703,0.018521604470703168,-0.17041811318686118,COMPAS,corrupt_30_shift_1.0,4,0.9610120696279894,True,1
Baseline (audit labels),Logistic regression,2268,0.7096893302775656,0.6292935839274141,0.6917683757836397,0.6910484908213206,0.1547237381256824,0.0,0.0,COMPAS,corrupt_30_shift_1.0,7,0.9477170814390001,True,1
Baseline (audit labels),Random forest,2268,0.7112282488753077,0.6539209332469216,0.4445235234932076,0.42616689216652465,0.11957793076931367,0.0,0.0,COMPAS,corrupt_30_shift_1.0,7,0.9477170814390001,True,1
Audit-guided reweighting,Logistic regression,2268,0.7290645955351839,0.6740116655865198,0.3421632662675699,0.39076367389060884,0.01991677121929325,0.019375265257618235,-0.30028481693071174,COMPAS,corrupt_30_shift_1.0,7,0.9477170814390001,True,1
Audit-guided reweighting,Random forest,2268,0.7170724047194635,0.6772521062864549,0.27063542539480634,0.27954076367389064,0.022108608809419228,0.005844155844155874,-0.146626128492634,COMPAS,corrupt_30_shift_1.0,7,0.9477170814390001,True,1
Drop flagged block,Logistic regression,2268,0.7336728630846279,0.6694750486066104,0.2673898193296116,0.2645768833849329,0.06977119044401259,0.023983532807062224,-0.4264716074363877,COMPAS,corrupt_30_shift_1.0,7,0.9477170814390001,True,1
Drop flagged block,Random forest,2268,0.7080129021305492,0.6591056383668179,0.25080509201772716,0.24151186790505674,0.07107903654736314,-0.0032153467447584294,-0.1846550242614679,COMPAS,corrupt_30_shift_1.0,7,0.9477170814390001,True,1
Trusted reference only,Logistic regression,1389,0.7255776249893896,0.6766040181464679,0.2507865841552507,0.3024767801857585,0.002468784168162985,0.015888294711823958,-0.38857171063556206,COMPAS,corrupt_30_shift_1.0,7,0.9477170814390001,True,1
Trusted reference only,Random forest,1389,0.7181037263390205,0.6733635774465327,0.24565149358450186,0.3091073271413829,-0.005046392915761699,0.006875477463712865,-0.11705956502514175,COMPAS,corrupt_30_shift_1.0,7,0.9477170814390001,True,1
Oracle (clean audit labels),Logistic regression,2268,0.7341473559120618,0.679196370706416,0.2784507909587409,0.3234778121775026,0.0022890501679468933,0.024458025634496172,-0.367570678643818,COMPAS,corrupt_30_shift_1.0,7,0.9477170814390001,True,1
Oracle (clean audit labels),Random forest,2268,0.7228554452083864,0.6701231367465975,0.24570869970488374,0.2740196078431373,-0.0020369643142132965,0.011627196333078738,-0.15214728432338737,COMPAS,corrupt_30_shift_1.0,7,0.9477170814390001,True,1
Baseline (audit labels),Logistic regression,2268,0.6995472164390054,0.6331821127673364,0.6517470479059633,0.6452004581901489,0.14890496904098594,0.0,0.0,COMPAS,corrupt_30_shift_1.0,8,0.9492881743786209,True,1
Baseline (audit labels),Random forest,2268,0.6987973730090218,0.6331821127673364,0.473780832234984,0.47667812142038946,0.1263962117157169,0.0,0.0,COMPAS,corrupt_30_shift_1.0,8,0.9492881743786209,True,1
Audit-guided reweighting,Logistic regression,2268,0.7247033632932175,0.6753078418664938,0.3495978696505904,0.3777217228402872,0.01771648959781713,0.02515614685421208,-0.2674787353498617,COMPAS,corrupt_30_shift_1.0,8,0.9492881743786209,True,1
Audit-guided reweighting,Random forest,2268,0.7087763841635775,0.662346079066753,0.2709622212658364,0.2791974101523343,0.02664418788734435,0.009979011154555684,-0.19748071126805516,COMPAS,corrupt_30_shift_1.0,8,0.9492881743786209,True,1
Drop flagged block,Logistic regression,2268,0.73074442695374,0.6545690213869086,0.2562589100788122,0.2658866448654955,0.06550292545702285,0.031197210514734564,-0.3793138133246534,COMPAS,corrupt_30_shift_1.0,8,0.9492881743786209,True,1
Drop flagged block,Random forest,2268,0.707306318658068,0.6519766688269605,0.2428299082766226,0.24353770561845756,0.07306225328665816,0.008508945649046251,-0.2331404158019319,COMPAS,corrupt_30_shift_1.0,8,0.9492881743786209,True,1
Trusted reference only,Logistic regression,1389,0.7281631374938642,0.6733635774465327,0.29553554617101974,0.3206086799336105,0.01177673206644092,0.028615921054858773,-0.32459177825653845,COMPAS,corrupt_30_shift_1.0,8,0.9492881743786209,True,1
Trusted reference only,Random forest,1389,0.7266922256639416,0.6746597537265068,0.29799842644645885,0.32805284866810175,0.012510685125394772,0.027894852654919866,-0.1486252727522877,COMPAS,corrupt_30_shift_1.0,8,0.9492881743786209,True,1
Oracle (clean audit labels),Logistic regression,2268,0.724138018585284,0.6662346079066753,0.2616637975092127,0.2924999589173911,-0.003185254823174666,0.024590802146278623,-0.3527004992727578,COMPAS,corrupt_30_shift_1.0,8,0.9492881743786209,True,1
Oracle (clean audit labels),Random forest,2268,0.7214018517578158,0.6772521062864549,0.23347600667079105,0.2626822013705158,-0.008015832877538265,0.02260447874879401,-0.21399592004987367,COMPAS,corrupt_30_shift_1.0,8,0.9492881743786209,True,1
Baseline (audit labels),Logistic regression,2268,0.6922351766168647,0.6117952041477641,0.7279752938644861,0.7374456416364291,0.14790313095375318,0.0,0.0,COMPAS,corrupt_30_shift_1.0,9,0.9541719075603312,True,1
Baseline (audit labels),Random forest,2268,0.700534368779003,0.626053143227479,0.582514054388466,0.5708777663906046,0.13149212593172466,0.0,0.0,COMPAS,corrupt_30_shift_1.0,9,0.9541719075603312,True,1
Audit-guided reweighting,Logistic regression,2268,0.7167658629053627,0.6688269604666235,0.3188261559566399,0.3922273583290533,0.018303075342960717,0.02453068628849797,-0.3452182833073758,COMPAS,corrupt_30_shift_1.0,9,0.9541719075603312,True,1
Audit-guided reweighting,Random forest,2268,0.7158358981675872,0.6707712248865846,0.31746778922452057,0.36815613764766314,0.027722595976525488,0.0153015293885842,-0.20272162874294147,COMPAS,corrupt_30_shift_1.0,9,0.9541719075603312,True,1
Drop flagged block,Logistic regression,2268,0.7270999368133548,0.6662346079066753,0.24420676762514465,0.2606574216743708,0.06171190483935762,0.0348647601964901,-0.47678821996205833,COMPAS,corrupt_30_shift_1.0,9,0.9541719075603312,True,1
Drop flagged block,Random forest,2268,0.7175692844961714,0.6571613739468568,0.2158693547085564,0.19399931518575586,0.07080589683959926,0.01703491571716842,-0.37687845120484875,COMPAS,corrupt_30_shift_1.0,9,0.9541719075603312,True,1
Trusted reference only,Logistic regression,1389,0.7248884042314669,0.6701231367465975,0.2910872313527181,0.3510015408320493,0.019575284172357765,0.03265322761460221,-0.3864441008043798,COMPAS,corrupt_30_shift_1.0,9,0.9541719075603312,True,1
Trusted reference only,Random forest,1389,0.729166242025234,0.6915100453661698,0.2657557091750276,0.27130628317069,0.010329391559572243,0.028631873246230954,-0.2995714832199146,COMPAS,corrupt_30_shift_1.0,9,0.9541719075603312,True,1
Oracle (clean audit labels),Logistic regression,2268,0.7209341432094739,0.679196370706416,0.26894988837184286,0.34051532271871254,0.009681671797138969,0.028698966592609176,-0.3969303189177166,COMPAS,corrupt_30_shift_1.0,9,0.9541719075603312,True,1
Oracle (clean audit labels),Random forest,2268,0.7228297425653778,0.6714193130265717,0.3108188530543078,0.3579866461222394,0.012717526227736808,0.022295373786374806,-0.2128911202683652,COMPAS,corrupt_30_shift_1.0,9,0.9541719075603312,True,1
Baseline (audit labels),Logistic regression,2268,0.6927035825096217,0.6234607906675308,0.6940938690752203,0.6927072677260224,0.13367998828552663,0.0,0.0,COMPAS,corrupt_30_shift_1.0,12,0.9509371633491501,True,1
Baseline (audit labels),Random forest,2268,0.6920550685814075,0.6409591704471809,0.5320894067995942,0.5309679692650435,0.1086458898001822,0.0,0.0,COMPAS,corrupt_30_shift_1.0,12,0.9509371633491501,True,1
Audit-guided reweighting,Logistic regression,2268,0.7089681422831082,0.661049902786779,0.3568711652318838,0.3991165203979849,0.003861945960782487,0.01626455977348651,-0.2935907473280375,COMPAS,corrupt_30_shift_1.0,12,0.9509371633491501,True,1
Audit-guided reweighting,Random forest,2268,0.7035350367067361,0.6688269604666235,0.2791425576097256,0.2954375906320986,0.010497843395595674,0.011479968125328588,-0.2355303786329449,COMPAS,corrupt_30_shift_1.0,12,0.9509371633491501,True,1
Drop flagged block,Logistic regression,2268,0.715011613909564,0.6753078418664938,0.2663336760683589,0.24935247818543016,0.04921018692410595,0.022308031399942307,-0.44335478954059226,COMPAS,corrupt_30_shift_1.0,12,0.9509371633491501,True,1
Drop flagged block,Random forest,2268,0.7000254319187534,0.6642903434867142,0.26758869108821737,0.25440692031081047,0.05628153266925784,0.00797036333734591,-0.27656104895423306,COMPAS,corrupt_30_shift_1.0,12,0.9509371633491501,True,1
Trusted reference only,Logistic regression,1389,0.715636391380275,0.6798444588464031,0.29084763076013254,0.2820261355730463,0.0027714724821622516,0.0229328088706533,-0.41068113215297614,COMPAS,corrupt_30_shift_1.0,12,0.9509371633491501,True,1
Trusted reference only,Random forest,1389,0.7180541191231073,0.677900194426442,0.25581137477066995,0.28372771393366353,-0.004183296512990875,0.02599905054169982,-0.24724025533138,COMPAS,corrupt_30_shift_1.0,12,0.9509371633491501,True,1
Oracle (clean audit labels),Logistic regression,2268,0.7176963767993083,0.6662346079066753,0.2661270270088641,0.3038365143628301,-0.014870241194917422,0.024992794289686593,-0.3888707533631923,COMPAS,corrupt_30_shift_1.0,12,0.9509371633491501,True,1
Oracle (clean audit labels),Random forest,2268,0.7116444278666011,0.6688269604666235,0.26359011579067626,0.2628393726791896,-0.01715833176637971,0.019589359285193564,-0.2681285965858539,COMPAS,corrupt_30_shift_1.0,12,0.9509371633491501,True,1
Baseline (audit labels),Logistic regression,2268,0.7222804441744295,0.6461438755670771,0.6890308946700721,0.7192862947559635,0.13354594338975412,0.0,0.0,COMPAS,corrupt_30_shift_1.0,13,0.9171185009638293,True,1
Baseline (audit labels),Random forest,2268,0.7283633724854867,0.6629941672067401,0.45438484912727023,0.47505855920455087,0.10090938074675293,0.0,0.0,COMPAS,corrupt_30_shift_1.0,13,0.9171185009638293,True,1
Audit-guided reweighting,Logistic regression,2268,0.7463910827595518,0.6902138690861958,0.28063471873096635,0.2897102897102898,-0.042204282301422924,0.0241106385851223,-0.4295760050456737,COMPAS,corrupt_30_shift_1.0,13,0.9171185009638293,True,1
Audit-guided reweighting,Random forest,2268,0.7396390238963144,0.6876215165262476,0.2587887108769026,0.25434243176178656,-0.029419640476421205,0.011275651410827758,-0.2207161274427643,COMPAS,corrupt_30_shift_1.0,13,0.9171185009638293,True,1
Drop flagged block,Logistic regression,2268,0.7465454975023625,0.6688269604666235,0.23337236809782913,0.19793608681103303,0.04912102975543142,0.02426505332793305,-0.5213502079449305,COMPAS,corrupt_30_shift_1.0,13,0.9171185009638293,True,1
Drop flagged block,Random forest,2268,0.7354487309302011,0.6707712248865846,0.22661868082686398,0.17803164577358122,0.04603120547901485,0.0070853584447144735,-0.29702691343096965,COMPAS,corrupt_30_shift_1.0,13,0.9171185009638293,True,1
Trusted reference only,Logistic regression,1389,0.7298408599972999,0.6740116655865198,0.1832598066433131,0.19625535754568008,-0.045589860285589534,0.00756041582287037,-0.5230309372102835,COMPAS,corrupt_30_shift_1.0,13,0.9171185009638293,True,1
Trusted reference only,Random forest,1389,0.7298121709194005,0.6740116655865198,0.21849877679854357,0.21389900422158492,-0.04254387091138323,0.0014487984339138782,-0.26115955498296595,COMPAS,corrupt_30_shift_1.0,13,0.9171185009638293,True,1
Oracle (clean audit labels),Logistic regression,2268,0.7460991292021062,0.6850291639662994,0.29604335550911764,0.30050594566723593,-0.011921816675368624,0.0238186850276767,-0.4187803490887276,COMPAS,corrupt_30_shift_1.0,13,0.9171185009638293,True,1
Oracle (clean audit labels),Random forest,2268,0.7325232887808829,0.6811406351263772,0.24612092027822363,0.2088073217105475,-0.022157563283405124,0.004159916295396249,-0.26625123749400337,COMPAS,corrupt_30_shift_1.0,13,0.9171185009638293,True,1
Baseline (audit labels),Logistic regression,2268,0.7095398704790656,0.6416072585871678,0.6931969495218496,0.6733014813038425,0.11023312099829508,0.0,0.0,COMPAS,corrupt_30_shift_1.0,14,0.9439351856267671,True,1
Baseline (audit labels),Random forest,2268,0.7117055723652733,0.6513285806869734,0.49443166686841783,0.4652241017789174,0.07418114686177335,0.0,0.0,COMPAS,corrupt_30_shift_1.0,14,0.9439351856267671,True,1
Audit-guided reweighting,Logistic regression,2268,0.7273169893458586,0.679196370706416,0.3270353333602335,0.38808376086922824,-0.03594968593411196,0.017777118866793007,-0.28521772043461424,COMPAS,corrupt_30_shift_1.0,14,0.9439351856267671,True,1
Audit-guided reweighting,Random forest,2268,0.7163124271360509,0.6558651976668827,0.28557209915399,0.3129950245671683,-0.031310283012283,0.004606854770777602,-0.15222907721174905,COMPAS,corrupt_30_shift_1.0,14,0.9439351856267671,True,1
Drop flagged block,Logistic regression,2268,0.727624449940361,0.6675307841866494,0.28283332660829336,0.2764542678673838,0.025348885943108468,0.01808457946129538,-0.3968472134364587,COMPAS,corrupt_30_shift_1.0,14,0.9439351856267671,True,1
Drop flagged block,Random forest,2268,0.7100528663750986,0.6578094620868438,0.22061998143888956,0.20843343614861198,0.025775576804082045,-0.001652705990174752,-0.2567906656303054,COMPAS,corrupt_30_shift_1.0,14,0.9439351856267671,True,1
Trusted reference only,Logistic regression,1389,0.729331909187091,0.6642903434867142,0.23410536792693915,0.26864237332796004,-0.053142254145729484,0.019792038708025372,-0.40465910797588245,COMPAS,corrupt_30_shift_1.0,14,0.9439351856267671,True,1
Trusted reference only,Random forest,1389,0.7197938918951703,0.6733635774465327,0.2213849547404807,0.27835299223460486,-0.061165541411330404,0.00808831952989697,-0.18687110954431252,COMPAS,corrupt_30_shift_1.0,14,0.9439351856267671,True,1
Oracle (clean audit labels),Logistic regression,2268,0.7273068810523409,0.6766040181464679,0.29356144669060785,0.3316877722150751,-0.029047016201598108,0.017767010573275233,-0.34161370908876737,COMPAS,corrupt_30_shift_1.0,14,0.9439351856267671,True,1
Oracle (clean audit labels),Random forest,2268,0.7272891915386845,0.6746597537265068,0.24622389003214568,0.2779577475704078,-0.03747016425942573,0.015583619173411223,-0.18726635420850957,COMPAS,corrupt_30_shift_1.0,14,0.9439351856267671,True,1
Baseline (audit labels),Logistic regression,2268,0.717793909589302,0.6357744653272845,0.5730499610548571,0.5462530232219818,0.13651503380621077,0.0,0.0,COMPAS,corrupt_30_shift_1.0,15,0.9502692366931618,True,1
Baseline (audit labels),Random forest,2268,0.7298026432137561,0.6629941672067401,0.34167872111568565,0.32384390172937394,0.10700548775207286,0.0,0.0,COMPAS,corrupt_30_shift_1.0,15,0.9502692366931618,True,1
Audit-guided reweighting,Logistic regression,2268,0.7275597205784325,0.6746597537265068,0.2933732563197346,0.36595988434471094,0.0066335241493871155,0.009765810989130541,-0.18029313887727083,COMPAS,corrupt_30_shift_1.0,15,0.9502692366931618,True,1
Audit-guided reweighting,Random forest,2268,0.7318993252526902,0.6856772521062865,0.2463845082627768,0.25315051553890633,0.010452666495756602,0.0020966820389340945,-0.07069338619046761,COMPAS,corrupt_30_shift_1.0,15,0.9502692366931618,True,1
Drop flagged block,Logistic regression,2268,0.728850378865173,0.6727154893065457,0.25079323332355485,0.26122456401956684,0.06921488094559025,0.011056469275871006,-0.28502845920241493,COMPAS,corrupt_30_shift_1.0,15,0.9502692366931618,True,1
Drop flagged block,Random forest,2268,0.7281557360323226,0.662346079066753,0.2475714078584892,0.24127584513829536,0.07161613287523438,-0.0016469071814334546,-0.08256805659107858,COMPAS,corrupt_30_shift_1.0,15,0.9502692366931618,True,1
Trusted reference only,Logistic regression,1389,0.7322003088057245,0.6850291639662994,0.2595617912742649,0.32018875816042625,-0.012258783437355758,0.014406399216422505,-0.22606426506155552,COMPAS,corrupt_30_shift_1.0,15,0.9502692366931618,True,1
Trusted reference only,Random forest,1389,0.7237404603517936,0.6902138690861958,0.2314066446146117,0.2975123201978505,-0.020259046066571806,-0.006062182861962473,-0.02633158153152343,COMPAS,corrupt_30_shift_1.0,15,0.9502692366931618,True,1
Oracle (clean audit labels),Logistic regression,2268,0.7246723190357645,0.6733635774465327,0.21410387394586794,0.28842901565710755,-0.01276218540879559,0.006878409446462452,-0.2578240075648742,COMPAS,corrupt_30_shift_1.0,15,0.9502692366931618,True,1
Oracle (clean audit labels),Random forest,2268,0.7311553687303595,0.6934543097861309,0.24531731018879116,0.27514502373115596,-0.011467242338402128,0.0013527255166033703,-0.04869887799821798,COMPAS,corrupt_30_shift_1.0,15,0.9502692366931618,True,1
Baseline (audit labels),Logistic regression,2268,0.6914246894938034,0.609202851587816,0.6887350217636086,0.6919086167763068,0.15544655961873355,0.0,0.0,COMPAS,corrupt_30_shift_1.0,17,0.9488983659515611,True,1
Baseline (audit labels),Random forest,2268,0.7100363560924512,0.6448476992871031,0.4982521889652623,0.49796382701597613,0.12674126944530517,0.0,0.0,COMPAS,corrupt_30_shift_1.0,17,0.9488983659515611,True,1
Audit-guided reweighting,Logistic regression,2268,0.7204500469330286,0.6753078418664938,0.35115204275414685,0.47193012798339673,0.018775972384072026,0.029025357439225186,-0.21997848879291004,COMPAS,corrupt_30_shift_1.0,17,0.9488983659515611,True,1
Audit-guided reweighting,Random forest,2268,0.7226062454937492,0.6785482825664291,0.2915130329563215,0.33714112763749565,0.02373834738388758,0.012569889401297996,-0.16082269937848048,COMPAS,corrupt_30_shift_1.0,17,0.9488983659515611,True,1
Drop flagged block,Logistic regression,2268,0.7296223931763457,0.6591056383668179,0.23625363427054097,0.24351435489450024,0.07612467069966189,0.03819770368254227,-0.44839426188180653,COMPAS,corrupt_30_shift_1.0,17,0.9488983659515611,True,1
Drop flagged block,Random forest,2268,0.7164224788801371,0.6604018146467919,0.19840008066820158,0.17407218109574135,0.07831751237814844,0.006386122787685911,-0.3238916459202348,COMPAS,corrupt_30_shift_1.0,17,0.9488983659515611,True,1
Trusted reference only,Logistic regression,1389,0.726337081173734,0.6746597537265068,0.26307917247869855,0.3481494292632307,0.011281400727352398,0.03491239167993054,-0.34375918751307605,COMPAS,corrupt_30_shift_1.0,17,0.9488983659515611,True,1
Trusted reference only,Random forest,1389,0.7312667496497027,0.6688269604666235,0.20166378165806764,0.24463853337945352,0.004706680157828935,0.021230393557251537,-0.2533252936365226,COMPAS,corrupt_30_shift_1.0,17,0.9488983659515611,True,1
Oracle (clean audit labels),Logistic regression,2268,0.7250549252472486,0.6798444588464031,0.28114044670016636,0.35751470079557246,0.013835515500975615,0.03363023575344515,-0.3343939159807343,COMPAS,corrupt_30_shift_1.0,17,0.9488983659515611,True,1
Oracle (clean audit labels),Random forest,2268,0.7260148417200615,0.6830848995463383,0.2307782800867183,0.2573590453130405,0.012457573083614504,0.015978485627610284,-0.24060478170293564,COMPAS,corrupt_30_shift_1.0,17,0.9488983659515611,True,1
Baseline (audit labels),Logistic regression,2268,0.6987570878898339,0.6318859364873622,0.6156428974751956,0.5992065682895473,0.13030084813483045,0.0,0.0,COMPAS,corrupt_30_shift_1.0,18,0.9475188934954055,True,1
Baseline (audit labels),Random forest,2268,0.7173940191710544,0.642903434867142,0.46593429862063407,0.4590499248622474,0.09874802087338752,0.0,0.0,COMPAS,corrupt_30_shift_1.0,18,0.9475188934954055,True,1
Audit-guided reweighting,Logistic regression,2268,0.7171501620089105,0.6584575502268308,0.2534131241429378,0.3050453107870433,-0.0066551752566890165,0.018393074119076536,-0.29416125750250405,COMPAS,corrupt_30_shift_1.0,18,0.9475188934954055,True,1
Audit-guided reweighting,Random forest,2268,0.7260834345889022,0.6668826960466624,0.1795326826382727,0.2173576988902997,-0.009221421383971862,0.008689415417847846,-0.24169222597194767,COMPAS,corrupt_30_shift_1.0,18,0.9475188934954055,True,1
Drop flagged block,Logistic regression,2268,0.719706865127582,0.6578094620868438,0.205943642279046,0.210377708196954,0.048066310606583396,0.020949777237748046,-0.3888288600925933,COMPAS,corrupt_30_shift_1.0,18,0.9475188934954055,True,1
Drop flagged block,Random forest,2268,0.7221648440664237,0.6539209332469216,0.1831945228684359,0.19760866307545488,0.044837956143212065,0.0047708248953692856,-0.2614412617867925,COMPAS,corrupt_30_shift_1.0,18,0.9475188934954055,True,1
Trusted reference only,Logistic regression,1389,0.724611853651951,0.662346079066753,0.19803514291091934,0.24064799552018679,-0.017393079579593795,0.025854765762117093,-0.35855857276936054,COMPAS,corrupt_30_shift_1.0,18,0.9475188934954055,True,1
Trusted reference only,Random forest,1389,0.7182378155798569,0.6662346079066753,0.18051410287435132,0.21727094194382884,-0.020429632170625434,0.0008437964088024996,-0.24177898291841854,COMPAS,corrupt_30_shift_1.0,18,0.9475188934954055,True,1
Oracle (clean audit labels),Logistic regression,2268,0.7123236465505602,0.6552171095268956,0.24448455271436642,0.2848388292544423,-0.016132605770974195,0.013566558660726313,-0.314367739035105,COMPAS,corrupt_30_shift_1.0,18,0.9475188934954055,True,1
Oracle (clean audit labels),Random forest,2268,0.7255239975698664,0.6649384316267012,0.20669651259713367,0.23439360837914364,-0.02478821640108786,0.008129978398812021,-0.22465631648310375,COMPAS,corrupt_30_shift_1.0,18,0.9475188934954055,True,1
Baseline (audit labels),Logistic regression,2268,0.6972639457413465,0.6156837329876863,0.693165737258026,0.6937233010980947,0.17237803967345106,0.0,0.0,COMPAS,corrupt_30_shift_1.0,20,0.9414752980972115,True,1
Baseline (audit labels),Random forest,2268,0.7091407333824311,0.6416072585871678,0.5162873402106212,0.5328773226406688,0.14793503095265476,0.0,0.0,COMPAS,corrupt_30_shift_1.0,20,0.9414752980972115,True,1
Audit-guided reweighting,Logistic regression,2268,0.7219663623751863,0.6772521062864549,0.3375702938813651,0.3613512050329494,0.028423879764372384,0.024702416633839763,-0.3323720960651453,COMPAS,corrupt_30_shift_1.0,20,0.9414752980972115,True,1
Audit-guided reweighting,Random forest,2268,0.7211956428657065,0.6733635774465327,0.2973553030073849,0.29238150353762576,0.03523666317968627,0.012054909483275367,-0.24049581910304302,COMPAS,corrupt_30_shift_1.0,20,0.9414752980972115,True,1
Drop flagged block,Logistic regression,2268,0.7255553462243307,0.6467919637070642,0.25720417746494967,0.2242425373830904,0.0843199071606287,0.028291400482984175,-0.46948076371500425,COMPAS,corrupt_30_shift_1.0,20,0.9414752980972115,True,1
Drop flagged block,Random forest,2268,0.7196173805812938,0.6681788723266364,0.22622613033233502,0.20955525853709672,0.08925998276844876,0.010476647198862654,-0.32332206410357206,COMPAS,corrupt_30_shift_1.0,20,0.9414752980972115,True,1
Trusted reference only,Logistic regression,1389,0.7175921009813828,0.6733635774465327,0.2348731600902182,0.2244758900069072,0.015893275179215627,0.020328155240036283,-0.46924741109118745,COMPAS,corrupt_30_shift_1.0,20,0.9414752980972115,True,1
Trusted reference only,Random forest,1389,0.720600476133386,0.6824368114063513,0.17899099498825216,0.16237608975675322,0.011609329879524954,0.011459742750954849,-0.37050123288391557,COMPAS,corrupt_30_shift_1.0,20,0.9414752980972115,True,1
Oracle (clean audit labels),Logistic regression,2268,0.7182549197595355,0.6701231367465975,0.26623103787886426,0.28649168331248714,0.014285683756387668,0.020990974018188946,-0.4072316177856075,COMPAS,corrupt_30_shift_1.0,20,0.9414752980972115,True,1
Oracle (clean audit labels),Random forest,2268,0.7204146470961001,0.679196370706416,0.28375030672165813,0.2693636007243266,0.013406407665848274,0.011273913713669037,-0.2635137219163422,COMPAS,corrupt_30_shift_1.0,20,0.9414752980972115,True,1
Baseline (audit labels),Logistic regression,2268,0.7141614760238478,0.6377187297472456,0.7127273338487915,0.6933818871018405,0.12949172604725623,0.0,0.0,COMPAS,corrupt_30_shift_1.0,22,0.9453902803747033,True,1
Baseline (audit labels),Random forest,2268,0.71787017749091,0.661049902786779,0.5315678891989108,0.4946358572312771,0.10777178546768484,0.0,0.0,COMPAS,corrupt_30_shift_1.0,22,0.9453902803747033,True,1
Audit-guided reweighting,Logistic regression,2268,0.7233250556690028,0.6707712248865846,0.2485729653410428,0.2704765834536827,-0.002905038208122601,0.009163579645155018,-0.42290530364815776,COMPAS,corrupt_30_shift_1.0,22,0.9453902803747033,True,1
Audit-guided reweighting,Random forest,2268,0.7234182649057816,0.6830848995463383,0.2671092883315964,0.2778944801845566,0.010582629866476068,0.005548087414871672,-0.21674137704672053,COMPAS,corrupt_30_shift_1.0,22,0.9453902803747033,True,1
Drop flagged block,Logistic regression,2268,0.730627871101032,0.6746597537265068,0.23795004538272768,0.192396421404055,0.03821089770500985,0.01646639507718417,-0.5009854656977855,COMPAS,corrupt_30_shift_1.0,22,0.9453902803747033,True,1
Drop flagged block,Random forest,2268,0.7155160029142852,0.6519766688269605,0.19992772380408114,0.19292158223455935,0.042395769295058616,-0.00235417457662479,-0.30171427499671777,COMPAS,corrupt_30_shift_1.0,22,0.9453902803747033,True,1
Trusted reference only,Logistic regression,1389,0.7248181137186893,0.6830848995463383,0.2383030221534945,0.2525367143687754,-0.008698333676867565,0.010656637694841486,-0.44084517273306506,COMPAS,corrupt_30_shift_1.0,22,0.9453902803747033,True,1
Trusted reference only,Random forest,1389,0.7247856187554087,0.6798444588464031,0.15387434026960706,0.16470356546692427,-0.018784994260426402,0.006915441264498723,-0.32993229176435285,COMPAS,corrupt_30_shift_1.0,22,0.9453902803747033,True,1
Oracle (clean audit labels),Logistic regression,2268,0.7305149938601623,0.6772521062864549,0.2687245772682959,0.3197854342892511,-0.02270126563778524,0.016353517836314446,-0.37359645281258935,COMPAS,corrupt_30_shift_1.0,22,0.9453902803747033,True,1
Oracle (clean audit labels),Random forest,2268,0.7286071974633406,0.6921581335061568,0.306400645443238,0.33435864733574655,-0.015730801863681476,0.010737019972430595,-0.16027720989553057,COMPAS,corrupt_30_shift_1.0,22,0.9453902803747033,True,1
Baseline (audit labels),Logistic regression,2268,0.7118418336091734,0.6364225534672715,0.6949904146907477,0.685098347212437,0.13290022712129868,0.0,0.0,COMPAS,corrupt_30_shift_1.0,23,0.9559289267283397,True,1
Baseline (audit labels),Random forest,2268,0.7185330720467338,0.6448476992871031,0.5461473783338379,0.5155114863538189,0.10014109790428971,0.0,0.0,COMPAS,corrupt_30_shift_1.0,23,0.9559289267283397,True,1
Audit-guided reweighting,Logistic regression,2268,0.7342745743092998,0.6720674011665586,0.35748158611643627,0.3806059090719673,0.006208916137546816,0.022432740700126352,-0.3044924381404697,COMPAS,corrupt_30_shift_1.0,23,0.9559289267283397,True,1
Audit-guided reweighting,Random forest,2268,0.7307724200486696,0.6785482825664291,0.2928496956243904,0.3323998833187482,0.0005924848017714313,0.012239348001935824,-0.18311160303507074,COMPAS,corrupt_30_shift_1.0,23,0.9559289267283397,True,1
Drop flagged block,Logistic regression,2268,0.7369272086671337,0.6753078418664938,0.25907072949248305,0.24188023502937872,0.049776122259754585,0.02508537505796027,-0.4432181121830583,COMPAS,corrupt_30_shift_1.0,23,0.9559289267283397,True,1
Drop flagged block,Random forest,2268,0.7265908190928752,0.6727154893065457,0.25562001816163854,0.23782972871608954,0.04920538450556089,0.008057747046141372,-0.2776817576377294,COMPAS,corrupt_30_shift_1.0,23,0.9559289267283397,True,1
Trusted reference only,Logistic regression,1389,0.7381109520376632,0.6830848995463383,0.29387044697810516,0.34314289286160765,-0.0008404925761467119,0.02626911842848978,-0.34195545435082936,COMPAS,corrupt_30_shift_1.0,23,0.9559289267283397,True,1
Trusted reference only,Random forest,1389,0.7374128903645489,0.6869734283862605,0.2517875760939024,0.2511063882985374,-0.004822219240703918,0.018879818317815156,-0.26440509805528156,COMPAS,corrupt_30_shift_1.0,23,0.9559289267283397,True,1
Oracle (clean audit labels),Logistic regression,2268,0.7355810073072251,0.6759559300064809,0.3268977230686443,0.3534525148976956,-0.005127181377624246,0.023739173698051674,-0.33164583231474143,COMPAS,corrupt_30_shift_1.0,23,0.9559289267283397,True,1
Oracle (clean audit labels),Random forest,2268,0.7339378124354822,0.6830848995463383,0.2643930985773383,0.3050297953910906,-0.014329285604336883,0.015404740388748395,-0.21048169096272834,COMPAS,corrupt_30_shift_1.0,23,0.9559289267283397,True,1
Baseline (audit labels),Logistic regression,2268,0.7028128689693769,0.6247569669475048,0.7693174868786248,0.7854479628228682,0.15787905263344326,0.0,0.0,COMPAS,corrupt_30_shift_1.0,24,0.9482927111557543,True,1
Baseline (audit labels),Random forest,2268,0.719521849811975,0.6403110823071938,0.5593570022109768,0.5746244461255808,0.12426859745538377,0.0,0.0,COMPAS,corrupt_30_shift_1.0,24,0.9482927111557543,True,1
Audit-guided reweighting,Logistic regression,2268,0.7256676426226599,0.6785482825664291,0.35816818209310297,0.4075739220173195,0.021440041114289987,0.022854773653283034,-0.3778740408055487,COMPAS,corrupt_30_shift_1.0,24,0.9482927111557543,True,1
Audit-guided reweighting,Random forest,2268,0.7294511783133024,0.6798444588464031,0.2545412390879216,0.2637142728945125,0.017296688666246673,0.009929328501327439,-0.31091017323106834,COMPAS,corrupt_30_shift_1.0,24,0.9482927111557543,True,1
Drop flagged block,Logistic regression,2268,0.7401713382881868,0.6720674011665586,0.26252830924107706,0.23652869339673627,0.0696862109169214,0.03735846931880993,-0.548919269426132,COMPAS,corrupt_30_shift_1.0,24,0.9482927111557543,True,1
Drop flagged block,Random forest,2268,0.7315600622427878,0.6591056383668179,0.22103048997668057,0.18910083216254187,0.06746207395689019,0.012038212430812822,-0.38552361396303897,COMPAS,corrupt_30_shift_1.0,24,0.9482927111557543,True,1
Trusted reference only,Logistic regression,1389,0.7406567569596583,0.6921581335061568,0.2454486804701518,0.24646655000673046,0.006825850755274643,0.03784388799028138,-0.5389814128161378,COMPAS,corrupt_30_shift_1.0,24,0.9482927111557543,True,1
Trusted reference only,Random forest,1389,0.7381520307392014,0.6856772521062865,0.258435649818888,0.23564409745591602,-0.004828378191164995,0.01863018092722646,-0.3389803486696648,COMPAS,corrupt_30_shift_1.0,24,0.9482927111557543,True,1
Oracle (clean audit labels),Logistic regression,2268,0.7377493635811443,0.6817887232663642,0.33356854364495336,0.36517252209808404,0.014572261916106055,0.0349364946117674,-0.4202754407247842,COMPAS,corrupt_30_shift_1.0,24,0.9482927111557543,True,1
Oracle (clean audit labels),Random forest,2268,0.7433201613398579,0.6941023979261179,0.24933805098015496,0.2637142728945125,-3.256656201644503e-05,0.02379831152788292,-0.31091017323106834,COMPAS,corrupt_30_shift_1.0,24,0.9482927111557543,True,1
Baseline (audit labels),Logistic regression,2268,0.694411205203731,0.6066104990278678,0.7066354444784873,0.7139905294877313,0.17448777867248716,0.0,0.0,COMPAS,corrupt_30_shift_1.0,27,0.9443222347220114,True,1
Baseline (audit labels),Random forest,2268,0.7023502700049092,0.6351263771872975,0.5429899902697206,0.5200602668962548,0.13924649881475465,0.0,0.0,COMPAS,corrupt_30_shift_1.0,27,0.9443222347220114,True,1
Audit-guided reweighting,Logistic regression,2268,0.7198912139311624,0.6701231367465975,0.302062886559757,0.3774000035921476,0.03802004928002817,0.02548000872743139,-0.33659052589558375,COMPAS,corrupt_30_shift_1.0,27,0.9443222347220114,True,1
Audit-guided reweighting,Random forest,2268,0.7203003122784051,0.6746597537265068,0.2741497789644155,0.32051834689369035,0.039143552036970564,0.017950042273495836,-0.1995419200025645,COMPAS,corrupt_30_shift_1.0,27,0.9443222347220114,True,1
Drop flagged block,Logistic regression,2268,0.7256791032564229,0.662346079066753,0.23636329967576958,0.25981105303805874,0.08192715446365223,0.03126789805269192,-0.4541794764496726,COMPAS,corrupt_30_shift_1.0,27,0.9443222347220114,True,1
Drop flagged block,Random forest,2268,0.7164743904434625,0.6461438755670771,0.19298106804125098,0.1789338506025827,0.08305958640604133,0.014124120438553267,-0.34112641629367213,COMPAS,corrupt_30_shift_1.0,27,0.9443222347220114,True,1
Trusted reference only,Logistic regression,1389,0.7287652389134349,0.6753078418664938,0.18951318301342374,0.2463764211433806,0.019202801848127005,0.03435403370970391,-0.46761410834435074,COMPAS,corrupt_30_shift_1.0,27,0.9443222347220114,True,1
Trusted reference only,Random forest,1389,0.7373580087819779,0.6837329876863253,0.23359235853217564,0.3095982182948076,0.00851564612895278,0.03500773877706864,-0.21046204860144724,COMPAS,corrupt_30_shift_1.0,27,0.9443222347220114,True,1
Oracle (clean audit labels),Logistic regression,2268,0.720486111111111,0.6688269604666235,0.35610465605650965,0.4459920613538804,0.042771718633843825,0.02607490590738004,-0.2679984681338509,COMPAS,corrupt_30_shift_1.0,27,0.9443222347220114,True,1
Oracle (clean audit labels),Random forest,2268,0.7241867465772105,0.6850291639662994,0.29178380598698367,0.35067442570540797,0.030851915868350177,0.021836476572301255,-0.16938584119084688,COMPAS,corrupt_30_shift_1.0,27,0.9443222347220114,True,1
Baseline (audit labels),Logistic regression,2268,0.697195162745436,0.6247569669475048,0.6867594751843216,0.6901188132733408,0.11856689515788177,0.0,0.0,COMPAS,corrupt_30_shift_1.0,28,0.9458121751354764,True,1
Baseline (audit labels),Random forest,2268,0.7066966714309366,0.6526247569669476,0.4765135225173385,0.4525508530183727,0.10158117302894021,0.0,0.0,COMPAS,corrupt_30_shift_1.0,28,0.9458121751354764,True,1
Audit-guided reweighting,Logistic regression,2268,0.7165478978080979,0.6578094620868438,0.32546412671492175,0.364625850340136,-0.021027025562894708,0.019352735062661885,-0.3254929629332048,COMPAS,corrupt_30_shift_1.0,28,0.9458121751354764,True,1
Audit-guided reweighting,Random forest,2268,0.7168266582869578,0.6649384316267012,0.33272930400341894,0.35646258503401357,-0.0037103902549018297,0.010129986856021178,-0.09608826798435915,COMPAS,corrupt_30_shift_1.0,28,0.9458121751354764,True,1
Drop flagged block,Logistic regression,2268,0.7224652225184405,0.6681788723266364,0.2866968849584919,0.2571428571428571,0.03861929869005709,0.02527005977300445,-0.4329759561304837,COMPAS,corrupt_30_shift_1.0,28,0.9458121751354764,True,1
Drop flagged block,Random forest,2268,0.7117574412153281,0.659753726506805,0.2656870959817748,0.25354447881514813,0.04874376459013452,0.005060769784391517,-0.1990063742032246,COMPAS,corrupt_30_shift_1.0,28,0.9458121751354764,True,1
Trusted reference only,Logistic regression,1389,0.7181934293620946,0.662346079066753,0.2542340941747344,0.2636054421768707,-0.031700362544718474,0.0209982666166586,-0.4265133710964701,COMPAS,corrupt_30_shift_1.0,28,0.9458121751354764,True,1
Trusted reference only,Random forest,1389,0.7103763097518863,0.6545690213869086,0.2541348247305424,0.24591836734693878,-0.031218048015246858,0.003679638320949641,-0.20663248567143394,COMPAS,corrupt_30_shift_1.0,28,0.9458121751354764,True,1
Oracle (clean audit labels),Logistic regression,2268,0.7223528735981727,0.6675307841866494,0.30455360718239666,0.31870748299319734,-0.02036775742700281,0.02515771085273666,-0.37141133028014345,COMPAS,corrupt_30_shift_1.0,28,0.9458121751354764,True,1
Oracle (clean audit labels),Random forest,2268,0.7216078228637655,0.6701231367465975,0.27940142207685137,0.2795918367346939,-0.010908513821447974,0.01491115143282884,-0.17295901628367882,COMPAS,corrupt_30_shift_1.0,28,0.9458121751354764,True,1
Baseline (audit labels),Logistic regression,2268,0.7092786113582796,0.6409591704471809,0.6697683806832517,0.7042521008403361,0.13463273000787424,0.0,0.0,COMPAS,corrupt_30_shift_1.0,32,0.9468264531569981,True,1
Baseline (audit labels),Random forest,2268,0.710128512528613,0.6454957874270901,0.4653597079948193,0.4479383753501401,0.10022293927717518,0.0,0.0,COMPAS,corrupt_30_shift_1.0,32,0.9468264531569981,True,1
Audit-guided reweighting,Logistic regression,2268,0.725150791656195,0.6824368114063513,0.3151368353770332,0.2979338588766731,-0.0003830962350112044,0.015872180297915373,-0.40631824196366295,COMPAS,corrupt_30_shift_1.0,32,0.9468264531569981,True,1
Audit-guided reweighting,Random forest,2268,0.7135926451709312,0.6571613739468568,0.23388168407596177,0.21616704895989874,0.0033204296181972293,0.003464132642318263,-0.23177132639024134,COMPAS,corrupt_30_shift_1.0,32,0.9468264531569981,True,1
Drop flagged block,Logistic regression,2268,0.7251091881024025,0.6487362281270252,0.24698322988679755,0.20729081529524462,0.05710550937393111,0.015830576744122915,-0.49696128554509145,COMPAS,corrupt_30_shift_1.0,32,0.9468264531569981,True,1
Drop flagged block,Random forest,2268,0.7075422997765295,0.6448476992871031,0.23919698575297305,0.20673389355742294,0.05784558732687084,-0.0025862127520834832,-0.24120448179271714,COMPAS,corrupt_30_shift_1.0,32,0.9468264531569981,True,1
Trusted reference only,Logistic regression,1389,0.7231334438233157,0.6811406351263772,0.1928848968057728,0.15670507175687903,-0.013098040746488682,0.013854832465036049,-0.547547029083457,COMPAS,corrupt_30_shift_1.0,32,0.9468264531569981,True,1
Trusted reference only,Random forest,1389,0.7120456722115431,0.6578094620868438,0.25034061664227686,0.20906442577030815,-0.012754411532919896,0.0019171596829301585,-0.23887394957983193,COMPAS,corrupt_30_shift_1.0,32,0.9468264531569981,True,1
Oracle (clean audit labels),Logistic regression,2268,0.7265415390258315,0.6928062216461439,0.24380245916805438,0.2084069357659486,-0.013602862517255732,0.017262927667551886,-0.4958451650743875,COMPAS,corrupt_30_shift_1.0,32,0.9468264531569981,True,1
Oracle (clean audit labels),Random forest,2268,0.7149511285600756,0.659753726506805,0.23011723940724294,0.21955935212282596,-0.017929441841107785,0.004822616031462612,-0.22837902322731413,COMPAS,corrupt_30_shift_1.0,32,0.9468264531569981,True,1
Baseline (audit labels),Logistic regression,2268,0.7192479029031553,0.6552171095268956,0.6323806163255704,0.6296694349454486,0.10456130702902844,0.0,0.0,COMPAS,corrupt_30_shift_1.0,33,0.956868354577487,True,1
Baseline (audit labels),Random forest,2268,0.7209230588195741,0.6578094620868438,0.4902695164163054,0.4584688787681631,0.07556265816128405,0.0,0.0,COMPAS,corrupt_30_shift_1.0,33,0.956868354577487,True,1
Audit-guided reweighting,Logistic regression,2268,0.7373980869769866,0.6753078418664938,0.34887589474745434,0.3591194968553459,-0.018682651352969537,0.018150184073831288,-0.2705499380901027,COMPAS,corrupt_30_shift_1.0,33,0.956868354577487,True,1
Audit-guided reweighting,Random forest,2268,0.7300435389244709,0.6707712248865846,0.28819101387908724,0.3097592713077423,-0.019863461515853054,0.009120480104896855,-0.14870960746042083,COMPAS,corrupt_30_shift_1.0,33,0.956868354577487,True,1
Drop flagged block,Logistic regression,2268,0.7435313597928961,0.6837329876863253,0.2538511946768827,0.2332465842550423,0.021311138933728158,0.024283456889740762,-0.3964228506904063,COMPAS,corrupt_30_shift_1.0,33,0.956868354577487,True,1
Drop flagged block,Random forest,2268,0.7246121001227159,0.6636422553467272,0.24524817689955297,0.21823807197524836,0.02489080407844224,0.003689041303141849,-0.24023080679291475,COMPAS,corrupt_30_shift_1.0,33,0.956868354577487,True,1
Trusted reference only,Logistic regression,1389,0.7490073461428547,0.677900194426442,0.32329199852135637,0.3361309911082195,-0.03209278381975622,0.029759443239699368,-0.2935384438372291,COMPAS,corrupt_30_shift_1.0,33,0.956868354577487,True,1
Trusted reference only,Random forest,1389,0.7403836132264192,0.6766040181464679,0.3092432032799005,0.317761873780091,-0.03550430120790615,0.019460554406845132,-0.1407070049880721,COMPAS,corrupt_30_shift_1.0,33,0.956868354577487,True,1
Oracle (clean audit labels),Logistic regression,2268,0.7424647401953367,0.6688269604666235,0.24873307121013544,0.247690305790501,-0.059954013786652105,0.02321683729218138,-0.3819791291549476,COMPAS,corrupt_30_shift_1.0,33,0.956868354577487,True,1
Oracle (clean audit labels),Random forest,2268,0.7426824348176913,0.6701231367465975,0.26146788990825687,0.2847104749512036,-0.0608708993275191,0.02175937599811717,-0.1737584038169595,COMPAS,corrupt_30_shift_1.0,33,0.956868354577487,True,1
Baseline (audit labels),Logistic regression,2268,0.7053066829520112,0.6234607906675308,0.6847892290970519,0.7189246228745474,0.1474699176467399,0.0,0.0,COMPAS,corrupt_30_shift_1.0,35,0.9388738511532092,True,1
Baseline (audit labels),Random forest,2268,0.7034703641596458,0.626053143227479,0.5637780940939728,0.6141149243350841,0.11854896752247668,0.0,0.0,COMPAS,corrupt_30_shift_1.0,35,0.9388738511532092,True,1
Audit-guided reweighting,Logistic regression,2268,0.7231603915230733,0.6694750486066104,0.40187467821557277,0.4279853128991061,0.0013002575962210994,0.017853708571062166,-0.2909393099754413,COMPAS,corrupt_30_shift_1.0,35,0.9388738511532092,True,1
Audit-guided reweighting,Random forest,2268,0.7142099189894089,0.6571613739468568,0.3252538100958707,0.3174968071519796,0.001901583955365993,0.010739554829763076,-0.2966181171831045,COMPAS,corrupt_30_shift_1.0,35,0.9388738511532092,True,1
Drop flagged block,Logistic regression,2268,0.7289637324929735,0.6578094620868438,0.2551611698315112,0.23077905491698592,0.05906752641221025,0.02365704954096237,-0.4881455679575615,COMPAS,corrupt_30_shift_1.0,35,0.9388738511532092,True,1
Drop flagged block,Random forest,2268,0.7179534113185392,0.6500324044069994,0.22751210582459253,0.19460632659423943,0.055699823682493044,0.01448304715889337,-0.41950859774084465,COMPAS,corrupt_30_shift_1.0,35,0.9388738511532092,True,1
Trusted reference only,Logistic regression,1389,0.7274690347896795,0.6804925469863902,0.33221781398588696,0.36681034482758623,-0.017389841983424636,0.022162351837668348,-0.35211427804696116,COMPAS,corrupt_30_shift_1.0,35,0.9388738511532092,True,1
Trusted reference only,Random forest,1389,0.7247132913378388,0.6759559300064809,0.28994249102368663,0.2851372924648786,-0.03177986230638763,0.021242927178192983,-0.32897763187020546,COMPAS,corrupt_30_shift_1.0,35,0.9388738511532092,True,1
Oracle (clean audit labels),Logistic regression,2268,0.7249435692571387,0.6707712248865846,0.2568874486406816,0.2712005108556833,-0.030510109533189222,0.0196368863051275,-0.4477241120188641,COMPAS,corrupt_30_shift_1.0,35,0.9388738511532092,True,1
Oracle (clean audit labels),Random forest,2268,0.7206846930133848,0.6701231367465975,0.225294527393319,0.22986909323116222,-0.030195042802113492,0.01721432885373897,-0.38424583110392185,COMPAS,corrupt_30_shift_1.0,35,0.9388738511532092,True,1
Baseline (audit labels),Logistic regression,2268,0.7033117168870954,0.6228127025275437,0.6645725050882239,0.6768242924021818,0.15256954235038533,0.0,0.0,COMPAS,corrupt_30_shift_1.0,37,0.9398042153569234,True,1
Baseline (audit labels),Random forest,2268,0.7022311788524976,0.6454957874270901,0.4154177389783183,0.3823646209386282,0.1239868010466103,0.0,0.0,COMPAS,corrupt_30_shift_1.0,37,0.9398042153569234,True,1
Audit-guided reweighting,Logistic regression,2268,0.7123790257930483,0.6746597537265068,0.2829859884610856,0.3278610108303249,0.006700576283514059,0.009067308905952975,-0.3489632815718569,COMPAS,corrupt_30_shift_1.0,37,0.9398042153569234,True,1
Audit-guided reweighting,Random forest,2268,0.7080628434780531,0.6532728451069345,0.22447561857664294,0.22150722021660646,0.011539181527348008,0.0058316646255555105,-0.16085740072202176,COMPAS,corrupt_30_shift_1.0,37,0.9398042153569234,True,1
Drop flagged block,Logistic regression,2268,0.7203512985218717,0.6448476992871031,0.23131654639955596,0.20544223826714803,0.0750853610830996,0.01703958163477637,-0.47138205413503376,COMPAS,corrupt_30_shift_1.0,37,0.9398042153569234,True,1
Drop flagged block,Random forest,2268,0.6986637829576893,0.6370706416072586,0.20884930446922673,0.17766245487364618,0.07948828478137882,-0.0035673958948083673,-0.20470216606498204,COMPAS,corrupt_30_shift_1.0,37,0.9398042153569234,True,1
Trusted reference only,Logistic regression,1389,0.7144497016793966,0.6636422553467272,0.19268641402163122,0.23009927797833934,-0.014268575180292953,0.011137984792301214,-0.44672501442384244,COMPAS,corrupt_30_shift_1.0,37,0.9398042153569234,True,1
Trusted reference only,Random forest,1389,0.712558973326829,0.6662346079066753,0.2353820793594725,0.2384386281588448,-0.023645799946496404,0.010327794474331409,-0.1439259927797834,COMPAS,corrupt_30_shift_1.0,37,0.9398042153569234,True,1
Oracle (clean audit labels),Logistic regression,2268,0.7194012437700629,0.6714193130265717,0.22938890851289295,0.2587184115523466,0.007515772163934953,0.016089526882967498,-0.4181058808498352,COMPAS,corrupt_30_shift_1.0,37,0.9398042153569234,True,1
Oracle (clean audit labels),Random forest,2268,0.7111654459799209,0.6591056383668179,0.2099779650468453,0.2206768953068592,0.0033861444523455297,0.00893426712742329,-0.16168772563176903,COMPAS,corrupt_30_shift_1.0,37,0.9398042153569234,True,1
Baseline (audit labels),Logistic regression,2268,0.7055981240392333,0.6254050550874919,0.685388718280265,0.7069609134826526,0.14992224486889427,0.0,0.0,COMPAS,corrupt_30_shift_1.0,38,0.9605233350835628,True,1
Baseline (audit labels),Random forest,2268,0.7078172400658422,0.6422553467271549,0.4510162437368676,0.4761308739569609,0.11919771291978098,0.0,0.0,COMPAS,corrupt_30_shift_1.0,38,0.9605233350835628,True,1
Audit-guided reweighting,Logistic regression,2268,0.7211540423621597,0.6701231367465975,0.44521947901513925,0.4946313339680524,0.03238169444007366,0.015555918322926465,-0.21232957951460013,COMPAS,corrupt_30_shift_1.0,38,0.9605233350835628,True,1
Audit-guided reweighting,Random forest,2268,0.7183159545089717,0.6688269604666235,0.3138923684068746,0.29125674389082834,0.028523514613628342,0.010498714443129442,-0.18487413006613257,COMPAS,corrupt_30_shift_1.0,38,0.9605233350835628,True,1
Drop flagged block,Logistic regression,2268,0.7259060115087947,0.6604018146467919,0.2614925111793546,0.22564265312599174,0.06967078321104325,0.02030788746956147,-0.4813182603566608,COMPAS,corrupt_30_shift_1.0,38,0.9605233350835628,True,1
Drop flagged block,Random forest,2268,0.7123966112992968,0.6526247569669476,0.2285891789235494,0.22039964866051825,0.07046195216397133,0.004579371233454532,-0.25573122529644265,COMPAS,corrupt_30_shift_1.0,38,0.9605233350835628,True,1
Trusted reference only,Logistic regression,1389,0.7250566257192996,0.6759559300064809,0.30429394967943546,0.29839733417962544,0.022017370489799126,0.019458501680066354,-0.4085635793030271,COMPAS,corrupt_30_shift_1.0,38,0.9605233350835628,True,1
Trusted reference only,Random forest,1389,0.7201890244731938,0.6733635774465327,0.2673263159312537,0.26330265524172214,0.004011877042571221,0.012371784407351538,-0.21282821871523877,COMPAS,corrupt_30_shift_1.0,38,0.9605233350835628,True,1
Oracle (clean audit labels),Logistic regression,2268,0.7259306683535349,0.6662346079066753,0.283554900059264,0.29358404739236216,0.011664774821977475,0.020332544314301648,-0.4133768660902904,COMPAS,corrupt_30_shift_1.0,38,0.9605233350835628,True,1
Oracle (clean audit labels),Random forest,2268,0.7261568311363235,0.6675307841866494,0.25662006357416084,0.22463768115942023,0.001529826554127589,0.01833959107048122,-0.2514931927975407,COMPAS,corrupt_30_shift_1.0,38,0.9605233350835628,True,1
Baseline (audit labels),Logistic regression,2268,0.6867480088120658,0.6079066753078418,0.6473203156057759,0.6706995931283907,0.16137265680975688,0.0,0.0,COMPAS,corrupt_30_shift_1.0,39,0.9435230970380144,True,1
Baseline (audit labels),Random forest,2268,0.703228266395526,0.6202203499675956,0.49747326716662293,0.5273508137432188,0.13323582093854436,0.0,0.0,COMPAS,corrupt_30_shift_1.0,39,0.9435230970380144,True,1
Audit-guided reweighting,Logistic regression,2268,0.7015726148110489,0.6513285806869734,0.35615309979584,0.3759141386782232,0.019761560771506814,0.014824605998983165,-0.29478545445016746,COMPAS,corrupt_30_shift_1.0,39,0.9435230970380144,True,1
Audit-guided reweighting,Random forest,2268,0.7120038976444671,0.6662346079066753,0.2592832164298276,0.256466684723727,0.019189633815213214,0.008775631248941096,-0.27088412901949177,COMPAS,corrupt_30_shift_1.0,39,0.9435230970380144,True,1
Drop flagged block,Logistic regression,2268,0.7078063040162683,0.6364225534672715,0.27877106452938755,0.2523564647377939,0.08500623177845168,0.02105829520420255,-0.4183431283905968,COMPAS,corrupt_30_shift_1.0,39,0.9435230970380144,True,1
Drop flagged block,Random forest,2268,0.7086925944755125,0.6241088788075179,0.2362259370809835,0.23542608499095846,0.08599471398905878,0.005464328079986425,-0.29192472875226033,COMPAS,corrupt_30_shift_1.0,39,0.9435230970380144,True,1
Trusted reference only,Logistic regression,1389,0.6984070496526013,0.6474400518470512,0.2702475524381287,0.28223185265438794,0.011909277778851424,0.011659040840535484,-0.38846774047400273,COMPAS,corrupt_30_shift_1.0,39,0.9435230970380144,True,1
Trusted reference only,Random forest,1389,0.701560752414845,0.6584575502268308,0.27808042422159784,0.26032638136511377,0.0025343651223461716,-0.0016675139806811012,-0.267024432378105,COMPAS,corrupt_30_shift_1.0,39,0.9435230970380144,True,1
Oracle (clean audit labels),Logistic regression,2268,0.7052567361464158,0.6552171095268956,0.31776865907973023,0.3362337486457205,0.02290714494942825,0.01850872733435005,-0.3344658444826702,COMPAS,corrupt_30_shift_1.0,39,0.9435230970380144,True,1
Oracle (clean audit labels),Random forest,2268,0.7155016098966276,0.6714193130265717,0.27494895999676583,0.25843039003250273,0.018137949191797675,0.012273343501101541,-0.26892042371071606,COMPAS,corrupt_30_shift_1.0,39,0.9435230970380144,True,1
Baseline (audit labels),Logistic regression,2268,0.7233061561135223,0.6409591704471809,0.6368815318648569,0.6397967735177037,0.14831630166984078,0.0,0.0,COMPAS,corrupt_30_shift_1.0,40,0.9485013418079988,True,1
Baseline (audit labels),Random forest,2268,0.7237557295258185,0.6558651976668827,0.5033096471399174,0.4704588309239472,0.11423476609760785,0.0,0.0,COMPAS,corrupt_30_shift_1.0,40,0.9485013418079988,True,1
Audit-guided reweighting,Logistic regression,2268,0.7392457307427088,0.6837329876863253,0.3633245819437546,0.4097704038880509,0.01897286892430372,0.015939574629186493,-0.23002636962965278,COMPAS,corrupt_30_shift_1.0,40,0.9485013418079988,True,1
Audit-guided reweighting,Random forest,2268,0.7290982165794562,0.6876215165262476,0.3089375677894801,0.31203284732696496,0.013475580427953715,0.005342487053637712,-0.15842598359698223,COMPAS,corrupt_30_shift_1.0,40,0.9485013418079988,True,1
Drop flagged block,Logistic regression,2268,0.7439468151273003,0.6798444588464031,0.2546485421671685,0.20787665493547847,0.07281693492479024,0.020640659013777984,-0.43192011858222523,COMPAS,corrupt_30_shift_1.0,40,0.9485013418079988,True,1
Drop flagged block,Random forest,2268,0.7336226828377884,0.6649384316267012,0.2570205404236483,0.22311044075749964,0.06994771931436505,0.009866953311969962,-0.24734839016644755,COMPAS,corrupt_30_shift_1.0,40,0.9485013418079988,True,1
Trusted reference only,Logistic regression,1389,0.7427611920117902,0.6863253402462735,0.31803698560244364,0.3420814479638009,0.0077161035100430375,0.019455035898267914,-0.2977153255539028,COMPAS,corrupt_30_shift_1.0,40,0.9485013418079988,True,1
Trusted reference only,Random forest,1389,0.7420572546951689,0.7018794556059624,0.2969069413048693,0.2824199765376236,-0.012471721222994558,0.018301525169350463,-0.18803885438632362,COMPAS,corrupt_30_shift_1.0,40,0.9485013418079988,True,1
Oracle (clean audit labels),Logistic regression,2268,0.7435285090387919,0.6902138690861958,0.27893449297692535,0.3011396011396011,0.006784951462288191,0.020222352925269527,-0.3386571723781026,COMPAS,corrupt_30_shift_1.0,40,0.9485013418079988,True,1
Oracle (clean audit labels),Random forest,2268,0.7328832528833543,0.6869734283862605,0.28987204049291615,0.3052455170102229,0.0062346262887932324,0.00912752335753586,-0.1652133139137243,COMPAS,corrupt_30_shift_1.0,40,0.9485013418079988,True,1
Baseline (audit labels),Logistic regression,2268,0.7319961941655198,0.6480881399870383,0.6456318055203849,0.6473743772952701,0.1250240117225313,0.0,0.0,COMPAS,corrupt_30_shift_1.0,43,0.9372481788227465,True,1
Baseline (audit labels),Random forest,2268,0.7364553069303565,0.6636422553467272,0.5112619228496667,0.4871742241847977,0.09767884790813597,0.0,0.0,COMPAS,corrupt_30_shift_1.0,43,0.9372481788227465,True,1
Audit-guided reweighting,Logistic regression,2268,0.7438486501180829,0.6921581335061568,0.2738482316198194,0.29574639936835806,-0.028257393269706665,0.011852455952563123,-0.3516279779269121,COMPAS,corrupt_30_shift_1.0,43,0.9372481788227465,True,1
Audit-guided reweighting,Random forest,2268,0.7409934247413222,0.6798444588464031,0.24098759179539125,0.23086696494205416,-0.01932266554947515,0.004538117810965692,-0.25630725924274356,COMPAS,corrupt_30_shift_1.0,43,0.9372481788227465,True,1
Drop flagged block,Logistic regression,2268,0.7448001087381281,0.6759559300064809,0.2899755212290031,0.23807014234835955,0.04977814758466936,0.012803914572608321,-0.4093042349469106,COMPAS,corrupt_30_shift_1.0,43,0.9372481788227465,True,1
Drop flagged block,Random forest,2268,0.7368571282940007,0.6714193130265717,0.22671224782645394,0.168676703908755,0.05190245364113444,0.00040182136364419474,-0.3184975202760427,COMPAS,corrupt_30_shift_1.0,43,0.9372481788227465,True,1
Trusted reference only,Logistic regression,1389,0.7393071342406171,0.6746597537265068,0.1666632902844602,0.15795587581337522,-0.052281762432320356,0.007310940075097361,-0.4894185014818949,COMPAS,corrupt_30_shift_1.0,43,0.9372481788227465,True,1
Trusted reference only,Random forest,1389,0.7375562804764089,0.6902138690861958,0.2372988942348274,0.22518581709608038,-0.05505407111302013,0.0011009735460523196,-0.26198840708871735,COMPAS,corrupt_30_shift_1.0,43,0.9372481788227465,True,1
Oracle (clean audit labels),Logistic regression,2268,0.7454695278386598,0.6973428386260532,0.25656453110492106,0.25991705161132234,-0.017730680896538065,0.013473333673140075,-0.3874573256839478,COMPAS,corrupt_30_shift_1.0,43,0.9372481788227465,True,1
Oracle (clean audit labels),Random forest,2268,0.7455001104371612,0.6941023979261179,0.25470583270026165,0.24398987194729055,-0.020459688639718587,0.0090448035068047,-0.24318435223750717,COMPAS,corrupt_30_shift_1.0,43,0.9372481788227465,True,1
Baseline (audit labels),Logistic regression,2268,0.7201576576576576,0.644199611147116,0.6894890692644333,0.6815868160964141,0.1494719126269577,0.0,0.0,COMPAS,corrupt_30_shift_1.0,45,0.9430944411178962,True,1
Baseline (audit labels),Random forest,2268,0.7175912754860123,0.6591056383668179,0.5091664115769254,0.4975752424757524,0.12503529902380106,0.0,0.0,COMPAS,corrupt_30_shift_1.0,45,0.9430944411178962,True,1
Audit-guided reweighting,Logistic regression,2268,0.7486765901239585,0.6973428386260532,0.3069435988172806,0.34952338099523383,0.010596363617430438,0.028518932466300884,-0.3320634351011803,COMPAS,corrupt_30_shift_1.0,45,0.9430944411178962,True,1
Audit-guided reweighting,Random forest,2268,0.7374576644313486,0.6798444588464031,0.305196093931331,0.309327400593274,0.0143593349451141,0.019866388945336322,-0.1882478418824784,COMPAS,corrupt_30_shift_1.0,45,0.9430944411178962,True,1
Drop flagged block,Logistic regression,2268,0.7535104653525705,0.6889176928062216,0.2807041149619384,0.26308202513082024,0.0635089124871826,0.03335280769491289,-0.4185047909655939,COMPAS,corrupt_30_shift_1.0,45,0.9430944411178962,True,1
Drop flagged block,Random forest,2268,0.731298685903949,0.6513285806869734,0.2284572508838439,0.21982801719828016,0.05980737263419589,0.01370741041793666,-0.27774722527747225,COMPAS,corrupt_30_shift_1.0,45,0.9430944411178962,True,1
Trusted reference only,Logistic regression,1389,0.7472236334078439,0.6850291639662994,0.2436835855638268,0.2678732126787321,-0.0002872395556490215,0.027065975750186322,-0.41371360341768204,COMPAS,corrupt_30_shift_1.0,45,0.9430944411178962,True,1
Trusted reference only,Random forest,1389,0.7448384474700265,0.6804925469863902,0.23369976554169286,0.24390060993900603,-0.00995192707248882,0.027247171984014162,-0.2536746325367464,COMPAS,corrupt_30_shift_1.0,45,0.9430944411178962,True,1
Oracle (clean audit labels),Logistic regression,2268,0.7514216283953126,0.6908619572261827,0.27041755107120874,0.3219511382195114,-0.005695297448867986,0.03126397073765497,-0.35963567787690276,COMPAS,corrupt_30_shift_1.0,45,0.9430944411178962,True,1
Oracle (clean audit labels),Random forest,2268,0.7390122265122265,0.6804925469863902,0.31466524937685214,0.3171682831716829,-0.011348477132875678,0.02142095102621422,-0.18040695930406953,COMPAS,corrupt_30_shift_1.0,45,0.9430944411178962,True,1
Baseline (audit labels),Logistic regression,2268,0.6954683577751353,0.61049902786779,0.7584120747710079,0.7934144367040259,0.15533946865590254,0.0,0.0,COMPAS,corrupt_30_shift_1.0,49,0.9353784907228573,True,1
Baseline (audit labels),Random forest,2268,0.7024045448540098,0.6247569669475048,0.5609204759133615,0.5855461935763394,0.11435434103860109,0.0,0.0,COMPAS,corrupt_30_shift_1.0,49,0.9353784907228573,True,1
Audit-guided reweighting,Logistic regression,2268,0.7227379899793693,0.659753726506805,0.2788573773635046,0.3014794685990338,-0.0017006981961619205,0.027269632204234062,-0.4919349681049921,COMPAS,corrupt_30_shift_1.0,49,0.9353784907228573,True,1
Audit-guided reweighting,Random forest,2268,0.7181807710939696,0.6694750486066104,0.2264070021292985,0.23022342995169087,-0.003943004315586807,0.01577622623995978,-0.35532276362464854,COMPAS,corrupt_30_shift_1.0,49,0.9353784907228573,True,1
Drop flagged block,Logistic regression,2268,0.7269928622485102,0.6552171095268956,0.2568865820553618,0.228288506048548,0.060452059039753925,0.03152450447337496,-0.5651259306554779,COMPAS,corrupt_30_shift_1.0,49,0.9353784907228573,True,1
Drop flagged block,Random forest,2268,0.7136354089386193,0.6519766688269605,0.2095189399928014,0.1864674427354715,0.05394884949629464,0.011230864084609493,-0.3990787508408679,COMPAS,corrupt_30_shift_1.0,49,0.9353784907228573,True,1
Trusted reference only,Logistic regression,1389,0.7305752885419949,0.6753078418664938,0.2284555689734628,0.20471014492753625,-0.010693715151246952,0.03510693076685967,-0.5887042917764896,COMPAS,corrupt_30_shift_1.0,49,0.9353784907228573,True,1
Trusted reference only,Random forest,1389,0.7235044428861314,0.6746597537265068,0.21145818266219502,0.1744330555143831,-0.021123630188094378,0.021099898032121533,-0.4111131380619563,COMPAS,corrupt_30_shift_1.0,49,0.9353784907228573,True,1
Oracle (clean audit labels),Logistic regression,2268,0.7267015254530118,0.6694750486066104,0.2784183987540408,0.26494565217391297,-0.002933306058721441,0.03123316767787654,-0.5284687845301129,COMPAS,corrupt_30_shift_1.0,49,0.9353784907228573,True,1
Oracle (clean audit labels),Random forest,2268,0.7213439772892805,0.6746597537265068,0.2806704767543166,0.26660628019323673,-0.01625028443346499,0.01893943243527063,-0.3189399133831027,COMPAS,corrupt_30_shift_1.0,49,0.9353784907228573,True,1
Baseline (audit labels),Logistic regression,2268,0.6744078669705411,0.611147116007777,0.7439125683060109,0.7441561671087533,0.12072112990386985,0.0,0.0,COMPAS,corrupt_30_shift_1.0,50,0.9557137213052418,True,1
Baseline (audit labels),Random forest,2268,0.685367603612729,0.6351263771872975,0.48076502732240434,0.4686434255399773,0.09490816944605907,0.0,0.0,COMPAS,corrupt_30_shift_1.0,50,0.9557137213052418,True,1
Audit-guided reweighting,Logistic regression,2268,0.6897636532455473,0.6435515230071289,0.347016393442623,0.4089085583290881,-0.008719294343342954,0.015355786275006222,-0.3352476087796652,COMPAS,corrupt_30_shift_1.0,50,0.9557137213052418,True,1
Audit-guided reweighting,Random forest,2268,0.6923668439267323,0.6565132858068697,0.25094409415720886,0.28757004584819157,-0.008265360628998186,0.006999240314003341,-0.18107337969178572,COMPAS,corrupt_30_shift_1.0,50,0.9557137213052418,True,1
Drop flagged block,Logistic regression,2268,0.7008500042204777,0.6454957874270901,0.24482219419924334,0.2514486754966887,0.04141171917497566,0.026442137249936604,-0.4927074916120646,COMPAS,corrupt_30_shift_1.0,50,0.9557137213052418,True,1
Drop flagged block,Random forest,2268,0.6826985734785177,0.6409591704471809,0.23506347204707856,0.23648433520122258,0.04544572838975036,-0.00266903013421127,-0.2321590903387547,COMPAS,corrupt_30_shift_1.0,50,0.9557137213052418,True,1
Trusted reference only,Logistic regression,1389,0.7114585971131931,0.6584575502268308,0.25990752416981927,0.2898783749363219,-0.007290324332826725,0.03705073014265203,-0.4542777921724314,COMPAS,corrupt_30_shift_1.0,50,0.9557137213052418,True,1
Trusted reference only,Random forest,1389,0.7089676711403731,0.6526247569669476,0.21951408154686847,0.23363474274070306,-0.020969523878612062,0.023600067527644097,-0.23500868279927423,COMPAS,corrupt_30_shift_1.0,50,0.9557137213052418,True,1
Oracle (clean audit labels),Logistic regression,2268,0.700706507976703,0.6519766688269605,0.2303741067675494,0.2755985736118186,-0.022157699349577897,0.02629864100616186,-0.4685575934969347,COMPAS,corrupt_30_shift_1.0,50,0.9557137213052418,True,1
Oracle (clean audit labels),Random forest,2268,0.700677808727948,0.6552171095268956,0.22989995796553175,0.26620606214977083,-0.020755488903615338,0.015310205115219078,-0.20243736339020646,COMPAS,corrupt_30_shift_1.0,50,0.9557137213052418,True,1
Baseline (audit labels),Logistic regression,2268,0.7141500088208552,0.6409591704471809,0.6613588538620305,0.6530949809583357,0.13444012800750726,0.0,0.0,COMPAS,corrupt_30_shift_1.0,51,0.9639550124918917,True,1
Baseline (audit labels),Random forest,2268,0.7176546024508408,0.6565132858068697,0.46368736680045447,0.4342207873883695,0.10241470816051046,0.0,0.0,COMPAS,corrupt_30_shift_1.0,51,0.9639550124918917,True,1
Audit-guided reweighting,Logistic regression,2268,0.7353930030262319,0.6882696046662347,0.3698644642100805,0.38837784579262924,0.019933339402156136,0.021242994205376675,-0.2647171351657065,COMPAS,corrupt_30_shift_1.0,51,0.9639550124918917,True,1
Audit-guided reweighting,Random forest,2268,0.7267349943682232,0.6882696046662347,0.3155593876686634,0.3376881472474949,0.016597203364643764,0.009080391917382413,-0.09653264014087459,COMPAS,corrupt_30_shift_1.0,51,0.9639550124918917,True,1
Drop flagged block,Logistic regression,2268,0.7409162154459961,0.6714193130265717,0.29659547003892617,0.30333319357678923,0.05766384754548792,0.026766206625140843,-0.3497617873815465,COMPAS,corrupt_30_shift_1.0,51,0.9639550124918917,True,1
Drop flagged block,Random forest,2268,0.72344244052708,0.6526247569669476,0.2644124429384912,0.2602490461615865,0.06076233485344651,0.005787838076239171,-0.173971741226783,COMPAS,corrupt_30_shift_1.0,51,0.9639550124918917,True,1
Trusted reference only,Logistic regression,1389,0.742264788503033,0.6882696046662347,0.3448044613864182,0.4148673011613768,0.0044698630701484054,0.028114779682177793,-0.2382276797969589,COMPAS,corrupt_30_shift_1.0,51,0.9639550124918917,True,1
Trusted reference only,Random forest,1389,0.7434920748008523,0.6928062216461439,0.27543985263172055,0.32713093790616743,-0.006278960124239896,0.025837472350011548,-0.10708984948220207,COMPAS,corrupt_30_shift_1.0,51,0.9639550124918917,True,1
Oracle (clean audit labels),Logistic regression,2268,0.7403971420429099,0.6824368114063513,0.29006238949059787,0.330669573602784,-0.00040788771227129317,0.02624713322205463,-0.32242540735555175,COMPAS,corrupt_30_shift_1.0,51,0.9639550124918917,True,1
Oracle (clean audit labels),Random forest,2268,0.7364277571957822,0.6921581335061568,0.2756163315248449,0.3175548195044233,-0.005775632139134568,0.018773154744941456,-0.11666596788394618,COMPAS,corrupt_30_shift_1.0,51,0.9639550124918917,True,1
Baseline (audit labels),Logistic regression,2268,0.6941318451034356,0.6228127025275437,0.6752818043571354,0.6818519124788563,0.16514116873852713,0.0,0.0,COMPAS,corrupt_30_shift_1.0,53,0.9214473721543764,True,1
Baseline (audit labels),Random forest,2268,0.7110700422859592,0.6493843162670123,0.44054543431421145,0.4151252250777541,0.14170721693927113,0.0,0.0,COMPAS,corrupt_30_shift_1.0,53,0.9214473721543764,True,1
Audit-guided reweighting,Logistic regression,2268,0.7183535691322704,0.6753078418664938,0.2932535547980079,0.3297667168634911,0.004403362167040292,0.024221724028834823,-0.3520851956153652,COMPAS,corrupt_30_shift_1.0,53,0.9214473721543764,True,1
Audit-guided reweighting,Random forest,2268,0.7223304224173417,0.6772521062864549,0.3033354576138598,0.3280054247796183,0.013880264188360192,0.01126038013138253,-0.08711980029813582,COMPAS,corrupt_30_shift_1.0,53,0.9214473721543764,True,1
Drop flagged block,Logistic regression,2268,0.7252943517797183,0.6506804925469863,0.21759207744519854,0.21389131066550415,0.07651814278140467,0.03116250667628273,-0.4679606018133522,COMPAS,corrupt_30_shift_1.0,53,0.9214473721543764,True,1
Drop flagged block,Random forest,2268,0.7207850968358671,0.659753726506805,0.23197986316935915,0.2089773057514992,0.08127610913684702,0.009715054549907953,-0.20614791932625492,COMPAS,corrupt_30_shift_1.0,53,0.9214473721543764,True,1
Trusted reference only,Logistic regression,1389,0.7232047177931015,0.6720674011665586,0.22497985305373752,0.26820075207171984,-0.004342873000444003,0.029072872689665852,-0.4136511604071365,COMPAS,corrupt_30_shift_1.0,53,0.9214473721543764,True,1
Trusted reference only,Random forest,1389,0.7301497528499648,0.6817887232663642,0.2053993815983356,0.21588157072028036,-0.018189933898146937,0.019079710564005592,-0.19924365435747377,COMPAS,corrupt_30_shift_1.0,53,0.9214473721543764,True,1
Oracle (clean audit labels),Logistic regression,2268,0.717591537365071,0.6746597537265068,0.3345455219829315,0.37694292533002216,0.03289406449794141,0.023459692261635356,-0.3049089871488342,COMPAS,corrupt_30_shift_1.0,53,0.9214473721543764,True,1
Oracle (clean audit labels),Random forest,2268,0.7281009419937337,0.6798444588464031,0.2878669863203078,0.32338203305945246,0.0227572990320285,0.017030899707774494,-0.09174319201830167,COMPAS,corrupt_30_shift_1.0,53,0.9214473721543764,True,1
Baseline (audit labels),Logistic regression,2268,0.7092371024007078,0.6383668178872327,0.627931399519918,0.6123475052355152,0.1135766102940794,0.0,0.0,COMPAS,corrupt_30_shift_1.0,56,0.9468947598548016,True,1
Baseline (audit labels),Random forest,2268,0.7180662634531154,0.6565132858068697,0.4103976184696712,0.3641425389755011,0.0821790625192107,0.0,0.0,COMPAS,corrupt_30_shift_1.0,56,0.9468947598548016,True,1
Audit-guided reweighting,Logistic regression,2268,0.7175082145474316,0.6604018146467919,0.33491450225207003,0.36351095302995046,-0.02116240692898108,0.008271112146723825,-0.24883655220556472,COMPAS,corrupt_30_shift_1.0,56,0.9468947598548016,True,1
Audit-guided reweighting,Random forest,2268,0.7188505712191975,0.6688269604666235,0.2649637915688971,0.26186716750324107,-0.01856902352762191,0.0007843077660820708,-0.10227537147226001,COMPAS,corrupt_30_shift_1.0,56,0.9468947598548016,True,1
Drop flagged block,Logistic regression,2268,0.7193613421540519,0.6532728451069345,0.29577804299161203,0.2822856762955822,0.04062528056314496,0.010124239753344089,-0.33006182893993297,COMPAS,corrupt_30_shift_1.0,56,0.9468947598548016,True,1
Drop flagged block,Random forest,2268,0.7111510159698231,0.661049902786779,0.23515420611160565,0.2152960143602699,0.039615772201107124,-0.006915247483292308,-0.14884652461523118,COMPAS,corrupt_30_shift_1.0,56,0.9468947598548016,True,1
Trusted reference only,Logistic regression,1389,0.706768516923825,0.6539209332469216,0.24888070771637405,0.26311371871156464,-0.043901826577476544,-0.0024685854768827786,-0.34923378652395054,COMPAS,corrupt_30_shift_1.0,56,0.9468947598548016,True,1
Trusted reference only,Random forest,1389,0.714119397138332,0.6668826960466624,0.2450794967230358,0.24361765781338296,-0.043403958773860274,-0.00394686631478347,-0.12052488116211812,COMPAS,corrupt_30_shift_1.0,56,0.9468947598548016,True,1
Oracle (clean audit labels),Logistic regression,2268,0.7102789062579147,0.6500324044069994,0.2805428567575586,0.3033773227404181,-0.04090316737788102,0.0010418038572068689,-0.30897018249509706,COMPAS,corrupt_30_shift_1.0,56,0.9468947598548016,True,1
Oracle (clean audit labels),Random forest,2268,0.7135908969644166,0.6578094620868438,0.2289239285810611,0.21521291094638162,-0.04507325500078463,-0.00447536648869884,-0.14892962802911947,COMPAS,corrupt_30_shift_1.0,56,0.9468947598548016,True,1
Baseline (audit labels),Logistic regression,2268,0.7077109577660603,0.6215165262475697,0.7536585776311804,0.7891058290888511,0.1536734335352158,0.0,0.0,COMPAS,corrupt_30_shift_1.0,58,0.9385597210449507,True,1
Baseline (audit labels),Random forest,2268,0.7137078042081348,0.6513285806869734,0.49701120797011206,0.5124221844934918,0.11517704468140866,0.0,0.0,COMPAS,corrupt_30_shift_1.0,58,0.9385597210449507,True,1
Audit-guided reweighting,Logistic regression,2268,0.7271324663874807,0.6720674011665586,0.3452963548853959,0.38521384053298946,0.0035347346652598866,0.019421508621420447,-0.4038919885558616,COMPAS,corrupt_30_shift_1.0,58,0.9385597210449507,True,1
Audit-guided reweighting,Random forest,2268,0.7178396432749531,0.6733635774465327,0.28170206320891256,0.24976574253170003,0.003819158849658999,0.004131839066818244,-0.2626564419617917,COMPAS,corrupt_30_shift_1.0,58,0.9385597210449507,True,1
Drop flagged block,Logistic regression,2268,0.730742103389227,0.6604018146467919,0.26415805593887787,0.2386247877758913,0.06103013062017415,0.02303114562316666,-0.5504810413129597,COMPAS,corrupt_30_shift_1.0,58,0.9385597210449507,True,1
Drop flagged block,Random forest,2268,0.7104762550651904,0.6461438755670771,0.23638887953956444,0.21188455008488966,0.05852135213418219,-0.0032315491429444343,-0.3005376344086021,COMPAS,corrupt_30_shift_1.0,58,0.9385597210449507,True,1
Trusted reference only,Logistic regression,1389,0.7331310082908056,0.6785482825664291,0.21413617851974015,0.1964839888244143,-0.009567253346756788,0.025420050524745275,-0.5926218402644368,COMPAS,corrupt_30_shift_1.0,58,0.9385597210449507,True,1
Trusted reference only,Random forest,1389,0.727396958342517,0.6908619572261827,0.23928174750092562,0.20830431979368147,-0.016548365514793884,0.013689154134382209,-0.3041178646998103,COMPAS,corrupt_30_shift_1.0,58,0.9385597210449507,True,1
Oracle (clean audit labels),Logistic regression,2268,0.7273715264237636,0.6655865197666883,0.30263538756689445,0.30012465076294864,0.004400899940011027,0.01966056865770327,-0.48898117832590243,COMPAS,corrupt_30_shift_1.0,58,0.9385597210449507,True,1
Oracle (clean audit labels),Random forest,2268,0.7207609230091047,0.6733635774465327,0.30517821682205243,0.2774038254889319,-0.009667347764810708,0.007053118800969815,-0.23501835900455986,COMPAS,corrupt_30_shift_1.0,58,0.9385597210449507,True,1
Baseline (audit labels),Logistic regression,2268,0.704364958617332,0.6241088788075179,0.7135368750947784,0.7132716838216502,0.15768922425247767,0.0,0.0,COMPAS,corrupt_30_shift_1.0,59,0.9504964162851711,True,1
Baseline (audit labels),Random forest,2268,0.7073520163907823,0.6364225534672715,0.5382550674821818,0.5301238411673133,0.12203581523398133,0.0,0.0,COMPAS,corrupt_30_shift_1.0,59,0.9504964162851711,True,1
Audit-guided reweighting,Logistic regression,2268,0.727622423726063,0.6707712248865846,0.41014001920841126,0.4323811722795791,0.030513321353956235,0.023257465108731057,-0.28089051154207106,COMPAS,corrupt_30_shift_1.0,59,0.9504964162851711,True,1
Audit-guided reweighting,Random forest,2268,0.7188767851346965,0.6720674011665586,0.2855431431026639,0.30580202526635225,0.025852858050559258,0.011524768743914282,-0.224321815900961,COMPAS,corrupt_30_shift_1.0,59,0.9504964162851711,True,1
Drop flagged block,Logistic regression,2268,0.7337410743265175,0.6565132858068697,0.23960302616724793,0.21045123198205629,0.06981270860994282,0.029376115709185524,-0.5028204518395939,COMPAS,corrupt_30_shift_1.0,59,0.9504964162851711,True,1
Drop flagged block,Random forest,2268,0.7114184382776156,0.6604018146467919,0.21738024229557368,0.18834080717488788,0.06551241723078505,0.004066421886833371,-0.3417830339924254,COMPAS,corrupt_30_shift_1.0,59,0.9504964162851711,True,1
Trusted reference only,Logistic regression,1389,0.7357417437520285,0.6837329876863253,0.29734115149370677,0.3327753405679982,0.00904807630519322,0.03137678513469655,-0.380496343253652,COMPAS,corrupt_30_shift_1.0,59,0.9504964162851711,True,1
Trusted reference only,Random forest,1389,0.7251619468787189,0.6830848995463383,0.2721528585148866,0.2753075832041429,-0.0035055117553466353,0.017809930487936665,-0.25481625796317037,COMPAS,corrupt_30_shift_1.0,59,0.9504964162851711,True,1
Oracle (clean audit labels),Logistic regression,2268,0.7296678905658336,0.6720674011665586,0.3567187315708773,0.4008064782135435,0.017252271705778144,0.02530293194850164,-0.3124652056081067,COMPAS,corrupt_30_shift_1.0,59,0.9504964162851711,True,1
Oracle (clean audit labels),Random forest,2268,0.7266106783511848,0.6798444588464031,0.2709801344588788,0.30586799485437216,-2.329609947959721e-05,0.01925866196040249,-0.2242558463129411,COMPAS,corrupt_30_shift_1.0,59,0.9504964162851711,True,1
Baseline (audit labels),Logistic regression,2268,0.7059280091888787,0.6318859364873622,0.6729530865194396,0.7008067591750521,0.1532638403559219,0.0,0.0,COMPAS,corrupt_30_shift_1.0,62,0.9364652428097854,True,1
Baseline (audit labels),Random forest,2268,0.7171421573595487,0.6403110823071938,0.4460700203211003,0.4297767477337401,0.11519839328695625,0.0,0.0,COMPAS,corrupt_30_shift_1.0,62,0.9364652428097854,True,1
Audit-guided reweighting,Logistic regression,2268,0.7309085841694537,0.679196370706416,0.32580207786614984,0.3692516722408027,-0.0038134621903249677,0.024980574980575043,-0.3315550869342494,COMPAS,corrupt_30_shift_1.0,62,0.9364652428097854,True,1
Audit-guided reweighting,Random forest,2268,0.731832539441235,0.6811406351263772,0.25475560848910606,0.26337792642140473,-0.0056393817145469205,0.014690382081686382,-0.16639882131233535,COMPAS,corrupt_30_shift_1.0,62,0.9364652428097854,True,1
Drop flagged block,Logistic regression,2268,0.7374176548089592,0.6591056383668179,0.23465824215753567,0.21624163879598657,0.0682457003977398,0.0314896456200805,-0.4845651203790655,COMPAS,corrupt_30_shift_1.0,62,0.9364652428097854,True,1
Drop flagged block,Random forest,2268,0.7322658018310192,0.6688269604666235,0.2064324357059228,0.17212427024965532,0.06352932344794415,0.015123644471470521,-0.25765247748408476,COMPAS,corrupt_30_shift_1.0,62,0.9364652428097854,True,1
Trusted reference only,Logistic regression,1389,0.7341398939225027,0.6811406351263772,0.2490916064435383,0.284489966555184,-0.018800735938308888,0.028211884733624015,-0.4163167926198681,COMPAS,corrupt_30_shift_1.0,62,0.9364652428097854,True,1
Trusted reference only,Random forest,1389,0.7356702476267694,0.6882696046662347,0.24181604694039596,0.2491638795986622,-0.03258634903466118,0.018528090267220687,-0.18061286813507788,COMPAS,corrupt_30_shift_1.0,62,0.9364652428097854,True,1
Oracle (clean audit labels),Logistic regression,2268,0.7323815073815074,0.6772521062864549,0.29341280094742084,0.31511287625418055,0.016524335228742193,0.026453498192628766,-0.38569388292087153,COMPAS,corrupt_30_shift_1.0,62,0.9364652428097854,True,1
Oracle (clean audit labels),Random forest,2268,0.7329777710212493,0.6707712248865846,0.23399040467250726,0.23839882943143814,0.0031276419793470067,0.01583561366170061,-0.19137791830230194,COMPAS,corrupt_30_shift_1.0,62,0.9364652428097854,True,1
Baseline (audit labels),Logistic regression,2268,0.7107907951913159,0.626701231367466,0.6686424731182795,0.6909253317348942,0.1429690615892698,0.0,0.0,COMPAS,corrupt_30_shift_1.0,63,0.9295230738521968,True,1
Baseline (audit labels),Random forest,2268,0.7196540588066213,0.6526247569669476,0.48205981182795693,0.48059541859125793,0.11174723557175237,0.0,0.0,COMPAS,corrupt_30_shift_1.0,63,0.9295230738521968,True,1
Audit-guided reweighting,Logistic regression,2268,0.7299511353837309,0.6811406351263772,0.3299126344086021,0.3867873185551016,-0.015770506637598936,0.01916034019241497,-0.3041380131797926,COMPAS,corrupt_30_shift_1.0,63,0.9295230738521968,True,1
Audit-guided reweighting,Random forest,2268,0.7243410040072367,0.6772521062864549,0.2678477822580645,0.2843577642576904,-0.008198352493630434,0.004686945200615411,-0.19623765433356755,COMPAS,corrupt_30_shift_1.0,63,0.9295230738521968,True,1
Drop flagged block,Logistic regression,2268,0.7323622406709163,0.6571613739468568,0.2528377016129032,0.21962650984087273,0.061351589120933525,0.021571445479600326,-0.4712988218940215,COMPAS,corrupt_30_shift_1.0,63,0.9295230738521968,True,1
Drop flagged block,Random forest,2268,0.7236832761273524,0.6604018146467919,0.24608030913978496,0.2144197418547792,0.06104007182957405,0.004029217320731138,-0.26617567673647874,COMPAS,corrupt_30_shift_1.0,63,0.9295230738521968,True,1
Trusted reference only,Logistic regression,1389,0.7280895456774259,0.6720674011665586,0.2186038306451613,0.2597210601986857,-0.034153079835438194,0.01729875048610996,-0.43120427153620855,COMPAS,corrupt_30_shift_1.0,63,0.9295230738521968,True,1
Trusted reference only,Random forest,1389,0.7293238422129416,0.6843810758263124,0.2510618279569892,0.2939508890495415,-0.035218939629978074,0.009669783406320298,-0.18664452954171645,COMPAS,corrupt_30_shift_1.0,63,0.9295230738521968,True,1
Oracle (clean audit labels),Logistic regression,2268,0.7291868860220143,0.6837329876863253,0.29113239247311823,0.35600971496803646,-0.01782796759704519,0.018396090830698375,-0.33491561676685777,COMPAS,corrupt_30_shift_1.0,63,0.9295230738521968,True,1
Oracle (clean audit labels),Random forest,2268,0.7335153779821788,0.677900194426442,0.23535450268817204,0.26147560292098876,-0.022798707036346566,0.013861319175557552,-0.21911981567026917,COMPAS,corrupt_30_shift_1.0,63,0.9295230738521968,True,1
Baseline (audit labels),Logistic regression,2268,0.6967676349106884,0.6130913804277381,0.7482659747392653,0.7434422400865355,0.11933526141010886,0.0,0.0,COMPAS,corrupt_30_shift_1.0,65,0.9377055258640973,True,1
Baseline (audit labels),Random forest,2268,0.6973883689434214,0.6403110823071938,0.5168775093305872,0.4996005113454778,0.09543714611365983,0.0,0.0,COMPAS,corrupt_30_shift_1.0,65,0.9377055258640973,True,1
Audit-guided reweighting,Logistic regression,2268,0.7183509867733958,0.6636422553467272,0.24749024873713155,0.296710465007921,-0.03345057973546306,0.021583351862707434,-0.4467317750786145,COMPAS,corrupt_30_shift_1.0,65,0.9377055258640973,True,1
Audit-guided reweighting,Random forest,2268,0.709556272024688,0.6655865197666883,0.3239186110297804,0.33496412263535547,-0.017490451788242156,0.012167903081266584,-0.16463638871012232,COMPAS,corrupt_30_shift_1.0,65,0.9377055258640973,True,1
Drop flagged block,Logistic regression,2268,0.719072790119464,0.6519766688269605,0.2576773316371688,0.24145000465939803,0.03829423283373279,0.02230515520877563,-0.5019922354271374,COMPAS,corrupt_30_shift_1.0,65,0.9377055258640973,True,1
Drop flagged block,Random forest,2268,0.7046434611523248,0.6487362281270252,0.25185349716128036,0.21521759388686978,0.04339123268050471,0.007255092208903413,-0.284382917458608,COMPAS,corrupt_30_shift_1.0,65,0.9377055258640973,True,1
Trusted reference only,Logistic regression,1389,0.7179618699170558,0.659753726506805,0.14790284746971977,0.17966638710278637,-0.047905682960620144,0.021194235006367412,-0.5637758529837491,COMPAS,corrupt_30_shift_1.0,65,0.9377055258640973,True,1
Trusted reference only,Random forest,1389,0.7138828808797073,0.6578094620868438,0.17565734785842413,0.21167645140247882,-0.05424757767494803,0.016494511936285927,-0.28792405994299897,COMPAS,corrupt_30_shift_1.0,65,0.9377055258640973,True,1
Oracle (clean audit labels),Logistic regression,2268,0.7211438687985553,0.6642903434867142,0.29652925715401107,0.35029354207436403,-0.027290441655724917,0.024376233887866916,-0.39314869801217145,COMPAS,corrupt_30_shift_1.0,65,0.9377055258640973,True,1
Oracle (clean audit labels),Random forest,2268,0.7126548887226859,0.6694750486066104,0.2639353034418004,0.3004379834125431,-0.037450392618471606,0.01526651977926452,-0.1991625279329347,COMPAS,corrupt_30_shift_1.0,65,0.9377055258640973,True,1
Baseline (audit labels),Logistic regression,2268,0.708479849443041,0.6357744653272845,0.6175825469714555,0.5966792966920687,0.14090705688563465,0.0,0.0,COMPAS,corrupt_30_shift_1.0,67,0.9510710528492805,True,1
Baseline (audit labels),Random forest,2268,0.7177073972974348,0.6591056383668179,0.4377756471716203,0.40647429159178505,0.1098171311465369,0.0,0.0,COMPAS,corrupt_30_shift_1.0,67,0.9510710528492805,True,1
Audit-guided reweighting,Logistic regression,2268,0.7217943066411217,0.6604018146467919,0.3093219626246826,0.3327515007024564,0.015296702612585866,0.013314457198080665,-0.26392779598961225,COMPAS,corrupt_30_shift_1.0,67,0.9510710528492805,True,1
Audit-guided reweighting,Random forest,2268,0.7240094267645514,0.6688269604666235,0.2942002657650839,0.28810081314657926,0.0211457217733243,0.006302029467116554,-0.1183734784452058,COMPAS,corrupt_30_shift_1.0,67,0.9510710528492805,True,1
Drop flagged block,Logistic regression,2268,0.724813923127787,0.6565132858068697,0.2940471985332459,0.29020392524160243,0.06190018755625937,0.016334073684746042,-0.3064753714504662,COMPAS,corrupt_30_shift_1.0,67,0.9510710528492805,True,1
Drop flagged block,Random forest,2268,0.7188492904494668,0.6558651976668827,0.24929605893929457,0.24121077951381498,0.06215370736837589,0.0011418931520319475,-0.16526351207797008,COMPAS,corrupt_30_shift_1.0,67,0.9510710528492805,True,1
Trusted reference only,Logistic regression,1389,0.7281234634882421,0.6824368114063513,0.23395569460564164,0.2705862318532079,-0.00884846952215479,0.019643614045201097,-0.32609306483886075,COMPAS,corrupt_30_shift_1.0,67,0.9510710528492805,True,1
Trusted reference only,Random forest,1389,0.7166570590529153,0.6785482825664291,0.23789843736858923,0.26143301119673035,-0.009053178953578267,-0.0010503382445194998,-0.1450412803950547,COMPAS,corrupt_30_shift_1.0,67,0.9510710528492805,True,1
Oracle (clean audit labels),Logistic regression,2268,0.72352706803886,0.6649384316267012,0.28121309986375337,0.32391332112903914,-0.0036866374577811944,0.015047218595819034,-0.2727659755630295,COMPAS,corrupt_30_shift_1.0,67,0.9510710528492805,True,1
Oracle (clean audit labels),Random forest,2268,0.7311532527424085,0.679196370706416,0.28121309986375337,0.2909872706373196,-0.013157394889221408,0.013445855444973676,-0.11548702095446545,COMPAS,corrupt_30_shift_1.0,67,0.9510710528492805,True,1
Baseline (audit labels),Logistic regression,2268,0.716731318355692,0.6487362281270252,0.6153466194897229,0.6307752986251972,0.12918704657591662,0.0,0.0,COMPAS,corrupt_30_shift_1.0,68,0.949865539245373,True,1
Baseline (audit labels),Random forest,2268,0.7154887937072356,0.6539209332469216,0.45461067260746696,0.4395800465780182,0.10104175880711208,0.0,0.0,COMPAS,corrupt_30_shift_1.0,68,0.949865539245373,True,1
Audit-guided reweighting,Logistic regression,2268,0.7316584505145197,0.6753078418664938,0.3643377250901369,0.3767673340119896,-0.0011917878619178701,0.014927132158827683,-0.2540079646132076,COMPAS,corrupt_30_shift_1.0,68,0.949865539245373,True,1
Audit-guided reweighting,Random forest,2268,0.7202391775766392,0.6636422553467272,0.2813899725473198,0.28006635750103687,-0.00143403567946776,0.004750383869403629,-0.15951368907698132,COMPAS,corrupt_30_shift_1.0,68,0.949865539245373,True,1
Drop flagged block,Logistic regression,2268,0.7364660780669146,0.662346079066753,0.2588229957359301,0.22189797534215583,0.04387062308231371,0.019734759711222516,-0.4088773232830414,COMPAS,corrupt_30_shift_1.0,68,0.949865539245373,True,1
Drop flagged block,Random forest,2268,0.7162548488766769,0.6642903434867142,0.2444935030896866,0.22192059721750934,0.04531907771684596,0.000766055169441282,-0.21765944936050885,COMPAS,corrupt_30_shift_1.0,68,0.949865539245373,True,1
Trusted reference only,Logistic regression,1389,0.7354516863315553,0.679196370706416,0.2809615494467462,0.29842777966293405,-0.034418449273472596,0.018720367975863295,-0.33234751896226317,COMPAS,corrupt_30_shift_1.0,68,0.949865539245373,True,1
Trusted reference only,Random forest,1389,0.7289562119497872,0.6727154893065457,0.2836715355691979,0.27540625117822265,-0.035244480993549265,0.013467418242551599,-0.16417379539979554,COMPAS,corrupt_30_shift_1.0,68,0.949865539245373,True,1
Oracle (clean audit labels),Logistic regression,2268,0.7317291632993912,0.6753078418664938,0.2969274503281217,0.2855936357124005,-0.016806121817761643,0.014997844943699157,-0.3451816629127967,COMPAS,corrupt_30_shift_1.0,68,0.949865539245373,True,1
Oracle (clean audit labels),Random forest,2268,0.7246612520877108,0.6655865197666883,0.25425818960158336,0.25307091957923317,-0.021469699227637862,0.009172458380475201,-0.18650912699878502,COMPAS,corrupt_30_shift_1.0,68,0.949865539245373,True,1
Baseline (audit labels),Logistic regression,2268,0.7160718737576897,0.6409591704471809,0.679922999518747,0.6850590372388737,0.10247694340541535,0.0,0.0,COMPAS,corrupt_30_shift_1.0,69,0.9597853417882092,True,1
Baseline (audit labels),Random forest,2268,0.7223423824058539,0.6571613739468568,0.43242770267314173,0.40169511203993963,0.07570970557009715,0.0,0.0,COMPAS,corrupt_30_shift_1.0,69,0.9597853417882092,True,1
Audit-guided reweighting,Logistic regression,2268,0.735655737704918,0.6753078418664938,0.327188102617949,0.3610820852200163,-0.02153675517412923,0.01958386394722833,-0.32397695201885746,COMPAS,corrupt_30_shift_1.0,69,0.9597853417882092,True,1
Audit-guided reweighting,Random forest,2268,0.7281867154494552,0.6701231367465975,0.2498695905310947,0.2683617787066063,-0.017478917914911074,0.005844333043601324,-0.1333333333333333,COMPAS,corrupt_30_shift_1.0,69,0.9597853417882092,True,1
Drop flagged block,Logistic regression,2268,0.7379651715146248,0.6759559300064809,0.2366553252496289,0.20264716126785087,0.01926996573917572,0.02189329775693516,-0.48241187597102286,COMPAS,corrupt_30_shift_1.0,69,0.9597853417882092,True,1
Drop flagged block,Random forest,2268,0.725782108036358,0.6714193130265717,0.21080900986400397,0.18704284221525602,0.02765798575840872,0.003439725630504098,-0.2146522698246836,COMPAS,corrupt_30_shift_1.0,69,0.9597853417882092,True,1
Trusted reference only,Logistic regression,1389,0.7323844609299723,0.6694750486066104,0.21805136282101767,0.2174619760826657,-0.030490367041429378,0.016312587172282678,-0.467597061156208,COMPAS,corrupt_30_shift_1.0,69,0.9597853417882092,True,1
Trusted reference only,Random forest,1389,0.7261004763733634,0.6668826960466624,0.21979632565011226,0.24177406246371763,-0.03563341659310182,0.0037580939675094793,-0.159921049576222,COMPAS,corrupt_30_shift_1.0,69,0.9597853417882092,True,1
Oracle (clean audit labels),Logistic regression,2268,0.7364962974941549,0.6759559300064809,0.1489141518672953,0.1646812957157785,-0.0629149908068336,0.020424423736465247,-0.5203777415230952,COMPAS,corrupt_30_shift_1.0,69,0.9597853417882092,True,1
Oracle (clean audit labels),Random forest,2268,0.7298686772722066,0.679196370706416,0.2102469871205926,0.2286311389759666,-0.06124250754765065,0.007526294866352701,-0.17306397306397303,COMPAS,corrupt_30_shift_1.0,69,0.9597853417882092,True,1
Baseline (audit labels),Logistic regression,2268,0.6860580744419921,0.6215165262475697,0.6722429435483871,0.6643572643572644,0.1753515875445319,0.0,0.0,COMPAS,corrupt_30_shift_1.0,70,0.9302395895167349,True,1
Baseline (audit labels),Random forest,2268,0.6909601522816666,0.6338302009073234,0.5075604838709677,0.48978048978048977,0.1450495522274738,0.0,0.0,COMPAS,corrupt_30_shift_1.0,70,0.9302395895167349,True,1
Audit-guided reweighting,Logistic regression,2268,0.7071810152793365,0.6733635774465327,0.3282694892473118,0.3936875011101046,0.027554871758268262,0.02112294083734445,-0.2706697632471598,COMPAS,corrupt_30_shift_1.0,70,0.9302395895167349,True,1
Audit-guided reweighting,Random forest,2268,0.7037304573566987,0.6629941672067401,0.29480342741935484,0.3468588479778334,0.0317973759046149,0.012770305075032073,-0.14292164180265637,COMPAS,corrupt_30_shift_1.0,70,0.9302395895167349,True,1
Drop flagged block,Logistic regression,2268,0.71458359628984,0.6642903434867142,0.2833585349462366,0.2894708797357063,0.09302109533753139,0.028525521847847957,-0.3748863846215581,COMPAS,corrupt_30_shift_1.0,70,0.9302395895167349,True,1
Drop flagged block,Random forest,2268,0.701712657048997,0.6474400518470512,0.2599563172043011,0.2458748512459814,0.09527580095066296,0.010752504767330362,-0.24390563853450836,COMPAS,corrupt_30_shift_1.0,70,0.9302395895167349,True,1
Trusted reference only,Logistic regression,1389,0.7055606346433969,0.659753726506805,0.2884106182795698,0.3418766984600629,0.010314797048952051,0.01950256020140484,-0.3224805658972015,COMPAS,corrupt_30_shift_1.0,70,0.9302395895167349,True,1
Trusted reference only,Random forest,1389,0.7121086780764205,0.6707712248865846,0.2430729166666667,0.2623754462620558,-0.00346555611160565,0.021148525794753903,-0.227405043518434,COMPAS,corrupt_30_shift_1.0,70,0.9302395895167349,True,1
Oracle (clean audit labels),Logistic regression,2268,0.7064919270931054,0.6694750486066104,0.31847614247311823,0.36949610131258764,0.03298119214171985,0.020433852651113305,-0.29486116304467674,COMPAS,corrupt_30_shift_1.0,70,0.9302395895167349,True,1
Oracle (clean audit labels),Random forest,2268,0.7083903309328958,0.6662346079066753,0.2627688172043011,0.32139748849931615,0.025383319979378094,0.0174301786512292,-0.16838300128117362,COMPAS,corrupt_30_shift_1.0,70,0.9302395895167349,True,1
Baseline (audit labels),Logistic regression,2268,0.704311846985199,0.6254050550874919,0.6900245672170485,0.6926704973570537,0.13960002917995684,0.0,0.0,COMPAS,corrupt_30_shift_1.0,72,0.9540011493309566,True,1
Baseline (audit labels),Random forest,2268,0.7171611103200917,0.6539209332469216,0.5214198574362042,0.4896375230743414,0.11751273856688083,0.0,0.0,COMPAS,corrupt_30_shift_1.0,72,0.9540011493309566,True,1
Audit-guided reweighting,Logistic regression,2268,0.7227259321034112,0.6616979909267661,0.3418254349674509,0.40332270515187113,0.012783403064912546,0.018414085118212187,-0.28934779220518253,COMPAS,corrupt_30_shift_1.0,72,0.9540011493309566,True,1
Audit-guided reweighting,Random forest,2268,0.7238802554766797,0.6772521062864549,0.28243729646346344,0.2978603792582648,0.022520572601812505,0.006719145156588002,-0.19177714381607658,COMPAS,corrupt_30_shift_1.0,72,0.9540011493309566,True,1
Drop flagged block,Logistic regression,2268,0.7282110869285167,0.6578094620868438,0.22881791692852654,0.21930693069306928,0.05544220368559927,0.023899239943317663,-0.4733635666639844,COMPAS,corrupt_30_shift_1.0,72,0.9540011493309566,True,1
Drop flagged block,Random forest,2268,0.7160000067801666,0.6539209332469216,0.21038578260533486,0.18621412988756503,0.06254544555435249,-0.0011611035399250458,-0.30342339318677636,COMPAS,corrupt_30_shift_1.0,72,0.9540011493309566,True,1
Trusted reference only,Logistic regression,1389,0.7257397161822238,0.6642903434867142,0.2533162382247077,0.2955445544554455,-0.010691611290209013,0.021427869197024774,-0.3971259429016082,COMPAS,corrupt_30_shift_1.0,72,0.9540011493309566,True,1
Trusted reference only,Random forest,1389,0.7192155008170101,0.6675307841866494,0.22905485110115575,0.2632069139117301,-0.013210694106207121,0.002054390496918468,-0.22643060916261126,COMPAS,corrupt_30_shift_1.0,72,0.9540011493309566,True,1
Oracle (clean audit labels),Logistic regression,2268,0.7233259768525111,0.6584575502268308,0.2696226865310485,0.32228561839234776,-0.014245274323584245,0.019014129867312102,-0.3703848789647059,COMPAS,corrupt_30_shift_1.0,72,0.9540011493309566,True,1
Oracle (clean audit labels),Random forest,2268,0.7276432479710352,0.677900194426442,0.27771877762131536,0.2819852324215472,-0.012938272981459997,0.010482137650943524,-0.20765229065279417,COMPAS,corrupt_30_shift_1.0,72,0.9540011493309566,True,1
Baseline (audit labels),Logistic regression,2268,0.7053115848977123,0.627349319507453,0.6900804876406008,0.676213064970186,0.15292516816438906,0.0,0.0,COMPAS,corrupt_30_shift_1.0,73,0.9472682036943504,True,1
Baseline (audit labels),Random forest,2268,0.7098730831685724,0.661049902786779,0.46453155519633593,0.4395407088865737,0.11572794531318598,0.0,0.0,COMPAS,corrupt_30_shift_1.0,73,0.9472682036943504,True,1
Audit-guided reweighting,Logistic regression,2268,0.7267712643443875,0.6668826960466624,0.37090489661211024,0.40931128900050573,0.019558128521792728,0.02145967944667526,-0.26690177596968023,COMPAS,corrupt_30_shift_1.0,73,0.9472682036943504,True,1
Audit-guided reweighting,Random forest,2268,0.7166214848182195,0.6642903434867142,0.27182259042230755,0.2575820994436597,0.01488971848702425,0.006748401649647073,-0.18195860944291403,COMPAS,corrupt_30_shift_1.0,73,0.9472682036943504,True,1
Drop flagged block,Logistic regression,2268,0.7297896156485464,0.6578094620868438,0.26088266989964304,0.24356022951219936,0.06402132470012967,0.0244780307508341,-0.4326528354579866,COMPAS,corrupt_30_shift_1.0,73,0.9472682036943504,True,1
Drop flagged block,Random forest,2268,0.7144558135110712,0.6565132858068697,0.1987724792887452,0.17259991576707379,0.053953416846415636,0.004582730342498786,-0.2669407931194999,COMPAS,corrupt_30_shift_1.0,73,0.9472682036943504,True,1
Trusted reference only,Logistic regression,1389,0.7225316442795703,0.659753726506805,0.2929514380009429,0.3164338408413122,0.002493060908411837,0.017220059381858,-0.35977922412887375,COMPAS,corrupt_30_shift_1.0,73,0.9472682036943504,True,1
Trusted reference only,Random forest,1389,0.7066347676022368,0.6707712248865846,0.25063480837879704,0.24776330246429135,-0.016908140792378623,-0.003238315566335692,-0.19177740642228236,COMPAS,corrupt_30_shift_1.0,73,0.9472682036943504,True,1
Oracle (clean audit labels),Logistic regression,2268,0.7282286337416686,0.6668826960466624,0.30656529938708155,0.3189016201887023,0.0036583952826493293,0.02291704884395629,-0.3573114447814837,COMPAS,corrupt_30_shift_1.0,73,0.9472682036943504,True,1
Oracle (clean audit labels),Random forest,2268,0.7215371340440132,0.6707712248865846,0.2952061022428774,0.2817105286105443,-0.006716322302019906,0.011664050875440757,-0.1578301802760294,COMPAS,corrupt_30_shift_1.0,73,0.9472682036943504,True,1
Baseline (audit labels),Logistic regression,2268,0.6955525788134593,0.6312378483473753,0.6082933319859195,0.5909041268762665,0.12232771693060618,0.0,0.0,COMPAS,corrupt_30_shift_1.0,75,0.9404285390312953,True,1
Baseline (audit labels),Random forest,2268,0.7092857503917505,0.6403110823071938,0.42182641941623295,0.39704044363009794,0.09597054383334469,0.0,0.0,COMPAS,corrupt_30_shift_1.0,75,0.9404285390312953,True,1
Audit-guided reweighting,Logistic regression,2268,0.7166447623380343,0.6519766688269605,0.2518249035756994,0.27734615858922185,-0.02567312030513913,0.02109218352457498,-0.31355796828704463,COMPAS,corrupt_30_shift_1.0,75,0.9404285390312953,True,1
Audit-guided reweighting,Random forest,2268,0.7251495391666245,0.6668826960466624,0.25593283142169,0.2680201011222099,-0.016338138348390152,0.015863788774874044,-0.12902034250788802,COMPAS,corrupt_30_shift_1.0,75,0.9404285390312953,True,1
Drop flagged block,Logistic regression,2268,0.721391261857824,0.6493843162670123,0.2020935442035942,0.18228203230977924,0.04510585185137894,0.025838683044364652,-0.40862209456648724,COMPAS,corrupt_30_shift_1.0,75,0.9404285390312953,True,1
Drop flagged block,Random forest,2268,0.7210509022898448,0.6390149060272197,0.15545449951998386,0.14286595141201142,0.045959679619582916,0.01176515189809435,-0.2541744922180865,COMPAS,corrupt_30_shift_1.0,75,0.9404285390312953,True,1
Trusted reference only,Logistic regression,1389,0.7151687475778868,0.6480881399870383,0.16892695332895424,0.1945677642126033,-0.04475779410464331,0.01961616876442751,-0.3963363626636632,COMPAS,corrupt_30_shift_1.0,75,0.9404285390312953,True,1
Trusted reference only,Random forest,1389,0.7213331311395306,0.6655865197666883,0.19992083943880212,0.1916389197188309,-0.04691334704299743,0.012047380747780112,-0.20540152391126704,COMPAS,corrupt_30_shift_1.0,75,0.9404285390312953,True,1
Oracle (clean audit labels),Logistic regression,2268,0.7187206187130364,0.6493843162670123,0.2302612298519529,0.26643235910716484,-0.01690019965363676,0.023168039899577053,-0.32447176776910164,COMPAS,corrupt_30_shift_1.0,75,0.9404285390312953,True,1
Oracle (clean audit labels),Random forest,2268,0.7174602773424995,0.6668826960466624,0.242809020935442,0.2591256628437539,-0.02626569157936315,0.00817452695074905,-0.13791478078634406,COMPAS,corrupt_30_shift_1.0,75,0.9404285390312953,True,1
Baseline (audit labels),Logistic regression,2268,0.7092357151810184,0.6344782890473104,0.6760501529422454,0.7021800402645959,0.1236861890347859,0.0,0.0,COMPAS,corrupt_30_shift_1.0,77,0.9424668956461121,True,1
Baseline (audit labels),Random forest,2268,0.7125555995948387,0.6403110823071938,0.41459126226987153,0.4049870578084555,0.09095195689275715,0.0,0.0,COMPAS,corrupt_30_shift_1.0,77,0.9424668956461121,True,1
Audit-guided reweighting,Logistic regression,2268,0.7191970622410575,0.6785482825664291,0.3255936817522571,0.3047397649489862,-0.02236709581606866,0.00996134706003915,-0.3974402753156097,COMPAS,corrupt_30_shift_1.0,77,0.9424668956461121,True,1
Audit-guided reweighting,Random forest,2268,0.7173245458025482,0.6740116655865198,0.26884857539934925,0.22246764452113893,-0.013562634169656862,0.004768946207709512,-0.18251941328731658,COMPAS,corrupt_30_shift_1.0,77,0.9424668956461121,True,1
Drop flagged block,Logistic regression,2268,0.7189743250979874,0.6500324044069994,0.25987226209825326,0.2171757262007477,0.044757571799415086,0.009738609916969065,-0.4850043140638482,COMPAS,corrupt_30_shift_1.0,77,0.9424668956461121,True,1
Drop flagged block,Random forest,2268,0.7124632864823115,0.6377187297472456,0.2265766175030538,0.20830601092896173,0.04707908312324782,-9.23131125272203e-05,-0.19668104687949378,COMPAS,corrupt_30_shift_1.0,77,0.9424668956461121,True,1
Trusted reference only,Logistic regression,1389,0.7237381898499615,0.6837329876863253,0.22133552735630327,0.19083042748288775,-0.03949026886659546,0.014502474668943166,-0.5113496127817081,COMPAS,corrupt_30_shift_1.0,77,0.9424668956461121,True,1
Trusted reference only,Random forest,1389,0.7186990795789844,0.6856772521062865,0.22937971740176533,0.23654914115975717,-0.04231050676810466,0.006143479984145661,-0.16843791664869834,COMPAS,corrupt_30_shift_1.0,77,0.9424668956461121,True,1
Oracle (clean audit labels),Logistic regression,2268,0.7172407017829134,0.6701231367465975,0.28760208768688733,0.27971070644453055,-0.028689774080193353,0.008004986601895081,-0.42246933382006535,COMPAS,corrupt_30_shift_1.0,77,0.9424668956461121,True,1
Oracle (clean audit labels),Random forest,2268,0.7163793950357565,0.6817887232663642,0.2658402064804439,0.2145938266821646,-0.03266035064234718,0.003823795440917821,-0.19039323112629092,COMPAS,corrupt_30_shift_1.0,77,0.9424668956461121,True,1
Baseline (audit labels),Logistic regression,2268,0.7167189820440125,0.6500324044069994,0.5571731938709232,0.5341734352603917,0.1172805761395691,0.0,0.0,COMPAS,corrupt_30_shift_1.0,78,0.9427585697042785,True,1
Baseline (audit labels),Random forest,2268,0.73165164709059,0.6707712248865846,0.44406022729949757,0.4214823220258003,0.08799705158632098,0.0,0.0,COMPAS,corrupt_30_shift_1.0,78,0.9427585697042785,True,1
Audit-guided reweighting,Logistic regression,2268,0.730972390981504,0.679196370706416,0.26716272745935427,0.31481421804002446,-0.028606635366641542,0.014253408937491496,-0.21935921722036728,COMPAS,corrupt_30_shift_1.0,78,0.9427585697042785,True,1
Audit-guided reweighting,Random forest,2268,0.736992034561901,0.6798444588464031,0.29303933149582184,0.28326512197479936,-0.022744000944975973,0.005340387471310937,-0.13821720005100097,COMPAS,corrupt_30_shift_1.0,78,0.9427585697042785,True,1
Drop flagged block,Logistic regression,2268,0.7320802956662616,0.6694750486066104,0.2936737104606904,0.2575005639521768,0.04730342204054361,0.015361313622249129,-0.27667287130821494,COMPAS,corrupt_30_shift_1.0,78,0.9427585697042785,True,1
Drop flagged block,Random forest,2268,0.7289835628459566,0.6688269604666235,0.28566404501566595,0.2490504061156235,0.0469596036188239,-0.002668084244633495,-0.17243191591017681,COMPAS,corrupt_30_shift_1.0,78,0.9427585697042785,True,1
Trusted reference only,Logistic regression,1389,0.7257914810314567,0.6662346079066753,0.21240252943888593,0.2329767007186362,-0.04782117356983795,0.009072498987444222,-0.30119673454175555,COMPAS,corrupt_30_shift_1.0,78,0.9427585697042785,True,1
Trusted reference only,Random forest,1389,0.7196486431753747,0.6714193130265717,0.28004213487872764,0.291692178788953,-0.040623908422202204,-0.01200300391521536,-0.12979014323684734,COMPAS,corrupt_30_shift_1.0,78,0.9427585697042785,True,1
Oracle (clean audit labels),Logistic regression,2268,0.7314347914135277,0.6766040181464679,0.2770351449311943,0.2927234056266314,-0.01875025709249145,0.01471580936951522,-0.24145002963376033,COMPAS,corrupt_30_shift_1.0,78,0.9427585697042785,True,1
Oracle (clean audit labels),Random forest,2268,0.7364891319022546,0.679196370706416,0.31058319114494465,0.33094325029808896,-0.024779012174246273,0.004837484811664572,-0.09053907172771136,COMPAS,corrupt_30_shift_1.0,78,0.9427585697042785,True,1
Baseline (audit labels),Logistic regression,2268,0.7013612319506566,0.6163318211276734,0.7331350806451613,0.7250160817038676,0.13704453091006008,0.0,0.0,COMPAS,corrupt_30_shift_1.0,79,0.9543825708615165,True,1
Baseline (audit labels),Random forest,2268,0.7097400077609624,0.642903434867142,0.5659425403225806,0.5568675484433792,0.10348931527968075,0.0,0.0,COMPAS,corrupt_30_shift_1.0,79,0.9543825708615165,True,1
Audit-guided reweighting,Logistic regression,2268,0.7209304304610964,0.6753078418664938,0.35163642473118273,0.47563952310037627,0.006657265620368613,0.01956919851043981,-0.24937655860349128,COMPAS,corrupt_30_shift_1.0,79,0.9543825708615165,True,1
Audit-guided reweighting,Random forest,2268,0.7196292778901074,0.6694750486066104,0.35346774193548386,0.40309121189957975,0.00487881871728213,0.009889270129145089,-0.1537763365437994,COMPAS,corrupt_30_shift_1.0,79,0.9543825708615165,True,1
Drop flagged block,Logistic regression,2268,0.7314273022486368,0.6604018146467919,0.24573924731182795,0.26838381079104356,0.05429708907374964,0.030066070297980252,-0.456632270912824,COMPAS,corrupt_30_shift_1.0,79,0.9543825708615165,True,1
Drop flagged block,Random forest,2268,0.7108054381199409,0.6435515230071289,0.24860215053763435,0.25113012521699285,0.055560854517742175,0.0010654303589785474,-0.3057374232263863,COMPAS,corrupt_30_shift_1.0,79,0.9543825708615165,True,1
Trusted reference only,Logistic regression,1389,0.7191416647945046,0.6642903434867142,0.2732795698924731,0.3401126159865354,0.004749751010543424,0.017780432843848004,-0.38490346571733214,COMPAS,corrupt_30_shift_1.0,79,0.9543825708615165,True,1
Trusted reference only,Random forest,1389,0.7165478694796752,0.661049902786779,0.2356014784946237,0.29106562216367204,-0.013141034836500975,0.006807861718712838,-0.2658019262797071,COMPAS,corrupt_30_shift_1.0,79,0.9543825708615165,True,1
Oracle (clean audit labels),Logistic regression,2268,0.724941962978848,0.6675307841866494,0.27897849462365587,0.3733863221804147,-0.00886885624632816,0.02358073102819147,-0.3516297595234529,COMPAS,corrupt_30_shift_1.0,79,0.9543825708615165,True,1
Oracle (clean audit labels),Random forest,2268,0.7239386543580526,0.6753078418664938,0.2974546370967742,0.37379166923680196,-0.017490108062667042,0.014198646597090248,-0.1830758792065772,COMPAS,corrupt_30_shift_1.0,79,0.9543825708615165,True,1
Baseline (audit labels),Logistic regression,2268,0.6895989555323301,0.626053143227479,0.7080238492243949,0.7060333315991191,0.13962255983202976,0.0,0.0,COMPAS,corrupt_30_shift_1.0,80,0.951452813363362,True,1
Baseline (audit labels),Random forest,2268,0.6969656996546627,0.6416072585871678,0.5154514678389166,0.5066333697518339,0.10626863061336955,0.0,0.0,COMPAS,corrupt_30_shift_1.0,80,0.951452813363362,True,1
Audit-guided reweighting,Logistic regression,2268,0.7086567699296134,0.6545690213869086,0.33493507149714513,0.35587462183206864,0.005680615019141855,0.019057814397283268,-0.35015870976705044,COMPAS,corrupt_30_shift_1.0,80,0.951452813363362,True,1
Audit-guided reweighting,Random forest,2268,0.7045810460235479,0.6591056383668179,0.25911778080945885,0.24368893517829687,0.006636462264072551,0.0076153463688851675,-0.26294443457353706,COMPAS,corrupt_30_shift_1.0,80,0.951452813363362,True,1
Drop flagged block,Logistic regression,2268,0.7146299885338556,0.6506804925469863,0.2641486871136712,0.23991138884755903,0.05410095280708105,0.025031033001525538,-0.46612194275156005,COMPAS,corrupt_30_shift_1.0,80,0.951452813363362,True,1
Drop flagged block,Random forest,2268,0.6986340405813573,0.6461438755670771,0.23173327943678101,0.2081057177045939,0.05275734025657952,0.0016683409266945448,-0.29852765204724,COMPAS,corrupt_30_shift_1.0,80,0.951452813363362,True,1
Trusted reference only,Logistic regression,1389,0.7132077130960958,0.6584575502268308,0.30036717026257725,0.31814875431896705,-0.009057200789687747,0.02360875756376568,-0.387884577280152,COMPAS,corrupt_30_shift_1.0,80,0.951452813363362,True,1
Trusted reference only,Random forest,1389,0.7145987018565683,0.6668826960466624,0.2869216647297593,0.2892426722213956,-0.00961633104718751,0.017633002201905557,-0.21739069753043833,COMPAS,corrupt_30_shift_1.0,80,0.951452813363362,True,1
Oracle (clean audit labels),Logistic regression,2268,0.7118632315586177,0.6552171095268956,0.27924982736260584,0.28864752269007593,-0.014806882540990496,0.022264276026287666,-0.41738580890904314,COMPAS,corrupt_30_shift_1.0,80,0.951452813363362,True,1
Oracle (clean audit labels),Random forest,2268,0.7092554447274337,0.6636422553467272,0.26398362892223737,0.25727818281009773,-0.01830845733943076,0.01228974507277103,-0.2493551869417362,COMPAS,corrupt_30_shift_1.0,80,0.951452813363362,True,1
Baseline (audit labels),Logistic regression,2268,0.7053995508149113,0.6208684381075826,0.7206123822341858,0.7338780570269356,0.15767249690458662,0.0,0.0,COMPAS,corrupt_30_shift_1.0,81,0.9156380452846532,True,1
Baseline (audit labels),Random forest,2268,0.7106649228514432,0.6435515230071289,0.5793758411843877,0.585788346669672,0.1303689641272996,0.0,0.0,COMPAS,corrupt_30_shift_1.0,81,0.9156380452846532,True,1
Audit-guided reweighting,Logistic regression,2268,0.7303761416222231,0.6720674011665586,0.3175336473755047,0.3636645962732919,-0.01790947570216006,0.024976590807311738,-0.37021346075364375,COMPAS,corrupt_30_shift_1.0,81,0.9156380452846532,True,1
Audit-guided reweighting,Random forest,2268,0.723837682693482,0.6727154893065457,0.29571500672947515,0.30910973084886123,-0.005041939685447083,0.013172759842038806,-0.2766786158208108,COMPAS,corrupt_30_shift_1.0,81,0.9156380452846532,True,1
Drop flagged block,Logistic regression,2268,0.7303464560517853,0.6526247569669476,0.24690948855989236,0.22960662525879916,0.06505477791472092,0.02494690523687393,-0.5042714317681365,COMPAS,corrupt_30_shift_1.0,81,0.9156380452846532,True,1
Drop flagged block,Random forest,2268,0.7214178846232139,0.6558651976668827,0.23123485868102284,0.20382621435816523,0.06548487720340646,0.010752961771770653,-0.38196213231150683,COMPAS,corrupt_30_shift_1.0,81,0.9156380452846532,True,1
Trusted reference only,Logistic regression,1389,0.7294974487372606,0.6753078418664938,0.18109858681022878,0.20683229813664594,-0.03960004775815623,0.024097897922349287,-0.5270457588902897,COMPAS,corrupt_30_shift_1.0,81,0.9156380452846532,True,1
Trusted reference only,Random forest,1389,0.7199565063985126,0.6766040181464679,0.23187247644683714,0.24803312629399582,-0.0381194652310487,0.009291583547069382,-0.33775522037567624,COMPAS,corrupt_30_shift_1.0,81,0.9156380452846532,True,1
Oracle (clean audit labels),Logistic regression,2268,0.7228478809591663,0.6591056383668179,0.31388963660834457,0.3702898550724637,0.006722122444937861,0.017448330144254953,-0.36358820195447195,COMPAS,corrupt_30_shift_1.0,81,0.9156380452846532,True,1
Oracle (clean audit labels),Random forest,2268,0.731326928035392,0.6772521062864549,0.2743758411843877,0.26180124223602486,-0.006899251548133867,0.020662005183948784,-0.3239871044336472,COMPAS,corrupt_30_shift_1.0,81,0.9156380452846532,True,1
Baseline (audit labels),Logistic regression,2268,0.6942686220228313,0.6247569669475048,0.6862773176632321,0.6730818057177677,0.13171419837319287,0.0,0.0,COMPAS,corrupt_30_shift_1.0,83,0.9573922046577148,True,1
Baseline (audit labels),Random forest,2268,0.6884100080983732,0.6454957874270901,0.53071573456969,0.5142605663602973,0.10810665689335741,0.0,0.0,COMPAS,corrupt_30_shift_1.0,83,0.9573922046577148,True,1
Audit-guided reweighting,Logistic regression,2268,0.7125560363376378,0.6759559300064809,0.36634982782206704,0.4415105198124545,0.0071909384407544685,0.018287414314806405,-0.23157128590531317,COMPAS,corrupt_30_shift_1.0,83,0.9573922046577148,True,1
Audit-guided reweighting,Random forest,2268,0.6965981749858532,0.6753078418664938,0.3125956076095234,0.36731325851825525,0.012318637502345076,0.00818816688748003,-0.14694730784204202,COMPAS,corrupt_30_shift_1.0,83,0.9573922046577148,True,1
Drop flagged block,Logistic regression,2268,0.7152210449273348,0.6500324044069994,0.3004538623789531,0.30668257756563244,0.05900554846083794,0.020952422904503498,-0.3663992281521352,COMPAS,corrupt_30_shift_1.0,83,0.9573922046577148,True,1
Drop flagged block,Random forest,2268,0.7043449974756117,0.6571613739468568,0.2728177879010465,0.26051558083244464,0.06186825486198344,0.015934989377238584,-0.25374498552785263,COMPAS,corrupt_30_shift_1.0,83,0.9573922046577148,True,1
Trusted reference only,Logistic regression,1389,0.7069193652772929,0.6480881399870383,0.29166975531190825,0.32339748472384433,0.005443901823061759,0.012650743254461583,-0.3496843209939233,COMPAS,corrupt_30_shift_1.0,83,0.9573922046577148,True,1
Trusted reference only,Random forest,1389,0.6937493434896195,0.6552171095268956,0.2799037016570863,0.29025542070786575,-0.0013846352600985767,0.005339335391246314,-0.22400514565243151,COMPAS,corrupt_30_shift_1.0,83,0.9573922046577148,True,1
Oracle (clean audit labels),Logistic regression,2268,0.7150177384869256,0.6759559300064809,0.3113573416535821,0.38722727195788686,0.005020967815336674,0.020749116464094275,-0.2858545337598808,COMPAS,corrupt_30_shift_1.0,83,0.9573922046577148,True,1
Oracle (clean audit labels),Random forest,2268,0.6992403116010042,0.6688269604666235,0.27907482158861935,0.3209431439259297,0.0014170891025800936,0.010830303502631033,-0.19331742243436756,COMPAS,corrupt_30_shift_1.0,83,0.9573922046577148,True,1
Baseline (audit labels),Logistic regression,2268,0.7048666823973573,0.6331821127673364,0.5809752724083258,0.5768070250861814,0.09147561123803738,0.0,0.0,COMPAS,corrupt_30_shift_1.0,84,0.9690225004316323,True,1
Baseline (audit labels),Random forest,2268,0.7073948290972831,0.6506804925469863,0.3998616874135546,0.3948983734982923,0.07378494906540312,0.0,0.0,COMPAS,corrupt_30_shift_1.0,84,0.9690225004316323,True,1
Audit-guided reweighting,Logistic regression,2268,0.7118443672891526,0.6604018146467919,0.3614782579361063,0.43301726814588354,-0.013335322870073885,0.006977684891795288,-0.14378975694029789,COMPAS,corrupt_30_shift_1.0,84,0.9690225004316323,True,1
Audit-guided reweighting,Random forest,2268,0.7118738623339851,0.6675307841866494,0.305424552170833,0.34313374254619566,-0.007591741396016816,0.004479033236701957,-0.05176463095209666,COMPAS,corrupt_30_shift_1.0,84,0.9690225004316323,True,1
Drop flagged block,Logistic regression,2268,0.7104050091013281,0.6558651976668827,0.23409573929764194,0.23139633937599025,0.023755070679074675,0.005538326703970808,-0.3454106857101912,COMPAS,corrupt_30_shift_1.0,84,0.9690225004316323,True,1
Drop flagged block,Random forest,2268,0.7054574260095733,0.6552171095268956,0.22883142731842254,0.21827605149394547,0.027435750327426622,-0.0019374030877098436,-0.17662232200434685,COMPAS,corrupt_30_shift_1.0,84,0.9690225004316323,True,1
Trusted reference only,Logistic regression,1389,0.7109881682734444,0.661049902786779,0.2916084741760281,0.347910546386746,-0.0256879853990839,0.006121485876087074,-0.2288964786994354,COMPAS,corrupt_30_shift_1.0,84,0.9690225004316323,True,1
Trusted reference only,Random forest,1389,0.7110522146565091,0.661049902786779,0.22621529534797424,0.2654469894193795,-0.034988820131020115,0.003657385559226012,-0.12945138407891282,COMPAS,corrupt_30_shift_1.0,84,0.9690225004316323,True,1
Oracle (clean audit labels),Logistic regression,2268,0.7096044293130183,0.6578094620868438,0.2173818439429208,0.25446034058611383,-0.047077375777138386,0.004737746915660979,-0.3223466845000676,COMPAS,corrupt_30_shift_1.0,84,0.9690225004316323,True,1
Oracle (clean audit labels),Random forest,2268,0.709741791950381,0.6545690213869086,0.23452923118442803,0.27551012284347215,-0.040535145832540365,0.002346962853097878,-0.11938825065482017,COMPAS,corrupt_30_shift_1.0,84,0.9690225004316323,True,1
Baseline (audit labels),Logistic regression,2268,0.710791312272175,0.6377187297472456,0.6538667025083584,0.6447799773042492,0.10232340225894987,0.0,0.0,COMPAS,corrupt_30_shift_1.0,86,0.9630783967542911,True,1
Baseline (audit labels),Random forest,2268,0.7180226474956123,0.6701231367465975,0.45414391559281597,0.4704955238935821,0.07372597396049518,0.0,0.0,COMPAS,corrupt_30_shift_1.0,86,0.9630783967542911,True,1
Audit-guided reweighting,Logistic regression,2268,0.729980930201161,0.6720674011665586,0.29426756942927706,0.35011347875425547,-0.010804323330597887,0.01918961792898599,-0.2946664985499937,COMPAS,corrupt_30_shift_1.0,86,0.9630783967542911,True,1
Audit-guided reweighting,Random forest,2268,0.7259501147563117,0.6811406351263772,0.2606424623242217,0.30138065817677473,-0.01025876049603991,0.007927467260699372,-0.1691148657168074,COMPAS,corrupt_30_shift_1.0,86,0.9630783967542911,True,1
Drop flagged block,Logistic regression,2268,0.7326203253678952,0.677900194426442,0.24685069135263182,0.24747824990543432,0.022430159540525074,0.021829013095720273,-0.39730172739881486,COMPAS,corrupt_30_shift_1.0,86,0.9630783967542911,True,1
Drop flagged block,Random forest,2268,0.7239309099500472,0.6785482825664291,0.22213000453621407,0.2208107426554029,0.025665859056976048,0.005908262454434876,-0.24968478123817922,COMPAS,corrupt_30_shift_1.0,86,0.9630783967542911,True,1
Trusted reference only,Logistic regression,1389,0.7159620966653166,0.6604018146467919,0.229771005191445,0.2404488715168327,-0.0217347427768797,0.00517078439314167,-0.4043311057874165,COMPAS,corrupt_30_shift_1.0,86,0.9630783967542911,True,1
Trusted reference only,Random forest,1389,0.7129750573781557,0.6545690213869086,0.15326859427764988,0.14808977430336656,-0.026681040817249646,-0.005047590117456591,-0.32240574959021556,COMPAS,corrupt_30_shift_1.0,86,0.9630783967542911,True,1
Oracle (clean audit labels),Logistic regression,2268,0.7319149115701364,0.6662346079066753,0.23053040103492886,0.2935947547598033,-0.0384481449365483,0.02112359929796148,-0.3511852225444459,COMPAS,corrupt_30_shift_1.0,86,0.9630783967542911,True,1
Oracle (clean audit labels),Random forest,2268,0.7320701701093559,0.6753078418664938,0.22294988323448864,0.26339679737737987,-0.04352938591473837,0.014047522613743646,-0.20709872651620226,COMPAS,corrupt_30_shift_1.0,86,0.9630783967542911,True,1
Baseline (audit labels),Logistic regression,2268,0.7062488788706461,0.6331821127673364,0.6880837234625324,0.6846525567455799,0.13952539857674484,0.0,0.0,COMPAS,corrupt_30_shift_1.0,89,0.9481173764559154,True,1
Baseline (audit labels),Random forest,2268,0.7161528932752546,0.6519766688269605,0.515325103931763,0.5202123457937411,0.11147544593265413,0.0,0.0,COMPAS,corrupt_30_shift_1.0,89,0.9481173764559154,True,1
Audit-guided reweighting,Logistic regression,2268,0.7234101962695585,0.6772521062864549,0.3755692301487812,0.42133506113769276,0.005264267188234251,0.017161317398912357,-0.26331749560788714,COMPAS,corrupt_30_shift_1.0,89,0.9481173764559154,True,1
Audit-guided reweighting,Random forest,2268,0.72565414724786,0.6772521062864549,0.30215828547039003,0.30042198298777245,0.005337752145342267,0.009501253972605483,-0.21979036280596864,COMPAS,corrupt_30_shift_1.0,89,0.9481173764559154,True,1
Drop flagged block,Logistic regression,2268,0.7229448218208157,0.659753726506805,0.2792714526249282,0.26679625199362045,0.05612924161023869,0.016695942950169518,-0.41785630475195945,COMPAS,corrupt_30_shift_1.0,89,0.9481173764559154,True,1
Drop flagged block,Random forest,2268,0.7175786313591302,0.6649384316267012,0.2411552977472769,0.21200491759702278,0.05350531325129071,0.001425738083875694,-0.3082074281967183,COMPAS,corrupt_30_shift_1.0,89,0.9481173764559154,True,1
Trusted reference only,Logistic regression,1389,0.7180592362443774,0.661049902786779,0.2827296833147931,0.28691520467836257,-0.007405037050898899,0.011810357373731262,-0.39773735206721733,COMPAS,corrupt_30_shift_1.0,89,0.9481173764559154,True,1
Trusted reference only,Random forest,1389,0.7136669475836066,0.6688269604666235,0.299345322314494,0.3116028708133971,-0.019112198461750607,-0.0024859456916479505,-0.208609474980344,COMPAS,corrupt_30_shift_1.0,89,0.9481173764559154,True,1
Oracle (clean audit labels),Logistic regression,2268,0.7219954579453802,0.6753078418664938,0.3101753985031137,0.3452452153110048,-0.015872117410234976,0.01574657907473409,-0.33940734143457507,COMPAS,corrupt_30_shift_1.0,89,0.9481173764559154,True,1
Oracle (clean audit labels),Random forest,2268,0.7244272509739018,0.677900194426442,0.26560320751736677,0.27209595959595956,-0.022646510205004966,0.008274357698647261,-0.24811638619778154,COMPAS,corrupt_30_shift_1.0,89,0.9481173764559154,True,1
Baseline (audit labels),Logistic regression,2268,0.7053799251934211,0.6318859364873622,0.639430254610015,0.6458510638297872,0.16112655342362242,0.0,0.0,COMPAS,corrupt_30_shift_1.0,91,0.9602385471327141,True,1
Baseline (audit labels),Random forest,2268,0.7092355382487062,0.6390149060272197,0.44668052024909544,0.45138297872340427,0.1298171466304791,0.0,0.0,COMPAS,corrupt_30_shift_1.0,91,0.9602385471327141,True,1
Audit-guided reweighting,Logistic regression,2268,0.7245375826202798,0.6720674011665586,0.34895728254583114,0.37472764906674416,0.044669859272357504,0.01915765742685871,-0.271123414763043,COMPAS,corrupt_30_shift_1.0,91,0.9602385471327141,True,1
Audit-guided reweighting,Random forest,2268,0.7183686017318236,0.6714193130265717,0.29681972857738503,0.2903260948507517,0.03918545410116642,0.009133063483117376,-0.16105688387265255,COMPAS,corrupt_30_shift_1.0,91,0.9602385471327141,True,1
Drop flagged block,Logistic regression,2268,0.73094737920787,0.662346079066753,0.26325169134756354,0.2265233495533444,0.0832554130188507,0.02556745401444893,-0.4193277142764428,COMPAS,corrupt_30_shift_1.0,91,0.9602385471327141,True,1
Drop flagged block,Random forest,2268,0.7194907004150228,0.6539209332469216,0.22415398996624036,0.21287234042553194,0.08173545527949683,0.010255162166316611,-0.23851063829787233,COMPAS,corrupt_30_shift_1.0,91,0.9602385471327141,True,1
Trusted reference only,Logistic regression,1389,0.7180082321395023,0.6662346079066753,0.2941566127318458,0.3010022514343816,0.04400976575061294,0.012628306946081191,-0.3448488123954056,COMPAS,corrupt_30_shift_1.0,91,0.9602385471327141,True,1
Trusted reference only,Random forest,1389,0.7120459086949839,0.6655865197666883,0.2791900361807153,0.2906710726995425,0.03142874435828208,0.0028103704462776324,-0.16071190602386176,COMPAS,corrupt_30_shift_1.0,91,0.9602385471327141,True,1
Oracle (clean audit labels),Logistic regression,2268,0.7300900070024423,0.6876215165262476,0.2515501217232242,0.28254593652407584,0.011908787159827516,0.024710081809021234,-0.36330512730571135,COMPAS,corrupt_30_shift_1.0,91,0.9602385471327141,True,1
Oracle (clean audit labels),Random forest,2268,0.7259525883417876,0.6824368114063513,0.2591258792989818,0.2861046553852858,0.0061830034272225,0.01671705009308133,-0.16527832333811848,COMPAS,corrupt_30_shift_1.0,91,0.9602385471327141,True,1
Baseline (audit labels),Logistic regression,2268,0.6813543019041437,0.6247569669475048,0.6692799870958203,0.6770451770451771,0.12163745731234032,0.0,0.0,COMPAS,corrupt_30_shift_1.0,92,0.9455044289189493,True,1
Baseline (audit labels),Random forest,2268,0.687843165097912,0.6221646143875567,0.4850039317422659,0.4993894993894994,0.09793101526876491,0.0,0.0,COMPAS,corrupt_30_shift_1.0,92,0.9455044289189493,True,1
Audit-guided reweighting,Logistic regression,2268,0.690066976360489,0.644199611147116,0.26566984118449616,0.28340117225659395,-0.017579412211266132,0.00871267445634527,-0.39364400478858314,COMPAS,corrupt_30_shift_1.0,92,0.9455044289189493,True,1
Audit-guided reweighting,Random forest,2268,0.6919129679216705,0.6461438755670771,0.24767119881174005,0.25774177792250075,-0.011331465419371023,0.004069802823758462,-0.24164772146699864,COMPAS,corrupt_30_shift_1.0,92,0.9455044289189493,True,1
Drop flagged block,Logistic regression,2268,0.6925190008655199,0.6506804925469863,0.2391608250609924,0.20547867144252685,0.04015678816102408,0.011164698961376174,-0.47156650560265023,COMPAS,corrupt_30_shift_1.0,92,0.9455044289189493,True,1
Drop flagged block,Random forest,2268,0.6793409539651629,0.6364225534672715,0.2389591972524851,0.21561380657766205,0.040817901298080383,-0.008502211132749071,-0.28377569281183734,COMPAS,corrupt_30_shift_1.0,92,0.9455044289189493,True,1
Trusted reference only,Logistic regression,1389,0.6999173360921779,0.6649384316267012,0.19199335972417314,0.1766851188537935,-0.03057559012095279,0.018563034188034178,-0.5003600581913836,COMPAS,corrupt_30_shift_1.0,92,0.9455044289189493,True,1
Trusted reference only,Random forest,1389,0.6937953045547982,0.6552171095268956,0.23138471257955895,0.21715239335721265,-0.0283519888378837,0.0059521394568862185,-0.28223710603228674,COMPAS,corrupt_30_shift_1.0,92,0.9455044289189493,True,1
Oracle (clean audit labels),Logistic regression,2268,0.6982995577734501,0.6513285806869734,0.25366290518788354,0.271304135460762,-0.02177785578893232,0.016945255869306397,-0.4057410415844151,COMPAS,corrupt_30_shift_1.0,92,0.9455044289189493,True,1
Oracle (clean audit labels),Random forest,2268,0.7014649599697069,0.6591056383668179,0.2662226374261538,0.2722240312601758,-0.0208978854190901,0.013621794871794934,-0.2271654681293236,COMPAS,corrupt_30_shift_1.0,92,0.9455044289189493,True,1
Baseline (audit labels),Logistic regression,2268,0.7192121107336817,0.6344782890473104,0.6967362550337832,0.6774409134416611,0.1398616429090903,0.0,0.0,COMPAS,corrupt_30_shift_1.0,94,0.9374270771622697,True,1
Baseline (audit labels),Random forest,2268,0.717478930632115,0.6364225534672715,0.5592764831757906,0.5488975606440761,0.11533229871637407,0.0,0.0,COMPAS,corrupt_30_shift_1.0,94,0.9374270771622697,True,1
Audit-guided reweighting,Logistic regression,2268,0.7375253408728787,0.6915100453661698,0.3644678090616522,0.47230051007175583,-0.012098806955544328,0.018313230139196945,-0.2051404033699053,COMPAS,corrupt_30_shift_1.0,94,0.9374270771622697,True,1
Audit-guided reweighting,Random forest,2268,0.7267855568889883,0.6740116655865198,0.314507405348026,0.3710123627561166,-0.0020122589234792265,0.009306626256873285,-0.17788519788795953,COMPAS,corrupt_30_shift_1.0,94,0.9374270771622697,True,1
Drop flagged block,Logistic regression,2268,0.7436190156554049,0.6714193130265717,0.27910664038147237,0.2535661796490015,0.05700849114891848,0.02440690492172315,-0.4238747337926596,COMPAS,corrupt_30_shift_1.0,94,0.9374270771622697,True,1
Drop flagged block,Random forest,2268,0.729267097885266,0.6545690213869086,0.25584761327065325,0.2210080401141178,0.06668561199445422,0.011788167253151016,-0.32788952052995834,COMPAS,corrupt_30_shift_1.0,94,0.9374270771622697,True,1
Trusted reference only,Logistic regression,1389,0.7285568754279981,0.6785482825664291,0.2841193617415626,0.3449900579234028,-0.016064291765928274,0.009344764694316332,-0.3324508555182583,COMPAS,corrupt_30_shift_1.0,94,0.9374270771622697,True,1
Trusted reference only,Random forest,1389,0.7279475079497454,0.6733635774465327,0.23885996394210512,0.2678049623930146,-0.022561083473714105,0.010468577317630401,-0.28109259825106153,COMPAS,corrupt_30_shift_1.0,94,0.9374270771622697,True,1
Oracle (clean audit labels),Logistic regression,2268,0.7385779617462997,0.6830848995463383,0.28604862760956373,0.33662142301374604,-0.00955043517795151,0.019365851012618007,-0.3408194904279151,COMPAS,corrupt_30_shift_1.0,94,0.9374270771622697,True,1
Oracle (clean audit labels),Random forest,2268,0.7281475228661121,0.6740116655865198,0.3372895920740029,0.37011325322036837,-0.009116724265616494,0.010668592233997076,-0.17878430742370777,COMPAS,corrupt_30_shift_1.0,94,0.9374270771622697,True,1
Baseline (audit labels),Logistic regression,2268,0.6930507797427379,0.6150356448476992,0.6586082035053553,0.6735136568549457,0.17499974786403444,0.0,0.0,COMPAS,corrupt_30_shift_1.0,96,0.9512996818947128,True,1
Baseline (audit labels),Random forest,2268,0.7008815002748818,0.6325340246273493,0.4461264605647517,0.41887562980641735,0.13787383532631453,0.0,0.0,COMPAS,corrupt_30_shift_1.0,96,0.9512996818947128,True,1
Audit-guided reweighting,Logistic regression,2268,0.7071073200547715,0.6584575502268308,0.3190268987341772,0.36219420556065796,0.04432341079102814,0.014056540312033627,-0.31131945129428773,COMPAS,corrupt_30_shift_1.0,96,0.9512996818947128,True,1
Audit-guided reweighting,Random forest,2268,0.7050482665364535,0.661049902786779,0.2263520366764038,0.23995992318610676,0.03983796510349341,0.004166766261571642,-0.1789157066203106,COMPAS,corrupt_30_shift_1.0,96,0.9512996818947128,True,1
Drop flagged block,Logistic regression,2268,0.7082495313348336,0.6500324044069994,0.2618248268960295,0.2503409312293007,0.09712640850599302,0.015198751592095716,-0.423172725625645,COMPAS,corrupt_30_shift_1.0,96,0.9512996818947128,True,1
Drop flagged block,Random forest,2268,0.7035867824471662,0.6649384316267012,0.255098452883263,0.25638028443405414,0.0925257711915613,0.0027052821722843845,-0.1624953453723632,COMPAS,corrupt_30_shift_1.0,96,0.9512996818947128,True,1
Trusted reference only,Logistic regression,1389,0.7029738469471032,0.6591056383668179,0.22525323217570048,0.24562819478073716,0.023735662569992877,0.00992306720436531,-0.4278854620742085,COMPAS,corrupt_30_shift_1.0,96,0.9512996818947128,True,1
Trusted reference only,Random forest,1389,0.7069178051787075,0.6642903434867142,0.24555744888023373,0.22484762461384322,0.0234701579020144,0.006036304903825673,-0.19402800519257413,COMPAS,corrupt_30_shift_1.0,96,0.9512996818947128,True,1
Oracle (clean audit labels),Logistic regression,2268,0.7129515490706941,0.6662346079066753,0.30613876717515953,0.3244923139721503,0.04757776400037944,0.019900769327956258,-0.3490213428827954,COMPAS,corrupt_30_shift_1.0,96,0.9512996818947128,True,1
Oracle (clean audit labels),Random forest,2268,0.7100601667047972,0.6649384316267012,0.23637651465974258,0.24581373558579872,0.032891897258722935,0.009178666429915383,-0.17306189422061863,COMPAS,corrupt_30_shift_1.0,96,0.9512996818947128,True,1
Baseline (audit labels),Logistic regression,2268,0.6992213184206066,0.6215165262475697,0.6844026020329224,0.6937109774094675,0.12265864139381888,0.0,0.0,COMPAS,corrupt_30_shift_1.0,98,0.9732549473843328,True,1
Baseline (audit labels),Random forest,2268,0.7157303846805627,0.6558651976668827,0.4401256617760826,0.42223861959359743,0.08583987730389242,0.0,0.0,COMPAS,corrupt_30_shift_1.0,98,0.9732549473843328,True,1
Audit-guided reweighting,Logistic regression,2268,0.7178334180647348,0.6649384316267012,0.40865808291793637,0.39490934860922455,0.03205120135208861,0.018612099644128133,-0.29880162880024297,COMPAS,corrupt_30_shift_1.0,98,0.9732549473843328,True,1
Audit-guided reweighting,Random forest,2268,0.721451448906965,0.6804925469863902,0.2789920149610166,0.26209177346010754,0.02276219622510567,0.005721064226402284,-0.1601468461334899,COMPAS,corrupt_30_shift_1.0,98,0.9732549473843328,True,1
Drop flagged block,Logistic regression,2268,0.7229495000847315,0.662346079066753,0.2488395794232205,0.22175633378609816,0.03306040562044221,0.023728181664124826,-0.47195464362336936,COMPAS,corrupt_30_shift_1.0,98,0.9732549473843328,True,1
Drop flagged block,Random forest,2268,0.7183536688696831,0.6759559300064809,0.19926775779836264,0.15785743813854602,0.03200677152752873,0.0026232841891203895,-0.2643811814550514,COMPAS,corrupt_30_shift_1.0,98,0.9732549473843328,True,1
Trusted reference only,Logistic regression,1389,0.7277639383155398,0.6811406351263772,0.3014604481577903,0.2625051674245556,0.02493215270556659,0.02854261989493312,-0.4312058099849119,COMPAS,corrupt_30_shift_1.0,98,0.9732549473843328,True,1
Trusted reference only,Random forest,1389,0.7250127097102186,0.6759559300064809,0.2855610044869596,0.24478828323392193,0.022379424960814576,0.009282325029655869,-0.1774503363596755,COMPAS,corrupt_30_shift_1.0,98,0.9732549473843328,True,1
Oracle (clean audit labels),Logistic regression,2268,0.7223275715980342,0.6720674011665586,0.2547947232817367,0.25175692434890445,-0.034967238788702115,0.023106253177427538,-0.44195405306056307,COMPAS,corrupt_30_shift_1.0,98,0.9732549473843328,True,1
Oracle (clean audit labels),Random forest,2268,0.726825114387392,0.6759559300064809,0.2438379985604058,0.25234748715525895,-0.04215867536489731,0.011094729706829232,-0.16989113243833848,COMPAS,corrupt_30_shift_1.0,98,0.9732549473843328,True,1
Baseline (audit labels),Logistic regression,2268,0.7033064915969979,0.6234607906675308,0.6875937018884922,0.6805793786925862,0.15502643487991474,0.0,0.0,COMPAS,corrupt_30_shift_1.0,100,0.9467152469443304,True,1
Baseline (audit labels),Random forest,2268,0.6954933237592108,0.6364225534672715,0.4724457621535131,0.474652182199352,0.13088090273579467,0.0,0.0,COMPAS,corrupt_30_shift_1.0,100,0.9467152469443304,True,1
Audit-guided reweighting,Logistic regression,2268,0.7212699389649689,0.6889176928062216,0.27686176828489406,0.33930093776641096,0.020482553968454553,0.017963447367971064,-0.34127844092617526,COMPAS,corrupt_30_shift_1.0,100,0.9467152469443304,True,1
Audit-guided reweighting,Random forest,2268,0.7021242584329213,0.6701231367465975,0.260383681921166,0.28193493386134255,0.02833016415159162,0.0066309346737104535,-0.19271724833800946,COMPAS,corrupt_30_shift_1.0,100,0.9467152469443304,True,1
Drop flagged block,Logistic regression,2268,0.7314253474893574,0.6733635774465327,0.26199552247836877,0.2387958455939646,0.0780545260994725,0.028118855892359518,-0.4417835330986216,COMPAS,corrupt_30_shift_1.0,100,0.9467152469443304,True,1
Drop flagged block,Random forest,2268,0.6949154570788668,0.6370706416072586,0.21717828738159106,0.2091319931432134,0.07628287665317846,-0.0005778666803439858,-0.2655201890561386,COMPAS,corrupt_30_shift_1.0,100,0.9467152469443304,True,1
Trusted reference only,Logistic regression,1389,0.7255646167786496,0.6889176928062216,0.2322008430648837,0.2814490920257771,0.004069069258399893,0.02225812518165171,-0.3991302866668091,COMPAS,corrupt_30_shift_1.0,100,0.9467152469443304,True,1
Trusted reference only,Random forest,1389,0.7183908635516574,0.6837329876863253,0.20626684953241495,0.2282264939636443,0.0001894700390068227,0.022897539792446575,-0.2464256882357077,COMPAS,corrupt_30_shift_1.0,100,0.9467152469443304,True,1
Oracle (clean audit labels),Logistic regression,2268,0.7291446547332068,0.6902138690861958,0.27493394647143055,0.30751038143167503,0.019016185369402527,0.025838163136208903,-0.3730689972609112,COMPAS,corrupt_30_shift_1.0,100,0.9467152469443304,True,1
Oracle (clean audit labels),Random forest,2268,0.7093347694517105,0.6714193130265717,0.27101779579543245,0.3085553997194951,0.01724508167543437,0.013841445692499676,-0.16609678247985693,COMPAS,corrupt_30_shift_1.0,100,0.9467152469443304,True,1
Baseline (audit labels),Logistic regression,2268,0.677670458209862,0.6072585871678549,0.7614799432807133,0.7653676693162326,0.17180731888978107,0.0,0.0,COMPAS,corrupt_30_shift_1.0,102,0.9405735289933809,True,1
Baseline (audit labels),Random forest,2268,0.6900345549773763,0.6221646143875567,0.5942067700247979,0.6197461798042535,0.14266618232606676,0.0,0.0,COMPAS,corrupt_30_shift_1.0,102,0.9405735289933809,True,1
Audit-guided reweighting,Logistic regression,2268,0.7036325156227194,0.6707712248865846,0.36502792282413665,0.4420715249662618,0.024286094494210153,0.025962057412857398,-0.3232961443499708,COMPAS,corrupt_30_shift_1.0,102,0.9405735289933809,True,1
Audit-guided reweighting,Random forest,2268,0.7028025851739459,0.6629941672067401,0.28203732451630675,0.32248650472334683,0.029026975795672594,0.01276803019656958,-0.29725967508090667,COMPAS,corrupt_30_shift_1.0,102,0.9405735289933809,True,1
Drop flagged block,Logistic regression,2268,0.7075734123549319,0.6409591704471809,0.27149654240841914,0.294585020242915,0.07778895972619382,0.029902954145069827,-0.47078264907331757,COMPAS,corrupt_30_shift_1.0,102,0.9405735289933809,True,1
Drop flagged block,Random forest,2268,0.6997696900574671,0.6422553467271549,0.2456284483511757,0.2476551956815114,0.07937158357230822,0.009735135080090829,-0.3720909841227421,COMPAS,corrupt_30_shift_1.0,102,0.9405735289933809,True,1
Trusted reference only,Logistic regression,1389,0.7121626392127711,0.662346079066753,0.23150574921204548,0.29171727395411606,0.012954379525415338,0.03449218100290907,-0.4736503953621165,COMPAS,corrupt_30_shift_1.0,102,0.9405735289933809,True,1
Trusted reference only,Random forest,1389,0.7147092867350298,0.6649384316267012,0.2522311378130817,0.3115047233468286,0.009277190840543903,0.024674731757653445,-0.3082414564574249,COMPAS,corrupt_30_shift_1.0,102,0.9405735289933809,True,1
Oracle (clean audit labels),Logistic regression,2268,0.7064159224447817,0.6604018146467919,0.38833054441106696,0.44758771929824565,0.04375362757607826,0.028745464234919638,-0.3177799500179869,COMPAS,corrupt_30_shift_1.0,102,0.9405735289933809,True,1
Oracle (clean audit labels),Random forest,2268,0.707598870344158,0.6662346079066753,0.317024858369791,0.3547064777327935,0.029061916636188068,0.017564315366781713,-0.26503970207146,COMPAS,corrupt_30_shift_1.0,102,0.9405735289933809,True,1
Baseline (audit labels),Logistic regression,2268,0.6933022567818806,0.626053143227479,0.6752802903650081,0.6855711310026459,0.15363403588723223,0.0,0.0,COMPAS,corrupt_30_shift_1.0,103,0.9695203458438536,True,1
Baseline (audit labels),Random forest,2268,0.7023292146724749,0.6254050550874919,0.46797642634409864,0.44042110003940776,0.11905371855238223,0.0,0.0,COMPAS,corrupt_30_shift_1.0,103,0.9695203458438536,True,1
Audit-guided reweighting,Logistic regression,2268,0.7058804570560057,0.6539209332469216,0.47370164928131964,0.48223641898555075,0.05136155307856949,0.01257820027412504,-0.20333471201709513,COMPAS,corrupt_30_shift_1.0,103,0.9695203458438536,True,1
Audit-guided reweighting,Random forest,2268,0.7088574956913516,0.661049902786779,0.32799607105734985,0.36342666037816745,0.04190719451616076,0.006528281018876703,-0.07699443966124031,COMPAS,corrupt_30_shift_1.0,103,0.9695203458438536,True,1
Drop flagged block,Logistic regression,2268,0.7089541858350635,0.6215165262475697,0.2862275086534289,0.27616515885606485,0.08089500286376994,0.01565192905318291,-0.40940597214658103,COMPAS,corrupt_30_shift_1.0,103,0.9695203458438536,True,1
Drop flagged block,Random forest,2268,0.7060127698842433,0.6403110823071938,0.2653264083476576,0.24873301033314754,0.08269834638631757,0.003683555211768441,-0.19168808970626022,COMPAS,corrupt_30_shift_1.0,103,0.9695203458438536,True,1
Trusted reference only,Logistic regression,1389,0.7138836868460693,0.6668826960466624,0.4083712043487474,0.42221841101059043,0.03683789953637484,0.020581430064188666,-0.26335271999205545,COMPAS,corrupt_30_shift_1.0,103,0.9695203458438536,True,1
Trusted reference only,Random forest,1389,0.7122866031565092,0.6642903434867142,0.34471426024535706,0.34255455987651673,0.015700992038163664,0.009957388484034269,-0.09786654016289104,COMPAS,corrupt_30_shift_1.0,103,0.9695203458438536,True,1
Oracle (clean audit labels),Logistic regression,2268,0.7097497591227999,0.6629941672067401,0.2746223270239268,0.2857608369420744,0.0037997427388727356,0.016447502340919296,-0.3998102940605715,COMPAS,corrupt_30_shift_1.0,103,0.9695203458438536,True,1
Oracle (clean audit labels),Random forest,2268,0.7094622331691297,0.661049902786779,0.2602201284306767,0.26785576469579386,-0.0008162022908635436,0.007133018496654819,-0.1725653353436139,COMPAS,corrupt_30_shift_1.0,103,0.9695203458438536,True,1
Baseline (audit labels),Logistic regression,2268,0.703825329487344,0.6325340246273493,0.6964799031721216,0.7015590861593997,0.13074150513915206,0.0,0.0,COMPAS,corrupt_30_shift_1.0,106,0.9454501973428212,True,1
Baseline (audit labels),Random forest,2268,0.7186429714995981,0.6526247569669476,0.5004269840469346,0.47701149425287354,0.10058363516617064,0.0,0.0,COMPAS,corrupt_30_shift_1.0,106,0.9454501973428212,True,1
Audit-guided reweighting,Logistic regression,2268,0.722860781042065,0.6694750486066104,0.3546674063240708,0.3880132573762389,-0.009391539499232104,0.019035451554720972,-0.3135458287831608,COMPAS,corrupt_30_shift_1.0,106,0.9454501973428212,True,1
Audit-guided reweighting,Random forest,2268,0.7257047415103388,0.6688269604666235,0.29681611108309375,0.2738264061651662,-0.012161687278071653,0.007061770010740709,-0.20318508808770736,COMPAS,corrupt_30_shift_1.0,106,0.9454501973428212,True,1
Drop flagged block,Logistic regression,2268,0.7246441671789399,0.6636422553467272,0.27405651654983443,0.25789486479259016,0.04155810238531932,0.02081883769159587,-0.4436642213668095,COMPAS,corrupt_30_shift_1.0,106,0.9454501973428212,True,1
Drop flagged block,Random forest,2268,0.7173332973053306,0.6675307841866494,0.2453376367945938,0.20647501662391943,0.040914749899151115,-0.0013096741942675294,-0.2705364776289541,COMPAS,corrupt_30_shift_1.0,106,0.9454501973428212,True,1
Trusted reference only,Logistic regression,1389,0.7217030999844629,0.6688269604666235,0.2506245061946308,0.2608931711546721,-0.018314208485168515,0.017877770497118917,-0.44066591500472757,COMPAS,corrupt_30_shift_1.0,106,0.9454501973428212,True,1
Trusted reference only,Random forest,1389,0.7205259975816203,0.6733635774465327,0.2810445979793905,0.2874565448165766,-0.019384692041548246,0.0018830260820221767,-0.18955494943629692,COMPAS,corrupt_30_shift_1.0,106,0.9454501973428212,True,1
Oracle (clean audit labels),Logistic regression,2268,0.7221785007396999,0.6675307841866494,0.30517592078941613,0.3435167702568009,-0.01907103460870796,0.018353171252355915,-0.3580423159025988,COMPAS,corrupt_30_shift_1.0,106,0.9454501973428212,True,1
Oracle (clean audit labels),Random forest,2268,0.7282616038315781,0.6746597537265068,0.2814799872240994,0.28500927854266106,-0.026555969215769748,0.009618632331980015,-0.19200221571021248,COMPAS,corrupt_30_shift_1.0,106,0.9454501973428212,True,1
Baseline (audit labels),Logistic regression,2268,0.6942298838815284,0.6189241736876215,0.7630366629368655,0.7833576118624169,0.17256744518417377,0.0,0.0,COMPAS,corrupt_30_shift_1.0,107,0.9466484098121543,True,1
Baseline (audit labels),Random forest,2268,0.700041775367879,0.6241088788075179,0.5713937695520542,0.5939687785363308,0.13596838987511073,0.0,0.0,COMPAS,corrupt_30_shift_1.0,107,0.9466484098121543,True,1
Audit-guided reweighting,Logistic regression,2268,0.7105717257489726,0.6740116655865198,0.41837447875189426,0.4915441701155987,0.03903072687657616,0.01634184186744425,-0.2918134417468182,COMPAS,corrupt_30_shift_1.0,107,0.9466484098121543,True,1
Audit-guided reweighting,Random forest,2268,0.7141857213497708,0.6817887232663642,0.30965413655104285,0.3497038675610104,0.02572374117436771,0.014143945981891726,-0.24426491097532038,COMPAS,corrupt_30_shift_1.0,107,0.9466484098121543,True,1
Drop flagged block,Logistic regression,2268,0.7274063464456834,0.6636422553467272,0.27702845737442167,0.277668759811617,0.08433483035639677,0.03317646256415496,-0.5056888520507999,COMPAS,corrupt_30_shift_1.0,107,0.9466484098121543,True,1
Drop flagged block,Random forest,2268,0.7170298565996556,0.6500324044069994,0.24718668830623353,0.22985942628799771,0.08294201610284391,0.01698808123177653,-0.3641093522483331,COMPAS,corrupt_30_shift_1.0,107,0.9466484098121543,True,1
Trusted reference only,Logistic regression,1389,0.7230659709789078,0.6720674011665586,0.3214080503220734,0.3694519765948337,0.028776047534852633,0.028836087097379393,-0.4139056352675832,COMPAS,corrupt_30_shift_1.0,107,0.9466484098121543,True,1
Trusted reference only,Random forest,1389,0.728911964806384,0.6908619572261827,0.3044021733651879,0.32901027543884687,0.011441384825383483,0.028870189438504945,-0.2649585030974839,COMPAS,corrupt_30_shift_1.0,107,0.9466484098121543,True,1
Oracle (clean audit labels),Logistic regression,2268,0.7241751496240216,0.6830848995463383,0.3068685463520193,0.3480091337234194,0.018568013298374764,0.029945265742493232,-0.4353484781389975,COMPAS,corrupt_30_shift_1.0,107,0.9466484098121543,True,1
Oracle (clean audit labels),Random forest,2268,0.7177084931880574,0.6759559300064809,0.24347704828244338,0.26816041101755383,0.008525409700374076,0.017666717820178368,-0.32580836751877695,COMPAS,corrupt_30_shift_1.0,107,0.9466484098121543,True,1
Baseline (audit labels),Logistic regression,2268,0.694123100930198,0.6241088788075179,0.6643052155902842,0.649455017925459,0.1255514366607261,0.0,0.0,COMPAS,corrupt_30_shift_1.0,108,0.9522101738924583,True,1
Baseline (audit labels),Random forest,2268,0.7021888700492458,0.6364225534672715,0.498831602872744,0.47139096457366814,0.09267655614759518,0.0,0.0,COMPAS,corrupt_30_shift_1.0,108,0.9522101738924583,True,1
Audit-guided reweighting,Logistic regression,2268,0.7120903784966865,0.6500324044069994,0.36660435215321296,0.41343246473055667,-0.006752129522376582,0.017967277566488526,-0.23602255319490234,COMPAS,corrupt_30_shift_1.0,108,0.9522101738924583,True,1
Audit-guided reweighting,Random forest,2268,0.711665642120338,0.6506804925469863,0.28289332113941423,0.30401097182454706,-0.009312839269097983,0.00947677207109221,-0.16737999274912108,COMPAS,corrupt_30_shift_1.0,108,0.9522101738924583,True,1
Drop flagged block,Logistic regression,2268,0.7153793410928645,0.6526247569669476,0.2703435591898216,0.25953016850733457,0.04476159070237251,0.021256240162666473,-0.38992484941812444,COMPAS,corrupt_30_shift_1.0,108,0.9522101738924583,True,1
Drop flagged block,Random forest,2268,0.7107173738288084,0.6649384316267012,0.24133200634801083,0.22362310820240128,0.04458928711030585,0.008528503779562602,-0.24776785637126686,COMPAS,corrupt_30_shift_1.0,108,0.9522101738924583,True,1
Trusted reference only,Logistic regression,1389,0.711652976025616,0.6571613739468568,0.29015083250396756,0.34667115805683213,-0.010317659704729087,0.017529875095417924,-0.3027838598686269,COMPAS,corrupt_30_shift_1.0,108,0.9522101738924583,True,1
Trusted reference only,Random forest,1389,0.7098898556402964,0.6565132858068697,0.27765822955052855,0.28930968937224805,-0.017558647466322075,0.007700985591050591,-0.1820812752014201,COMPAS,corrupt_30_shift_1.0,108,0.9522101738924583,True,1
Oracle (clean audit labels),Logistic regression,2268,0.7142757020394102,0.6519766688269605,0.30203486026306586,0.3336060248790934,-0.01195443082823533,0.02015260110921213,-0.3158489930463656,COMPAS,corrupt_30_shift_1.0,108,0.9522101738924583,True,1
Oracle (clean audit labels),Random forest,2268,0.7176980808333276,0.6604018146467919,0.28448536729698465,0.33991803212948035,-0.018915106288838968,0.01550921078408185,-0.13147293244418778,COMPAS,corrupt_30_shift_1.0,108,0.9522101738924583,True,1
Baseline (audit labels),Logistic regression,2268,0.7063194101365022,0.644199611147116,0.6751264423513734,0.6444766608789467,0.10609181177877214,0.0,0.0,COMPAS,corrupt_30_shift_1.0,110,0.9669960538369939,True,1
Baseline (audit labels),Random forest,2268,0.7073819224027665,0.6526247569669476,0.44282080014537084,0.4140102156066149,0.07410470557138105,0.0,0.0,COMPAS,corrupt_30_shift_1.0,110,0.9669960538369939,True,1
Audit-guided reweighting,Logistic regression,2268,0.7143457766829314,0.6701231367465975,0.38041060534170557,0.39707692048347126,-0.0023658776990405084,0.008026366546429187,-0.24739974039547546,COMPAS,corrupt_30_shift_1.0,110,0.9669960538369939,True,1
Audit-guided reweighting,Random forest,2268,0.7111861562096059,0.6753078418664938,0.3147278839456071,0.31202272382461527,-0.0074221374275015295,0.0038042338068393633,-0.10198749178199962,COMPAS,corrupt_30_shift_1.0,110,0.9669960538369939,True,1
Drop flagged block,Logistic regression,2268,0.7145691072866686,0.6565132858068697,0.2802712916132462,0.25528059203317544,0.033136676548898736,0.008249697150166324,-0.3891960688457713,COMPAS,corrupt_30_shift_1.0,110,0.9669960538369939,True,1
Drop flagged block,Random forest,2268,0.7059666492965087,0.6662346079066753,0.2546496798139791,0.21065895719896832,0.027142469696210814,-0.001415273106257886,-0.20335125840764656,COMPAS,corrupt_30_shift_1.0,110,0.9669960538369939,True,1
Trusted reference only,Logistic regression,1389,0.7117419448711788,0.6681788723266364,0.3153655639345697,0.33175435343301696,-0.005849769406166105,0.005422534734676576,-0.31272230744592977,COMPAS,corrupt_30_shift_1.0,110,0.9669960538369939,True,1
Trusted reference only,Random forest,1389,0.710056813952072,0.6681788723266364,0.2630303764499228,0.24519141619325363,-0.018768919960473363,0.002674891549305447,-0.16881879941336125,COMPAS,corrupt_30_shift_1.0,110,0.9669960538369939,True,1
Oracle (clean audit labels),Logistic regression,2268,0.7143813065517078,0.6701231367465975,0.3051071605237389,0.3251125233896934,-0.029062948272440492,0.008061896415205605,-0.31936413748925335,COMPAS,corrupt_30_shift_1.0,110,0.9669960538369939,True,1
Oracle (clean audit labels),Random forest,2268,0.7105973755270265,0.6642903434867142,0.29109166103018125,0.29748318470693347,-0.03680719225145945,0.0032154531242599704,-0.11652703089968142,COMPAS,corrupt_30_shift_1.0,110,0.9669960538369939,True,1
Baseline (audit labels),Logistic regression,2268,0.6890518939111956,0.611147116007777,0.7085623080652982,0.705829596412556,0.1406183321583485,0.0,0.0,COMPAS,corrupt_30_shift_1.0,111,0.9618331435911801,True,1
Baseline (audit labels),Random forest,2268,0.7004417547017858,0.6338302009073234,0.46933253865632246,0.45143152811314247,0.10655004062075313,0.0,0.0,COMPAS,corrupt_30_shift_1.0,111,0.9618331435911801,True,1
Audit-guided reweighting,Logistic regression,2268,0.704385570135961,0.6545690213869086,0.39350149507030874,0.4518068303977508,0.02215328917648174,0.015333676224765447,-0.2540227660148052,COMPAS,corrupt_30_shift_1.0,111,0.9618331435911801,True,1
Audit-guided reweighting,Random forest,2268,0.7026733688406435,0.661049902786779,0.2783272048919778,0.29364094930951795,0.015086198542961449,0.0022316141388576405,-0.15779057880362451,COMPAS,corrupt_30_shift_1.0,111,0.9618331435911801,True,1
Drop flagged block,Logistic regression,2268,0.7198833605165027,0.6539209332469216,0.2291228920855557,0.213702141734888,0.05950907703729624,0.030831466605307112,-0.49212745467766805,COMPAS,corrupt_30_shift_1.0,111,0.9618331435911801,True,1
Drop flagged block,Random forest,2268,0.7059987953682587,0.6519766688269605,0.200470745110716,0.16624123260894558,0.05979166148330739,0.00555704066647289,-0.2851902955041969,COMPAS,corrupt_30_shift_1.0,111,0.9618331435911801,True,1
Trusted reference only,Logistic regression,1389,0.719484072467397,0.6616979909267661,0.3415562200312483,0.4026213511949061,0.01650220698827065,0.030432178556201395,-0.30320824521764994,COMPAS,corrupt_30_shift_1.0,111,0.9618331435911801,True,1
Trusted reference only,Random forest,1389,0.723893159992691,0.6707712248865846,0.30542535423737943,0.29768461093194404,-0.00011035802998793365,0.02345140529090517,-0.15374691718119843,COMPAS,corrupt_30_shift_1.0,111,0.9618331435911801,True,1
Oracle (clean audit labels),Logistic regression,2268,0.7159124747061173,0.6565132858068697,0.2730321642152901,0.3148019515422146,-0.006422733392489111,0.026860580794921707,-0.3910276448703415,COMPAS,corrupt_30_shift_1.0,111,0.9618331435911801,True,1
Oracle (clean audit labels),Random forest,2268,0.70559527757287,0.6636422553467272,0.25650052529497336,0.2672620524270239,-0.014201398734316917,0.005153522871084171,-0.18416947568611858,COMPAS,corrupt_30_shift_1.0,111,0.9618331435911801,True,1
Baseline (audit labels),Logistic regression,2268,0.7254332471015279,0.6396629941672067,0.6183664673239588,0.6204073917078144,0.144467907170031,0.0,0.0,COMPAS,corrupt_30_shift_1.0,112,0.9319727341181255,True,1
Baseline (audit labels),Random forest,2268,0.7323983841694659,0.6545690213869086,0.48875666720543076,0.4635684580750856,0.1226888885892845,0.0,0.0,COMPAS,corrupt_30_shift_1.0,112,0.9319727341181255,True,1
Audit-guided reweighting,Logistic regression,2268,0.7412309364503196,0.696046662346079,0.3482503636657508,0.41421884882985455,-0.007968703000680755,0.015797689348791666,-0.2061885428779599,COMPAS,corrupt_30_shift_1.0,112,0.9319727341181255,True,1
Audit-guided reweighting,Random forest,2268,0.7417066786759128,0.6876215165262476,0.3064254350519907,0.32406493780307827,-0.0013974281462636462,0.00930829450644688,-0.13950352027200735,COMPAS,corrupt_30_shift_1.0,112,0.9319727341181255,True,1
Drop flagged block,Logistic regression,2268,0.7475019300574276,0.6740116655865198,0.24551478907386454,0.22575585072738769,0.06693856594376757,0.0220686829558997,-0.39465154098042676,COMPAS,corrupt_30_shift_1.0,112,0.9319727341181255,True,1
Drop flagged block,Random forest,2268,0.7404775368403944,0.6720674011665586,0.20710091051128715,0.17388150959308457,0.06953388881352762,0.008079152670928513,-0.28968694848200105,COMPAS,corrupt_30_shift_1.0,112,0.9319727341181255,True,1
Trusted reference only,Logistic regression,1389,0.7457073152562574,0.6966947504860661,0.25859665427509293,0.3113725490196078,-0.021909269126729858,0.02027406815472954,-0.30903484268820663,COMPAS,corrupt_30_shift_1.0,112,0.9319727341181255,True,1
Trusted reference only,Random forest,1389,0.7220446418896955,0.6766040181464679,0.24657548084693715,0.28505165507063046,-0.031937170323470265,-0.010353742279770373,-0.17851680300445516,COMPAS,corrupt_30_shift_1.0,112,0.9319727341181255,True,1
Oracle (clean audit labels),Logistic regression,2268,0.7483501395059053,0.6979909267660401,0.26109853994935617,0.2968416613957411,-0.004968165584186446,0.022916892404377442,-0.32356573031207336,COMPAS,corrupt_30_shift_1.0,112,0.9319727341181255,True,1
Oracle (clean audit labels),Random forest,2268,0.7498163059378047,0.7005832793259883,0.2623814719034535,0.26805819101834283,-0.006702918661604218,0.017417921768338784,-0.1955102670567428,COMPAS,corrupt_30_shift_1.0,112,0.9319727341181255,True,1
Baseline (audit labels),Logistic regression,2268,0.7126054905948145,0.6448476992871031,0.6085344381497685,0.5826216541525764,0.12283951818497085,0.0,0.0,COMPAS,corrupt_30_shift_1.0,114,0.9423708578257537,True,1
Baseline (audit labels),Random forest,2268,0.7202779189967803,0.6694750486066104,0.40896184888745524,0.3757494125064481,0.1013779872008499,0.0,0.0,COMPAS,corrupt_30_shift_1.0,114,0.9423708578257537,True,1
Audit-guided reweighting,Logistic regression,2268,0.7252796136248093,0.6694750486066104,0.2536003978414414,0.2814148309028855,-0.020274234864427476,0.012674123029994822,-0.3012068232496909,COMPAS,corrupt_30_shift_1.0,114,0.9423708578257537,True,1
Audit-guided reweighting,Random forest,2268,0.7240840535502456,0.6707712248865846,0.256128908691357,0.22461866147872972,-0.005653008798663595,0.0038061345534653457,-0.1511307510277184,COMPAS,corrupt_30_shift_1.0,114,0.9423708578257537,True,1
Drop flagged block,Logistic regression,2268,0.7273902728351127,0.6642903434867142,0.2611674495809897,0.2206438520431694,0.04305620331785065,0.014784782240298222,-0.361977802109407,COMPAS,corrupt_30_shift_1.0,114,0.9423708578257537,True,1
Drop flagged block,Random forest,2268,0.7206888662938484,0.6707712248865846,0.24042358016975468,0.19861867369748382,0.05296630452594531,0.0004109472970681427,-0.1771307388089643,COMPAS,corrupt_30_shift_1.0,114,0.9423708578257537,True,1
Trusted reference only,Logistic regression,1389,0.7158829012031859,0.6733635774465327,0.19137887004966297,0.18462738257960104,-0.03611052605502302,0.0032774106083713894,-0.39799427157297534,COMPAS,corrupt_30_shift_1.0,114,0.9423708578257537,True,1
Trusted reference only,Random forest,1389,0.7222258939162854,0.6571613739468568,0.2030117000329294,0.1959564280383393,-0.03493665578328087,0.0019479749195051577,-0.17979298446810882,COMPAS,corrupt_30_shift_1.0,114,0.9423708578257537,True,1
Oracle (clean audit labels),Logistic regression,2268,0.723862904592442,0.6701231367465975,0.24452463996021587,0.2745888923363326,-0.026566751479683126,0.011257413997627475,-0.3080327618162438,COMPAS,corrupt_30_shift_1.0,114,0.9423708578257537,True,1
Oracle (clean audit labels),Random forest,2268,0.7188823928147772,0.6714193130265717,0.26522650753009014,0.2547903162237633,-0.022069438945486963,-0.001395526182003115,-0.12095909628268481,COMPAS,corrupt_30_shift_1.0,114,0.9423708578257537,True,1
Baseline (audit labels),Logistic regression,2268,0.7044839664128945,0.6169799092676604,0.7484078894747631,0.7451486790664613,0.1297535506232853,0.0,0.0,COMPAS,corrupt_30_shift_1.0,117,0.9383758429816209,True,1
Baseline (audit labels),Random forest,2268,0.7073617031337607,0.6474400518470512,0.5605455688077403,0.5427264292798413,0.10048916348234649,0.0,0.0,COMPAS,corrupt_30_shift_1.0,117,0.9383758429816209,True,1
Audit-guided reweighting,Logistic regression,2268,0.7341547155026243,0.6727154893065457,0.3101565729379858,0.3950635057747064,-0.02602567805573719,0.029670749089729886,-0.3500851732917549,COMPAS,corrupt_30_shift_1.0,117,0.9383758429816209,True,1
Audit-guided reweighting,Random forest,2268,0.7223752474110503,0.6642903434867142,0.27667772322313744,0.2942060978340852,-0.01744646318240406,0.015013544277289625,-0.24852033144575608,COMPAS,corrupt_30_shift_1.0,117,0.9383758429816209,True,1
Drop flagged block,Logistic regression,2268,0.7401457783061884,0.6720674011665586,0.23341264480224228,0.2158396519179704,0.033224589856905906,0.03566181189329398,-0.5293090271484909,COMPAS,corrupt_30_shift_1.0,117,0.9383758429816209,True,1
Drop flagged block,Random forest,2268,0.7226049259286781,0.6733635774465327,0.1978165821461818,0.17084173145215475,0.03141559687106277,0.01524322279491741,-0.3718846978276865,COMPAS,corrupt_30_shift_1.0,117,0.9383758429816209,True,1
Trusted reference only,Logistic regression,1389,0.7386013591564042,0.6759559300064809,0.18593162410396524,0.24722462168474263,-0.042820341690046004,0.03411739274350978,-0.4979240573817187,COMPAS,corrupt_30_shift_1.0,117,0.9383758429816209,True,1
Trusted reference only,Random forest,1389,0.7219201124073686,0.6662346079066753,0.20036731964202298,0.21582365550116772,-0.04860260810056205,0.014558409273607964,-0.32690277377867355,COMPAS,corrupt_30_shift_1.0,117,0.9383758429816209,True,1
Oracle (clean audit labels),Logistic regression,2268,0.7360512520856836,0.6746597537265068,0.3313807925097711,0.3972870077102729,-0.019361374569810463,0.0315672856727891,-0.3478616713561884,COMPAS,corrupt_30_shift_1.0,117,0.9383758429816209,True,1
Oracle (clean audit labels),Random forest,2268,0.7252006309403984,0.6675307841866494,0.27542923971891475,0.3138017084173145,-0.03186225187854447,0.01783892780663776,-0.2289247208625268,COMPAS,corrupt_30_shift_1.0,117,0.9383758429816209,True,1
Baseline (audit labels),Logistic regression,2268,0.7020061545745058,0.6208684381075826,0.7251226478494625,0.7073387096774194,0.13882539803152882,0.0,0.0,COMPAS,corrupt_30_shift_1.0,119,0.9620632507110867,True,1
Baseline (audit labels),Random forest,2268,0.7045280083864531,0.6558651976668827,0.5073958333333333,0.5096774193548388,0.11235908468727351,0.0,0.0,COMPAS,corrupt_30_shift_1.0,119,0.9620632507110867,True,1
Audit-guided reweighting,Logistic regression,2268,0.7340319226282062,0.6772521062864549,0.3470110887096774,0.4254838709677419,0.02103429173386251,0.03202576805370039,-0.28185483870967754,COMPAS,corrupt_30_shift_1.0,119,0.9620632507110867,True,1
Audit-guided reweighting,Random forest,2268,0.7234482525404529,0.6707712248865846,0.3283820564516129,0.3666129032258064,0.018446776307593282,0.018920244153999732,-0.14306451612903237,COMPAS,corrupt_30_shift_1.0,119,0.9620632507110867,True,1
Drop flagged block,Logistic regression,2268,0.744493008470994,0.6863253402462735,0.23892305107526884,0.20137096774193552,0.058131040360331565,0.04248685389648821,-0.5059677419354839,COMPAS,corrupt_30_shift_1.0,119,0.9620632507110867,True,1
Drop flagged block,Random forest,2268,0.7191493498807975,0.6629941672067401,0.24411962365591394,0.21685483870967737,0.05976072739471716,0.014621341494344353,-0.2928225806451614,COMPAS,corrupt_30_shift_1.0,119,0.9620632507110867,True,1
Trusted reference only,Logistic regression,1389,0.7448911959149858,0.6804925469863902,0.3195850134408602,0.3666935483870968,0.010907024218794636,0.04288504134047999,-0.34064516129032263,COMPAS,corrupt_30_shift_1.0,119,0.9620632507110867,True,1
Trusted reference only,Random forest,1389,0.7411899971256108,0.6869734283862605,0.23891465053763444,0.255241935483871,-0.0030417179535110472,0.036661988739157714,-0.2544354838709678,COMPAS,corrupt_30_shift_1.0,119,0.9620632507110867,True,1
Oracle (clean audit labels),Logistic regression,2268,0.744770302487192,0.6817887232663642,0.25767305107526883,0.29274193548387095,-0.009578375728023114,0.042764147912686234,-0.41459677419354846,COMPAS,corrupt_30_shift_1.0,119,0.9620632507110867,True,1
Oracle (clean audit labels),Random forest,2268,0.736511506010855,0.6740116655865198,0.24967237903225808,0.27943548387096767,-0.015789670771948372,0.03198349762440189,-0.23024193548387112,COMPAS,corrupt_30_shift_1.0,119,0.9620632507110867,True,1
Baseline (audit labels),Logistic regression,2268,0.7108824031404676,0.6182760855476345,0.709341986830262,0.7263683441774,0.17037378734801445,0.0,0.0,COMPAS,corrupt_30_shift_1.0,120,0.9463278682966288,True,1
Baseline (audit labels),Random forest,2268,0.7166692268305171,0.62799740764744,0.5073394557500863,0.5305749568450405,0.14357782352583914,0.0,0.0,COMPAS,corrupt_30_shift_1.0,120,0.9463278682966288,True,1
Audit-guided reweighting,Logistic regression,2268,0.7341491722136883,0.6902138690861958,0.2936239112633068,0.36634594116345937,0.02681420802350698,0.023266769073220672,-0.3600224030139407,COMPAS,corrupt_30_shift_1.0,120,0.9463278682966288,True,1
Audit-guided reweighting,Random forest,2268,0.7289588667008022,0.6895657809462087,0.2912857075181202,0.30864299933642997,0.03011139316913558,0.012289639870285085,-0.22193195750861056,COMPAS,corrupt_30_shift_1.0,120,0.9463278682966288,True,1
Drop flagged block,Logistic regression,2268,0.7401578767707799,0.6571613739468568,0.24574656713791682,0.2198352134483521,0.08669989820096802,0.029275473630312354,-0.5065331307290479,COMPAS,corrupt_30_shift_1.0,120,0.9463278682966288,True,1
Drop flagged block,Random forest,2268,0.7272119815668202,0.6565132858068697,0.20778374829964197,0.17612003717965746,0.08816731060135063,0.010542754736303062,-0.35445491966538306,COMPAS,corrupt_30_shift_1.0,120,0.9463278682966288,True,1
Trusted reference only,Logistic regression,1389,0.7365335381464413,0.6863253402462735,0.28141009589680777,0.3043574430435745,0.0226158252030646,0.025651135005973713,-0.42201090113382556,COMPAS,corrupt_30_shift_1.0,120,0.9463278682966288,True,1
Trusted reference only,Random forest,1389,0.7377231609489674,0.6966947504860661,0.2113688812490272,0.22754921477549211,0.008953400710165815,0.021053934118450246,-0.3030257420695484,COMPAS,corrupt_30_shift_1.0,120,0.9463278682966288,True,1
Oracle (clean audit labels),Logistic regression,2268,0.7391449052739376,0.6941023979261179,0.27054810744232316,0.3089747843397478,0.021000110152770923,0.028262502133470035,-0.41739355983765225,COMPAS,corrupt_30_shift_1.0,120,0.9463278682966288,True,1
Oracle (clean audit labels),Random forest,2268,0.7368637992831542,0.6941023979261179,0.2837770619167179,0.29700287547002874,0.016979940406994798,0.020194572452637005,-0.2335720813750118,COMPAS,corrupt_30_shift_1.0,120,0.9463278682966288,True,1
Baseline (audit labels),Logistic regression,2268,0.7239309802005727,0.6344782890473104,0.6903913931250126,0.6973698987040406,0.14353587291711756,0.0,0.0,COMPAS,corrupt_30_shift_1.0,123,0.956455319078552,True,1
Baseline (audit labels),Random forest,2268,0.7324931468740247,0.6565132858068697,0.5318209079943124,0.5251443074366058,0.12354593288457671,0.0,0.0,COMPAS,corrupt_30_shift_1.0,123,0.956455319078552,True,1
Audit-guided reweighting,Logistic regression,2268,0.7443139410224049,0.696046662346079,0.39482826009313104,0.4166897891231965,0.02342424935845222,0.02038296082183222,-0.28068010958084416,COMPAS,corrupt_30_shift_1.0,123,0.956455319078552,True,1
Audit-guided reweighting,Random forest,2268,0.7447863656719457,0.6928062216461439,0.3275238724198581,0.3163845726970033,0.0322750990348154,0.012293218797921002,-0.20875973473960246,COMPAS,corrupt_30_shift_1.0,123,0.956455319078552,True,1
Drop flagged block,Logistic regression,2268,0.7509270379568186,0.6733635774465327,0.2893903351236244,0.27289266221952696,0.06761221563851849,0.026996057756245917,-0.4244772364845137,COMPAS,corrupt_30_shift_1.0,123,0.956455319078552,True,1
Drop flagged block,Random forest,2268,0.740945901016434,0.6798444588464031,0.23218750210589445,0.18584776407699394,0.07184542159969798,0.008452754142409313,-0.33929654335961185,COMPAS,corrupt_30_shift_1.0,123,0.956455319078552,True,1
Trusted reference only,Logistic regression,1389,0.7470534950942475,0.6869734283862605,0.29932847236729493,0.2978634850166481,0.010158695080892177,0.023122514893674784,-0.39950641368739254,COMPAS,corrupt_30_shift_1.0,123,0.956455319078552,True,1
Trusted reference only,Random forest,1389,0.739687232829866,0.6746597537265068,0.2005502281104904,0.15905937846836848,0.000516902403291386,0.007194085955841367,-0.3660849289682373,COMPAS,corrupt_30_shift_1.0,123,0.956455319078552,True,1
Oracle (clean audit labels),Logistic regression,2268,0.7484767061569568,0.7005832793259883,0.29385314671177215,0.29890399556048836,0.0020466008895649868,0.024545725956384157,-0.3984659031435523,COMPAS,corrupt_30_shift_1.0,123,0.956455319078552,True,1
Oracle (clean audit labels),Random forest,2268,0.7458618314809538,0.6992871030460143,0.3091840585472361,0.30986403995560496,0.004391232868444894,0.013368684606929082,-0.21528026748100082,COMPAS,corrupt_30_shift_1.0,123,0.956455319078552,True,1
Baseline (audit labels),Logistic regression,2268,0.6930613795817557,0.6299416720674011,0.6276028803473083,0.644622601086981,0.16443136254154367,0.0,0.0,COMPAS,corrupt_30_shift_1.0,126,0.9498189057628635,True,1
Baseline (audit labels),Random forest,2268,0.708128078817734,0.661049902786779,0.474686075073168,0.4609126581422096,0.1321421679681306,0.0,0.0,COMPAS,corrupt_30_shift_1.0,126,0.9498189057628635,True,1
Audit-guided reweighting,Logistic regression,2268,0.7123044144987718,0.6688269604666235,0.43939241203885715,0.4699861222086715,0.031816081106433636,0.019243034917016066,-0.17463647887830952,COMPAS,corrupt_30_shift_1.0,126,0.9498189057628635,True,1
Audit-guided reweighting,Random forest,2268,0.7153196202961094,0.6694750486066104,0.33170364546056325,0.3155725640270827,0.030175356856227187,0.007191541478375418,-0.14534009411512688,COMPAS,corrupt_30_shift_1.0,126,0.9498189057628635,True,1
Drop flagged block,Logistic regression,2268,0.7216943845078642,0.6519766688269605,0.2801651865068564,0.25689894444678074,0.0934006069035751,0.02863300492610843,-0.38772365664020025,COMPAS,corrupt_30_shift_1.0,126,0.9498189057628635,True,1
Drop flagged block,Random forest,2268,0.7130915061949545,0.6629941672067401,0.2815579816063682,0.24930400773791994,0.09531520718020448,0.004963427377220553,-0.21160865040428967,COMPAS,corrupt_30_shift_1.0,126,0.9498189057628635,True,1
Trusted reference only,Logistic regression,1389,0.7119736324281779,0.6584575502268308,0.3231133422714153,0.36507843054796246,0.013593177233977571,0.018912252846422173,-0.27954417053901853,COMPAS,corrupt_30_shift_1.0,126,0.9498189057628635,True,1
Trusted reference only,Random forest,1389,0.7217800485825564,0.6655865197666883,0.3087838496251718,0.3419824214643173,4.130905386101613e-05,0.013651969764822414,-0.11893023667789232,COMPAS,corrupt_30_shift_1.0,126,0.9498189057628635,True,1
Oracle (clean audit labels),Logistic regression,2268,0.7165791366418326,0.6720674011665586,0.3289264557144922,0.35291643887463725,0.035216508938370916,0.02351775706007686,-0.29170616221234374,COMPAS,corrupt_30_shift_1.0,126,0.9498189057628635,True,1
Oracle (clean audit labels),Random forest,2268,0.7141830870279146,0.6772521062864549,0.2979355046824125,0.2866226502376046,0.0300702112277903,0.006055008210180568,-0.17429000790460503,COMPAS,corrupt_30_shift_1.0,126,0.9498189057628635,True,1
Baseline (audit labels),Logistic regression,2268,0.6971700891313206,0.6208684381075826,0.6964590163934425,0.699101309759755,0.1359120474980775,0.0,0.0,COMPAS,corrupt_30_shift_1.0,128,0.9756305347429556,True,1
Baseline (audit labels),Random forest,2268,0.7073535907629408,0.6448476992871031,0.42690205968894496,0.3992796357121529,0.10085901690187216,0.0,0.0,COMPAS,corrupt_30_shift_1.0,128,0.9756305347429556,True,1
Audit-guided reweighting,Logistic regression,2268,0.7043214822576281,0.6668826960466624,0.4021319882303489,0.45522917288742903,0.04560738945318621,0.007151393126307526,-0.243872136872326,COMPAS,corrupt_30_shift_1.0,128,0.9756305347429556,True,1
Audit-guided reweighting,Random forest,2268,0.7095818737779969,0.6681788723266364,0.2739234972677596,0.2969729770080621,0.029290814185872094,0.002228283015056065,-0.10230665870409084,COMPAS,corrupt_30_shift_1.0,128,0.9756305347429556,True,1
Drop flagged block,Logistic regression,2268,0.7179642584431637,0.6578094620868438,0.1921799075241698,0.18193863839952218,0.057019686030755135,0.02079416931184308,-0.5171626713602329,COMPAS,corrupt_30_shift_1.0,128,0.9756305347429556,True,1
Drop flagged block,Random forest,2268,0.7017456453032279,0.6377187297472456,0.19625220680958388,0.1615545138998123,0.05480530809962869,-0.005607945459712882,-0.23772512181234062,COMPAS,corrupt_30_shift_1.0,128,0.9756305347429556,True,1
Trusted reference only,Logistic regression,1389,0.7253904417530416,0.679196370706416,0.2621403951240017,0.3037100627052851,0.030897726689402827,0.028220352621720957,-0.39539124705446993,COMPAS,corrupt_30_shift_1.0,128,0.9756305347429556,True,1
Trusted reference only,Random forest,1389,0.7256241418157041,0.6811406351263772,0.28653383774695257,0.31640041803523444,0.028052292841241333,0.018270551052763317,-0.08287921767691847,COMPAS,corrupt_30_shift_1.0,128,0.9756305347429556,True,1
Oracle (clean audit labels),Logistic regression,2268,0.725472621994857,0.6817887232663642,0.2254745691467003,0.2505971931919976,-0.006172865769889513,0.028302532863536345,-0.44850411656775746,COMPAS,corrupt_30_shift_1.0,128,0.9756305347429556,True,1
Oracle (clean audit labels),Random forest,2268,0.7206205635510082,0.6843810758263124,0.23469525010508618,0.258995222454464,-0.014658258596452478,0.013266972788067433,-0.14028441325768892,COMPAS,corrupt_30_shift_1.0,128,0.9756305347429556,True,1
Baseline (audit labels),Logistic regression,2268,0.7066423626603929,0.6396629941672067,0.5967403443540578,0.5742989235762487,0.10187457740714223,0.0,0.0,COMPAS,corrupt_30_shift_1.0,130,0.9553170443754149,True,1
Baseline (audit labels),Random forest,2268,0.7045770291648075,0.6422553467271549,0.38856404425384894,0.3543991955756662,0.08005809321475055,0.0,0.0,COMPAS,corrupt_30_shift_1.0,130,0.9553170443754149,True,1
Audit-guided reweighting,Logistic regression,2268,0.713674975324166,0.6578094620868438,0.3277436812751155,0.34499748617395676,-0.025752555102597552,0.007032612663773086,-0.22930143740229192,COMPAS,corrupt_30_shift_1.0,130,0.9553170443754149,True,1
Audit-guided reweighting,Random forest,2268,0.7057508214010465,0.6642903434867142,0.2732749400265199,0.29889391654097536,-0.02167976410493766,0.0011737922362390352,-0.055505279034690824,COMPAS,corrupt_30_shift_1.0,130,0.9553170443754149,True,1
Drop flagged block,Logistic regression,2268,0.7157698860179289,0.6539209332469216,0.2469270972160833,0.20213883764914659,0.03635529067636889,0.009127523357535972,-0.3721600859271021,COMPAS,corrupt_30_shift_1.0,130,0.9553170443754149,True,1
Drop flagged block,Random forest,2268,0.7088944550358982,0.6526247569669476,0.21148622887432056,0.16954257828005698,0.030816424039104784,0.004317425871090741,-0.1848566172956092,COMPAS,corrupt_30_shift_1.0,130,0.9553170443754149,True,1
Trusted reference only,Logistic regression,1389,0.7271638678186563,0.677900194426442,0.2214008320371414,0.19562594268476619,-0.026321980282325796,0.020521505158263342,-0.3786729808914825,COMPAS,corrupt_30_shift_1.0,130,0.9553170443754149,True,1
Trusted reference only,Random forest,1389,0.7240523465703972,0.6785482825664291,0.25959153926871154,0.25527065527065523,-0.03430704935960294,0.01947531740558972,-0.09912854030501095,COMPAS,corrupt_30_shift_1.0,130,0.9553170443754149,True,1
Oracle (clean audit labels),Logistic regression,2268,0.7159448140185778,0.6578094620868438,0.20296341533364148,0.19358136416959942,-0.03917991316564534,0.00930245135818486,-0.38071755940664925,COMPAS,corrupt_30_shift_1.0,130,0.9553170443754149,True,1
Oracle (clean audit labels),Random forest,2268,0.711100068957125,0.6668826960466624,0.21364055050762365,0.26495726495726496,-0.03698482487456878,0.006523039792317498,-0.08944193061840122,COMPAS,corrupt_30_shift_1.0,130,0.9553170443754149,True,1
Baseline (audit labels),Logistic regression,2268,0.7081806646853668,0.6234607906675308,0.6410789499378811,0.6922203579418345,0.1643063532100011,0.0,0.0,COMPAS,corrupt_30_shift_1.0,131,0.953083575758958,True,1
Baseline (audit labels),Random forest,2268,0.7024835796387521,0.6416072585871678,0.49638733918945765,0.4899776286353468,0.14032744020734433,0.0,0.0,COMPAS,corrupt_30_shift_1.0,131,0.953083575758958,True,1
Audit-guided reweighting,Logistic regression,2268,0.7344159236792466,0.6655865197666883,0.31660275208662303,0.303448275862069,0.03637284628163884,0.026235258993879795,-0.38877208207976544,COMPAS,corrupt_30_shift_1.0,131,0.953083575758958,True,1
Audit-guided reweighting,Random forest,2268,0.7202185875775218,0.6688269604666235,0.2664732956018464,0.245320197044335,0.0454364671404105,0.017735007938769698,-0.24465743159101178,COMPAS,corrupt_30_shift_1.0,131,0.953083575758958,True,1
Drop flagged block,Logistic regression,2268,0.7354634002361276,0.6578094620868438,0.25396534135099375,0.2207494407158837,0.08326907582946874,0.027282735550760773,-0.47147091722595075,COMPAS,corrupt_30_shift_1.0,131,0.953083575758958,True,1
Drop flagged block,Random forest,2268,0.7190421908290248,0.6604018146467919,0.22015514576901196,0.2128579418344519,0.08236705981828463,0.016558611190272687,-0.2771196868008949,COMPAS,corrupt_30_shift_1.0,131,0.953083575758958,True,1
Trusted reference only,Logistic regression,1389,0.7258020192973171,0.6766040181464679,0.26875435589927643,0.2985221674876848,0.016027892610841032,0.017621354611950357,-0.39369819045414967,COMPAS,corrupt_30_shift_1.0,131,0.953083575758958,True,1
Trusted reference only,Random forest,1389,0.7140626484278523,0.6636422553467272,0.22649666173980088,0.21182266009852224,0.011373178214999169,0.0115790687891002,-0.27815496853682453,COMPAS,corrupt_30_shift_1.0,131,0.953083575758958,True,1
Oracle (clean audit labels),Logistic regression,2268,0.731786630297602,0.6707712248865846,0.2670911178373865,0.261576354679803,0.02157558520010283,0.02360596561223527,-0.43064400326203145,COMPAS,corrupt_30_shift_1.0,131,0.953083575758958,True,1
Oracle (clean audit labels),Random forest,2268,0.7224967430688434,0.6675307841866494,0.25511176353737736,0.22610837438423653,0.02162993956281367,0.020013163430091296,-0.26386925425111024,COMPAS,corrupt_30_shift_1.0,131,0.953083575758958,True,1
Baseline (audit labels),Logistic regression,2268,0.6798803157626687,0.6150356448476992,0.7328635414561864,0.7579445571331981,0.15663422422364248,0.0,0.0,COMPAS,corrupt_30_shift_1.0,132,0.9531591809621849,True,1
Baseline (audit labels),Random forest,2268,0.7006968848145319,0.6448476992871031,0.4985030645921735,0.5101902830097557,0.12653357234679496,0.0,0.0,COMPAS,corrupt_30_shift_1.0,132,0.9531591809621849,True,1
Audit-guided reweighting,Logistic regression,2268,0.7059680842033784,0.6636422553467272,0.42944534249343297,0.45291005291005293,0.029218748478354928,0.026087768440709702,-0.30503450422314515,COMPAS,corrupt_30_shift_1.0,132,0.9531591809621849,True,1
Audit-guided reweighting,Random forest,2268,0.7079373567608861,0.6636422553467272,0.3068229271906783,0.29417989417989415,0.02717686300266997,0.007240471946354243,-0.2160103888298615,COMPAS,corrupt_30_shift_1.0,132,0.9531591809621849,True,1
Drop flagged block,Logistic regression,2268,0.7167880485527544,0.6448476992871031,0.24783289553445137,0.2222544190089829,0.0740492074380471,0.036907732790085634,-0.5356901381242152,COMPAS,corrupt_30_shift_1.0,132,0.9531591809621849,True,1
Drop flagged block,Random forest,2268,0.7024497071555895,0.6474400518470512,0.24240755708223888,0.21501014198782964,0.0821860971622157,0.0017528223410576693,-0.295180141021926,COMPAS,corrupt_30_shift_1.0,132,0.9531591809621849,True,1
Trusted reference only,Logistic regression,1389,0.7151982004923182,0.6681788723266364,0.3026352125008419,0.3285714285714286,0.01978934312064551,0.035317884729649474,-0.42937312856176946,COMPAS,corrupt_30_shift_1.0,132,0.9531591809621849,True,1
Trusted reference only,Random forest,1389,0.7133986928104575,0.6733635774465327,0.259695561392874,0.2666666666666666,0.010580617356506838,0.012701807995925685,-0.24352361634308906,COMPAS,corrupt_30_shift_1.0,132,0.9531591809621849,True,1
Oracle (clean audit labels),Logistic regression,2268,0.7101697648756473,0.6675307841866494,0.32355189600592715,0.35449735449735453,0.007950469826392581,0.030289449112978595,-0.40344720263584355,COMPAS,corrupt_30_shift_1.0,132,0.9531591809621849,True,1
Oracle (clean audit labels),Random forest,2268,0.711139122315593,0.6733635774465327,0.2836936754899979,0.28571428571428575,0.002581145057947043,0.010442237501061102,-0.2244759972954699,COMPAS,corrupt_30_shift_1.0,132,0.9531591809621849,True,1
Baseline (audit labels),Logistic regression,2268,0.6986452351283996,0.6254050550874919,0.6828927454343658,0.6695892475819621,0.10799093692443162,0.0,0.0,COMPAS,corrupt_30_shift_1.0,133,0.9647499609450277,True,1
Baseline (audit labels),Random forest,2268,0.7024410147361577,0.659753726506805,0.43018027107927215,0.41202528995519827,0.08202882502111952,0.0,0.0,COMPAS,corrupt_30_shift_1.0,133,0.9647499609450277,True,1
Audit-guided reweighting,Logistic regression,2268,0.702598466789468,0.6604018146467919,0.3091430397201762,0.37660260436293597,-4.253154728584008e-05,0.003953231661068424,-0.2929866432190262,COMPAS,corrupt_30_shift_1.0,133,0.9647499609450277,True,1
Audit-guided reweighting,Random forest,2268,0.6965162463430491,0.6539209332469216,0.25070124104530317,0.27176652849307037,0.0004423019602524114,-0.005924768393108626,-0.1402587614621279,COMPAS,corrupt_30_shift_1.0,133,0.9647499609450277,True,1
Drop flagged block,Logistic regression,2268,0.7135549287571784,0.6591056383668179,0.24477348400766824,0.24807603734874184,0.032535697865110014,0.014909693628778808,-0.4215132102332203,COMPAS,corrupt_30_shift_1.0,133,0.9647499609450277,True,1
Drop flagged block,Random forest,2268,0.695173671307834,0.6467919637070642,0.22290216258029794,0.2392413013440523,0.04058891369970974,-0.0072673434283236915,-0.17278398861114597,COMPAS,corrupt_30_shift_1.0,133,0.9647499609450277,True,1
Trusted reference only,Logistic regression,1389,0.7050296619352042,0.6636422553467272,0.27524635926411734,0.3382908344847799,-0.01422202051929411,0.006384426806804622,-0.3312984130971822,COMPAS,corrupt_30_shift_1.0,133,0.9647499609450277,True,1
Trusted reference only,Random forest,1389,0.7078578732798786,0.6571613739468568,0.24275216089866475,0.23935016538960768,-0.019715548890628876,0.0054168585437208705,-0.1726751245655906,COMPAS,corrupt_30_shift_1.0,133,0.9647499609450277,True,1
Oracle (clean audit labels),Logistic regression,2268,0.7124993227868675,0.6733635774465327,0.2490683752060001,0.3180756186408742,-0.02954971081537272,0.01385408765846785,-0.35151362894108795,COMPAS,corrupt_30_shift_1.0,133,0.9647499609450277,True,1
Oracle (clean audit labels),Random forest,2268,0.7051160066096002,0.659753726506805,0.23089832845659705,0.2616505464137671,-0.028221251086975985,0.002674991873442445,-0.15037474354143116,COMPAS,corrupt_30_shift_1.0,133,0.9647499609450277,True,1
Baseline (audit labels),Logistic regression,2268,0.7039684685445852,0.6202203499675956,0.7077934098482044,0.7122344322344323,0.1262143365765639,0.0,0.0,COMPAS,corrupt_30_shift_1.0,134,0.9526420385495764,True,1
Baseline (audit labels),Random forest,2268,0.7041492759255817,0.6461438755670771,0.5819343004274511,0.5755897435897436,0.10408243819449481,0.0,0.0,COMPAS,corrupt_30_shift_1.0,134,0.9526420385495764,True,1
Audit-guided reweighting,Logistic regression,2268,0.723367241758056,0.6740116655865198,0.3514422267846925,0.3851041154287589,0.0005040877045513481,0.019398773213470832,-0.3271303168056734,COMPAS,corrupt_30_shift_1.0,134,0.9526420385495764,True,1
Audit-guided reweighting,Random forest,2268,0.7113545345477281,0.6655865197666883,0.30483490962943016,0.28576815871454336,0.00871222157154583,0.007205258622146382,-0.2898215848752002,COMPAS,corrupt_30_shift_1.0,134,0.9526420385495764,True,1
Drop flagged block,Logistic regression,2268,0.727993882965241,0.6642903434867142,0.2501413617851974,0.2094945054945055,0.04099204262221834,0.024025414420655866,-0.5027399267399268,COMPAS,corrupt_30_shift_1.0,134,0.9526420385495764,True,1
Drop flagged block,Random forest,2268,0.7132817384545194,0.6500324044069994,0.2460620645552153,0.2260206591244467,0.04379416384342705,0.009132462528937624,-0.3495690844652969,COMPAS,corrupt_30_shift_1.0,134,0.9526420385495764,True,1
Trusted reference only,Logistic regression,1389,0.722084692205005,0.6753078418664938,0.1911901316010905,0.18988358747335632,-0.009807573930930347,0.018116223660419872,-0.522350844761076,COMPAS,corrupt_30_shift_1.0,134,0.9526420385495764,True,1
Trusted reference only,Random forest,1389,0.7251550381047331,0.6824368114063513,0.20499478307697483,0.2015576323987539,-0.020326739866937893,0.0210057621791514,-0.37403211119098967,COMPAS,corrupt_30_shift_1.0,134,0.9526420385495764,True,1
Oracle (clean audit labels),Logistic regression,2268,0.7259019246692239,0.6772521062864549,0.25608192252027867,0.3010001639613051,-0.03265520403379252,0.021933456124638706,-0.4112342682731272,COMPAS,corrupt_30_shift_1.0,134,0.9526420385495764,True,1
Oracle (clean audit labels),Random forest,2268,0.7154826881157168,0.6694750486066104,0.2821547574972232,0.2963354648303001,-0.03196605081008741,0.011333412190135062,-0.2792542787594435,COMPAS,corrupt_30_shift_1.0,134,0.9526420385495764,True,1
Baseline (audit labels),Logistic regression,2268,0.7166909682779201,0.6416072585871678,0.6713022278268179,0.6715800141194689,0.13594054810729694,0.0,0.0,COMPAS,corrupt_30_shift_1.0,135,0.9606768998636397,True,1
Baseline (audit labels),Random forest,2268,0.7216807107373561,0.6454957874270901,0.5200336275746111,0.5345016055202569,0.10650733811998969,0.0,0.0,COMPAS,corrupt_30_shift_1.0,135,0.9606768998636397,True,1
Audit-guided reweighting,Logistic regression,2268,0.728727047693325,0.6753078418664938,0.40792265657839427,0.42771312491392366,0.017613241571260096,0.012036079415404854,-0.24386688920554522,COMPAS,corrupt_30_shift_1.0,135,0.9606768998636397,True,1
Audit-guided reweighting,Random forest,2268,0.7231099845713027,0.6772521062864549,0.294959226565784,0.2845854565486848,0.01960910432622598,0.0014292738339466426,-0.24991614897157216,COMPAS,corrupt_30_shift_1.0,135,0.9606768998636397,True,1
Drop flagged block,Logistic regression,2268,0.7303818178735525,0.6480881399870383,0.2573518284993695,0.2267077537529265,0.05555513409051227,0.013690849595632382,-0.44487226036654237,COMPAS,corrupt_30_shift_1.0,135,0.9606768998636397,True,1
Drop flagged block,Random forest,2268,0.7235991251419949,0.6519766688269605,0.21923160992013446,0.17395982783357244,0.058741120510938605,0.0019184144046388019,-0.3605417776866845,COMPAS,corrupt_30_shift_1.0,135,0.9606768998636397,True,1
Trusted reference only,Logistic regression,1389,0.7290915718621251,0.6772521062864549,0.2561883144178226,0.28587660101914336,0.006196554784261399,0.012400603584205028,-0.3857034131003255,COMPAS,corrupt_30_shift_1.0,135,0.9606768998636397,True,1
Trusted reference only,Random forest,1389,0.7328716027195199,0.6915100453661698,0.25553762084909626,0.25494077950695493,-0.011403215052221638,0.01119089198216383,-0.279560826013302,COMPAS,corrupt_30_shift_1.0,135,0.9606768998636397,True,1
Oracle (clean audit labels),Logistic regression,2268,0.7240560519489327,0.679196370706416,0.2582530474989491,0.299907037598127,-0.026267644128771916,0.007365083671012629,-0.3716729765213419,COMPAS,corrupt_30_shift_1.0,135,0.9606768998636397,True,1
Oracle (clean audit labels),Random forest,2268,0.7213992641698174,0.679196370706416,0.24484741488020179,0.24796859936647841,-0.02983873622782318,-0.00028144656753870123,-0.2865330061537785,COMPAS,corrupt_30_shift_1.0,135,0.9606768998636397,True,1
Baseline (audit labels),Logistic regression,2268,0.6875325654737421,0.61049902786779,0.6010870295698925,0.5846560846560847,0.16995129775850926,0.0,0.0,COMPAS,corrupt_30_shift_1.0,137,0.9555783510291276,True,1
Baseline (audit labels),Random forest,2268,0.6976261483614424,0.6403110823071938,0.4140809811827957,0.39997215260373153,0.14241366733751015,0.0,0.0,COMPAS,corrupt_30_shift_1.0,137,0.9555783510291276,True,1
Audit-guided reweighting,Logistic regression,2268,0.7026857945975593,0.6578094620868438,0.34193716397849466,0.4038986354775828,0.04673429205723767,0.015153229123817225,-0.18075744917850184,COMPAS,corrupt_30_shift_1.0,137,0.9555783510291276,True,1
Audit-guided reweighting,Random forest,2268,0.7047254216371864,0.6681788723266364,0.28238239247311825,0.33631300473405734,0.05032257382538974,0.007099273275744,-0.06365914786967419,COMPAS,corrupt_30_shift_1.0,137,0.9555783510291276,True,1
Drop flagged block,Logistic regression,2268,0.706944158782394,0.6480881399870383,0.24327620967741936,0.23581175160122525,0.09294585822140078,0.019411593308651942,-0.3488443330548594,COMPAS,corrupt_30_shift_1.0,137,0.9555783510291276,True,1
Drop flagged block,Random forest,2268,0.7029163238722063,0.6474400518470512,0.22361559139784948,0.2286271233639654,0.09866555192904658,0.005290175510763828,-0.17134502923976613,COMPAS,corrupt_30_shift_1.0,137,0.9555783510291276,True,1
Trusted reference only,Logistic regression,1389,0.7106574797751268,0.6649384316267012,0.2809627016129032,0.3511556669451406,0.03149361806872597,0.023124914301384747,-0.23350041771094404,COMPAS,corrupt_30_shift_1.0,137,0.9555783510291276,True,1
Trusted reference only,Random forest,1389,0.7091928904428904,0.6681788723266364,0.2666750672043011,0.30807574491785017,0.027636697068387117,0.011566742081447923,-0.09189640768588136,COMPAS,corrupt_30_shift_1.0,137,0.9555783510291276,True,1
Oracle (clean audit labels),Logistic regression,2268,0.7013694638694639,0.6558651976668827,0.3069102822580645,0.3625452520189363,0.037168942991740894,0.013836898395721775,-0.22211083263714837,COMPAS,corrupt_30_shift_1.0,137,0.9555783510291276,True,1
Oracle (clean audit labels),Random forest,2268,0.7112290895379131,0.6733635774465327,0.2744758064516129,0.3362573099415205,0.03483267232468734,0.013602941176470651,-0.06371484266221106,COMPAS,corrupt_30_shift_1.0,137,0.9555783510291276,True,1
Baseline (audit labels),Logistic regression,2268,0.7103182117917589,0.6318859364873622,0.6174316175178138,0.6529260085797209,0.14097456915535778,0.0,0.0,COMPAS,corrupt_30_shift_1.0,139,0.9506693016435667,True,1
Baseline (audit labels),Random forest,2268,0.7165218199956038,0.6467919637070642,0.49005868116118384,0.4921140570979267,0.10890627262311314,0.0,0.0,COMPAS,corrupt_30_shift_1.0,139,0.9506693016435667,True,1
Audit-guided reweighting,Logistic regression,2268,0.7196532133980353,0.6655865197666883,0.3366544301572493,0.34811946253593856,0.011929151136714666,0.009335001606276427,-0.3048065460437824,COMPAS,corrupt_30_shift_1.0,139,0.9506693016435667,True,1
Audit-guided reweighting,Random forest,2268,0.7197352180308745,0.6694750486066104,0.2744679484579294,0.27899179386593576,0.008400785893663776,0.0032133980352706537,-0.21312226323199096,COMPAS,corrupt_30_shift_1.0,139,0.9506693016435667,True,1
Drop flagged block,Logistic regression,2268,0.7264071825913464,0.6487362281270252,0.2278678051352776,0.19098551160343646,0.06355361144154337,0.016088970799587488,-0.4619404969762845,COMPAS,corrupt_30_shift_1.0,139,0.9506693016435667,True,1
Drop flagged block,Random forest,2268,0.7170349830072874,0.661049902786779,0.2148453873091848,0.17319217776883689,0.05941877356943537,0.0005131630116835817,-0.31892187932908983,COMPAS,corrupt_30_shift_1.0,139,0.9506693016435667,True,1
Trusted reference only,Logistic regression,1389,0.7192491080939418,0.6629941672067401,0.2590421720142241,0.3009949623221934,-0.004831888666465001,0.008930896302182911,-0.3519310462575275,COMPAS,corrupt_30_shift_1.0,139,0.9506693016435667,True,1
Trusted reference only,Random forest,1389,0.7188348578868167,0.6649384316267012,0.2397645993050203,0.24740781720186755,-0.019892041759772106,0.0023130378912128435,-0.24470623989605916,COMPAS,corrupt_30_shift_1.0,139,0.9506693016435667,True,1
Oracle (clean audit labels),Logistic regression,2268,0.7268746935393876,0.6707712248865846,0.2259174001811815,0.2162680949866304,-0.002313787097429687,0.016556481747628693,-0.43665791359309053,COMPAS,corrupt_30_shift_1.0,139,0.9506693016435667,True,1
Oracle (clean audit labels),Random forest,2268,0.7195889623455016,0.6701231367465975,0.27707919252558844,0.27716448311413994,-0.013382646349835547,0.0030671423498978,-0.21494957398378678,COMPAS,corrupt_30_shift_1.0,139,0.9506693016435667,True,1
Baseline (audit labels),Logistic regression,2268,0.7109148817877944,0.6357744653272845,0.6708329116486186,0.674141980024333,0.13984883145009497,0.0,0.0,COMPAS,corrupt_30_shift_1.0,142,0.9481460429144279,True,1
Baseline (audit labels),Random forest,2268,0.7155186149475555,0.644199611147116,0.4918007624059644,0.4908072319837026,0.10341885684454988,0.0,0.0,COMPAS,corrupt_30_shift_1.0,142,0.9481460429144279,True,1
Audit-guided reweighting,Logistic regression,2268,0.728365335719952,0.6720674011665586,0.31097223627837944,0.31465517241379315,-0.001234752185468313,0.017450453932157606,-0.35948680761053986,COMPAS,corrupt_30_shift_1.0,142,0.9481460429144279,True,1
Audit-guided reweighting,Random forest,2268,0.7179950708188407,0.6701231367465975,0.2731218162804035,0.2641849529780564,-0.0024063201999912076,0.002476455871285199,-0.2266222790056462,COMPAS,corrupt_30_shift_1.0,142,0.9481460429144279,True,1
Drop flagged block,Logistic regression,2268,0.7280619232620738,0.6720674011665586,0.2827277940829201,0.23072744249214838,0.051584189839771755,0.017147041474279368,-0.4434145375321846,COMPAS,corrupt_30_shift_1.0,142,0.9481460429144279,True,1
Drop flagged block,Random forest,2268,0.7204893246275993,0.6655865197666883,0.25766791485342244,0.21152037617554853,0.05039460792151873,0.004970709680043761,-0.27928685580815404,COMPAS,corrupt_30_shift_1.0,142,0.9481460429144279,True,1
Trusted reference only,Logistic regression,1389,0.7258159930571093,0.6740116655865198,0.2151064332220086,0.23283699059561125,-0.020429995885197227,0.014901111269314926,-0.44130498942872176,COMPAS,corrupt_30_shift_1.0,142,0.9481460429144279,True,1
Trusted reference only,Random forest,1389,0.7243048634135427,0.6811406351263772,0.2307964780892622,0.2627220480668757,-0.03278343586376242,0.00878624846598719,-0.22808518391682686,COMPAS,corrupt_30_shift_1.0,142,0.9481460429144279,True,1
Oracle (clean audit labels),Logistic regression,2268,0.727409332221386,0.6772521062864549,0.2947019532435988,0.2965256008359457,-0.006215689540488012,0.016494450433591656,-0.3776163791883873,COMPAS,corrupt_30_shift_1.0,142,0.9481460429144279,True,1
Oracle (clean audit labels),Random forest,2268,0.7213953243970738,0.6688269604666235,0.30824983975980835,0.2863636363636363,-0.017896815084767148,0.005876709449518236,-0.20444359562006625,COMPAS,corrupt_30_shift_1.0,142,0.9481460429144279,True,1
Baseline (audit labels),Logistic regression,2268,0.7040348627339222,0.6137394685677252,0.6523541002568966,0.6804690568366717,0.16279900575950945,0.0,0.0,COMPAS,corrupt_30_shift_1.0,144,0.9470306576664183,True,1
Baseline (audit labels),Random forest,2268,0.714083004247581,0.6500324044069994,0.48701562899299256,0.4832351455983841,0.12616970577163134,0.0,0.0,COMPAS,corrupt_30_shift_1.0,144,0.9470306576664183,True,1
Audit-guided reweighting,Logistic regression,2268,0.7208903296285742,0.6772521062864549,0.3474189296426314,0.407706366128541,0.030561355637885312,0.016855466894652005,-0.2727626907081307,COMPAS,corrupt_30_shift_1.0,144,0.9470306576664183,True,1
Audit-guided reweighting,Random forest,2268,0.7199929772421935,0.6798444588464031,0.2853653041735599,0.29921819474058275,0.02402160532834874,0.005909972994612489,-0.18401695085780134,COMPAS,corrupt_30_shift_1.0,144,0.9470306576664183,True,1
Drop flagged block,Logistic regression,2268,0.7334905820407387,0.6565132858068697,0.24472252484902285,0.21423441620378164,0.08485030016146511,0.029455719306816452,-0.46623464063289005,COMPAS,corrupt_30_shift_1.0,144,0.9470306576664183,True,1
Drop flagged block,Random forest,2268,0.7133366241908561,0.6500324044069994,0.2146262895264227,0.2028502496773832,0.07859652758477476,-0.0007463800567248935,-0.2803848959210009,COMPAS,corrupt_30_shift_1.0,144,0.9470306576664183,True,1
Trusted reference only,Logistic regression,1389,0.7335974500943153,0.6785482825664291,0.28127984236506204,0.34526347852573863,0.011496272201679592,0.029562587360393078,-0.33520557831093306,COMPAS,corrupt_30_shift_1.0,144,0.9470306576664183,True,1
Trusted reference only,Random forest,1389,0.7359002022011427,0.696046662346079,0.2495511035790663,0.24114123261244796,-0.006277843474689293,0.02181719795356174,-0.24209391298593613,COMPAS,corrupt_30_shift_1.0,144,0.9470306576664183,True,1
Oracle (clean audit labels),Logistic regression,2268,0.7331564073335233,0.677900194426442,0.2841026779109336,0.3119098385622906,0.014829931433525068,0.029121544599601035,-0.3685592182743811,COMPAS,corrupt_30_shift_1.0,144,0.9470306576664183,True,1
Oracle (clean audit labels),Random forest,2268,0.7249275672081315,0.6850291639662994,0.27547108905297985,0.297644430906691,0.0013834528651381905,0.010844562960550475,-0.18559071469169308,COMPAS,corrupt_30_shift_1.0,144,0.9470306576664183,True,1
Baseline (audit labels),Logistic regression,2268,0.7118274658171617,0.6351263771872975,0.5120892673517532,0.47880419773543215,0.12221459083578201,0.0,0.0,COMPAS,corrupt_30_shift_1.0,146,0.94428526139336,True,1
Baseline (audit labels),Random forest,2268,0.7109758665425918,0.6493843162670123,0.3850771898460235,0.35825672454885943,0.09246943153220177,0.0,0.0,COMPAS,corrupt_30_shift_1.0,146,0.94428526139336,True,1
Audit-guided reweighting,Logistic regression,2268,0.7135697207637395,0.6584575502268308,0.21660539421597025,0.23601905550952773,-0.016738813586579138,0.0017422549465777593,-0.24278514222590442,COMPAS,corrupt_30_shift_1.0,146,0.94428526139336,True,1
Audit-guided reweighting,Random forest,2268,0.709016254253751,0.6636422553467272,0.2588934665869117,0.24661695664181166,-0.007926862151533265,-0.001959612288840784,-0.11163976790704777,COMPAS,corrupt_30_shift_1.0,146,0.94428526139336,True,1
Drop flagged block,Logistic regression,2268,0.7172036638297006,0.6435515230071289,0.2538611725329157,0.230115990057995,0.05738122267648227,0.0053761980125388575,-0.24868820767743716,COMPAS,corrupt_30_shift_1.0,146,0.94428526139336,True,1
Drop flagged block,Random forest,2268,0.709031537191879,0.6364225534672715,0.21683558596401614,0.18220104943385806,0.05621826316694556,-0.00194432935071287,-0.17605567511500136,COMPAS,corrupt_30_shift_1.0,146,0.94428526139336,True,1
Trusted reference only,Logistic regression,1389,0.7109308667803265,0.6720674011665586,0.14446464456377822,0.16770229218447935,-0.04046388434079978,-0.000896599036835255,-0.3111019055509528,COMPAS,corrupt_30_shift_1.0,146,0.94428526139336,True,1
Trusted reference only,Random forest,1389,0.7220177893399808,0.6772521062864549,0.24117206245085326,0.24154239160452912,-0.041235422077065265,0.011041922797389025,-0.11671433294433031,COMPAS,corrupt_30_shift_1.0,146,0.94428526139336,True,1
Oracle (clean audit labels),Logistic regression,2268,0.7133540615257127,0.6616979909267661,0.2097836533614716,0.24489091411212371,-0.02457612813741028,0.0015265957085509596,-0.23391328362330843,COMPAS,corrupt_30_shift_1.0,146,0.94428526139336,True,1
Oracle (clean audit labels),Random forest,2268,0.7101497388315685,0.6740116655865198,0.25040997654396496,0.25134631317315653,-0.028435267354635085,-0.0008261277110233056,-0.1069104113757029,COMPAS,corrupt_30_shift_1.0,146,0.94428526139336,True,1
Baseline (audit labels),Logistic regression,2268,0.6991371848966785,0.6221646143875567,0.6621595258756972,0.6480511925538104,0.12694502585859047,0.0,0.0,COMPAS,corrupt_30_shift_1.0,147,0.9495576474502195,True,1
Baseline (audit labels),Random forest,2268,0.7045263983555123,0.6390149060272197,0.5083146656979678,0.49237929028504945,0.1045001711989576,0.0,0.0,COMPAS,corrupt_30_shift_1.0,147,0.9495576474502195,True,1
Audit-guided reweighting,Logistic regression,2268,0.7249083766093259,0.6733635774465327,0.28397677813431277,0.3266725223246963,-0.010195849457250716,0.025771191712647412,-0.3213786702291141,COMPAS,corrupt_30_shift_1.0,147,0.9495576474502195,True,1
Audit-guided reweighting,Random forest,2268,0.7197668167802661,0.6668826960466624,0.22750465849999668,0.2395696091348265,0.0024467617271681785,0.015240418424753766,-0.25280968115022295,COMPAS,corrupt_30_shift_1.0,147,0.9495576474502195,True,1
Drop flagged block,Logistic regression,2268,0.7286865736232824,0.6694750486066104,0.24303074946351572,0.21365832235397453,0.040756751897946586,0.029549388726603842,-0.43439287019983586,COMPAS,corrupt_30_shift_1.0,147,0.9495576474502195,True,1
Drop flagged block,Random forest,2268,0.7159438223520502,0.6578094620868438,0.21156148883641768,0.18127981384525887,0.04319532657814207,0.01141742399653789,-0.3110994764397906,COMPAS,corrupt_30_shift_1.0,147,0.9495576474502195,True,1
Trusted reference only,Logistic regression,1389,0.7250808043925133,0.6707712248865846,0.18804531358263876,0.21534182403747626,-0.023106267737690367,0.02594361949583479,-0.4327093685163341,COMPAS,corrupt_30_shift_1.0,147,0.9495576474502195,True,1
Trusted reference only,Random forest,1389,0.7293551539002487,0.6746597537265068,0.21341816175926487,0.23371395110525545,-0.02792482780775024,0.024828755544736403,-0.258665339179794,COMPAS,corrupt_30_shift_1.0,147,0.9495576474502195,True,1
Oracle (clean audit labels),Logistic regression,2268,0.7245178783944607,0.6655865197666883,0.2911024331833195,0.31993851559068953,-0.003714382426390883,0.02538069349778216,-0.32811267696312085,COMPAS,corrupt_30_shift_1.0,147,0.9495576474502195,True,1
Oracle (clean audit labels),Random forest,2268,0.7243124864762522,0.6720674011665586,0.25361916678439045,0.261747913921827,-0.005551098171578506,0.019786088120739898,-0.23063137636322245,COMPAS,corrupt_30_shift_1.0,147,0.9495576474502195,True,1
Baseline (audit labels),Logistic regression,2268,0.7258868868357921,0.6584575502268308,0.6215100552746089,0.6167971719839953,0.10700021777597957,0.0,0.0,COMPAS,corrupt_30_shift_1.0,148,0.9775839677532924,True,1
Baseline (audit labels),Random forest,2268,0.7388605311962976,0.6830848995463383,0.36223349742107824,0.3480080134519442,0.07249909114990083,0.0,0.0,COMPAS,corrupt_30_shift_1.0,148,0.9775839677532924,True,1
Audit-guided reweighting,Logistic regression,2268,0.726991135385296,0.6804925469863902,0.5510676903949867,0.5844640374496243,0.04535857604121507,0.0011042485495039722,-0.03233313453437103,COMPAS,corrupt_30_shift_1.0,148,0.9775839677532924,True,1
Audit-guided reweighting,Random forest,2268,0.7401153590934613,0.6895657809462087,0.35147090942692494,0.3079034897840663,0.017929104317003675,0.0012548278971636906,-0.04010452366787792,COMPAS,corrupt_30_shift_1.0,148,0.9775839677532924,True,1
Drop flagged block,Logistic regression,2268,0.7254895955625883,0.6584575502268308,0.6163404512692999,0.6106871923505941,0.10788766345795187,-0.00039729127320375923,-0.006109979633401208,COMPAS,corrupt_30_shift_1.0,148,0.9775839677532924,True,1
Drop flagged block,Random forest,2268,0.7386316846170861,0.6811406351263772,0.3635624401471749,0.3507605565020505,0.07650120257928372,-0.00022884657921151685,0.002752543050106304,COMPAS,corrupt_30_shift_1.0,148,0.9775839677532924,True,1
Trusted reference only,Logistic regression,1389,0.7305625031902404,0.6856772521062865,0.237346482753986,0.21643524629111455,-0.025180620412354138,0.004675616354448353,-0.40036192569288076,COMPAS,corrupt_30_shift_1.0,148,0.9775839677532924,True,1
Trusted reference only,Random forest,1389,0.7307956034233406,0.6785482825664291,0.21010399690865406,0.18559386164053288,-0.031118457291773538,-0.008064927772956976,-0.16241415181141133,COMPAS,corrupt_30_shift_1.0,148,0.9775839677532924,True,1
Oracle (clean audit labels),Logistic regression,2268,0.7374483181052524,0.6811406351263772,0.1866265687740461,0.17284374285060633,-0.03714184335702919,0.011561431269460298,-0.443953429133389,COMPAS,corrupt_30_shift_1.0,148,0.9775839677532924,True,1
Oracle (clean audit labels),Random forest,2268,0.7423161996154697,0.6902138690861958,0.22046336587086912,0.1909086109497915,-0.041481773808671074,0.0034556684191721088,-0.1570994025021527,COMPAS,corrupt_30_shift_1.0,148,0.9775839677532924,True,1
Baseline (audit labels),Logistic regression,2268,0.7095068971909997,0.6182760855476345,0.687229776407353,0.7125070043131146,0.18391160239966842,0.0,0.0,COMPAS,corrupt_30_shift_1.0,150,0.9477609364309715,True,1
Baseline (audit labels),Random forest,2268,0.7158058624406924,0.6351263771872975,0.4846366408869568,0.48263701464608294,0.15494062462289082,0.0,0.0,COMPAS,corrupt_30_shift_1.0,150,0.9477609364309715,True,1
Audit-guided reweighting,Logistic regression,2268,0.7255002094219268,0.6850291639662994,0.3806517380242295,0.44042471042471043,0.04890312097879912,0.015993312230927148,-0.2720822938884042,COMPAS,corrupt_30_shift_1.0,150,0.9477609364309715,True,1
Audit-guided reweighting,Random forest,2268,0.7257061982024046,0.6837329876863253,0.3013395339432846,0.3170945945945946,0.046640090171542026,0.00990033576171212,-0.16554242005148834,COMPAS,corrupt_30_shift_1.0,150,0.9477609364309715,True,1
Drop flagged block,Logistic regression,2268,0.732767321939865,0.644199611147116,0.2616893292220594,0.22382239382239377,0.10249713697551444,0.02326042474886536,-0.48868461049072087,COMPAS,corrupt_30_shift_1.0,150,0.9477609364309715,True,1
Drop flagged block,Random forest,2268,0.7156127479589944,0.6422553467271549,0.25405819811622776,0.22784966302185344,0.09868085894495604,-0.00019311448169800904,-0.2547873516242295,COMPAS,corrupt_30_shift_1.0,150,0.9477609364309715,True,1
Trusted reference only,Logistic regression,1389,0.7203453401904709,0.6753078418664938,0.31612832566681826,0.36206563706563705,0.04149400998675723,0.010838442999471232,-0.3504413672474776,COMPAS,corrupt_30_shift_1.0,150,0.9477609364309715,True,1
Trusted reference only,Random forest,1389,0.7281875047205763,0.6785482825664291,0.28342010817368446,0.3466216216216216,0.024988539398775433,0.012381642279883809,-0.13601539302446136,COMPAS,corrupt_30_shift_1.0,150,0.9477609364309715,True,1
Oracle (clean audit labels),Logistic regression,2268,0.7287531155803048,0.6843810758263124,0.2982088998972181,0.33003861003861,0.0443004661031583,0.01924621838930507,-0.38246839427450463,COMPAS,corrupt_30_shift_1.0,150,0.9477609364309715,True,1
Oracle (clean audit labels),Random forest,2268,0.7267498746901584,0.6785482825664291,0.32250080035046924,0.3343725868725869,0.04076311376245889,0.01094401224946595,-0.14826442777349602,COMPAS,corrupt_30_shift_1.0,150,0.9477609364309715,True,1
Baseline (audit labels),Logistic regression,2268,0.6822730023195617,0.6189241736876215,0.6952044896999026,0.6853458062758276,0.10456744470874024,0.0,0.0,COMPAS,corrupt_30_shift_1.0,152,0.9607867743831626,True,1
Baseline (audit labels),Random forest,2268,0.6806686388543384,0.6351263771872975,0.5071932654501461,0.521962801741195,0.07726538368993285,0.0,0.0,COMPAS,corrupt_30_shift_1.0,152,0.9607867743831626,True,1
Audit-guided reweighting,Logistic regression,2268,0.708055434161428,0.6539209332469216,0.33445911886278856,0.3350380725082396,-0.011774474158756654,0.02578243184186635,-0.35030773376758806,COMPAS,corrupt_30_shift_1.0,152,0.9607867743831626,True,1
Audit-guided reweighting,Random forest,2268,0.7011580999764682,0.6513285806869734,0.2647141848976711,0.23906836004091375,-0.006411016143596071,0.020489461122129793,-0.2828944417002813,COMPAS,corrupt_30_shift_1.0,152,0.9607867743831626,True,1
Drop flagged block,Logistic regression,2268,0.7102657410831344,0.6487362281270252,0.25707228551265243,0.24112115013069668,0.017948330742776686,0.027992738763572778,-0.44422465614513096,COMPAS,corrupt_30_shift_1.0,152,0.9607867743831626,True,1
Drop flagged block,Random forest,2268,0.697473694826369,0.6487362281270252,0.20567597540074606,0.1911422213860795,0.028465040112317874,0.016805055972030636,-0.3308205803551155,COMPAS,corrupt_30_shift_1.0,152,0.9607867743831626,True,1
Trusted reference only,Logistic regression,1389,0.7156746898846943,0.644199611147116,0.16676748328124472,0.16614814183429932,-0.039118835693769005,0.03340168756513262,-0.5191976644415284,COMPAS,corrupt_30_shift_1.0,152,0.9607867743831626,True,1
Trusted reference only,Random forest,1389,0.7022287961811275,0.6396629941672067,0.18007023557482277,0.15730480736447328,-0.04215671563994999,0.021560157326789176,-0.36465799437672175,COMPAS,corrupt_30_shift_1.0,152,0.9607867743831626,True,1
Oracle (clean audit labels),Logistic regression,2268,0.7099026792617744,0.6454957874270901,0.2490472829922371,0.2633537902034322,-0.04511749358544137,0.027629676942212744,-0.42199201607239545,COMPAS,corrupt_30_shift_1.0,152,0.9607867743831626,True,1
Oracle (clean audit labels),Random forest,2268,0.7025305072780448,0.6526247569669476,0.23730886850152905,0.23418144107284922,-0.051151769649602,0.02186186842370641,-0.2877813606683458,COMPAS,corrupt_30_shift_1.0,152,0.9607867743831626,True,1
Baseline (audit labels),Logistic regression,2268,0.7063594407492872,0.6143875567077123,0.6937201677673877,0.7018694690887815,0.16598060259251113,0.0,0.0,COMPAS,corrupt_30_shift_1.0,154,0.9172129240674424,True,1
Baseline (audit labels),Random forest,2268,0.7215055314239175,0.6403110823071938,0.4716943025064124,0.44092016359964215,0.13920834109319769,0.0,0.0,COMPAS,corrupt_30_shift_1.0,154,0.9172129240674424,True,1
Audit-guided reweighting,Logistic regression,2268,0.7153437627256687,0.6759559300064809,0.345012084368415,0.43180827886710244,-0.0033171815737520483,0.008984321976381437,-0.270061190221679,COMPAS,corrupt_30_shift_1.0,154,0.9172129240674424,True,1
Audit-guided reweighting,Random forest,2268,0.7183699267001493,0.6824368114063513,0.29151266670706005,0.32705882352941174,0.01231530399387093,-0.0031356047237681706,-0.11386134007023041,COMPAS,corrupt_30_shift_1.0,154,0.9172129240674424,True,1
Drop flagged block,Logistic regression,2268,0.7244086806026877,0.644199611147116,0.2259389789886831,0.20936819172113297,0.07525461869983319,0.018049239853400456,-0.4925012773676485,COMPAS,corrupt_30_shift_1.0,154,0.9172129240674424,True,1
Drop flagged block,Random forest,2268,0.7273262522057825,0.6675307841866494,0.20724186913874476,0.18278867102396512,0.0854626255077402,0.005820720781865019,-0.258131492575677,COMPAS,corrupt_30_shift_1.0,154,0.9172129240674424,True,1
Trusted reference only,Logistic regression,1389,0.7123608660241618,0.6701231367465975,0.2524084583846667,0.31028322440087147,-0.017296774039302076,0.006001425274874572,-0.39158624468791,COMPAS,corrupt_30_shift_1.0,154,0.9172129240674424,True,1
Trusted reference only,Random forest,1389,0.7084998981946518,0.6662346079066753,0.25478662169531235,0.27764705882352936,-0.017153541850614018,-0.013005633229265734,-0.1632731047761128,COMPAS,corrupt_30_shift_1.0,154,0.9172129240674424,True,1
Oracle (clean audit labels),Logistic regression,2268,0.7200811049273789,0.659753726506805,0.3090753943408801,0.36339869281045756,0.013440685352550497,0.01372166417809162,-0.3384707762783239,COMPAS,corrupt_30_shift_1.0,154,0.9172129240674424,True,1
Oracle (clean audit labels),Random forest,2268,0.7228782068684675,0.6804925469863902,0.26569284834285944,0.3118954248366013,0.00907452951228438,0.0013726754445499978,-0.12902473876304082,COMPAS,corrupt_30_shift_1.0,154,0.9172129240674424,True,1
Baseline (audit labels),Logistic regression,2268,0.71067666503221,0.6364225534672715,0.6574797458567251,0.6480675395794573,0.1334017706048607,0.0,0.0,COMPAS,corrupt_30_shift_1.0,156,0.9477638545979012,True,1
Baseline (audit labels),Random forest,2268,0.7217920971205385,0.6500324044069994,0.473886442330319,0.4808158107206796,0.09128682865136817,0.0,0.0,COMPAS,corrupt_30_shift_1.0,156,0.9477638545979012,True,1
Audit-guided reweighting,Logistic regression,2268,0.7296087449064134,0.6642903434867142,0.3169277574209164,0.33843470247498686,-0.0006006615806342097,0.01893207987420331,-0.3096328371044704,COMPAS,corrupt_30_shift_1.0,156,0.9477638545979012,True,1
Audit-guided reweighting,Random forest,2268,0.7283186514042237,0.6746597537265068,0.2187060880088748,0.19712677725118488,-0.008643410435075993,0.006526554283685204,-0.2836890334694947,COMPAS,corrupt_30_shift_1.0,156,0.9477638545979012,True,1
Drop flagged block,Logistic regression,2268,0.7307204571969632,0.6688269604666235,0.2658553803744916,0.21911749218941973,0.04847275275648866,0.02004379216475316,-0.42895004739003756,COMPAS,corrupt_30_shift_1.0,156,0.9477638545979012,True,1
Drop flagged block,Random forest,2268,0.7220905263513857,0.6740116655865198,0.22381752781793118,0.1850727232304794,0.04119194571264195,0.0002984292308472192,-0.2957430874902002,COMPAS,corrupt_30_shift_1.0,156,0.9477638545979012,True,1
Trusted reference only,Logistic regression,1389,0.7364210472921564,0.6772521062864549,0.245917235351464,0.24667588204318058,-0.019017701664173603,0.025744382259946352,-0.4013916575362767,COMPAS,corrupt_30_shift_1.0,156,0.9477638545979012,True,1
Trusted reference only,Random forest,1389,0.7291767411189828,0.6727154893065457,0.2534137896258446,0.2358149025803054,-0.02631158967317604,0.007384643998444296,-0.24500090814037417,COMPAS,corrupt_30_shift_1.0,156,0.9477638545979012,True,1
Oracle (clean audit labels),Logistic regression,2268,0.7315768560945505,0.6688269604666235,0.29546508891652934,0.32184702474986837,-0.00506350608011219,0.020900191062340423,-0.3262205148295889,COMPAS,corrupt_30_shift_1.0,156,0.9477638545979012,True,1
Oracle (clean audit labels),Random forest,2268,0.7345628392201952,0.6733635774465327,0.23741553770128077,0.2294793312269615,-0.02215664003714435,0.012770742099656673,-0.25133647949371807,COMPAS,corrupt_30_shift_1.0,156,0.9477638545979012,True,1
Baseline (audit labels),Logistic regression,2268,0.71278182800054,0.6409591704471809,0.7247761143874859,0.7371614301191767,0.12234528687379187,0.0,0.0,COMPAS,corrupt_30_shift_1.0,157,0.9380045196217279,True,1
Baseline (audit labels),Random forest,2268,0.7125835358444714,0.6662346079066753,0.47199287598501266,0.44091127964367394,0.09313444247387703,0.0,0.0,COMPAS,corrupt_30_shift_1.0,157,0.9380045196217279,True,1
Audit-guided reweighting,Logistic regression,2268,0.7341248143647902,0.6863253402462735,0.30259253658618546,0.35224586288416077,-0.026546312511169234,0.02134298636425014,-0.3849155672350159,COMPAS,corrupt_30_shift_1.0,157,0.9380045196217279,True,1
Audit-guided reweighting,Random forest,2268,0.7219091737545565,0.6688269604666235,0.25640405262362015,0.24278243427179597,-0.01689937516536122,0.009325637910085116,-0.19812884537187797,COMPAS,corrupt_30_shift_1.0,157,0.9380045196217279,True,1
Drop flagged block,Logistic regression,2268,0.7347871945457001,0.6675307841866494,0.21994892215669476,0.17723332616949639,0.03307542951013309,0.022005366545160054,-0.5599281039496803,COMPAS,corrupt_30_shift_1.0,157,0.9380045196217279,True,1
Drop flagged block,Random forest,2268,0.7152819967598217,0.6649384316267012,0.223655426180755,0.18011315757794633,0.033761272675901344,0.002698460915350309,-0.2607981220657276,COMPAS,corrupt_30_shift_1.0,157,0.9380045196217279,True,1
Trusted reference only,Logistic regression,1389,0.7333873363034967,0.6830848995463383,0.20002352269099583,0.23798266351457847,-0.042492483307256634,0.02060550830295671,-0.4991787666045982,COMPAS,corrupt_30_shift_1.0,157,0.9380045196217279,True,1
Trusted reference only,Random forest,1389,0.7172885446199541,0.677900194426442,0.2280172051682713,0.2222222222222222,-0.047753705080348596,0.004705008775482633,-0.21868905742145173,COMPAS,corrupt_30_shift_1.0,157,0.9380045196217279,True,1
Oracle (clean audit labels),Logistic regression,2268,0.735120494127177,0.6824368114063513,0.2740527916393636,0.3188623826921699,-0.03452469672980074,0.02233866612663693,-0.4182990474270068,COMPAS,corrupt_30_shift_1.0,157,0.9380045196217279,True,1
Oracle (clean audit labels),Random forest,2268,0.7267171256919129,0.6830848995463383,0.26450929986390437,0.27344365642237983,-0.04297842778188632,0.014133589847441508,-0.1674676232212941,COMPAS,corrupt_30_shift_1.0,157,0.9380045196217279,True,1
Baseline (audit labels),Logistic regression,2268,0.6952174001547043,0.6117952041477641,0.6518497222558475,0.6762406335531924,0.16173878288654842,0.0,0.0,COMPAS,corrupt_30_shift_1.0,159,0.9298386686017673,True,1
Baseline (audit labels),Random forest,2268,0.705777829798206,0.6377187297472456,0.4884850502360489,0.4752658500471127,0.13073984081299306,0.0,0.0,COMPAS,corrupt_30_shift_1.0,159,0.9298386686017673,True,1
Audit-guided reweighting,Logistic regression,2268,0.7237019772286231,0.6869734283862605,0.29613377449595824,0.36086901390591325,0.014004040148255292,0.028484577073918715,-0.31537161964727917,COMPAS,corrupt_30_shift_1.0,159,0.9298386686017673,True,1
Audit-guided reweighting,Random forest,2268,0.7146258261070174,0.6895657809462087,0.265529798652302,0.31711399467433116,0.019773788576538887,0.00884799630881139,-0.15815185537278154,COMPAS,corrupt_30_shift_1.0,159,0.9298386686017673,True,1
Drop flagged block,Logistic regression,2268,0.7258232232762013,0.659753726506805,0.27904544782041457,0.28037533285430494,0.08127358613514724,0.030605823121496956,-0.3958653006988875,COMPAS,corrupt_30_shift_1.0,159,0.9298386686017673,True,1
Drop flagged block,Random forest,2268,0.7130075384385729,0.6519766688269605,0.24238221092415502,0.26611437507925106,0.08581594918151358,0.007229708640366872,-0.20915147496786163,COMPAS,corrupt_30_shift_1.0,159,0.9298386686017673,True,1
Trusted reference only,Logistic regression,1389,0.7255594457788814,0.6882696046662347,0.27627641259465496,0.3309438268734943,-0.007558002999014268,0.030342045624177083,-0.34529680667969814,COMPAS,corrupt_30_shift_1.0,159,0.9298386686017673,True,1
Trusted reference only,Random forest,1389,0.732137768187925,0.6979909267660401,0.2530195429662806,0.2932668329177057,-0.006155036989675233,0.02635993838971895,-0.18199901712940697,COMPAS,corrupt_30_shift_1.0,159,0.9298386686017673,True,1
Oracle (clean audit labels),Logistic regression,2268,0.7191795926121944,0.6701231367465975,0.29379009805108336,0.36616932245657047,0.01929313055432058,0.023962192457490095,-0.31007131109662195,COMPAS,corrupt_30_shift_1.0,159,0.9298386686017673,True,1
Oracle (clean audit labels),Random forest,2268,0.7176003202648971,0.6740116655865198,0.2748036288315916,0.3329726531129803,0.014468574837502857,0.011822490466691038,-0.1422931969341324,COMPAS,corrupt_30_shift_1.0,159,0.9298386686017673,True,1
Baseline (audit labels),Logistic regression,2268,0.7321208269784784,0.659753726506805,0.6577837184481383,0.647284614333227,0.11891705484517479,0.0,0.0,COMPAS,corrupt_30_shift_1.0,160,0.9506914468070049,True,1
Baseline (audit labels),Random forest,2268,0.7295136417556346,0.6519766688269605,0.49735868368511604,0.5020160371770923,0.09795044203942416,0.0,0.0,COMPAS,corrupt_30_shift_1.0,160,0.9506914468070049,True,1
Audit-guided reweighting,Logistic regression,2268,0.7404058634129809,0.6798444588464031,0.324966078697422,0.35770887166236004,-0.010604548602483721,0.008285036434502513,-0.289575742670867,COMPAS,corrupt_30_shift_1.0,160,0.9506914468070049,True,1
Audit-guided reweighting,Random forest,2268,0.7372724961870869,0.6824368114063513,0.308028995559087,0.3027562446167097,-0.0014206064209590918,0.0077588544314523,-0.19925979256038262,COMPAS,corrupt_30_shift_1.0,160,0.9506914468070049,True,1
Drop flagged block,Logistic regression,2268,0.7447203863751908,0.6785482825664291,0.2707862671752898,0.22286892341336734,0.04364021726193923,0.012599559396712423,-0.4244156909198597,COMPAS,corrupt_30_shift_1.0,160,0.9506914468070049,True,1
Drop flagged block,Random forest,2268,0.7393416370106761,0.6804925469863902,0.28788664392901275,0.25899813203335004,0.0613276982480192,0.009827995255041522,-0.24301790514374227,COMPAS,corrupt_30_shift_1.0,160,0.9506914468070049,True,1
Trusted reference only,Logistic regression,1389,0.731465005931198,0.6675307841866494,0.3093858476622078,0.31705426356589145,-0.018804613207709542,-0.0006558210472803472,-0.3302303507673356,COMPAS,corrupt_30_shift_1.0,160,0.9506914468070049,True,1
Trusted reference only,Random forest,1389,0.737232672428402,0.6850291639662994,0.27732306210881075,0.28001722652885436,-0.01969593715645257,0.0077190306727673574,-0.22199881064823795,COMPAS,corrupt_30_shift_1.0,160,0.9506914468070049,True,1
Oracle (clean audit labels),Logistic regression,2268,0.7423038468056261,0.6889176928062216,0.267587732440886,0.2520241171403962,-0.027689912695760377,0.010183019827147755,-0.39526049719283085,COMPAS,corrupt_30_shift_1.0,160,0.9506914468070049,True,1
Oracle (clean audit labels),Random forest,2268,0.7367776648025759,0.6856772521062865,0.2953106113914973,0.30732127476313525,-0.01848461430403381,0.0072640230469412925,-0.19469476241395706,COMPAS,corrupt_30_shift_1.0,160,0.9506914468070049,True,1
Baseline (audit labels),Logistic regression,2268,0.7116263215197859,0.6292935839274141,0.710017000791126,0.7533655067310134,0.14784989938112292,0.0,0.0,COMPAS,corrupt_30_shift_1.0,161,0.9333834563958602,True,1
Baseline (audit labels),Random forest,2268,0.7230905162618585,0.6461438755670771,0.5987863791681395,0.6180171027008721,0.12357084855248557,0.0,0.0,COMPAS,corrupt_30_shift_1.0,161,0.9333834563958602,True,1
Audit-guided reweighting,Logistic regression,2268,0.7328656077549511,0.6785482825664291,0.32300324866602703,0.31214147487732397,-0.010698168017514442,0.021239286235165244,-0.44122403185368947,COMPAS,corrupt_30_shift_1.0,161,0.9333834563958602,True,1
Audit-guided reweighting,Random forest,2268,0.7372096217833267,0.6817887232663642,0.3094547964113181,0.3027593475706683,-0.001367862255398311,0.014119105521468223,-0.31525775513020377,COMPAS,corrupt_30_shift_1.0,161,0.9333834563958602,True,1
Drop flagged block,Logistic regression,2268,0.7373800584063412,0.6688269604666235,0.2826002794189433,0.252256371179409,0.06935380255039969,0.025753736886555356,-0.5011091355516044,COMPAS,corrupt_30_shift_1.0,161,0.9333834563958602,True,1
Drop flagged block,Random forest,2268,0.7321550311873581,0.6675307841866494,0.23550808800013473,0.2119380238760477,0.06597152047117838,0.009064514925499645,-0.40607907882482436,COMPAS,corrupt_30_shift_1.0,161,0.9333834563958602,True,1
Trusted reference only,Logistic regression,1389,0.738584138031618,0.6766040181464679,0.22103889982999203,0.2114347916234709,-0.0157198928942065,0.026957816511832156,-0.5419307151075425,COMPAS,corrupt_30_shift_1.0,161,0.9333834563958602,True,1
Trusted reference only,Random forest,1389,0.7342910006071275,0.6824368114063513,0.26677271120537294,0.24625924390075332,-0.01676766230729565,0.01120048434526899,-0.37175785880011875,COMPAS,corrupt_30_shift_1.0,161,0.9333834563958602,True,1
Oracle (clean audit labels),Logistic regression,2268,0.7345174014944154,0.677900194426442,0.2980508003837802,0.2928243140507292,0.0025310511110584466,0.02289107997462947,-0.46054119268028426,COMPAS,corrupt_30_shift_1.0,161,0.9333834563958602,True,1
Oracle (clean audit labels),Random forest,2268,0.7397619314115543,0.6869734283862605,0.2962429934858355,0.27475983136360493,-0.0016928989170396092,0.016671415149695834,-0.34325727133726713,COMPAS,corrupt_30_shift_1.0,161,0.9333834563958602,True,1
Baseline (audit labels),Logistic regression,2268,0.6814988709166522,0.6059624108878807,0.7099476880119763,0.7218598391525662,0.16794552822205056,0.0,0.0,COMPAS,corrupt_30_shift_1.0,162,0.9495791559388461,True,1
Baseline (audit labels),Random forest,2268,0.6952266851952139,0.6370706416072586,0.45657768582530145,0.4376797594885877,0.1345534309086449,0.0,0.0,COMPAS,corrupt_30_shift_1.0,162,0.9495791559388461,True,1
Audit-guided reweighting,Logistic regression,2268,0.7025614694772838,0.6727154893065457,0.3417099796471043,0.40544326241134754,0.03393498089898417,0.02106259856063164,-0.3164165767412187,COMPAS,corrupt_30_shift_1.0,162,0.9495791559388461,True,1
Audit-guided reweighting,Random forest,2268,0.7101006127363327,0.6740116655865198,0.27164387478764024,0.3051063829787234,0.033714490100786865,0.014873927541118825,-0.13257337650986434,COMPAS,corrupt_30_shift_1.0,162,0.9495791559388461,True,1
Drop flagged block,Logistic regression,2268,0.7139391555205874,0.6422553467271549,0.2451010075524382,0.25512411347517727,0.08111463239789696,0.03244028460393522,-0.46673572567738897,COMPAS,corrupt_30_shift_1.0,162,0.9495791559388461,True,1
Drop flagged block,Random forest,2268,0.7087790913518686,0.6591056383668179,0.22772535365258784,0.21680851063829787,0.08629310518710254,0.01355240615665465,-0.22087124885028986,COMPAS,corrupt_30_shift_1.0,162,0.9495791559388461,True,1
Trusted reference only,Logistic regression,1389,0.7010185592010927,0.6565132858068697,0.27021244386133114,0.3113829787234042,0.02660924726724334,0.019519688284440506,-0.41047686042916204,COMPAS,corrupt_30_shift_1.0,162,0.9495791559388461,True,1
Trusted reference only,Random forest,1389,0.7057324396034074,0.6513285806869734,0.25813695312105767,0.28237588652482265,0.020698389897730762,0.010505754408193457,-0.15530387296376508,COMPAS,corrupt_30_shift_1.0,162,0.9495791559388461,True,1
Oracle (clean audit labels),Logistic regression,2268,0.7005894053494368,0.6558651976668827,0.3106642445038772,0.34620567375886524,0.03477247402449357,0.019090534432784634,-0.375654165393701,COMPAS,corrupt_30_shift_1.0,162,0.9495791559388461,True,1
Oracle (clean audit labels),Random forest,2268,0.7122634119093599,0.6668826960466624,0.24935997712401814,0.29156028368794323,0.02537599259412926,0.017036726714146022,-0.1461194758006445,COMPAS,corrupt_30_shift_1.0,162,0.9495791559388461,True,1
Baseline (audit labels),Logistic regression,2268,0.6983406806021937,0.6331821127673364,0.6020688032536174,0.5770074224021593,0.12933785903002937,0.0,0.0,COMPAS,corrupt_30_shift_1.0,163,0.9513643443683346,True,1
Baseline (audit labels),Random forest,2268,0.7087889374188892,0.6377187297472456,0.512718686452784,0.49113368512120636,0.10042670355330918,0.0,0.0,COMPAS,corrupt_30_shift_1.0,163,0.9513643443683346,True,1
Audit-guided reweighting,Logistic regression,2268,0.7125280817020815,0.659753726506805,0.323450918441087,0.3615721997300944,-0.003183459543539935,0.014187401099887809,-0.21543522267206489,COMPAS,corrupt_30_shift_1.0,163,0.9513643443683346,True,1
Audit-guided reweighting,Random forest,2268,0.7142079011659624,0.6675307841866494,0.28414533720988855,0.3266784750337382,-0.0035063626280504856,0.005418963747073291,-0.16445521008746816,COMPAS,corrupt_30_shift_1.0,163,0.9513643443683346,True,1
Drop flagged block,Logistic regression,2268,0.713066843769166,0.6474400518470512,0.2571349343730568,0.26292172739541164,0.05509392114564826,0.014726163166972284,-0.31408569500674766,COMPAS,corrupt_30_shift_1.0,163,0.9513643443683346,True,1
Drop flagged block,Random forest,2268,0.7113997309578106,0.6616979909267661,0.2524931516058014,0.2250421727395412,0.05578187273252044,0.002610793538921463,-0.2660915123816652,COMPAS,corrupt_30_shift_1.0,163,0.9513643443683346,True,1
Trusted reference only,Logistic regression,1389,0.7116132027202402,0.6552171095268956,0.25798363107742467,0.3005651147098516,-0.022018839199054563,0.013272522118046526,-0.2764423076923077,COMPAS,corrupt_30_shift_1.0,163,0.9513643443683346,True,1
Trusted reference only,Random forest,1389,0.717961446322017,0.659753726506805,0.2787321647648018,0.3183620107962214,-0.02088403758677626,0.009172508903127818,-0.17277167432498497,COMPAS,corrupt_30_shift_1.0,163,0.9513643443683346,True,1
Oracle (clean audit labels),Logistic regression,2268,0.7120689479908241,0.6584575502268308,0.23492092835655343,0.2601467611336032,-0.022902560318216914,0.013728267388630422,-0.3168606612685561,COMPAS,corrupt_30_shift_1.0,163,0.9513643443683346,True,1
Oracle (clean audit labels),Random forest,2268,0.712132481253452,0.6558651976668827,0.2613061526309598,0.30225202429149794,-0.021093990296552234,0.003343543834562812,-0.18888166082970842,COMPAS,corrupt_30_shift_1.0,163,0.9513643443683346,True,1
Baseline (audit labels),Logistic regression,2268,0.7143510225406777,0.6325340246273493,0.6372733999260082,0.6463231559343078,0.12472012302700852,0.0,0.0,COMPAS,corrupt_30_shift_1.0,166,0.9431963404982173,True,1
Baseline (audit labels),Random forest,2268,0.713979528830626,0.6616979909267661,0.481120304039283,0.458406230599921,0.10374092349236819,0.0,0.0,COMPAS,corrupt_30_shift_1.0,166,0.9431963404982173,True,1
Audit-guided reweighting,Logistic regression,2268,0.7226019148041092,0.6720674011665586,0.28602730972320317,0.3461842965818733,-0.013850024297024532,0.008250892263431453,-0.3001388593524345,COMPAS,corrupt_30_shift_1.0,166,0.9431963404982173,True,1
Audit-guided reweighting,Random forest,2268,0.721696080826175,0.6662346079066753,0.28860189015571924,0.2681663281814739,-0.006218802847258176,0.0077165519955489925,-0.19023990241844713,COMPAS,corrupt_30_shift_1.0,166,0.9431963404982173,True,1
Drop flagged block,Logistic regression,2268,0.7292022893511921,0.6591056383668179,0.25325564187939326,0.21356735707432695,0.053775869285438094,0.014851266810514407,-0.43275579885998083,COMPAS,corrupt_30_shift_1.0,166,0.9431963404982173,True,1
Drop flagged block,Random forest,2268,0.7157165587808222,0.6565132858068697,0.2546648505028083,0.22041875952367518,0.057040876912599514,0.0017370299501962005,-0.23798747107624585,COMPAS,corrupt_30_shift_1.0,166,0.9431963404982173,True,1
Trusted reference only,Logistic regression,1389,0.7123247703185007,0.6591056383668179,0.283735243668651,0.3257547072389935,-0.011875992495187226,-0.002026252222177005,-0.32056844869531426,COMPAS,corrupt_30_shift_1.0,166,0.9431963404982173,True,1
Trusted reference only,Random forest,1389,0.7166291780319994,0.6753078418664938,0.22531362459220394,0.26102371691163817,-0.020576026690275362,0.0026496492013734496,-0.19738251368828286,COMPAS,corrupt_30_shift_1.0,166,0.9431963404982173,True,1
Oracle (clean audit labels),Logistic regression,2268,0.7240861933260053,0.6746597537265068,0.1746107019136986,0.202437093387491,-0.03161849953793855,0.009735170785327596,-0.4438860625468168,COMPAS,corrupt_30_shift_1.0,166,0.9431963404982173,True,1
Oracle (clean audit labels),Random forest,2268,0.7242609141120113,0.6811406351263772,0.23459287660175562,0.22987160510825788,-0.03099214705308434,0.010281385281385336,-0.22853462549166315,COMPAS,corrupt_30_shift_1.0,166,0.9431963404982173,True,1
Baseline (audit labels),Logistic regression,2268,0.6911401311339449,0.6241088788075179,0.6435046233136273,0.6572683011650147,0.1588007926114996,0.0,0.0,COMPAS,corrupt_30_shift_1.0,168,0.9494108488039689,True,1
Baseline (audit labels),Random forest,2268,0.6948688490600028,0.6312378483473753,0.4778956764859447,0.4782907320466006,0.12203765171751657,0.0,0.0,COMPAS,corrupt_30_shift_1.0,168,0.9494108488039689,True,1
Audit-guided reweighting,Logistic regression,2268,0.7102697797099282,0.6772521062864549,0.2975712866117596,0.3832811684924361,0.02777572905857839,0.019129648575983316,-0.27398713267257857,COMPAS,corrupt_30_shift_1.0,168,0.9494108488039689,True,1
Audit-guided reweighting,Random forest,2268,0.7038354469532941,0.6558651976668827,0.21487039563437926,0.2821770126934447,0.020309127680841366,0.00896659789329135,-0.1961137193531559,COMPAS,corrupt_30_shift_1.0,168,0.9494108488039689,True,1
Drop flagged block,Logistic regression,2268,0.7190851214977413,0.6584575502268308,0.23165075034106408,0.26474526169361856,0.07215718478111222,0.027944990363796385,-0.3925230394713961,COMPAS,corrupt_30_shift_1.0,168,0.9494108488039689,True,1
Drop flagged block,Random forest,2268,0.7082711597094523,0.6526247569669476,0.18858066798039513,0.2228568944531385,0.06547765871140243,0.013402310649449523,-0.2554338375934621,COMPAS,corrupt_30_shift_1.0,168,0.9494108488039689,True,1
Trusted reference only,Logistic regression,1389,0.7141293596598266,0.6655865197666883,0.24079126875852658,0.3011997913406364,0.017985423779020793,0.0229892285258817,-0.35606850982437827,COMPAS,corrupt_30_shift_1.0,168,0.9494108488039689,True,1
Trusted reference only,Random forest,1389,0.7198337542445182,0.6675307841866494,0.22617351321307666,0.2691444966092853,0.003594318287052811,0.02496490518451544,-0.2091462354373153,COMPAS,corrupt_30_shift_1.0,168,0.9494108488039689,True,1
Oracle (clean audit labels),Logistic regression,2268,0.7179549494736628,0.6811406351263772,0.27313930574503564,0.3730394713962789,0.012296868056046906,0.026814818339717883,-0.28422882976873576,COMPAS,corrupt_30_shift_1.0,168,0.9494108488039689,True,1
Oracle (clean audit labels),Random forest,2268,0.713646699727739,0.6688269604666235,0.2369528236740606,0.3046774474004521,-0.0023616195543346152,0.018777850667736184,-0.1736132846461485,COMPAS,corrupt_30_shift_1.0,168,0.9494108488039689,True,1
Baseline (audit labels),Logistic regression,2268,0.7065984972120223,0.6234607906675308,0.6906948579502448,0.6825105684239947,0.1364353382703981,0.0,0.0,COMPAS,corrupt_30_shift_1.0,169,0.9545968391643481,True,1
Baseline (audit labels),Random forest,2268,0.7249855501155991,0.6416072585871678,0.5254007501976418,0.5002920174549301,0.11468832613282887,0.0,0.0,COMPAS,corrupt_30_shift_1.0,169,0.9545968391643481,True,1
Audit-guided reweighting,Logistic regression,2268,0.7384630422956616,0.6785482825664291,0.3445677953272443,0.40626419313139783,0.008893814649439169,0.03186454508363934,-0.2762463752925969,COMPAS,corrupt_30_shift_1.0,169,0.9545968391643481,True,1
Audit-guided reweighting,Random forest,2268,0.7447716918264653,0.6817887232663642,0.33679668971085436,0.38135415574887327,0.02007927818072819,0.019786141710866234,-0.11893786170605686,COMPAS,corrupt_30_shift_1.0,169,0.9545968391643481,True,1
Drop flagged block,Logistic regression,2268,0.7435698014415885,0.6649384316267012,0.28088678071016465,0.2852251685707299,0.05453131475042372,0.03697130422956618,-0.39728539985326483,COMPAS,corrupt_30_shift_1.0,169,0.9545968391643481,True,1
Drop flagged block,Random forest,2268,0.7395654834761323,0.661049902786779,0.23471430253486064,0.19821924450125622,0.061960217901777415,0.014579933360533204,-0.3020727729536739,COMPAS,corrupt_30_shift_1.0,169,0.9545968391643481,True,1
Trusted reference only,Logistic regression,1389,0.7395527335781314,0.6798444588464031,0.28791441691477015,0.3303112881249345,-0.012830378199491177,0.03295423636610917,-0.3521992802990602,COMPAS,corrupt_30_shift_1.0,169,0.9545968391643481,True,1
Trusted reference only,Random forest,1389,0.7221924724602203,0.6915100453661698,0.30278380515046,0.31741955769835445,-0.012602245150556968,-0.0027930776553787284,-0.18287245975657568,COMPAS,corrupt_30_shift_1.0,169,0.9545968391643481,True,1
Oracle (clean audit labels),Logistic regression,2268,0.7337625798993608,0.6817887232663642,0.313517014011539,0.3795723718687769,0.001976799583982336,0.027164082687338498,-0.3029381965552178,COMPAS,corrupt_30_shift_1.0,169,0.9545968391643481,True,1
Oracle (clean audit labels),Random forest,2268,0.7443611451108391,0.6798444588464031,0.320773410035155,0.37829717360164905,-0.0001807237223481195,0.019375594995239998,-0.12199484385328108,COMPAS,corrupt_30_shift_1.0,169,0.9545968391643481,True,1
Baseline (audit labels),Logistic regression,2268,0.6919349285010195,0.6195722618276086,0.6868910719153534,0.6743114642317156,0.14446331188480266,0.0,0.0,COMPAS,corrupt_30_shift_1.0,171,0.9368596945307693,True,1
Baseline (audit labels),Random forest,2268,0.7019989670118961,0.6377187297472456,0.5479469342837239,0.5544158192760369,0.11374020703565468,0.0,0.0,COMPAS,corrupt_30_shift_1.0,171,0.9368596945307693,True,1
Audit-guided reweighting,Logistic regression,2268,0.7142792038564889,0.6727154893065457,0.39645488168916443,0.46394000383362083,-0.0013365601336403632,0.022344275355469456,-0.2103714603980948,COMPAS,corrupt_30_shift_1.0,171,0.9368596945307693,True,1
Audit-guided reweighting,Random forest,2268,0.7180761102934228,0.6714193130265717,0.34486489579021407,0.38725161331544306,0.002733683807955134,0.01607714328152665,-0.16716420596059384,COMPAS,corrupt_30_shift_1.0,171,0.9368596945307693,True,1
Drop flagged block,Logistic regression,2268,0.7225397329084353,0.6642903434867142,0.30530623508704624,0.32775860967350323,0.055290759168221904,0.030604804407415864,-0.3465528545582124,COMPAS,corrupt_30_shift_1.0,171,0.9368596945307693,True,1
Drop flagged block,Random forest,2268,0.713731483857029,0.6519766688269605,0.26524612894215205,0.23452175579835155,0.05573082038088217,0.011732516845132879,-0.31989406347768534,COMPAS,corrupt_30_shift_1.0,171,0.9368596945307693,True,1
Trusted reference only,Logistic regression,1389,0.7224384595649297,0.6753078418664938,0.29331697746187835,0.3430132259919494,-0.020733020091363685,0.03050353106391024,-0.33129823823976623,COMPAS,corrupt_30_shift_1.0,171,0.9368596945307693,True,1
Trusted reference only,Random forest,1389,0.7279848630109239,0.6856772521062865,0.28136137389320226,0.3268002044597789,-0.02686315969240216,0.025985895999027786,-0.22761561481625797,COMPAS,corrupt_30_shift_1.0,171,0.9368596945307693,True,1
Oracle (clean audit labels),Logistic regression,2268,0.7166236817586453,0.6688269604666235,0.3742465698102921,0.43826273081592226,0.001821555844257805,0.024688753257625873,-0.23604873341579335,COMPAS,corrupt_30_shift_1.0,171,0.9368596945307693,True,1
Oracle (clean audit labels),Random forest,2268,0.7181064922964744,0.6701231367465975,0.31275387778865926,0.341320043447703,-0.010272176469216854,0.01610752528457826,-0.2130957758283339,COMPAS,corrupt_30_shift_1.0,171,0.9368596945307693,True,1
Baseline (audit labels),Logistic regression,2268,0.7131882278718434,0.6364225534672715,0.674657096967131,0.6564008348915076,0.1361540245904339,0.0,0.0,COMPAS,corrupt_30_shift_1.0,173,0.9649061083511274,True,1
Baseline (audit labels),Random forest,2268,0.7133783484236192,0.6487362281270252,0.4763445629456395,0.4626636082967344,0.1186870452708294,0.0,0.0,COMPAS,corrupt_30_shift_1.0,173,0.9649061083511274,True,1
Audit-guided reweighting,Logistic regression,2268,0.7319735024809453,0.6837329876863253,0.35203591325443706,0.36320615467191486,0.02927509267444961,0.018785274609101843,-0.2931946802195927,COMPAS,corrupt_30_shift_1.0,173,0.9649061083511274,True,1
Audit-guided reweighting,Random forest,2268,0.7216524289392467,0.6753078418664938,0.26259215203994546,0.24896900299682423,0.03912420702692143,0.008274080515627502,-0.2136946052999102,COMPAS,corrupt_30_shift_1.0,173,0.9649061083511274,True,1
Drop flagged block,Logistic regression,2268,0.734512421777755,0.679196370706416,0.2806327829412042,0.2522968197879859,0.05628170349110306,0.02132419390591156,-0.4041040151035217,COMPAS,corrupt_30_shift_1.0,173,0.9649061083511274,True,1
Drop flagged block,Random forest,2268,0.7162506181049328,0.6571613739468568,0.24950941849290675,0.2138480118083822,0.06743478392466151,0.0028722696813135995,-0.24881559648835222,COMPAS,corrupt_30_shift_1.0,173,0.9649061083511274,True,1
Trusted reference only,Logistic regression,1389,0.7307066005081249,0.6701231367465975,0.29882294039770707,0.28399159100058147,0.02298379891203417,0.01751837263628142,-0.3724092438909261,COMPAS,corrupt_30_shift_1.0,173,0.9649061083511274,True,1
Trusted reference only,Random forest,1389,0.7202925980868586,0.6584575502268308,0.2522428983286627,0.2584604374468846,0.012950655002039513,0.006914249663239391,-0.2042031708498498,COMPAS,corrupt_30_shift_1.0,173,0.9649061083511274,True,1
Oracle (clean audit labels),Logistic regression,2268,0.7337877470288335,0.6863253402462735,0.2795222542556266,0.3079304021111956,-0.010793107873335095,0.020599519156990098,-0.348470432780312,COMPAS,corrupt_30_shift_1.0,173,0.9649061083511274,True,1
Oracle (clean audit labels),Random forest,2268,0.7231563421828908,0.6753078418664938,0.2548906944080428,0.2563492418481907,-0.005740422614110119,0.009777993759271575,-0.20631436644854373,COMPAS,corrupt_30_shift_1.0,173,0.9649061083511274,True,1
Baseline (audit labels),Logistic regression,2268,0.7232840772524924,0.6435515230071289,0.7469053353031254,0.72009507346586,0.1029921102044552,0.0,0.0,COMPAS,corrupt_30_shift_1.0,175,0.9443944869652697,True,1
Baseline (audit labels),Random forest,2268,0.7201966857935984,0.661049902786779,0.5364681359156497,0.5202679343128782,0.06873286350049201,0.0,0.0,COMPAS,corrupt_30_shift_1.0,175,0.9443944869652697,True,1
Audit-guided reweighting,Logistic regression,2268,0.7424245501785744,0.6714193130265717,0.24190833721220462,0.27783059636992224,-0.037616845330954995,0.01914047292608201,-0.44226447709593775,COMPAS,corrupt_30_shift_1.0,175,0.9443944869652697,True,1
Audit-guided reweighting,Random forest,2268,0.7220027420910984,0.659753726506805,0.2539142870634583,0.26542783059636993,-0.03427754390073823,0.0018060562974999694,-0.2548401037165083,COMPAS,corrupt_30_shift_1.0,175,0.9443944869652697,True,1
Drop flagged block,Logistic regression,2268,0.7430457522977709,0.6889176928062216,0.2763071796220967,0.2509075194468453,0.010491343105917372,0.01976167504527848,-0.4691875540190147,COMPAS,corrupt_30_shift_1.0,175,0.9443944869652697,True,1
Drop flagged block,Random forest,2268,0.7180267099984766,0.6714193130265717,0.23505285383738422,0.1847882454624027,0.00814826536793889,-0.0021699757951217924,-0.3354796888504755,COMPAS,corrupt_30_shift_1.0,175,0.9443944869652697,True,1
Trusted reference only,Logistic regression,1389,0.7386719477310043,0.6863253402462735,0.17582586228995067,0.1837510803802938,-0.03700633771411166,0.015387870478511867,-0.5363439930855662,COMPAS,corrupt_30_shift_1.0,175,0.9443944869652697,True,1
Trusted reference only,Random forest,1389,0.729305675451514,0.6766040181464679,0.1567097727318722,0.1612791702679343,-0.03762167540764405,0.009108989657915623,-0.3589887640449439,COMPAS,corrupt_30_shift_1.0,175,0.9443944869652697,True,1
Oracle (clean audit labels),Logistic regression,2268,0.7432319436686471,0.6785482825664291,0.28948859611843036,0.35898876404494384,-0.03912112603916096,0.019947866416154647,-0.36110630942091615,COMPAS,corrupt_30_shift_1.0,175,0.9443944869652697,True,1
Oracle (clean audit labels),Random forest,2268,0.7301173005636521,0.6668826960466624,0.2895661735440741,0.313180639585134,-0.04997738407011498,0.009920614770053682,-0.20708729472774423,COMPAS,corrupt_30_shift_1.0,175,0.9443944869652697,True,1
Baseline (audit labels),Logistic regression,2268,0.704109646686529,0.6344782890473104,0.6316258456737818,0.6431706880076445,0.12039831355552455,0.0,0.0,COMPAS,corrupt_30_shift_1.0,176,0.9573595205407958,True,1
Baseline (audit labels),Random forest,2268,0.7073734619333771,0.661049902786779,0.5012743950826507,0.49882047300525556,0.0960877795355699,0.0,0.0,COMPAS,corrupt_30_shift_1.0,176,0.9573595205407958,True,1
Audit-guided reweighting,Logistic regression,2268,0.7354247672911511,0.6668826960466624,0.3500383327280797,0.45137064022933593,-0.0023135438645042194,0.03131512060462216,-0.1918000477783086,COMPAS,corrupt_30_shift_1.0,176,0.9573595205407958,True,1
Audit-guided reweighting,Random forest,2268,0.7309145079028432,0.6753078418664938,0.29872795868135416,0.3489906832298137,-0.004236319512755271,0.023541045969466046,-0.14982978977544187,COMPAS,corrupt_30_shift_1.0,176,0.9573595205407958,True,1
Drop flagged block,Logistic regression,2268,0.7431954754330152,0.6869734283862605,0.283018265208678,0.26691650740563777,0.047412350643100454,0.03908582874648625,-0.37625418060200677,COMPAS,corrupt_30_shift_1.0,176,0.9573595205407958,True,1
Drop flagged block,Random forest,2268,0.7275042501977815,0.6733635774465327,0.21582334664891262,0.20411789297658867,0.04763913499900241,0.020130788264404398,-0.2947025800286669,COMPAS,corrupt_30_shift_1.0,176,0.9573595205407958,True,1
Trusted reference only,Logistic regression,1389,0.728397212543554,0.6532728451069345,0.3166804529986954,0.375940635451505,-0.010169306404752443,0.024287565857025073,-0.2672300525561395,COMPAS,corrupt_30_shift_1.0,176,0.9573595205407958,True,1
Trusted reference only,Random forest,1389,0.7396126849467253,0.677900194426442,0.2591258792989818,0.27866698518872435,-0.023636046502104047,0.03223922301334814,-0.2201534878165312,COMPAS,corrupt_30_shift_1.0,176,0.9573595205407958,True,1
Oracle (clean audit labels),Logistic regression,2268,0.7368656264202393,0.6727154893065457,0.2833007168892655,0.36141304347826086,-0.0011822632418651002,0.03275597973371036,-0.2817576445293837,COMPAS,corrupt_30_shift_1.0,176,0.9573595205407958,True,1
Oracle (clean audit labels),Random forest,2268,0.736835327980609,0.6746597537265068,0.2991634050222599,0.3447802197802197,-0.005692229252780012,0.02946186604723189,-0.15404025322503584,COMPAS,corrupt_30_shift_1.0,176,0.9573595205407958,True,1
Baseline (audit labels),Logistic regression,2268,0.709508981062005,0.6299416720674011,0.6790058054664219,0.6871612803957213,0.13745455576361076,0.0,0.0,COMPAS,corrupt_30_shift_1.0,178,0.966374314664314,True,1
Baseline (audit labels),Random forest,2268,0.7251610356430075,0.6493843162670123,0.41683148002394843,0.391111085783322,0.10513900824213374,0.0,0.0,COMPAS,corrupt_30_shift_1.0,178,0.966374314664314,True,1
Audit-guided reweighting,Logistic regression,2268,0.7266239949037852,0.6681788723266364,0.41442486865384487,0.4514557368189955,0.028204550701533493,0.017115013841780158,-0.23570554357672585,COMPAS,corrupt_30_shift_1.0,178,0.966374314664314,True,1
Audit-guided reweighting,Random forest,2268,0.7311534929740682,0.6785482825664291,0.239737845855785,0.2400952477454656,0.024317359296524232,0.0059924573310606855,-0.1510158380378564,COMPAS,corrupt_30_shift_1.0,178,0.966374314664314,True,1
Drop flagged block,Logistic regression,2268,0.7323733316165233,0.662346079066753,0.23501880217688176,0.19435437565440605,0.057782015381691254,0.022864350554518298,-0.4928069047413153,COMPAS,corrupt_30_shift_1.0,178,0.966374314664314,True,1
Drop flagged block,Random forest,2268,0.7198691384211899,0.6565132858068697,0.2178630770990158,0.17518535192646328,0.06579473305182704,-0.005291897221817554,-0.2159257338568587,COMPAS,corrupt_30_shift_1.0,178,0.966374314664314,True,1
Trusted reference only,Logistic regression,1389,0.7291094161377876,0.6662346079066753,0.31484732901455065,0.33031039956766983,0.022418588297615782,0.019600435075782574,-0.3568508808280515,COMPAS,corrupt_30_shift_1.0,178,0.966374314664314,True,1
Trusted reference only,Random forest,1389,0.7238624157548936,0.6740116655865198,0.2779005469112631,0.29306414023710603,0.01235289183746946,-0.001298619888113861,-0.09804694554621596,COMPAS,corrupt_30_shift_1.0,178,0.966374314664314,True,1
Oracle (clean audit labels),Logistic regression,2268,0.731870995286679,0.677900194426442,0.24639092382932062,0.26510622487925156,-0.016009326386310474,0.022362014224673987,-0.42205505551646977,COMPAS,corrupt_30_shift_1.0,178,0.966374314664314,True,1
Oracle (clean audit labels),Random forest,2268,0.7324427946503298,0.6753078418664938,0.20866043739446904,0.2241277400614719,-0.017798629388155573,0.007281759007322308,-0.16698334572185008,COMPAS,corrupt_30_shift_1.0,178,0.966374314664314,True,1
Baseline (audit labels),Logistic regression,2268,0.6936042209404871,0.6085547634478289,0.6924117374268259,0.6796171570365119,0.13194538264378053,0.0,0.0,COMPAS,corrupt_30_shift_1.0,179,0.9331285319226663,True,1
Baseline (audit labels),Random forest,2268,0.7023767287373333,0.6461438755670771,0.4357949848443097,0.41813186813186815,0.09867462808874294,0.0,0.0,COMPAS,corrupt_30_shift_1.0,179,0.9331285319226663,True,1
Audit-guided reweighting,Logistic regression,2268,0.7180405334630836,0.6565132858068697,0.29411280403793294,0.34905911270500056,-0.02185069664181416,0.02443631252259648,-0.33055804433151137,COMPAS,corrupt_30_shift_1.0,179,0.9331285319226663,True,1
Audit-guided reweighting,Random forest,2268,0.708306724378533,0.6642903434867142,0.220562339957927,0.2249184027078212,-0.014816321074650474,0.005929995641199781,-0.19321346542404694,COMPAS,corrupt_30_shift_1.0,179,0.9331285319226663,True,1
Drop flagged block,Logistic regression,2268,0.7187923420272813,0.6662346079066753,0.23211225292192295,0.21137123745819397,0.04993668579147992,0.025188121086794135,-0.46824591957831796,COMPAS,corrupt_30_shift_1.0,179,0.9331285319226663,True,1
Drop flagged block,Random forest,2268,0.7118486719175003,0.661049902786779,0.21932568939908198,0.1791110932022404,0.05255557913642839,0.009471943180167086,-0.23902077492962776,COMPAS,corrupt_30_shift_1.0,179,0.9331285319226663,True,1
Trusted reference only,Logistic regression,1389,0.7180337756332931,0.6675307841866494,0.17233464839470664,0.19294838215739207,-0.03339785212924873,0.024429554692805944,-0.48666877487911986,COMPAS,corrupt_30_shift_1.0,179,0.9331285319226663,True,1
Trusted reference only,Random forest,1389,0.718553283798441,0.662346079066753,0.203949888768659,0.21567473909013984,-0.03688260084106543,0.01617655506110771,-0.2024571290417283,COMPAS,corrupt_30_shift_1.0,179,0.9331285319226663,True,1
Oracle (clean audit labels),Logistic regression,2268,0.7198110848682054,0.6591056383668179,0.24721921647433615,0.3065156948865697,-0.026222611766340775,0.026206863927718316,-0.3731014621499422,COMPAS,corrupt_30_shift_1.0,179,0.9331285319226663,True,1
Oracle (clean audit labels),Random forest,2268,0.714569543136917,0.6727154893065457,0.22212327524212144,0.22103396865052177,-0.036892215304341114,0.012192814399583751,-0.19709789948134637,COMPAS,corrupt_30_shift_1.0,179,0.9331285319226663,True,1
Baseline (audit labels),Logistic regression,2268,0.7024771195543523,0.6286454957874271,0.6714784327966752,0.6874458874458875,0.13135636962911101,0.0,0.0,COMPAS,corrupt_30_shift_1.0,180,0.9585990554568182,True,1
Baseline (audit labels),Random forest,2268,0.7112159080512739,0.6474400518470512,0.4426858464807865,0.4166778647495548,0.09572867321735135,0.0,0.0,COMPAS,corrupt_30_shift_1.0,180,0.9585990554568182,True,1
Audit-guided reweighting,Logistic regression,2268,0.7164239413664225,0.6616979909267661,0.343699982514896,0.38383948667988044,0.007671872436716964,0.013946821812070187,-0.3036064007660071,COMPAS,corrupt_30_shift_1.0,180,0.9585990554568182,True,1
Audit-guided reweighting,Random forest,2268,0.7210398446738795,0.6714193130265717,0.2864429918358014,0.2834934659186347,0.0036519933192943332,0.009823936622605611,-0.1331843988309201,COMPAS,corrupt_30_shift_1.0,180,0.9585990554568182,True,1
Drop flagged block,Logistic regression,2268,0.7200656679802522,0.6519766688269605,0.2622866481055562,0.25807941680384316,0.05337405221356295,0.017588548425899853,-0.42936647064204436,COMPAS,corrupt_30_shift_1.0,180,0.9585990554568182,True,1
Drop flagged block,Random forest,2268,0.7190914912866249,0.661049902786779,0.23682732787260086,0.19920549601908155,0.05221121050967814,0.00787558323535098,-0.21747236873047326,COMPAS,corrupt_30_shift_1.0,180,0.9585990554568182,True,1
Trusted reference only,Logistic regression,1389,0.7230229295780375,0.6629941672067401,0.25359285262747316,0.25602176907313473,-0.007320795069205244,0.020545810023685163,-0.4314241183727528,COMPAS,corrupt_30_shift_1.0,180,0.9585990554568182,True,1
Trusted reference only,Random forest,1389,0.7182316744657277,0.6649384316267012,0.24461660546880254,0.2736839453085632,-0.02055023580460391,0.0070157664144537835,-0.1429939194409916,COMPAS,corrupt_30_shift_1.0,180,0.9585990554568182,True,1
Oracle (clean audit labels),Logistic regression,2268,0.7186128740414949,0.6688269604666235,0.28221966670701687,0.29764504316860957,0.0009458693901542858,0.01613575448714255,-0.38980084427727796,COMPAS,corrupt_30_shift_1.0,180,0.9585990554568182,True,1
Oracle (clean audit labels),Random forest,2268,0.7212719528600133,0.661049902786779,0.26440503570996243,0.25917122988544367,-0.008996814322427271,0.01005604480873945,-0.15750663486411115,COMPAS,corrupt_30_shift_1.0,180,0.9585990554568182,True,1
Baseline (audit labels),Logistic regression,2268,0.6952191403268191,0.6156837329876863,0.6330730429394968,0.6441783489096573,0.13898139589482705,0.0,0.0,COMPAS,corrupt_30_shift_1.0,182,0.9233301142069228,True,1
Baseline (audit labels),Random forest,2268,0.6997054710773949,0.6396629941672067,0.4800825655945261,0.45042169242367136,0.10572136726164993,0.0,0.0,COMPAS,corrupt_30_shift_1.0,182,0.9233301142069228,True,1
Audit-guided reweighting,Logistic regression,2268,0.711820168475948,0.6500324044069994,0.28726058671407795,0.365946261682243,-0.026065047198754354,0.016601028149128894,-0.2782320872274143,COMPAS,corrupt_30_shift_1.0,182,0.9233301142069228,True,1
Audit-guided reweighting,Random forest,2268,0.7131391311396783,0.6649384316267012,0.26108675448521096,0.2942302699896158,-0.02002004874626695,0.013433660062283415,-0.15619142243405554,COMPAS,corrupt_30_shift_1.0,182,0.9233301142069228,True,1
Drop flagged block,Logistic regression,2268,0.7156267521431031,0.6403110823071938,0.22932997952696516,0.2565225856697819,0.06113501158233281,0.020407611816284033,-0.3876557632398754,COMPAS,corrupt_30_shift_1.0,182,0.9233301142069228,True,1
Drop flagged block,Random forest,2268,0.7105332932521802,0.6454957874270901,0.21777517375141425,0.19717030114226375,0.05906225615436733,0.010827822174785284,-0.2532513912814076,COMPAS,corrupt_30_shift_1.0,182,0.9233301142069228,True,1
Trusted reference only,Logistic regression,1389,0.7097615058804456,0.6545690213869086,0.2076952346317547,0.2629153686396677,-0.03839574409176999,0.014542365553626535,-0.3812629802699896,COMPAS,corrupt_30_shift_1.0,182,0.9233301142069228,True,1
Trusted reference only,Random forest,1389,0.7270836570224207,0.6837329876863253,0.19815237594957164,0.22984813084112155,-0.03939062963749124,0.027378185945025835,-0.22057356158254982,COMPAS,corrupt_30_shift_1.0,182,0.9233301142069228,True,1
Oracle (clean audit labels),Logistic regression,2268,0.7156824829598805,0.6487362281270252,0.24814126394052044,0.3186007268951194,-0.022161085489880827,0.020463342633061377,-0.3255776220145379,COMPAS,corrupt_30_shift_1.0,182,0.9233301142069228,True,1
Oracle (clean audit labels),Random forest,2268,0.7201477035525863,0.6746597537265068,0.2277170545768008,0.27119029075804774,-0.02683129873101997,0.02044223247519139,-0.17923140166562362,COMPAS,corrupt_30_shift_1.0,182,0.9233301142069228,True,1
Baseline (audit labels),Logistic regression,2268,0.6965769620347503,0.6163318211276734,0.7330925219670368,0.743606437537836,0.16602283194248357,0.0,0.0,COMPAS,corrupt_30_shift_1.0,183,0.9367130467599692,True,1
Baseline (audit labels),Random forest,2268,0.7132720848535354,0.6539209332469216,0.4738512457788007,0.4819358302207907,0.1292519925296065,0.0,0.0,COMPAS,corrupt_30_shift_1.0,183,0.9367130467599692,True,1
Audit-guided reweighting,Logistic regression,2268,0.7234629443309586,0.6740116655865198,0.34724719006737115,0.4308928380523186,0.015957039504417736,0.02688598229620831,-0.31271359948551736,COMPAS,corrupt_30_shift_1.0,183,0.9367130467599692,True,1
Audit-guided reweighting,Random forest,2268,0.7234138235921828,0.677900194426442,0.3112010886913862,0.30410111758949354,0.013309739860708936,0.010141738738647321,-0.17783471263129713,COMPAS,corrupt_30_shift_1.0,183,0.9367130467599692,True,1
Drop flagged block,Logistic regression,2268,0.7389308955896352,0.6798444588464031,0.276882108835537,0.25862659767672963,0.08036052627169565,0.042353933554884926,-0.4849798398611063,COMPAS,corrupt_30_shift_1.0,183,0.9367130467599692,True,1
Drop flagged block,Random forest,2268,0.726041783116694,0.6616979909267661,0.25355084760000673,0.22355901678440138,0.08408045654958518,0.012769698263158547,-0.2583768134363893,COMPAS,corrupt_30_shift_1.0,183,0.9367130467599692,True,1
Trusted reference only,Logistic regression,1389,0.7274569685390138,0.6740116655865198,0.32688630903378635,0.3571516681606237,0.017726954978004472,0.03088000650426348,-0.38645476937721224,COMPAS,corrupt_30_shift_1.0,183,0.9367130467599692,True,1
Trusted reference only,Random forest,1389,0.7289543041623897,0.6804925469863902,0.2568925253271955,0.2775717304956373,0.003548431264520535,0.015682219308854273,-0.20436409972515335,COMPAS,corrupt_30_shift_1.0,183,0.9367130467599692,True,1
Oracle (clean audit labels),Logistic regression,2268,0.7326180337476413,0.6850291639662994,0.31505687068429633,0.353500382398171,0.023284174782904676,0.03604107171289106,-0.39010605513966495,COMPAS,corrupt_30_shift_1.0,183,0.9367130467599692,True,1
Oracle (clean audit labels),Random forest,2268,0.7273578801521727,0.6837329876863253,0.31000823238856867,0.29876399042771024,0.01445337510823208,0.014085795298637294,-0.18317183979308044,COMPAS,corrupt_30_shift_1.0,183,0.9367130467599692,True,1
Baseline (audit labels),Logistic regression,2268,0.7220229628124365,0.6370706416072586,0.701978583556071,0.7087497626568623,0.13411631100867782,0.0,0.0,COMPAS,corrupt_30_shift_1.0,184,0.9412746110089567,True,1
Baseline (audit labels),Random forest,2268,0.7294714827609565,0.6629941672067401,0.45890362600231976,0.43836846011772224,0.09864466069183786,0.0,0.0,COMPAS,corrupt_30_shift_1.0,184,0.9412746110089567,True,1
Audit-guided reweighting,Logistic regression,2268,0.7437952990584569,0.6785482825664291,0.33711062921310536,0.37795016930307773,-0.012392061295066759,0.021772336246020374,-0.33079959335378456,COMPAS,corrupt_30_shift_1.0,184,0.9412746110089567,True,1
Audit-guided reweighting,Random forest,2268,0.7361080065027433,0.6882696046662347,0.22572158622892396,0.22061622951095833,-0.01713824789025009,0.006636523741786804,-0.2177522306067639,COMPAS,corrupt_30_shift_1.0,184,0.9412746110089567,True,1
Drop flagged block,Logistic regression,2268,0.7501981304612882,0.6928062216461439,0.2663993813774438,0.2178787419349404,0.0520276759624666,0.02817516764885175,-0.4908710207219219,COMPAS,corrupt_30_shift_1.0,184,0.9412746110089567,True,1
Drop flagged block,Random forest,2268,0.7321902729797466,0.6753078418664938,0.2165347050616101,0.17385600607598434,0.04923874480874635,0.002718790218790068,-0.2645124540417379,COMPAS,corrupt_30_shift_1.0,184,0.9412746110089567,True,1
Trusted reference only,Logistic regression,1389,0.743920612341665,0.6668826960466624,0.3050700152974599,0.36349623490170313,-0.03110684542499087,0.021897649529228458,-0.34525352775515916,COMPAS,corrupt_30_shift_1.0,184,0.9412746110089567,True,1
Trusted reference only,Random forest,1389,0.735538169748696,0.6876215165262476,0.23792257131810313,0.23476693451929714,-0.04366034798603158,0.006066686987739489,-0.2036015255984251,COMPAS,corrupt_30_shift_1.0,184,0.9412746110089567,True,1
Oracle (clean audit labels),Logistic regression,2268,0.7480440967283073,0.6798444588464031,0.3120866743994486,0.3437947473930696,-0.008611289949449707,0.026021133915870798,-0.3649550152637927,COMPAS,corrupt_30_shift_1.0,184,0.9412746110089567,True,1
Oracle (clean audit labels),Random forest,2268,0.7446868861342546,0.6908619572261827,0.24659673542118443,0.244301814322535,-0.02207789866680565,0.015215403373298075,-0.19406664579518723,COMPAS,corrupt_30_shift_1.0,184,0.9412746110089567,True,1
Baseline (audit labels),Logistic regression,2268,0.6788028611719932,0.6027219701879456,0.6763826003946205,0.6652821620424212,0.16049673213240823,0.0,0.0,COMPAS,corrupt_30_shift_1.0,185,0.9461607197175886,True,1
Baseline (audit labels),Random forest,2268,0.6838141597431062,0.6189241736876215,0.48140510452065705,0.5000719942404607,0.1336726960487994,0.0,0.0,COMPAS,corrupt_30_shift_1.0,185,0.9461607197175886,True,1
Audit-guided reweighting,Logistic regression,2268,0.6917257080721069,0.6519766688269605,0.39139532304093094,0.46779014636157495,0.02185223494032318,0.012922846900113694,-0.19749201568084623,COMPAS,corrupt_30_shift_1.0,185,0.9461607197175886,True,1
Audit-guided reweighting,Random forest,2268,0.6889180556263486,0.6571613739468568,0.23482442075824955,0.2261389404246547,0.02729354444520049,0.0051038958832423376,-0.27393305381580596,COMPAS,corrupt_30_shift_1.0,185,0.9461607197175886,True,1
Drop flagged block,Logistic regression,2268,0.6993339789659684,0.6254050550874919,0.2407185185932148,0.23830138115852406,0.07594144204934461,0.020531117793975207,-0.4269807808838971,COMPAS,corrupt_30_shift_1.0,185,0.9461607197175886,True,1
Drop flagged block,Random forest,2268,0.685072293864791,0.6338302009073234,0.22001606717288347,0.1996455668161931,0.07800706680125236,0.0012581341216847397,-0.30042642742426756,COMPAS,corrupt_30_shift_1.0,185,0.9461607197175886,True,1
Trusted reference only,Logistic regression,1389,0.6936761982431996,0.6403110823071938,0.27063270375561765,0.35142238713667284,0.00261133002849101,0.014873337071206416,-0.31385977490574835,COMPAS,corrupt_30_shift_1.0,185,0.9461607197175886,True,1
Trusted reference only,Random forest,1389,0.7016327709533275,0.6448476992871031,0.2682394344892959,0.3400329828901258,-0.0045630007363640646,0.017818611210221325,-0.16003901135033488,COMPAS,corrupt_30_shift_1.0,185,0.9461607197175886,True,1
Oracle (clean audit labels),Logistic regression,2268,0.6976859167133901,0.6616979909267661,0.2925048991431961,0.390074211502783,0.009166142739955974,0.01888305554139691,-0.2752079505396382,COMPAS,corrupt_30_shift_1.0,185,0.9461607197175886,True,1
Oracle (clean audit labels),Random forest,2268,0.7008478175917903,0.6591056383668179,0.22856057626697052,0.23634302205730778,0.005612809934719354,0.017033657848684047,-0.2637289721831529,COMPAS,corrupt_30_shift_1.0,185,0.9461607197175886,True,1
Baseline (audit labels),Logistic regression,2268,0.7182039786865736,0.644199611147116,0.6031253150519206,0.6062613457131804,0.11043349419246828,0.0,0.0,COMPAS,corrupt_30_shift_1.0,187,0.9557793185156616,True,1
Baseline (audit labels),Random forest,2268,0.7037504733311697,0.6461438755670771,0.42742043888832876,0.3971966788679583,0.0893255980877482,0.0,0.0,COMPAS,corrupt_30_shift_1.0,187,0.9557793185156616,True,1
Audit-guided reweighting,Logistic regression,2268,0.724102023152656,0.6707712248865846,0.34234129784588496,0.338545323905482,-0.006866578957490543,0.005898044466082442,-0.2677160218076984,COMPAS,corrupt_30_shift_1.0,187,0.9557793185156616,True,1
Audit-guided reweighting,Random forest,2268,0.7039550200151466,0.6604018146467919,0.3291494438283429,0.3002678119437595,0.00030763974180580966,0.0002045466839769583,-0.09692886692419878,COMPAS,corrupt_30_shift_1.0,187,0.9557793185156616,True,1
Drop flagged block,Logistic regression,2268,0.7257443132640917,0.661049902786779,0.28439862889404177,0.23969985466303045,0.0435845707277438,0.007540334577518126,-0.3665614910501499,COMPAS,corrupt_30_shift_1.0,187,0.9557793185156616,True,1
Drop flagged block,Random forest,2268,0.7023093489667857,0.6493843162670123,0.2420304466176026,0.2003273517245484,0.04354668740389778,-0.0014411243643840388,-0.19686932714340988,COMPAS,corrupt_30_shift_1.0,187,0.9557793185156616,True,1
Trusted reference only,Logistic regression,1389,0.7190728794763606,0.6675307841866494,0.24775178949490878,0.24907327269461277,-0.016904206420647716,0.0008689007897869638,-0.3571880730185676,COMPAS,corrupt_30_shift_1.0,187,0.9557793185156616,True,1
Trusted reference only,Random forest,1389,0.7154603483717408,0.6714193130265717,0.26795039822562755,0.2630435847608472,-0.03241889038139356,0.011709875040571083,-0.13415309410711107,COMPAS,corrupt_30_shift_1.0,187,0.9557793185156616,True,1
Oracle (clean audit labels),Logistic regression,2268,0.723905928810992,0.6694750486066104,0.21170816950633464,0.20597841174453352,-0.04823580109052056,0.005701950124418431,-0.40028293396864684,COMPAS,corrupt_30_shift_1.0,187,0.9557793185156616,True,1
Oracle (clean audit labels),Random forest,2268,0.7147233041220383,0.6636422553467272,0.2724501797896294,0.27254764276499505,-0.041610461592637926,0.010972830790868637,-0.12464903610296324,COMPAS,corrupt_30_shift_1.0,187,0.9557793185156616,True,1
Baseline (audit labels),Logistic regression,2268,0.7260089122136756,0.6461438755670771,0.6080331618067467,0.5929047301798801,0.11728704997958439,0.0,0.0,COMPAS,corrupt_30_shift_1.0,188,0.9686823455467302,True,1
Baseline (audit labels),Random forest,2268,0.7288147979456362,0.6584575502268308,0.39927353445666425,0.37904730179880086,0.0924490003822992,0.0,0.0,COMPAS,corrupt_30_shift_1.0,188,0.9686823455467302,True,1
Audit-guided reweighting,Logistic regression,2268,0.7358456575901673,0.6889176928062216,0.35796253321225574,0.41267258816287045,0.014243536235271193,0.009836745376491707,-0.18023214201700966,COMPAS,corrupt_30_shift_1.0,188,0.9686823455467302,True,1
Audit-guided reweighting,Random forest,2268,0.7324143533546565,0.6889176928062216,0.24597921501362124,0.22551226805030333,0.008944171198555062,0.0035995554090203497,-0.15353503374849753,COMPAS,corrupt_30_shift_1.0,188,0.9686823455467302,True,1
Drop flagged block,Logistic regression,2268,0.7408303110437351,0.6811406351263772,0.25467157703561694,0.20861841526690705,0.056398535070123934,0.014821398830059507,-0.38428631491297305,COMPAS,corrupt_30_shift_1.0,188,0.9686823455467302,True,1
Drop flagged block,Random forest,2268,0.7315059669683858,0.6668826960466624,0.22612921669525438,0.18728625360870527,0.05818680231516116,0.0026911690227495733,-0.1917610481900956,COMPAS,corrupt_30_shift_1.0,188,0.9686823455467302,True,1
Trusted reference only,Logistic regression,1389,0.73044802398344,0.6753078418664938,0.31258029798540343,0.3323806173599507,0.008385120607999896,0.0044391117697644145,-0.2605241128199294,COMPAS,corrupt_30_shift_1.0,188,0.9686823455467302,True,1
Trusted reference only,Random forest,1389,0.721196758700625,0.6830848995463383,0.28308949651901927,0.2788057338844429,-0.0005954927144061761,-0.007618039245011143,-0.10024156791435795,COMPAS,corrupt_30_shift_1.0,188,0.9686823455467302,True,1
Oracle (clean audit labels),Logistic regression,2268,0.735962923559583,0.6714193130265717,0.16486395587394478,0.18553337437340606,-0.030206649839196242,0.009954011345907454,-0.40737135580647404,COMPAS,corrupt_30_shift_1.0,188,0.9686823455467302,True,1
Oracle (clean audit labels),Random forest,2268,0.7347511752089544,0.6746597537265068,0.1968503010123432,0.20555799841702577,-0.03195447496298115,0.005936377263318193,-0.1734893033817751,COMPAS,corrupt_30_shift_1.0,188,0.9686823455467302,True,1
Baseline (audit labels),Logistic regression,2268,0.7046587471907264,0.6305897602073882,0.6634886969987712,0.6523338644671478,0.13128539966089348,0.0,0.0,COMPAS,corrupt_30_shift_1.0,189,0.9574521329491118,True,1
Baseline (audit labels),Random forest,2268,0.7033153652478075,0.6409591704471809,0.48428184281842823,0.46370325241353455,0.10214414761705082,0.0,0.0,COMPAS,corrupt_30_shift_1.0,189,0.9574521329491118,True,1
Audit-guided reweighting,Logistic regression,2268,0.7198533263488738,0.6850291639662994,0.35112861687623087,0.4006040907449358,0.009964761286998192,0.01519457915814737,-0.251729773722212,COMPAS,corrupt_30_shift_1.0,189,0.9574521329491118,True,1
Audit-guided reweighting,Random forest,2268,0.7074181719866844,0.6584575502268308,0.28879967681664387,0.2927870251813914,0.013244910513101171,0.004102806738876974,-0.17091622723214317,COMPAS,corrupt_30_shift_1.0,189,0.9574521329491118,True,1
Drop flagged block,Logistic regression,2268,0.7216445022727657,0.6539209332469216,0.2742395933276102,0.2923438064283135,0.04629460979767985,0.016985755082039256,-0.3599900580388343,COMPAS,corrupt_30_shift_1.0,189,0.9574521329491118,True,1
Drop flagged block,Random forest,2268,0.7117989489514861,0.6604018146467919,0.254931071049841,0.23952690501986273,0.05021018552894452,0.008483583703678632,-0.22417634739367182,COMPAS,corrupt_30_shift_1.0,189,0.9574521329491118,True,1
Trusted reference only,Logistic regression,1389,0.7232852870105948,0.677900194426442,0.2623659714858019,0.29913161955415474,0.0004903057118893495,0.018626539819868393,-0.35320224491299307,COMPAS,corrupt_30_shift_1.0,189,0.9574521329491118,True,1
Trusted reference only,Random forest,1389,0.7159414657226382,0.6662346079066753,0.27106330690636093,0.31896976263173443,-0.004305247588313077,0.012626100474830704,-0.14473348978180012,COMPAS,corrupt_30_shift_1.0,189,0.9574521329491118,True,1
Oracle (clean audit labels),Logistic regression,2268,0.7208959259196674,0.6798444588464031,0.2815633994849265,0.3435684034275584,-0.01901639988345849,0.016237178728941037,-0.3087654610395894,COMPAS,corrupt_30_shift_1.0,189,0.9574521329491118,True,1
Oracle (clean audit labels),Random forest,2268,0.7188166410382061,0.6720674011665586,0.2715161002541703,0.30597688696280245,-0.023199560895264093,0.015501275790398616,-0.1577263654507321,COMPAS,corrupt_30_shift_1.0,189,0.9574521329491118,True,1
Baseline (audit labels),Logistic regression,2268,0.7163051976402978,0.6409591704471809,0.620241397280078,0.6319983795358527,0.11742124335587656,0.0,0.0,COMPAS,corrupt_30_shift_1.0,190,0.9559794053743137,True,1
Baseline (audit labels),Random forest,2268,0.7218769989947913,0.6558651976668827,0.4999697412880125,0.48917182707332596,0.0921218036099315,0.0,0.0,COMPAS,corrupt_30_shift_1.0,190,0.9559794053743137,True,1
Audit-guided reweighting,Logistic regression,2268,0.7306624224516941,0.6837329876863253,0.28963471010472874,0.30043290043290044,-0.007271500860419833,0.01435722481139634,-0.33156547910295225,COMPAS,corrupt_30_shift_1.0,190,0.9559794053743137,True,1
Audit-guided reweighting,Random forest,2268,0.7271399609423916,0.6668826960466624,0.2709802141644393,0.265018315018315,-0.0059761082093509055,0.005262961947600342,-0.22415351205501094,COMPAS,corrupt_30_shift_1.0,190,0.9559794053743137,True,1
Drop flagged block,Logistic regression,2268,0.7307868043498127,0.6629941672067401,0.23857313362583416,0.22337662337662334,0.03908673728797607,0.014481606709514927,-0.40862175615922935,COMPAS,corrupt_30_shift_1.0,190,0.9559794053743137,True,1
Drop flagged block,Random forest,2268,0.7191719042445535,0.6500324044069994,0.20881537142568957,0.1677817003298802,0.036637787442113545,-0.0027050947502378353,-0.32139012674344575,COMPAS,corrupt_30_shift_1.0,190,0.9559794053743137,True,1
Trusted reference only,Logistic regression,1389,0.7252429254622438,0.6746597537265068,0.22497520466656584,0.2472360972360973,-0.017522334830331276,0.008937727821946018,-0.3847622822997554,COMPAS,corrupt_30_shift_1.0,190,0.9559794053743137,True,1
Trusted reference only,Random forest,1389,0.7268065836100196,0.6902138690861958,0.16691546052078604,0.1552114552114553,-0.02596584020490078,0.0049295846152283,-0.33396037186187066,COMPAS,corrupt_30_shift_1.0,190,0.9559794053743137,True,1
Oracle (clean audit labels),Logistic regression,2268,0.7304458117991884,0.6921581335061568,0.2098878746616908,0.22915417915417918,-0.029596407628956656,0.014140614158890674,-0.4028442003816735,COMPAS,corrupt_30_shift_1.0,190,0.9559794053743137,True,1
Oracle (clean audit labels),Random forest,2268,0.7320678532868974,0.6889176928062216,0.23647015314270342,0.24820179820179816,-0.03591907812052031,0.010190854292106089,-0.2409700288715278,COMPAS,corrupt_30_shift_1.0,190,0.9559794053743137,True,1
Baseline (audit labels),Logistic regression,2268,0.715897503650179,0.6416072585871678,0.6417422715053763,0.651429165847964,0.12104979650229308,0.0,0.0,COMPAS,corrupt_30_shift_1.0,191,0.957740986774678,True,1
Baseline (audit labels),Random forest,2268,0.7174939276603962,0.6396629941672067,0.570409946236559,0.5487118436412811,0.10032612719343181,0.0,0.0,COMPAS,corrupt_30_shift_1.0,191,0.957740986774678,True,1
Audit-guided reweighting,Logistic regression,2268,0.7306963965703561,0.6824368114063513,0.3848387096774194,0.38658216783216776,0.007746529453407924,0.014798892920177109,-0.2648469980157962,COMPAS,corrupt_30_shift_1.0,191,0.957740986774678,True,1
Audit-guided reweighting,Random forest,2268,0.7244080950977503,0.6727154893065457,0.331888440860215,0.3465909090909091,0.010353371583647575,0.0069141674373540685,-0.202120934550372,COMPAS,corrupt_30_shift_1.0,191,0.957740986774678,True,1
Drop flagged block,Logistic regression,2268,0.7358523803232484,0.6681788723266364,0.2696790994623656,0.22377622377622375,0.046653159758369256,0.01995487667306939,-0.4276529420717402,COMPAS,corrupt_30_shift_1.0,191,0.957740986774678,True,1
Drop flagged block,Random forest,2268,0.7192876815350062,0.6532728451069345,0.23753864247311834,0.2128496503496503,0.05364068745018513,0.0017937538746100046,-0.3358621932916308,COMPAS,corrupt_30_shift_1.0,191,0.957740986774678,True,1
Trusted reference only,Logistic regression,1389,0.7412946194159036,0.6895657809462087,0.24904905913978498,0.24169580419580422,-0.010129718415599509,0.025397115765724565,-0.40973336165215973,COMPAS,corrupt_30_shift_1.0,191,0.957740986774678,True,1
Trusted reference only,Random forest,1389,0.7272443943074145,0.6895657809462087,0.24130712365591395,0.23448426573426567,-0.013982701872082837,0.009750466647018285,-0.31422757790701544,COMPAS,corrupt_30_shift_1.0,191,0.957740986774678,True,1
Oracle (clean audit labels),Logistic regression,2268,0.7319379655883819,0.6740116655865198,0.25958333333333333,0.2795017482517483,-0.026618458362209996,0.016040461938202855,-0.37192741759621567,COMPAS,corrupt_30_shift_1.0,191,0.957740986774678,True,1
Oracle (clean audit labels),Random forest,2268,0.724135390306615,0.6675307841866494,0.2700352822580645,0.28605769230769224,-0.027543671012761117,0.006641462646218788,-0.2626541513335889,COMPAS,corrupt_30_shift_1.0,191,0.957740986774678,True,1
Baseline (audit labels),Logistic regression,2268,0.7064925180860945,0.627349319507453,0.638422934719231,0.6163564579808235,0.12987197889203184,0.0,0.0,COMPAS,corrupt_30_shift_1.0,196,0.9458919924842524,True,1
Baseline (audit labels),Random forest,2268,0.7127319664517353,0.6435515230071289,0.4452280563391674,0.4262605752961083,0.10477509906183213,0.0,0.0,COMPAS,corrupt_30_shift_1.0,196,0.9458919924842524,True,1
Audit-guided reweighting,Logistic regression,2268,0.7169661805287173,0.6688269604666235,0.2409834076500743,0.2940604198668715,-0.011076146332091197,0.010473662442622822,-0.322296038113952,COMPAS,corrupt_30_shift_1.0,196,0.9458919924842524,True,1
Audit-guided reweighting,Random forest,2268,0.714311745282699,0.6591056383668179,0.23951223951223954,0.24618535586277523,-0.007218222281828224,0.0015797788309637184,-0.18007521943333304,COMPAS,corrupt_30_shift_1.0,196,0.9458919924842524,True,1
Drop flagged block,Logistic regression,2268,0.7215063496260739,0.6604018146467919,0.2369001998631628,0.23369175627240146,0.054454268086682855,0.015013831539979372,-0.38266470170842204,COMPAS,corrupt_30_shift_1.0,196,0.9458919924842524,True,1
Drop flagged block,Random forest,2268,0.7160974716758537,0.6409591704471809,0.18086268086268087,0.15905245346869712,0.055405917398065774,0.0033655052241183814,-0.26720812182741116,COMPAS,corrupt_30_shift_1.0,196,0.9458919924842524,True,1
Trusted reference only,Logistic regression,1389,0.7140464712622636,0.6636422553467272,0.18811909552650294,0.263031233998976,-0.03240081205608386,0.007553953176169137,-0.3533252239818475,COMPAS,corrupt_30_shift_1.0,196,0.9458919924842524,True,1
Trusted reference only,Random forest,1389,0.7118903782654977,0.677900194426442,0.2005692561248117,0.22826420890937021,-0.03486431123108946,-0.0008415881862375851,-0.19799636638673807,COMPAS,corrupt_30_shift_1.0,196,0.9458919924842524,True,1
Oracle (clean audit labels),Logistic regression,2268,0.7198494463993925,0.6694750486066104,0.3014883570439126,0.3379928315412186,0.008526784119508357,0.013356928313298044,-0.2783636264396049,COMPAS,corrupt_30_shift_1.0,196,0.9458919924842524,True,1
Oracle (clean audit labels),Random forest,2268,0.720417285356874,0.6655865197666883,0.23648227351931062,0.25330261136712745,0.0037955669958387173,0.007685318905138683,-0.17295796392898083,COMPAS,corrupt_30_shift_1.0,196,0.9458919924842524,True,1
Baseline (audit labels),Logistic regression,2268,0.6934930630652143,0.6286454957874271,0.6235176504192079,0.6132503847429699,0.15407530027502803,0.0,0.0,COMPAS,corrupt_30_shift_1.0,198,0.9504827112180241,True,1
Baseline (audit labels),Random forest,2268,0.6838961455408831,0.6305897602073882,0.438402473242939,0.4375574395423326,0.12303408626198553,0.0,0.0,COMPAS,corrupt_30_shift_1.0,198,0.9504827112180241,True,1
Audit-guided reweighting,Logistic regression,2268,0.7062156095530819,0.661049902786779,0.3666969101265185,0.4211421410669531,0.022601732909954375,0.012722546487867636,-0.1921082436760168,COMPAS,corrupt_30_shift_1.0,198,0.9504827112180241,True,1
Audit-guided reweighting,Random forest,2268,0.6866900228900085,0.6403110823071938,0.2947393181779996,0.30281059792337994,0.02056863962794142,0.0027938773491253954,-0.13474684161895267,COMPAS,corrupt_30_shift_1.0,198,0.9504827112180241,True,1
Drop flagged block,Logistic regression,2268,0.7091851702764198,0.6487362281270252,0.24099837021355242,0.22558181167203717,0.07914248742632901,0.015692107211205508,-0.3876685730709327,COMPAS,corrupt_30_shift_1.0,198,0.9504827112180241,True,1
Drop flagged block,Random forest,2268,0.6839532852790978,0.627349319507453,0.2399751331552329,0.20614609900537828,0.07856589255135538,5.7139738214750935e-05,-0.23141134053695434,COMPAS,corrupt_30_shift_1.0,198,0.9504827112180241,True,1
Trusted reference only,Logistic regression,1389,0.7065465083355791,0.6519766688269605,0.31495539089671853,0.39180093089867524,0.013244510295860046,0.013053445270364783,-0.22144945384429465,COMPAS,corrupt_30_shift_1.0,198,0.9504827112180241,True,1
Trusted reference only,Random forest,1389,0.7072100115644008,0.6565132858068697,0.25458776484029766,0.26580737558181167,0.006856205293056639,0.023313866023517704,-0.17175006396052095,COMPAS,corrupt_30_shift_1.0,198,0.9504827112180241,True,1
Oracle (clean audit labels),Logistic regression,2268,0.7059222353747855,0.6662346079066753,0.2315792126619285,0.274436090225564,-0.006608817223162644,0.01242917230957119,-0.3388142945174059,COMPAS,corrupt_30_shift_1.0,198,0.9504827112180241,True,1
Oracle (clean audit labels),Random forest,2268,0.6887606987763568,0.644199611147116,0.24761496715224218,0.25689223057644117,-0.007852819655736365,0.004864553235473745,-0.18066520896589144,COMPAS,corrupt_30_shift_1.0,198,0.9504827112180241,True,1
Baseline (audit labels),Logistic regression,368,0.7904761904761904,0.74,0.43187033849684453,0.42727272727272725,0.2515525445274259,0.0,0.0,German Credit,corrupt_30,0,0.8484203252772508,True,1
Baseline (audit labels),Random forest,368,0.7701333333333333,0.72,0.540447504302926,0.6919040479760119,0.19000226292142064,0.0,0.0,German Credit,corrupt_30,0,0.8484203252772508,True,1
Audit-guided reweighting,Logistic regression,368,0.8138666666666666,0.78,0.10499139414802064,0.12348484848484849,0.012705491364674804,0.023390476190476184,-0.3037878787878788,German Credit,corrupt_30,0,0.8484203252772508,True,1
Audit-guided reweighting,Random forest,368,0.8064761904761906,0.696,0.07071141709695927,0.09393939393939393,0.012822570304015568,0.03634285714285723,-0.5979646540366179,German Credit,corrupt_30,0,0.8484203252772508,True,1
Drop flagged block,Logistic regression,368,0.8151619047619049,0.784,0.1275100401606426,0.11287878787878786,0.09808059674344333,0.024685714285714422,-0.3143939393939394,German Credit,corrupt_30,0,0.8484203252772508,True,1
Drop flagged block,Random forest,368,0.806552380952381,0.76,0.17039586919104993,0.23257575757575755,0.10505948046863489,0.036419047619047684,-0.45932829040025436,German Credit,corrupt_30,0,0.8484203252772508,True,1
Trusted reference only,Logistic regression,225,0.7731809523809523,0.752,0.01950659781985084,0.0502248875562219,-0.13511125769700844,-0.01729523809523814,-0.37704783971650535,German Credit,corrupt_30,0,0.8484203252772508,True,1
Trusted reference only,Random forest,225,0.7761523809523809,0.7,0.0,0.0,-0.1168537452485997,0.0060190476190475906,-0.6919040479760119,German Credit,corrupt_30,0,0.8484203252772508,True,1
Oracle (clean audit labels),Logistic regression,368,0.7963428571428571,0.752,0.13396442914515203,0.13343328335832083,0.060418655477750716,0.005866666666666687,-0.2938394439144064,German Credit,corrupt_30,0,0.8484203252772508,True,1
Oracle (clean audit labels),Random forest,368,0.8157714285714286,0.716,0.15992541594951232,0.1926536731634183,0.05102392297051378,0.045638095238095255,-0.4992503748125936,German Credit,corrupt_30,0,0.8484203252772508,True,1
Baseline (audit labels),Logistic regression,368,0.7473153626999781,0.712,0.5214987714987714,0.5929919137466306,0.1728669359195727,0.0,0.0,German Credit,corrupt_30,22,0.9303690218296506,True,0
Baseline (audit labels),Random forest,368,0.7260574183651106,0.688,0.4929361179361179,0.5296495956873316,0.12377484247410941,0.0,0.0,German Credit,corrupt_30,22,0.9303690218296506,True,0
Audit-guided reweighting,Logistic regression,368,0.7245233399079553,0.712,0.42905405405405406,0.4669811320754717,0.12964935866851124,-0.02279202279202286,-0.12601078167115892,German Credit,corrupt_30,22,0.9303690218296506,True,0
Audit-guided reweighting,Random forest,368,0.7289064212141134,0.712,0.3578009828009828,0.5128032345013477,0.0856734879733243,0.002849002849002802,-0.016846361185983927,German Credit,corrupt_30,22,0.9303690218296506,True,0
Drop flagged block,Logistic regression,368,0.7404485353203303,0.716,0.47312653562653556,0.5761455525606469,0.1541168200773938,-0.006866827379647833,-0.016846361185983705,German Credit,corrupt_30,22,0.9303690218296506,True,0
Drop flagged block,Random forest,368,0.7270070859814448,0.704,0.36133292383292387,0.5694070080862533,0.10865276696050646,0.0009496676163341933,0.03975741239892172,German Credit,corrupt_30,22,0.9303690218296506,True,0
Trusted reference only,Logistic regression,225,0.7184600774344364,0.716,0.06019656019656022,0.15026954177897578,0.026891637479436903,-0.028855285265541708,-0.44272237196765485,German Credit,corrupt_30,22,0.9303690218296506,True,0
Trusted reference only,Random forest,225,0.7302943969610637,0.704,0.011210073710073709,0.029692470837751853,-0.06201875062339701,0.004236978595953067,-0.49995712484957977,German Credit,corrupt_30,22,0.9303690218296506,True,0
Oracle (clean audit labels),Logistic regression,368,0.799839287018774,0.756,0.12254299754299755,0.19609164420485176,-0.030650563151756238,0.052523924318795934,-0.39690026954177887,German Credit,corrupt_30,22,0.9303690218296506,True,0
Oracle (clean audit labels),Random forest,368,0.7965519760391556,0.716,0.07754914004914006,0.19339622641509435,-0.039835960185039765,0.070494557674045,-0.33625336927223726,German Credit,corrupt_30,22,0.9303690218296506,True,0
Baseline (audit labels),Logistic regression,368,0.75194314901177,0.732,0.26270417422867515,0.29901960784313725,0.1541024799421304,0.0,0.0,German Credit,corrupt_30,23,0.9513643869055416,True,0
Baseline (audit labels),Random forest,368,0.7567547560885336,0.716,0.18526920750151243,0.20588235294117646,0.09136404217521543,0.0,0.0,German Credit,corrupt_30,23,0.9513643869055416,True,0
Audit-guided reweighting,Logistic regression,368,0.7471315419350062,0.744,0.23139745916515425,0.2668067226890757,0.08677973845884407,-0.0048116070767637575,-0.032212885154061566,German Credit,corrupt_30,23,0.9513643869055416,True,0
Audit-guided reweighting,Random forest,368,0.7195943445110667,0.68,0.17695099818511795,0.27521008403361347,0.046803058465844205,-0.037160411577466856,0.069327731092437,German Credit,corrupt_30,23,0.9513643869055416,True,0
Drop flagged block,Logistic regression,368,0.7315863498408468,0.7,0.3579854809437387,0.42016806722689076,0.14897582789114977,-0.020356799170923146,0.12114845938375352,German Credit,corrupt_30,23,0.9513643869055416,True,0
Drop flagged block,Random forest,368,0.7332148937745208,0.692,0.3331820931639443,0.3788515406162465,0.10775407667744169,-0.023539862314012838,0.17296918767507002,German Credit,corrupt_30,23,0.9513643869055416,True,0
Trusted reference only,Logistic regression,225,0.7638611296172922,0.724,0.08348457350272234,0.18487394957983194,-0.1114947469161795,0.011917980605522294,-0.1141456582633053,German Credit,corrupt_30,23,0.9513643869055416,True,0
Trusted reference only,Random forest,225,0.7045673254867125,0.692,0.03932244404113733,0.04971988795518208,-0.12504304486526202,-0.05218743060182107,-0.1561624649859944,German Credit,corrupt_30,23,0.9513643869055416,True,0
Oracle (clean audit labels),Logistic regression,368,0.7625286845806499,0.736,0.05716878402903808,0.09095528455284552,-0.00800792299239117,0.010585535568879978,-0.20806432329029173,German Credit,corrupt_30,23,0.9513643869055416,True,0
Oracle (clean audit labels),Random forest,368,0.7553482863276334,0.7,0.06926799758015728,0.08079268292682927,-0.019588343948431175,-0.0014064697609001975,-0.12508967001434718,German Credit,corrupt_30,23,0.9513643869055416,True,0
Baseline (audit labels),Logistic regression,368,0.7609568022661105,0.712,0.43089430894308944,0.4334745762711864,0.2973670682533044,0.0,0.0,German Credit,corrupt_30,42,0.8632859785060699,True,1
Baseline (audit labels),Random forest,368,0.7412857030450862,0.732,0.39198606271777003,0.6594202898550725,0.2048830736846199,0.0,0.0,German Credit,corrupt_30,42,0.8632859785060699,True,1
Audit-guided reweighting,Logistic regression,368,0.80069242269258,0.768,0.12572590011614404,0.2545289855072464,0.06370852741946359,0.0397356204264695,-0.17894559076394,German Credit,corrupt_30,42,0.8632859785060699,True,1
Audit-guided reweighting,Random forest,368,0.7995121567393186,0.744,0.02584204413472707,0.07155797101449274,0.030942575120343596,0.058226453694232405,-0.5878623188405798,German Credit,corrupt_30,42,0.8632859785060699,True,1
Drop flagged block,Logistic regression,368,0.7970729404359116,0.796,0.0551684088269454,0.09148550724637683,0.11875681982506936,0.03611613816980108,-0.3419890690248096,German Credit,corrupt_30,42,0.8632859785060699,True,1
Drop flagged block,Random forest,368,0.8101345503186718,0.772,0.07099303135888502,0.2110507246376811,0.09819762068219945,0.06884884727358553,-0.4483695652173914,German Credit,corrupt_30,42,0.8632859785060699,True,1
Trusted reference only,Logistic regression,225,0.7775592100086554,0.728,0.0031939605110336833,0.11775362318840582,-0.015022223757541198,0.016602407742544845,-0.3157209530827806,German Credit,corrupt_30,42,0.8632859785060699,True,1
Trusted reference only,Random forest,225,0.7908568730820678,0.728,0.02976190476190476,0.08333333333333333,-0.013704854292913349,0.04957117003698153,-0.5760869565217391,German Credit,corrupt_30,42,0.8632859785060699,True,1
Oracle (clean audit labels),Logistic regression,368,0.7855850184908332,0.768,0.14503484320557494,0.19384057971014496,0.11698116274264231,0.024628216224722665,-0.23963399656104145,German Credit,corrupt_30,42,0.8632859785060699,True,1
Oracle (clean audit labels),Random forest,368,0.78936186954127,0.748,0.14126016260162602,0.266304347826087,0.0770146934522416,0.048076166496183736,-0.39311594202898553,German Credit,corrupt_30,42,0.8632859785060699,True,1
Baseline (audit labels),Logistic regression,368,0.7265873015873017,0.72,0.2655136520137722,0.32154445165476964,0.21147521177944034,0.0,0.0,German Credit,corrupt_30,50,0.886163711163646,True,1
Baseline (audit labels),Random forest,368,0.704920634920635,0.704,0.3739290575706622,0.42472420506164826,0.18913906769396044,0.0,0.0,German Credit,corrupt_30,50,0.886163711163646,True,1
Audit-guided reweighting,Logistic regression,368,0.7291269841269842,0.756,0.1275522459764593,0.15704088254380272,0.007825598270280176,0.0025396825396825085,-0.16450356911096692,German Credit,corrupt_30,50,0.886163711163646,True,1
Audit-guided reweighting,Random forest,368,0.7272222222222222,0.74,0.11105773080310674,0.12232316677482155,0.040534946127089355,0.022301587301587267,-0.30240103828682674,German Credit,corrupt_30,50,0.886163711163646,True,1
Drop flagged block,Logistic regression,368,0.7177777777777777,0.696,0.06325566498518698,0.07981829980532124,0.09161024365860787,-0.008809523809523934,-0.2417261518494484,German Credit,corrupt_30,50,0.886163711163646,True,1
Drop flagged block,Random forest,368,0.6956349206349206,0.676,0.13299703739290575,0.18234912394548997,0.1331743025890022,-0.009285714285714342,-0.2423750811161583,German Credit,corrupt_30,50,0.886163711163646,True,1
Trusted reference only,Logistic regression,225,0.7226984126984127,0.724,0.18071903274881893,0.2664199814986124,0.007639260718465712,-0.0038888888888889417,-0.055124470156157235,German Credit,corrupt_30,50,0.886163711163646,True,1
Trusted reference only,Random forest,225,0.718968253968254,0.716,0.014492753623188406,0.021739130434782608,-0.0378459949539548,0.014047619047619087,-0.40298507462686567,German Credit,corrupt_30,50,0.886163711163646,True,1
Oracle (clean audit labels),Logistic regression,368,0.7450793650793651,0.756,0.02810473216430459,0.13876040703052728,0.0179121397504719,0.01849206349206345,-0.18278404462424236,German Credit,corrupt_30,50,0.886163711163646,True,1
Oracle (clean audit labels),Random forest,368,0.7491269841269841,0.78,0.022659940747858126,0.1637372802960222,0.04424421914079363,0.04420634920634914,-0.26098692476562607,German Credit,corrupt_30,50,0.886163711163646,True,1
Baseline (audit labels),Logistic regression,368,0.7607494595243816,0.716,0.40593321407274896,0.39230769230769225,0.15207509264894908,0.0,0.0,German Credit,corrupt_30,102,0.9005661236835303,True,1
Baseline (audit labels),Random forest,368,0.7415325486428057,0.724,0.3987775790101371,0.42051282051282046,0.09829287902492129,0.0,0.0,German Credit,corrupt_30,102,0.9005661236835303,True,1
Audit-guided reweighting,Logistic regression,368,0.7557850908799744,0.732,0.10763267740011925,0.07435897435897437,-0.04666627790122979,-0.004964368644407191,-0.3179487179487179,German Credit,corrupt_30,102,0.9005661236835303,True,1
Audit-guided reweighting,Random forest,368,0.7527424133237249,0.732,0.007155635062611812,0.020512820512820523,-0.03982412174314359,0.011209864680919224,-0.3999999999999999,German Credit,corrupt_30,102,0.9005661236835303,True,1
Drop flagged block,Logistic regression,368,0.7395307870926416,0.724,0.20557543231961833,0.241025641025641,0.02810067888040052,-0.021218672431739916,-0.15128205128205124,German Credit,corrupt_30,102,0.9005661236835303,True,1
Drop flagged block,Random forest,368,0.7273600768676435,0.728,0.19022063208109719,0.28717948717948716,0.01642303559983993,-0.014172471775162232,-0.1333333333333333,German Credit,corrupt_30,102,0.9005661236835303,True,1
Trusted reference only,Logistic regression,225,0.7652334053967491,0.768,0.04591532498509243,0.01613408521303257,-0.1018857213156189,0.004483945872367556,-0.3761736070946597,German Credit,corrupt_30,102,0.9005661236835303,True,1
Trusted reference only,Random forest,225,0.7885339098406599,0.756,0.011776982707215257,0.046153846153846156,-0.07186835835216737,0.04700136119785414,-0.3743589743589743,German Credit,corrupt_30,102,0.9005661236835303,True,1
Oracle (clean audit labels),Logistic regression,368,0.7761229882296421,0.744,0.0878056052474657,0.06140350877192982,-0.08016259665661679,0.015373528705260542,-0.33090418353576245,German Credit,corrupt_30,102,0.9005661236835303,True,1
Oracle (clean audit labels),Random forest,368,0.7630715029225719,0.728,0.01997614788312463,0.020512820512820523,-0.07813256065024682,0.021538954279766154,-0.3999999999999999,German Credit,corrupt_30,102,0.9005661236835303,True,1
Baseline (audit labels),Logistic regression,368,0.7625168010752688,0.732,0.41214107365792757,0.5083333333333333,0.23669082892296894,0.0,0.0,German Credit,corrupt_30,116,0.9799284414627482,True,0
Baseline (audit labels),Random forest,368,0.7281586021505376,0.74,0.5132646691635455,0.7083333333333334,0.169704523873541,0.0,0.0,German Credit,corrupt_30,116,0.9799284414627482,True,0
Audit-guided reweighting,Logistic regression,368,0.7517641129032259,0.744,0.40121722846441943,0.5333333333333334,0.2091696648377142,-0.01075268817204289,0.025000000000000133,German Credit,corrupt_30,116,0.9799284414627482,True,0
Audit-guided reweighting,Random forest,368,0.7132896505376344,0.768,0.34691011235955055,0.6583333333333333,0.13811199202981667,-0.014868951612903247,-0.050000000000000044,German Credit,corrupt_30,116,0.9799284414627482,True,0
Drop flagged block,Logistic regression,368,0.7688172043010753,0.74,0.40917602996254687,0.5,0.23826211987332463,0.006300403225806495,-0.008333333333333304,German Credit,corrupt_30,116,0.9799284414627482,True,0
Drop flagged block,Random forest,368,0.7369791666666666,0.732,0.4600499375780275,0.5916666666666666,0.1745204380214483,0.008820564516129004,-0.11666666666666681,German Credit,corrupt_30,116,0.9799284414627482,True,0
Trusted reference only,Logistic regression,225,0.747059811827957,0.776,0.1618289637952559,0.24166666666666664,0.041139168789521674,-0.015456989247311759,-0.26666666666666666,German Credit,corrupt_30,116,0.9799284414627482,True,0
Trusted reference only,Random forest,225,0.7212701612903226,0.748,0.044007490636704116,0.09166666666666666,0.023136454896731717,-0.006888440860215006,-0.6166666666666667,German Credit,corrupt_30,116,0.9799284414627482,True,0
Oracle (clean audit labels),Logistic regression,368,0.8060315860215053,0.756,0.14497503121098626,0.2666666666666666,0.057006571166506426,0.04351478494623651,-0.2416666666666667,German Credit,corrupt_30,116,0.9799284414627482,True,0
Oracle (clean audit labels),Random forest,368,0.7550403225806451,0.752,0.1022159800249688,0.125,0.014861909298418186,0.026881720430107503,-0.5833333333333334,German Credit,corrupt_30,116,0.9799284414627482,True,0
Baseline (audit labels),Logistic regression,368,0.7523809523809525,0.784,0.47667007632386504,0.6190476190476191,0.14192030518363136,0.0,0.0,German Credit,corrupt_30,118,0.931771359194623,True,0
Baseline (audit labels),Random forest,368,0.7445238095238095,0.728,0.4230073176489102,0.6428571428571429,0.10026889886570134,0.0,0.0,German Credit,corrupt_30,118,0.931771359194623,True,0
Audit-guided reweighting,Logistic regression,368,0.778015873015873,0.788,0.3047446691321111,0.4285714285714286,0.03464667722800663,0.025634920634920566,-0.19047619047619047,German Credit,corrupt_30,118,0.931771359194623,True,0
Audit-guided reweighting,Random forest,368,0.7819047619047619,0.724,0.13525847824376427,0.15476190476190477,0.00048714873899247113,0.037380952380952404,-0.48809523809523814,German Credit,corrupt_30,118,0.931771359194623,True,0
Drop flagged block,Logistic regression,368,0.7534920634920635,0.788,0.47108348414509404,0.5952380952380951,0.14226009663634115,0.0011111111111110628,-0.023809523809523947,German Credit,corrupt_30,118,0.931771359194623,True,0
Drop flagged block,Random forest,368,0.7257936507936508,0.728,0.4820206153119836,0.6428571428571429,0.10336425087167084,-0.018730158730158708,0.0,German Credit,corrupt_30,118,0.931771359194623,True,0
Trusted reference only,Logistic regression,225,0.7188095238095239,0.72,0.05759697851915965,0.09217450347988457,-0.157956432701661,-0.033571428571428585,-0.5268731155677345,German Credit,corrupt_30,118,0.931771359194623,True,0
Trusted reference only,Random forest,225,0.735,0.74,0.0024392163034070366,0.07142857142857142,-0.08352375539565216,-0.00952380952380949,-0.5714285714285715,German Credit,corrupt_30,118,0.931771359194623,True,0
Oracle (clean audit labels),Logistic regression,368,0.7946031746031745,0.78,0.2037139035329294,0.2857142857142857,-0.05689855015263473,0.04222222222222205,-0.33333333333333337,German Credit,corrupt_30,118,0.931771359194623,True,0
Oracle (clean audit labels),Random forest,368,0.7807142857142857,0.756,0.06507199622314894,0.09523809523809523,-0.057715448472074604,0.03619047619047622,-0.5476190476190477,German Credit,corrupt_30,118,0.931771359194623,True,0
Baseline (audit labels),Logistic regression,368,0.7450641843705428,0.728,0.39682539682539686,0.5393081761006289,0.24321056257502116,0.0,0.0,German Credit,corrupt_30,129,0.8988986649376389,True,1
Baseline (audit labels),Random forest,368,0.728473838300428,0.748,0.4301587301587302,0.6635220125786164,0.15941080588793966,0.0,0.0,German Credit,corrupt_30,129,0.8988986649376389,True,1
Audit-guided reweighting,Logistic regression,368,0.7711883492230313,0.756,0.17380952380952383,0.3915094339622642,0.055098951529309326,0.026124164852488474,-0.1477987421383647,German Credit,corrupt_30,129,0.8988986649376389,True,1
Audit-guided reweighting,Random forest,368,0.794760153141656,0.728,0.015873015873015872,0.01572327044025157,-0.010062790995998105,0.06628631484122804,-0.6477987421383649,German Credit,corrupt_30,129,0.8988986649376389,True,1
Drop flagged block,Logistic regression,368,0.771863974176113,0.76,0.07936507936507936,0.2822327044025157,0.08741176782777876,0.026799789805570184,-0.2570754716981132,German Credit,corrupt_30,129,0.8988986649376389,True,1
Drop flagged block,Random forest,368,0.7833495983785,0.724,0.1325396825396825,0.2358490566037736,0.05879316093889053,0.054875760078072044,-0.42767295597484284,German Credit,corrupt_30,129,0.8988986649376389,True,1
Trusted reference only,Logistic regression,225,0.7552736281059982,0.7,0.011111111111111127,0.07311320754716982,-0.03181914879496034,0.010209443735455404,-0.46619496855345904,German Credit,corrupt_30,129,0.8988986649376389,True,1
Trusted reference only,Random forest,225,0.7729900157645823,0.72,0.046031746031746035,0.06367924528301888,-0.06411604520414299,0.04451617746415426,-0.5998427672955975,German Credit,corrupt_30,129,0.8988986649376389,True,1
Oracle (clean audit labels),Logistic regression,368,0.7883792508069964,0.748,0.19365079365079366,0.41037735849056606,0.06464155553528855,0.043315066436453664,-0.1289308176100628,German Credit,corrupt_30,129,0.8988986649376389,True,1
Oracle (clean audit labels),Random forest,368,0.7872532092185272,0.728,0.05317460317460317,0.04946935980828483,-0.013204518964870238,0.05877937091809915,-0.6140526527703316,German Credit,corrupt_30,129,0.8988986649376389,True,1
Baseline (audit labels),Logistic regression,368,0.7269677996422182,0.716,0.3980932362435252,0.42916666666666664,0.120583684071919,0.0,0.0,German Credit,corrupt_30,154,0.9219276197949832,True,0
Baseline (audit labels),Random forest,368,0.7079606440071556,0.688,0.40687636063358606,0.5041666666666667,0.081794935591613,0.0,0.0,German Credit,corrupt_30,154,0.9219276197949832,True,0
Audit-guided reweighting,Logistic regression,368,0.7368067978533095,0.74,0.32452518579686207,0.3625,0.051241233526648666,0.009838998211091243,-0.06666666666666665,German Credit,corrupt_30,154,0.9219276197949832,True,0
Audit-guided reweighting,Random forest,368,0.7213774597495527,0.732,0.21207116582839125,0.38333333333333336,0.022707526952108648,0.013416815742397059,-0.12083333333333329,German Credit,corrupt_30,154,0.9219276197949832,True,0
Drop flagged block,Logistic regression,368,0.7243589743589743,0.74,0.41400795736055845,0.4833333333333333,0.11761229300409837,-0.0026088252832439096,0.05416666666666664,German Credit,corrupt_30,154,0.9219276197949832,True,0
Drop flagged block,Random forest,368,0.7057990459153249,0.712,0.40687636063358606,0.6041666666666666,0.10146065149468064,-0.0021615980918306965,0.09999999999999998,German Credit,corrupt_30,154,0.9219276197949832,True,0
Trusted reference only,Logistic regression,225,0.7617769827072153,0.748,0.05457548232114706,0.0396595744680851,-0.08162389357706451,0.03480918306499703,-0.38950709219858154,German Credit,corrupt_30,154,0.9219276197949832,True,0
Trusted reference only,Random forest,225,0.7213029218843172,0.7,0.018842429247053524,0.11250000000000002,-0.09103087548875555,0.013342277877161579,-0.3916666666666666,German Credit,corrupt_30,154,0.9219276197949832,True,0
Oracle (clean audit labels),Logistic regression,368,0.7400864639236733,0.728,0.19172734779671197,0.31666666666666665,-0.03291804109586777,0.013118664281455028,-0.11249999999999999,German Credit,corrupt_30,154,0.9219276197949832,True,0
Oracle (clean audit labels),Random forest,368,0.7368067978533095,0.704,0.11395540875309661,0.17083333333333334,-0.05063062490717035,0.028846153846153855,-0.3333333333333333,German Credit,corrupt_30,154,0.9219276197949832,True,0
Baseline (audit labels),Logistic regression,368,0.7701587301587303,0.74,0.326599812423346,0.4755555555555556,0.20745428748585742,0.0,0.0,German Credit,corrupt_30,172,0.9511065674491714,True,0
Baseline (audit labels),Random forest,368,0.7546825396825397,0.736,0.31989033980232306,0.49777777777777776,0.16697567289897836,0.0,0.0,German Credit,corrupt_30,172,0.9511065674491714,True,0
Audit-guided reweighting,Logistic regression,368,0.7587301587301587,0.748,0.21794964288290888,0.28,0.14593348500225406,-0.011428571428571566,-0.1955555555555556,German Credit,corrupt_30,172,0.9511065674491714,True,0
Audit-guided reweighting,Random forest,368,0.7555555555555554,0.756,0.15691508549166727,0.30666666666666664,0.10323024511529538,0.0008730158730156923,-0.19111111111111112,German Credit,corrupt_30,172,0.9511065674491714,True,0
Drop flagged block,Logistic regression,368,0.7637301587301587,0.748,0.29658754779597435,0.4933333333333333,0.20765092471105545,-0.006428571428571561,0.01777777777777767,German Credit,corrupt_30,172,0.9511065674491714,True,0
Drop flagged block,Random forest,368,0.7512698412698413,0.736,0.23562513527162543,0.3555555555555555,0.15717108456704776,-0.0034126984126984228,-0.14222222222222225,German Credit,corrupt_30,172,0.9511065674491714,True,0
Trusted reference only,Logistic regression,225,0.7382539682539683,0.728,0.1216362455811269,0.12662521198417187,0.077694286135501,-0.03190476190476199,-0.34893034357138375,German Credit,corrupt_30,172,0.9511065674491714,True,0
Trusted reference only,Random forest,225,0.7958730158730157,0.748,0.0725055912271842,0.06896551724137931,0.03833889722943318,0.041190476190476,-0.4288122605363984,German Credit,corrupt_30,172,0.9511065674491714,True,0
Oracle (clean audit labels),Logistic regression,368,0.7948412698412698,0.756,0.025467138013130358,0.02402487280949689,0.026593434322086995,0.024682539682539528,-0.45153068274605873,German Credit,corrupt_30,172,0.9511065674491714,True,0
Oracle (clean audit labels),Random forest,368,0.7935714285714286,0.752,0.018469085924536457,0.022222222222222227,0.03242750830255342,0.03888888888888886,-0.4755555555555555,German Credit,corrupt_30,172,0.9511065674491714,True,0
Baseline (audit labels),Logistic regression,368,0.7169163545568039,0.688,0.4823232323232324,0.4873563218390805,0.29643577225001444,0.0,0.0,German Credit,corrupt_30,176,0.8798744046030553,True,1
Baseline (audit labels),Random forest,368,0.7097378277153558,0.716,0.473625140291807,0.6285714285714286,0.1853462679236832,0.0,0.0,German Credit,corrupt_30,176,0.8798744046030553,True,1
Audit-guided reweighting,Logistic regression,368,0.7341604244694133,0.736,0.19725028058361394,0.2238095238095238,0.09906862325285137,0.017244069912609405,-0.2635467980295567,German Credit,corrupt_30,176,0.8798744046030553,True,1
Audit-guided reweighting,Random forest,368,0.7252652933832708,0.696,0.06032547699214366,0.06293103448275862,0.025050924437076183,0.015527465667915075,-0.56564039408867,German Credit,corrupt_30,176,0.8798744046030553,True,1
Drop flagged block,Logistic regression,368,0.7149656679151062,0.704,0.12317620650953987,0.11091954022988504,0.12472468752112081,-0.0019506866416977298,-0.37643678160919547,German Credit,corrupt_30,176,0.8798744046030553,True,1
Drop flagged block,Random forest,368,0.7267478152309613,0.724,0.10606060606060605,0.10000000000000003,0.07842487189502817,0.017009987515605562,-0.5285714285714285,German Credit,corrupt_30,176,0.8798744046030553,True,1
Trusted reference only,Logistic regression,225,0.7171504369538078,0.72,0.024551066217732898,0.10476190476190478,-0.014643848797590564,0.00023408239700384303,-0.38259441707717573,German Credit,corrupt_30,176,0.8798744046030553,True,1
Trusted reference only,Random forest,225,0.7468008739076155,0.72,0.0012626262626262638,0.019047619047619035,-0.009013861479291507,0.03706304619225975,-0.6095238095238096,German Credit,corrupt_30,176,0.8798744046030553,True,1
Oracle (clean audit labels),Logistic regression,368,0.7237047440699127,0.732,0.1404320987654321,0.18095238095238092,0.07842807098469223,0.0067883895131087835,-0.3064039408866996,German Credit,corrupt_30,176,0.8798744046030553,True,1
Oracle (clean audit labels),Random forest,368,0.7362671660424469,0.728,0.10255331088664421,0.1,0.028895795319309137,0.026529338327091145,-0.5285714285714286,German Credit,corrupt_30,176,0.8798744046030553,True,1
Baseline (audit labels),Logistic regression,368,0.7643650793650794,0.74,0.4948501872659177,0.5076923076923077,0.3401774141240512,0.0,0.0,German Credit,corrupt_30,188,0.9046676235425251,True,0
Baseline (audit labels),Random forest,368,0.6869841269841269,0.708,0.5681960049937578,0.5815384615384616,0.24750379170780912,0.0,0.0,German Credit,corrupt_30,188,0.9046676235425251,True,0
Audit-guided reweighting,Logistic regression,368,0.7696825396825396,0.788,0.3039950062421972,0.4223484848484849,0.18547347965613797,0.005317460317460276,-0.08534382284382275,German Credit,corrupt_30,188,0.9046676235425251,True,0
Audit-guided reweighting,Random forest,368,0.7126984126984127,0.712,0.25530586766541824,0.36742424242424243,0.11776103219700751,0.0257142857142858,-0.21411421911421913,German Credit,corrupt_30,188,0.9046676235425251,True,0
Drop flagged block,Logistic regression,368,0.7621428571428571,0.74,0.4948501872659177,0.5076923076923077,0.3393096028494089,-0.0022222222222222365,0.0,German Credit,corrupt_30,188,0.9046676235425251,True,0
Drop flagged block,Random forest,368,0.6972222222222222,0.676,0.6379525593008739,0.6761363636363636,0.25284705155889253,0.010238095238095268,0.09459790209790209,German Credit,corrupt_30,188,0.9046676235425251,True,0
Trusted reference only,Logistic regression,225,0.8329365079365079,0.82,0.06226591760299627,0.10795454545454541,-0.05211898288807432,0.0685714285714285,-0.39973776223776225,German Credit,corrupt_30,188,0.9046676235425251,True,0
Trusted reference only,Random forest,225,0.7924603174603175,0.736,0.005305867665418226,0.02840909090909091,-0.040917079287383085,0.10547619047619061,-0.5531293706293706,German Credit,corrupt_30,188,0.9046676235425251,True,0
Oracle (clean audit labels),Logistic regression,368,0.7986507936507937,0.792,0.1363920099875156,0.18560606060606066,0.1017358071808741,0.034285714285714364,-0.322086247086247,German Credit,corrupt_30,188,0.9046676235425251,True,0
Oracle (clean audit labels),Random forest,368,0.7553968253968255,0.764,0.0014044943820224753,0.03977272727272729,0.06196330135351413,0.06841269841269859,-0.5417657342657343,German Credit,corrupt_30,188,0.9046676235425251,True,0
Baseline (audit labels),Logistic regression,368,0.7950735294117647,0.748,0.3937383371345636,0.39641943734015345,0.18838343216822995,0.0,0.0,German Credit,corrupt_30,190,0.8781212998149823,True,1
Baseline (audit labels),Random forest,368,0.7981617647058824,0.764,0.38917686087497405,0.5626598465473145,0.11752882131049341,0.0,0.0,German Credit,corrupt_30,190,0.8781212998149823,True,1
Audit-guided reweighting,Logistic regression,368,0.8106617647058822,0.76,0.023913193724514475,0.10997442455242967,-0.062159392361100796,0.01558823529411757,-0.2864450127877238,German Credit,corrupt_30,190,0.8781212998149823,True,1
Audit-guided reweighting,Random forest,368,0.8347058823529412,0.736,0.0393945676964545,0.11381074168797953,-0.03433864130050407,0.03654411764705878,-0.44884910485933494,German Credit,corrupt_30,190,0.8781212998149823,True,1
Drop flagged block,Logistic regression,368,0.8001470588235294,0.744,0.035662450756790365,0.007297003570874067,0.022998020008055953,0.0050735294117647545,-0.38912243376927935,German Credit,corrupt_30,190,0.8781212998149823,True,1
Drop flagged block,Random forest,368,0.818014705882353,0.804,0.07664662381643514,0.04347151063499456,0.030036521332159838,0.01985294117647063,-0.5191883359123199,German Credit,corrupt_30,190,0.8781212998149823,True,1
Trusted reference only,Logistic regression,225,0.7444852941176471,0.744,0.18245905038357868,0.5063938618925831,-0.17380799925158477,-0.0505882352941176,0.10997442455242962,German Credit,corrupt_30,190,0.8781212998149823,True,1
Trusted reference only,Random forest,225,0.7575735294117648,0.696,0.04561476259589467,0.10102301790281329,-0.13001739036937202,-0.04058823529411759,-0.4616368286445012,German Credit,corrupt_30,190,0.8781212998149823,True,1
Oracle (clean audit labels),Logistic regression,368,0.8164705882352941,0.78,0.08286681871587531,0.05185530197174351,0.004959415672440681,0.02139705882352938,-0.3445641353684099,German Credit,corrupt_30,190,0.8781212998149823,True,1
Oracle (clean audit labels),Random forest,368,0.8241176470588235,0.716,0.012647729628861702,0.03452685421994886,-0.017722470416873803,0.025955882352941106,-0.5281329923273657,German Credit,corrupt_30,190,0.8781212998149823,True,1
Baseline (audit labels),Logistic regression,368,0.7583004411423265,0.76,0.5371621621621622,0.6309523809523809,0.23481952897451086,0.0,0.0,German Credit,corrupt_30,195,0.9337158158346806,True,1
Baseline (audit labels),Random forest,368,0.7525733302375978,0.732,0.5839987714987714,0.6436507936507936,0.16842714869710051,0.0,0.0,German Credit,corrupt_30,195,0.9337158158346806,True,1
Audit-guided reweighting,Logistic regression,368,0.7625570776255708,0.764,0.4112407862407862,0.49682539682539684,0.1464509925874844,0.004256636483244258,-0.1341269841269841,German Credit,corrupt_30,195,0.9337158158346806,True,1
Audit-guided reweighting,Random forest,368,0.7632536181410107,0.744,0.4040233415233416,0.5317460317460319,0.0962012197340883,0.01068028790341291,-0.11190476190476173,German Credit,corrupt_30,195,0.9337158158346806,True,1
Drop flagged block,Logistic regression,368,0.758377834532931,0.764,0.5428439803439804,0.6309523809523809,0.23467525689674007,7.739339060441885e-05,0.0,German Credit,corrupt_30,195,0.9337158158346806,True,1
Drop flagged block,Random forest,368,0.7497097747852333,0.728,0.6210073710073709,0.6349206349206349,0.1715639498760525,-0.002863555452364497,-0.0087301587301587,German Credit,corrupt_30,195,0.9337158158346806,True,1
Trusted reference only,Logistic regression,225,0.7733921523101926,0.776,0.0906019656019656,0.18492063492063487,-0.046919832379651694,0.015091711167866118,-0.44603174603174606,German Credit,corrupt_30,195,0.9337158158346806,True,1
Trusted reference only,Random forest,225,0.7450661713489667,0.72,0.012745700245700244,0.022900763358778626,-0.053421084171944244,-0.007507158888631071,-0.6207500302920149,German Credit,corrupt_30,195,0.9337158158346806,True,1
Oracle (clean audit labels),Logistic regression,368,0.7822923922297037,0.772,0.08845208845208846,0.17142857142857137,-0.062461661280469594,0.023991951087377172,-0.45952380952380956,German Credit,corrupt_30,195,0.9337158158346806,True,1
Oracle (clean audit labels),Random forest,368,0.8041173283801564,0.764,0.0320945945945946,0.014105542648523067,-0.06199388523518551,0.05154399814255861,-0.6295452510022705,German Credit,corrupt_30,195,0.9337158158346806,True,1
Baseline (audit labels),Logistic regression,368,0.6531041213122138,0.62,0.6704476709013915,0.7528180354267311,0.3884514761864461,0.0,0.0,German Credit,corrupt_50,0,0.8608631008823092,True,1
Baseline (audit labels),Random forest,368,0.6642894677576758,0.608,0.8207803992740472,0.8389694041867954,0.27383636357290614,0.0,0.0,German Credit,corrupt_50,0,0.8608631008823092,True,1
Audit-guided reweighting,Logistic regression,368,0.6919900908340214,0.68,0.20508166969147007,0.3123993558776168,0.1363776114624788,0.03888596952180756,-0.4404186795491143,German Credit,corrupt_50,0,0.8608631008823092,True,1
Audit-guided reweighting,Random forest,368,0.7483672396967195,0.712,0.026467029643073195,0.052672955974842776,0.08614887002824778,0.08407777193904364,-0.7862964482119527,German Credit,corrupt_50,0,0.8608631008823092,True,1
Drop flagged block,Logistic regression,368,0.6940920351324975,0.66,0.11811857229280098,0.1892109500805153,0.1561187050959476,0.04098791382028366,-0.5636070853462158,German Credit,corrupt_50,0,0.8608631008823092,True,1
Drop flagged block,Random forest,368,0.7190901583965167,0.716,0.13929219600725956,0.1641509433962264,0.13302760723460416,0.054800690638840854,-0.6748184607905691,German Credit,corrupt_50,0,0.8608631008823092,True,1
Trusted reference only,Logistic regression,225,0.7286239771788905,0.704,0.03735632183908044,0.17069243156199676,0.0032021067540445314,0.07551985586667664,-0.5821256038647343,German Credit,corrupt_50,0,0.8608631008823092,True,1
Trusted reference only,Random forest,225,0.7049020343818032,0.704,0.021627344222625522,0.0789049919484702,-0.0018763922478450823,0.04061256662412738,-0.7600644122383252,German Credit,corrupt_50,0,0.8608631008823092,True,1
Oracle (clean audit labels),Logistic regression,368,0.7155618947526461,0.708,0.20750151240169387,0.25040257648953296,0.12277934593191797,0.06245777344043224,-0.5024154589371981,German Credit,corrupt_50,0,0.8608631008823092,True,1
Oracle (clean audit labels),Random forest,368,0.7726146685684259,0.72,0.0009074410163339361,0.0022012578616352196,0.04627504290715795,0.10832520081075003,-0.8367681463251602,German Credit,corrupt_50,0,0.8608631008823092,True,1
Baseline (audit labels),Logistic regression,368,0.7535569105691057,0.696,0.5524340221345097,0.5997067448680352,0.2794401219441643,0.0,0.0,German Credit,corrupt_50,2,0.8636140091726732,True,1
Baseline (audit labels),Random forest,368,0.7431765389082462,0.66,0.8354616515749554,0.8460410557184751,0.2021660540943238,0.0,0.0,German Credit,corrupt_50,2,0.8636140091726732,True,1
Audit-guided reweighting,Logistic regression,368,0.7689459930313588,0.732,0.14232644532156952,0.13856304985337242,0.015132993493787494,0.015389082462253123,-0.4611436950146628,German Credit,corrupt_50,2,0.8636140091726732,True,1
Audit-guided reweighting,Random forest,368,0.8114837398373983,0.732,0.06679049609163376,0.052700065061808715,0.0030279466971389057,0.0683072009291521,-0.7933409906566664,German Credit,corrupt_50,2,0.8636140091726732,True,1
Drop flagged block,Logistic regression,368,0.7715592334494774,0.736,0.07677424347960682,0.04692082111436949,0.07086736902855462,0.018002322880371735,-0.5527859237536658,German Credit,corrupt_50,2,0.8636140091726732,True,1
Drop flagged block,Random forest,368,0.801684088269454,0.752,0.19301911616747927,0.2524398178269356,0.0724902868401413,0.05850754936120783,-0.5936012378915395,German Credit,corrupt_50,2,0.8636140091726732,True,1
Trusted reference only,Logistic regression,225,0.780705574912892,0.74,0.040786316848541115,0.05465191932335722,-0.0729599574716539,0.027148664343786377,-0.545054825544678,German Credit,corrupt_50,2,0.8636140091726732,True,1
Trusted reference only,Random forest,225,0.7963124274099884,0.708,0.08459097593065551,0.20364346128822383,-0.06864413934384511,0.05313588850174222,-0.6423975944302512,German Credit,corrupt_50,2,0.8636140091726732,True,1
Oracle (clean audit labels),Logistic regression,368,0.8085801393728222,0.732,0.026236359414905958,0.03903708523096944,-0.056732331336514896,0.05502322880371657,-0.5606696596370657,German Credit,corrupt_50,2,0.8636140091726732,True,1
Oracle (clean audit labels),Random forest,368,0.7936991869918699,0.712,0.017645693057812856,0.01466275659824047,-0.06753350947948267,0.05052264808362372,-0.8313782991202346,German Credit,corrupt_50,2,0.8636140091726732,True,1
Baseline (audit labels),Logistic regression,368,0.7080808875599969,0.66,0.4640663390663391,0.49636583888552394,0.31453854139291443,0.0,0.0,German Credit,corrupt_50,5,0.8715997282950217,True,1
Baseline (audit labels),Random forest,368,0.709025100322606,0.672,0.5328624078624078,0.5686456400742115,0.23011670050608607,0.0,0.0,German Credit,corrupt_50,5,0.8715997282950217,True,1
Audit-guided reweighting,Logistic regression,368,0.7336533165473287,0.732,0.07708845208845211,0.13265306122448978,0.08856537514312324,0.025572428987331808,-0.36371277766103416,German Credit,corrupt_50,5,0.8715997282950217,True,1
Audit-guided reweighting,Random forest,368,0.7567078448343694,0.732,0.017199017199017202,0.043599257884972153,0.047088870373289404,0.04768274451176335,-0.5250463821892393,German Credit,corrupt_50,5,0.8715997282950217,True,1
Drop flagged block,Logistic regression,368,0.7317648910221103,0.692,0.031480343980343994,0.13265306122448983,0.13099040386031863,0.023684003462113412,-0.3637127776610341,German Credit,corrupt_50,5,0.8715997282950217,True,1
Drop flagged block,Random forest,368,0.7509638838618301,0.748,0.01597051597051599,0.05102040816326531,0.10352194182087754,0.04193878353922409,-0.5176252319109462,German Credit,corrupt_50,5,0.8715997282950217,True,1
Trusted reference only,Logistic regression,225,0.7765363128491621,0.74,0.008138820638820654,0.025974025974025983,-0.013268396173115593,0.06845542528916526,-0.47039181291149795,German Credit,corrupt_50,5,0.8715997282950217,True,1
Trusted reference only,Random forest,225,0.7649697065071996,0.724,0.01996314496314497,0.022713506965475472,-0.015028541998698686,0.055944606184593626,-0.545932133108736,German Credit,corrupt_50,5,0.8715997282950217,True,1
Oracle (clean audit labels),Logistic regression,368,0.7523802030057439,0.716,0.018120393120393097,0.06029684601113172,0.03489857109482741,0.044299315445747056,-0.4360689928743922,German Credit,corrupt_50,5,0.8715997282950217,True,1
Oracle (clean audit labels),Random forest,368,0.7344401605161697,0.728,0.011517199017199026,0.022263450834879406,0.02216908368463366,0.025415060193563654,-0.5463821892393321,German Credit,corrupt_50,5,0.8715997282950217,True,1
Baseline (audit labels),Logistic regression,368,0.7089557841002927,0.692,0.669350029815146,0.6808510638297872,0.3178152820682874,0.0,0.0,German Credit,corrupt_50,10,0.8505432798521818,True,1
Baseline (audit labels),Random forest,368,0.7150364086780272,0.684,0.7810077519379846,0.8723404255319149,0.1915843934291171,0.0,0.0,German Credit,corrupt_50,10,0.8505432798521818,True,1
Audit-guided reweighting,Logistic regression,368,0.7380076570828016,0.72,0.24865831842576028,0.34751773049645385,0.07632665334703848,0.029051872982508886,-0.33333333333333337,German Credit,corrupt_50,10,0.8505432798521818,True,1
Audit-guided reweighting,Random forest,368,0.7727648074468884,0.72,0.022361359570661904,0.06737588652482271,0.004992827181083348,0.057728398768861156,-0.8049645390070922,German Credit,corrupt_50,10,0.8505432798521818,True,1
Drop flagged block,Logistic regression,368,0.7088807146610615,0.68,0.14639236732259991,0.2531914893617021,0.07550393885667467,-7.506943923119014e-05,-0.4276595744680851,German Credit,corrupt_50,10,0.8505432798521818,True,1
Drop flagged block,Random forest,368,0.7644320996922153,0.716,0.1355098389982111,0.13633333333333336,0.05818804294228758,0.04939569101418806,-0.7360070921985815,German Credit,corrupt_50,10,0.8505432798521818,True,1
Trusted reference only,Logistic regression,225,0.7639066136175963,0.732,0.17993440667859273,0.1624113475177305,-0.004938279543674484,0.05495082951730357,-0.5184397163120567,German Credit,corrupt_50,10,0.8505432798521818,True,1
Trusted reference only,Random forest,225,0.7853014037985137,0.728,0.038312462731067386,0.1794326241134752,-0.06484495298097692,0.07026499512048645,-0.6929078014184398,German Credit,corrupt_50,10,0.8505432798521818,True,1
Oracle (clean audit labels),Logistic regression,368,0.7605284888521884,0.732,0.1821705426356589,0.26879432624113475,-0.006973037001081539,0.05157270475189568,-0.41205673758865247,German Credit,corrupt_50,10,0.8505432798521818,True,1
Oracle (clean audit labels),Random forest,368,0.803092860896329,0.72,0.043231961836613,0.03900709219858156,-0.04399554216504209,0.08805645221830183,-0.8333333333333334,German Credit,corrupt_50,10,0.8505432798521818,True,1
Baseline (audit labels),Logistic regression,368,0.6525503210446577,0.648,0.6763420724094882,0.7076241134751773,0.3246685388549082,0.0,0.0,German Credit,corrupt_50,14,0.8422509641902862,True,1
Baseline (audit labels),Random forest,368,0.6128706442536613,0.636,0.7133270911360798,0.7193103448275862,0.22723802670528281,0.0,0.0,German Credit,corrupt_50,14,0.8422509641902862,True,1
Audit-guided reweighting,Logistic regression,368,0.6906428107640141,0.7,0.32911985018726586,0.3641379310344828,0.08660820717325052,0.038092489719356415,-0.3434861824406945,German Credit,corrupt_50,14,0.8422509641902862,True,1
Audit-guided reweighting,Random forest,368,0.6639492100137075,0.688,0.13561173533083645,0.14060283687943262,0.03726179220960402,0.05107856576004621,-0.5787075079481535,German Credit,corrupt_50,14,0.8422509641902862,True,1
Drop flagged block,Logistic regression,368,0.6704422480340524,0.664,0.13904494382022473,0.18209219858156028,0.08589879082589758,0.01789192698939468,-0.5255319148936171,German Credit,corrupt_50,14,0.8422509641902862,True,1
Drop flagged block,Random forest,368,0.6508188442392324,0.676,0.11750936329588016,0.17659574468085107,0.06616916574104775,0.037948199985571085,-0.5427146001467351,German Credit,corrupt_50,14,0.8422509641902862,True,1
Trusted reference only,Logistic regression,225,0.7494408772815814,0.692,0.03792134831460675,0.09310344827586203,-0.13571956689594886,0.09689055623692366,-0.6145206651993153,German Credit,corrupt_50,14,0.8422509641902862,True,1
Trusted reference only,Random forest,225,0.7680542529399034,0.684,0.005305867665418226,0.02827586206896552,-0.09157051817796147,0.15518360868624204,-0.6910344827586207,German Credit,corrupt_50,14,0.8422509641902862,True,1
Oracle (clean audit labels),Logistic regression,368,0.7361662217733208,0.724,0.22097378277153557,0.35862068965517235,0.006223512146743604,0.0836159007286631,-0.34900342382000493,German Credit,corrupt_50,14,0.8422509641902862,True,1
Oracle (clean audit labels),Random forest,368,0.6853762354808455,0.688,0.08302122347066167,0.0851063829787234,-0.01963753047909983,0.07250559122718414,-0.6342039618488627,German Credit,corrupt_50,14,0.8422509641902862,True,1
Baseline (audit labels),Logistic regression,368,0.6410472972972974,0.64,0.6676120249574589,0.6758374910905203,0.42624154680030263,0.0,0.0,German Credit,corrupt_50,15,0.8701032482959663,True,1
Baseline (audit labels),Random forest,368,0.6293765356265355,0.6,0.7529778786159955,0.768496079828938,0.3080180813538637,0.0,0.0,German Credit,corrupt_50,15,0.8701032482959663,True,1
Audit-guided reweighting,Logistic regression,368,0.6868089680589681,0.708,0.26389676687464547,0.3926530612244898,0.19103036501288873,0.0457616707616707,-0.2831844298660305,German Credit,corrupt_50,15,0.8701032482959663,True,1
Audit-guided reweighting,Random forest,368,0.6973280098280098,0.7,0.19980147475893362,0.29714285714285715,0.13381797674502782,0.0679514742014743,-0.4713532226860808,German Credit,corrupt_50,15,0.8701032482959663,True,1
Drop flagged block,Logistic regression,368,0.6778255528255528,0.684,0.11542824730572887,0.14526015680684246,0.12658722997127358,0.03677825552825542,-0.5305773342836778,German Credit,corrupt_50,15,0.8701032482959663,True,1
Drop flagged block,Random forest,368,0.6765202702702703,0.716,0.11443562110039704,0.17387755102040814,0.14076544623002568,0.04714373464373478,-0.5946185288085298,German Credit,corrupt_50,15,0.8701032482959663,True,1
Trusted reference only,Logistic regression,225,0.715678746928747,0.728,0.0008508224617129745,0.04897959183673467,0.02545218615318018,0.07463144963144963,-0.6268578992537857,German Credit,corrupt_50,15,0.8701032482959663,True,1
Trusted reference only,Random forest,225,0.7342598280098279,0.716,0.028360748723766302,0.10448979591836735,0.06607208381408358,0.10488329238329241,-0.6640062839105706,German Credit,corrupt_50,15,0.8701032482959663,True,1
Oracle (clean audit labels),Logistic regression,368,0.6858108108108107,0.72,0.16151446398184913,0.27428571428571435,0.09826529217848667,0.044763513513513375,-0.4015517768048059,German Credit,corrupt_50,15,0.8701032482959663,True,1
Oracle (clean audit labels),Random forest,368,0.7083077395577396,0.728,0.03871242200794101,0.0979591836734694,0.03667851297717917,0.07893120393120412,-0.6705368961554685,German Credit,corrupt_50,15,0.8701032482959663,True,1
Baseline (audit labels),Logistic regression,368,0.6865567680520083,0.684,0.5976658476658477,0.6296296296296297,0.4317719625082966,0.0,0.0,German Credit,corrupt_50,17,0.879163199367942,True,1
Baseline (audit labels),Random forest,368,0.674947759461342,0.676,0.6239250614250613,0.6510721247563352,0.30469039922667146,0.0,0.0,German Credit,corrupt_50,17,0.879163199367942,True,1
Audit-guided reweighting,Logistic regression,368,0.734618063617367,0.728,0.3217137592137592,0.419103313840156,0.2079830353953545,0.048061295565358764,-0.21052631578947367,German Credit,corrupt_50,17,0.879163199367942,True,1
Audit-guided reweighting,Random forest,368,0.7396486340066559,0.736,0.038544226044226054,0.049925484351713866,0.12386163789022686,0.06470087454531392,-0.6011466404046214,German Credit,corrupt_50,17,0.879163199367942,True,1
Drop flagged block,Logistic regression,368,0.7334571627583005,0.736,0.17675061425061428,0.21832358674463936,0.18606043543232653,0.04690039470629226,-0.4113060428849903,German Credit,corrupt_50,17,0.879163199367942,True,1
Drop flagged block,Random forest,368,0.7381781595851713,0.744,0.052211302211302185,0.0752608047690015,0.1743087345924541,0.0632304001238293,-0.5758113199873337,German Credit,corrupt_50,17,0.879163199367942,True,1
Trusted reference only,Logistic regression,225,0.7077625570776256,0.736,0.21283783783783783,0.42495126705653025,0.13280601489177313,0.021205789025617316,-0.2046783625730994,German Credit,corrupt_50,17,0.879163199367942,True,1
Trusted reference only,Random forest,225,0.675644299976782,0.72,0.11025798525798526,0.22612085769980506,0.08674543676484109,0.0006965405154399917,-0.4249512670565302,German Credit,corrupt_50,17,0.879163199367942,True,1
Oracle (clean audit labels),Logistic regression,368,0.7617831437195263,0.76,0.07217444717444715,0.20272904483430804,0.1277450594110653,0.075226375667518,-0.4269005847953216,German Credit,corrupt_50,17,0.879163199367942,True,1
Oracle (clean audit labels),Random forest,368,0.7632536181410108,0.752,0.038544226044226054,0.14619883040935672,0.0914997741116857,0.08830585867966878,-0.5048732943469785,German Credit,corrupt_50,17,0.879163199367942,True,1
Baseline (audit labels),Logistic regression,368,0.7614890700526656,0.712,0.525431065579684,0.5073529411764706,0.22229880580469286,0.0,0.0,German Credit,corrupt_50,21,0.8745911306062037,True,1
Baseline (audit labels),Random forest,368,0.7459779236707308,0.696,0.6091191111752399,0.6357142857142857,0.11814891187905663,0.0,0.0,German Credit,corrupt_50,21,0.8745911306062037,True,1
Audit-guided reweighting,Logistic regression,368,0.7611283457182022,0.72,0.12170839044801962,0.11992296918767506,-0.034895198790140414,-0.0003607243344634359,-0.3874299719887955,German Credit,corrupt_50,21,0.8745911306062037,True,1
Audit-guided reweighting,Random forest,368,0.7689199913426159,0.712,0.04148329846331433,0.17738095238095242,-0.07231103319476545,0.022942067671885114,-0.45833333333333326,German Credit,corrupt_50,21,0.8745911306062037,True,1
Drop flagged block,Logistic regression,368,0.7620662289878075,0.732,0.06810475434672819,0.016666666666666607,-0.00033804021593708544,0.0005771589351418749,-0.49068627450980395,German Credit,corrupt_50,21,0.8745911306062037,True,1
Drop flagged block,Random forest,368,0.7335690065651829,0.708,0.040545415193708995,0.1779761904761905,-0.023529156110127403,-0.012408917105547923,-0.45773809523809517,German Credit,corrupt_50,21,0.8745911306062037,True,1
Trusted reference only,Logistic regression,225,0.7013923959310294,0.684,0.04126686386263616,0.19821428571428573,-0.18585821675742759,-0.06009667412163622,-0.30913865546218483,German Credit,corrupt_50,21,0.8745911306062037,True,1
Trusted reference only,Random forest,225,0.7279417069475506,0.68,0.01810836159007287,0.036309523809523805,-0.16327458888122914,-0.01803621672318023,-0.5994047619047619,German Credit,corrupt_50,21,0.8745911306062037,True,1
Oracle (clean audit labels),Logistic regression,368,0.7484308491450834,0.72,0.019406969194141838,0.13630952380952382,-0.10081442415146852,-0.01305822090758224,-0.37104341736694674,German Credit,corrupt_50,21,0.8745911306062037,True,1
Oracle (clean audit labels),Random forest,368,0.7350119039030373,0.7,0.02351922660702692,0.11488095238095238,-0.1055008603455368,-0.010966019767693513,-0.5208333333333333,German Credit,corrupt_50,21,0.8745911306062037,True,1
Baseline (audit labels),Logistic regression,368,0.7398808141784692,0.676,0.6136379662929272,0.6440677966101696,0.39024759678176274,0.0,0.0,German Credit,corrupt_50,24,0.8516304423794749,True,1
Baseline (audit labels),Random forest,368,0.7038154941567989,0.664,0.7056625061702277,0.6976190476190476,0.2565132596944714,0.0,0.0,German Credit,corrupt_50,24,0.8516304423794749,True,1
Audit-guided reweighting,Logistic regression,368,0.7756365606377215,0.748,0.32324941823566744,0.35,0.18455446518223712,0.03575574645925228,-0.2940677966101696,German Credit,corrupt_50,24,0.8516304423794749,True,1
Audit-guided reweighting,Random forest,368,0.7848463741196502,0.776,0.12714195049714405,0.21984126984126987,0.06762006236503315,0.0810308799628513,-0.47777777777777775,German Credit,corrupt_50,24,0.8516304423794749,True,1
Drop flagged block,Logistic regression,368,0.7800479839021747,0.704,0.11007686340878642,0.09322033898305082,0.14490260690881152,0.04016716972370549,-0.5508474576271187,German Credit,corrupt_50,24,0.8516304423794749,True,1
Drop flagged block,Random forest,368,0.7953718752418544,0.784,0.056484027924687985,0.09206349206349207,0.11084626424417049,0.09155638108505548,-0.6055555555555555,German Credit,corrupt_50,24,0.8516304423794749,True,1
Trusted reference only,Logistic regression,225,0.7692903026081572,0.74,0.03511741061984344,0.03730158730158728,-0.014794005709571734,0.029409488429688047,-0.6067662093085823,German Credit,corrupt_50,24,0.8516304423794749,True,1
Trusted reference only,Random forest,225,0.7287361659314294,0.732,0.01607785064522953,0.04047619047619047,-0.012106852302336213,0.024920671774630532,-0.6571428571428571,German Credit,corrupt_50,24,0.8516304423794749,True,1
Oracle (clean audit labels),Logistic regression,368,0.7840724402136058,0.76,0.2075312037232917,0.33650793650793653,0.08544736465852171,0.0441916260351366,-0.307559860102233,German Credit,corrupt_50,24,0.8516304423794749,True,1
Oracle (clean audit labels),Random forest,368,0.8000928720687253,0.76,0.0704463719060715,0.2373015873015873,0.022007869812847247,0.09627737791192637,-0.4603174603174603,German Credit,corrupt_50,24,0.8516304423794749,True,1
Baseline (audit labels),Logistic regression,368,0.7218992248062016,0.688,0.5623936471922858,0.6003694581280788,0.26831807106693856,0.0,0.0,German Credit,corrupt_50,32,0.8814514642414476,True,1
Baseline (audit labels),Random forest,368,0.7073643410852714,0.692,0.5796937039137833,0.7291666666666667,0.17438790279959265,0.0,0.0,German Credit,corrupt_50,32,0.8814514642414476,True,1
Audit-guided reweighting,Logistic regression,368,0.7504472271914131,0.768,0.10947249007373797,0.09975369458128078,0.0168860848085447,0.02854800238521149,-0.500615763546798,German Credit,corrupt_50,32,0.8814514642414476,True,1
Audit-guided reweighting,Random forest,368,0.7643112701252237,0.712,0.004395916052183778,0.037500000000000006,-0.008414965567688448,0.056946929039952354,-0.6916666666666668,German Credit,corrupt_50,32,0.8814514642414476,True,1
Drop flagged block,Logistic regression,368,0.7372540250447228,0.74,0.02524106636415202,0.17083333333333328,0.02511287783885252,0.015354800238521205,-0.42953612479474557,German Credit,corrupt_50,32,0.8814514642414476,True,1
Drop flagged block,Random forest,368,0.7633422778771617,0.76,0.01205331820760068,0.06666666666666665,0.023337290839872515,0.05597793679189034,-0.6625000000000001,German Credit,corrupt_50,32,0.8814514642414476,True,1
Trusted reference only,Logistic regression,225,0.7634913536076327,0.74,0.021412365286443552,0.012499999999999956,-0.08519467316703405,0.04159212880143104,-0.5878694581280789,German Credit,corrupt_50,32,0.8814514642414476,True,1
Trusted reference only,Random forest,225,0.7461985688729875,0.684,0.010493477027793532,0.04583333333333334,-0.07283999717097223,0.03883422778771617,-0.6833333333333333,German Credit,corrupt_50,32,0.8814514642414476,True,1
Oracle (clean audit labels),Logistic regression,368,0.7792933810375672,0.756,0.01914350538854226,0.09999999999999998,-0.026152356531670695,0.05739415623136557,-0.5003694581280789,German Credit,corrupt_50,32,0.8814514642414476,True,1
Oracle (clean audit labels),Random forest,368,0.7866726296958855,0.72,0.0032614861032331244,0.012500000000000011,-0.03986077413196237,0.07930828861061412,-0.7166666666666668,German Credit,corrupt_50,32,0.8814514642414476,True,1
Baseline (audit labels),Logistic regression,368,0.6700514773288203,0.64,0.5891405342624855,0.613150867823765,0.32704973375465035,0.0,0.0,German Credit,corrupt_50,33,0.89034643840972,True,1
Baseline (audit labels),Random forest,368,0.6335942458218743,0.604,0.647212543554007,0.7421185372005045,0.230315044151235,0.0,0.0,German Credit,corrupt_50,33,0.89034643840972,True,1
Audit-guided reweighting,Logistic regression,368,0.7247020661448418,0.732,0.17595818815331013,0.3209331651954602,0.16391677330714316,0.05465058881602147,-0.2922177026283048,German Credit,corrupt_50,33,0.89034643840972,True,1
Audit-guided reweighting,Random forest,368,0.7364783865735844,0.7,0.15490708478513357,0.24842370744010092,0.11797332047211617,0.10288414075171015,-0.4936948297604036,German Credit,corrupt_50,33,0.89034643840972,True,1
Drop flagged block,Logistic regression,368,0.6965658275156901,0.724,0.04384436701509875,0.2005044136191677,0.07551253560830018,0.026514350186869762,-0.41264645420459733,German Credit,corrupt_50,33,0.89034643840972,True,1
Drop flagged block,Random forest,368,0.7337987447993795,0.692,0.07723577235772358,0.0944592790387183,0.08908699645471413,0.10020449897750516,-0.6476592581617862,German Credit,corrupt_50,33,0.89034643840972,True,1
Trusted reference only,Logistic regression,225,0.7248430999224315,0.7,0.22590011614401856,0.255359394703657,0.14278681551329725,0.054791622593611145,-0.35779147312010806,German Credit,corrupt_50,33,0.89034643840972,True,1
Trusted reference only,Random forest,225,0.7385233763486355,0.692,0.07607433217189316,0.12333110814419226,0.05631325229371409,0.10492913052676123,-0.6187874290563122,German Credit,corrupt_50,33,0.89034643840972,True,1
Oracle (clean audit labels),Logistic regression,368,0.7740638883012482,0.732,0.040940766550522645,0.10088272383354352,-0.017371772490811233,0.10401241097242786,-0.5122681439902215,German Credit,corrupt_50,33,0.89034643840972,True,1
Oracle (clean audit labels),Random forest,368,0.7693392567519921,0.668,0.0056620209059233435,0.010718789407313994,-0.034204294828091564,0.13574501093011782,-0.7313997477931905,German Credit,corrupt_50,33,0.89034643840972,True,1
Baseline (audit labels),Logistic regression,368,0.7625830959164293,0.692,0.5879173058660238,0.5664596273291925,0.23218052847974663,0.0,0.0,German Credit,corrupt_50,34,0.8633412527845029,True,1
Baseline (audit labels),Random forest,368,0.757396449704142,0.704,0.6134122287968441,0.698136645962733,0.10791955898556088,0.0,0.0,German Credit,corrupt_50,34,0.8633412527845029,True,1
Audit-guided reweighting,Logistic regression,368,0.771495361238951,0.7,0.15296953758492216,0.11490683229813664,0.001118883333456444,0.008912265322521762,-0.4515527950310559,German Credit,corrupt_50,34,0.8633412527845029,True,1
Audit-guided reweighting,Random forest,368,0.8009350573453138,0.724,0.09540506976404411,0.11180124223602483,-0.052582815969590524,0.04353860764117179,-0.5863354037267081,German Credit,corrupt_50,34,0.8633412527845029,True,1
Drop flagged block,Logistic regression,368,0.7514062385857256,0.7,0.10563225947841332,0.10109579356663134,0.027695385368542214,-0.011176857330703616,-0.4653638337625612,German Credit,corrupt_50,34,0.8633412527845029,True,1
Drop flagged block,Random forest,368,0.7803345752063701,0.732,0.16173570019723865,0.1447204968944099,0.006588099187906538,0.02293812550222807,-0.553416149068323,German Credit,corrupt_50,34,0.8633412527845029,True,1
Trusted reference only,Logistic regression,225,0.7737599532471329,0.736,0.09562422382935201,0.07950310559006207,-0.06297223569668148,0.011176857330703616,-0.48695652173913045,German Credit,corrupt_50,34,0.8633412527845029,True,1
Trusted reference only,Random forest,225,0.8256994667251076,0.732,0.10081087004163927,0.13354037267080743,-0.07891816457490652,0.06830301702096564,-0.5645962732919255,German Credit,corrupt_50,34,0.8633412527845029,True,1
Oracle (clean audit labels),Logistic regression,368,0.7961867192636424,0.736,0.12031558185404337,0.15838509316770183,-0.05726364465445771,0.03360362334721312,-0.4080745341614907,German Credit,corrupt_50,34,0.8633412527845029,True,1
Oracle (clean audit labels),Random forest,368,0.8056833954269851,0.708,0.0568339542698517,0.084472049689441,-0.11558047503023278,0.04828694572284309,-0.613664596273292,German Credit,corrupt_50,34,0.8633412527845029,True,1
Baseline (audit labels),Logistic regression,368,0.730414398064126,0.688,0.5714285714285715,0.6061538461538462,0.28901073854803916,0.0,0.0,German Credit,corrupt_50,36,0.8394285532724195,True,1
Baseline (audit labels),Random forest,368,0.7010738052026618,0.688,0.5752380952380953,0.6876923076923077,0.18492343475040118,0.0,0.0,German Credit,corrupt_50,36,0.8394285532724195,True,1
Audit-guided reweighting,Logistic regression,368,0.7746521476104054,0.748,0.18095238095238098,0.3723076923076923,0.04812918184560827,0.04423774954627935,-0.23384615384615387,German Credit,corrupt_50,36,0.8394285532724195,True,1
Audit-guided reweighting,Random forest,368,0.7659558378705384,0.724,0.02095238095238095,0.0646153846153846,0.011643558647366659,0.06488203266787662,-0.6230769230769231,German Credit,corrupt_50,36,0.8394285532724195,True,1
Drop flagged block,Logistic regression,368,0.7401693889897156,0.74,0.14285714285714288,0.21692307692307689,0.05168615967971979,0.009754990925589624,-0.38923076923076927,German Credit,corrupt_50,36,0.8394285532724195,True,1
Drop flagged block,Random forest,368,0.7391863278886872,0.716,0.11238095238095239,0.1476923076923077,0.04772734707729864,0.038112522686025385,-0.54,German Credit,corrupt_50,36,0.8394285532724195,True,1
Trusted reference only,Logistic regression,225,0.757335148215366,0.768,0.022857142857142854,0.05877551020408163,-0.026774711759205927,0.02692075015123996,-0.5473783359497645,German Credit,corrupt_50,36,0.8394285532724195,True,1
Trusted reference only,Random forest,225,0.7410768300060497,0.724,0.009523809523809525,0.07230769230769232,0.0034702985866064684,0.04000302480338791,-0.6153846153846154,German Credit,corrupt_50,36,0.8394285532724195,True,1
Oracle (clean audit labels),Logistic regression,368,0.779491833030853,0.74,0.08571428571428573,0.07444897959183673,-0.04490408314667921,0.04907743496672701,-0.5317048665620094,German Credit,corrupt_50,36,0.8394285532724195,True,1
Oracle (clean audit labels),Random forest,368,0.7615698729582577,0.72,0.015238095238095236,0.06153846153846154,-0.06468778053405005,0.060496067755595906,-0.6261538461538462,German Credit,corrupt_50,36,0.8394285532724195,True,1
Baseline (audit labels),Logistic regression,368,0.7264793017855713,0.66,0.5876150759304429,0.6041119860017498,0.4271827528171013,0.0,0.0,German Credit,corrupt_50,39,0.8525674243846885,True,1
Baseline (audit labels),Random forest,368,0.6836416046120586,0.66,0.6425367849555433,0.8054298642533937,0.2998355414297643,0.0,0.0,German Credit,corrupt_50,39,0.8525674243846885,True,1
Audit-guided reweighting,Logistic regression,368,0.7886940507646729,0.748,0.21024470847430954,0.38122171945701355,0.2080204791972364,0.06221474897910162,-0.2228902665447362,German Credit,corrupt_50,39,0.8525674243846885,True,1
Audit-guided reweighting,Random forest,368,0.7914164464728961,0.756,0.04831221968683609,0.08144796380090497,0.1302176931971973,0.10777484186083752,-0.7239819004524888,German Credit,corrupt_50,39,0.8525674243846885,True,1
Drop flagged block,Logistic regression,368,0.7541836816398431,0.712,0.11794791092926271,0.2647058823529411,0.24153074729087007,0.027704379854271766,-0.33940610364880863,German Credit,corrupt_50,39,0.8525674243846885,True,1
Drop flagged block,Random forest,368,0.7207942989831051,0.7,0.15343457392399085,0.20135746606334842,0.18960056123640254,0.03715269437104651,-0.6040723981900453,German Credit,corrupt_50,39,0.8525674243846885,True,1
Trusted reference only,Logistic regression,225,0.7859716550564497,0.772,0.10071602801164525,0.2262443438914027,0.12174809735742062,0.05949235327087843,-0.37786764211034707,German Credit,corrupt_50,39,0.8525674243846885,True,1
Trusted reference only,Random forest,225,0.7684362238770117,0.744,0.031552443150523246,0.08144796380090497,0.08449768762871138,0.08479461926495313,-0.7239819004524888,German Credit,corrupt_50,39,0.8525674243846885,True,1
Oracle (clean audit labels),Logistic regression,368,0.7873328529105612,0.772,0.2070973325989456,0.2635746606334842,0.17846647628201975,0.06085355112498991,-0.34053732536826553,German Credit,corrupt_50,39,0.8525674243846885,True,1
Oracle (clean audit labels),Random forest,368,0.7700376331171431,0.732,0.06216067353843732,0.11877828054298643,0.11545408968871126,0.08639602850508454,-0.6866515837104072,German Credit,corrupt_50,39,0.8525674243846885,True,1
Baseline (audit labels),Logistic regression,368,0.745777027027027,0.696,0.6902777777777778,0.7161764705882353,0.27337270546537873,0.0,0.0,German Credit,corrupt_50,45,0.8531744104225679,True,1
Baseline (audit labels),Random forest,368,0.7058507371007371,0.672,0.7770833333333333,0.7952380952380953,0.19065114714295173,0.0,0.0,German Credit,corrupt_50,45,0.8531744104225679,True,1
Audit-guided reweighting,Logistic regression,368,0.7885442260442259,0.748,0.19791666666666666,0.18676470588235292,-0.001185137075512599,0.04276719901719894,-0.5294117647058824,German Credit,corrupt_50,45,0.8531744104225679,True,1
Audit-guided reweighting,Random forest,368,0.7430128992628993,0.708,0.045138888888888895,0.07261904761904762,-0.010316869279524798,0.03716216216216217,-0.7226190476190477,German Credit,corrupt_50,45,0.8531744104225679,True,1
Drop flagged block,Logistic regression,368,0.7470823095823096,0.684,0.08194444444444443,0.07500000000000001,0.057505503749088804,0.0013052825552826164,-0.6411764705882352,German Credit,corrupt_50,45,0.8531744104225679,True,1
Drop flagged block,Random forest,368,0.714527027027027,0.692,0.12013888888888885,0.1857142857142857,0.0552772259187676,0.008676289926289882,-0.6095238095238096,German Credit,corrupt_50,45,0.8531744104225679,True,1
Trusted reference only,Logistic regression,225,0.7148341523341523,0.724,0.08333333333333334,0.08235294117647057,-0.08066272576351358,-0.03094287469287471,-0.6338235294117647,German Credit,corrupt_50,45,0.8531744104225679,True,1
Trusted reference only,Random forest,225,0.7561425061425062,0.704,0.0125,0.025,-0.09677976126112886,0.05029176904176913,-0.7702380952380953,German Credit,corrupt_50,45,0.8531744104225679,True,1
Oracle (clean audit labels),Logistic regression,368,0.7869318181818182,0.74,0.14791666666666667,0.16617647058823526,-0.03330647751354576,0.04115479115479126,-0.55,German Credit,corrupt_50,45,0.8531744104225679,True,1
Oracle (clean audit labels),Random forest,368,0.765740171990172,0.74,0.0069444444444444475,0.13676470588235295,-0.03447135135843715,0.05988943488943488,-0.6584733893557424,German Credit,corrupt_50,45,0.8531744104225679,True,1
Baseline (audit labels),Logistic regression,368,0.7507809523809523,0.728,0.44466359850975234,0.42324246771879476,0.17568375349102838,0.0,0.0,German Credit,corrupt_50,46,0.8625246152240362,True,1
Baseline (audit labels),Random forest,368,0.7456,0.724,0.6697348235809774,0.7166427546628407,0.1167135967746804,0.0,0.0,German Credit,corrupt_50,46,0.8625246152240362,True,1
Audit-guided reweighting,Logistic regression,368,0.750552380952381,0.736,0.12572138213163853,0.09557845744680851,-0.04305995926338413,-0.00022857142857135582,-0.3276640102719862,German Credit,corrupt_50,46,0.8625246152240362,True,1
Audit-guided reweighting,Random forest,368,0.7693714285714286,0.732,0.01314924391847469,0.08680057388809181,-0.044809321070248376,0.023771428571428554,-0.6298421807747488,German Credit,corrupt_50,46,0.8625246152240362,True,1
Drop flagged block,Logistic regression,368,0.748952380952381,0.732,0.0971583022865074,0.14418938307030127,-0.027542907779758763,-0.0018285714285712906,-0.2790530846484935,German Credit,corrupt_50,46,0.8625246152240362,True,1
Drop flagged block,Random forest,368,0.7555809523809525,0.736,0.14939002118489297,0.11120345744680851,0.0018221589398040305,0.009980952380952424,-0.6054392972160322,German Credit,corrupt_50,46,0.8625246152240362,True,1
Trusted reference only,Logistic regression,225,0.7235047619047619,0.688,0.031192928628826055,0.08106169296987092,-0.0841809951221067,-0.027276190476190454,-0.34218077474892383,German Credit,corrupt_50,46,0.8625246152240362,True,1
Trusted reference only,Random forest,225,0.7481142857142857,0.728,0.049163561984074816,0.11119081779053086,-0.08395707951733544,0.002514285714285691,-0.6054519368723098,German Credit,corrupt_50,46,0.8625246152240362,True,1
Oracle (clean audit labels),Logistic regression,368,0.755047619047619,0.744,0.06348162758419168,0.05093256814921088,-0.10306703105834625,0.004266666666666641,-0.3723098995695839,German Credit,corrupt_50,46,0.8625246152240362,True,1
Oracle (clean audit labels),Random forest,368,0.7689904761904762,0.728,0.016728760318503913,0.08751793400286943,-0.10599987427405339,0.023390476190476184,-0.6291248206599712,German Credit,corrupt_50,46,0.8625246152240362,True,1
Baseline (audit labels),Logistic regression,368,0.7046095238095238,0.68,0.6820931639443436,0.733876329787234,0.3679314482372989,0.0,0.0,German Credit,corrupt_50,49,0.8404282559725718,True,1
Baseline (audit labels),Random forest,368,0.7190095238095238,0.66,0.7412280701754387,0.7707779255319149,0.254894438574265,0.0,0.0,German Credit,corrupt_50,49,0.8404282559725718,True,1
Audit-guided reweighting,Logistic regression,368,0.7300571428571428,0.764,0.28160919540229884,0.3493253373313343,0.099604768996444,0.025447619047619052,-0.38455099245589974,German Credit,corrupt_50,49,0.8404282559725718,True,1
Audit-guided reweighting,Random forest,368,0.7607619047619049,0.736,0.25105868118572294,0.31634182908545727,0.08044252813780683,0.041752380952381096,-0.45443609644645766,German Credit,corrupt_50,49,0.8404282559725718,True,1
Drop flagged block,Logistic regression,368,0.7387428571428573,0.652,0.0024198427102238296,0.08395802098950522,0.12797101715513143,0.03413333333333346,-0.6499183087977288,German Credit,corrupt_50,49,0.8404282559725718,True,1
Drop flagged block,Random forest,368,0.7644952380952382,0.712,0.1108590441621295,0.13193403298350825,0.11384688369846552,0.04548571428571446,-0.6388438925484067,German Credit,corrupt_50,49,0.8404282559725718,True,1
Trusted reference only,Logistic regression,225,0.7626666666666667,0.74,0.06125226860254085,0.10804521276595745,-0.12101208690489945,0.05805714285714292,-0.6258311170212766,German Credit,corrupt_50,49,0.8404282559725718,True,1
Trusted reference only,Random forest,225,0.750247619047619,0.72,0.006503327283726559,0.0234375,-0.09500714686636075,0.031238095238095287,-0.7473404255319149,German Credit,corrupt_50,49,0.8404282559725718,True,1
Oracle (clean audit labels),Logistic regression,368,0.7645714285714286,0.736,0.12462189957652753,0.13343328335832083,0.005910475147777927,0.05996190476190477,-0.6004430464289132,German Credit,corrupt_50,49,0.8404282559725718,True,1
Oracle (clean audit labels),Random forest,368,0.7796571428571428,0.74,0.024047186932849365,0.10569715142428787,-0.027587435161478213,0.06064761904761906,-0.665080774107627,German Credit,corrupt_50,49,0.8404282559725718,True,1
Baseline (audit labels),Logistic regression,368,0.7109456321562976,0.64,0.5314285714285715,0.7045454545454546,0.3072793439269413,0.0,0.0,German Credit,corrupt_50,51,0.8905220796689263,True,1
Baseline (audit labels),Random forest,368,0.6936504123628794,0.696,0.6304761904761904,0.7554545454545454,0.2264068553825223,0.0,0.0,German Credit,corrupt_50,51,0.8905220796689263,True,1
Audit-guided reweighting,Logistic regression,368,0.7343262070622149,0.708,0.1866666666666667,0.5218181818181817,0.10979928919261817,0.023380574905917273,-0.18272727272727285,German Credit,corrupt_50,51,0.8905220796689263,True,1
Audit-guided reweighting,Random forest,368,0.7385699415485627,0.764,0.1942857142857143,0.35545454545454547,0.0691281262521738,0.044919529185683316,-0.3999999999999999,German Credit,corrupt_50,51,0.8905220796689263,True,1
Drop flagged block,Logistic regression,368,0.7479381856033309,0.7,0.13714285714285712,0.40818181818181815,0.11881066960904418,0.03699255344703334,-0.29636363636363644,German Credit,corrupt_50,51,0.8905220796689263,True,1
Drop flagged block,Random forest,368,0.7593081912082633,0.728,0.19999999999999998,0.3672727272727273,0.10706205276604541,0.06565777884538393,-0.3881818181818181,German Credit,corrupt_50,51,0.8905220796689263,True,1
Trusted reference only,Logistic regression,225,0.7641924893906638,0.748,0.14857142857142855,0.3336363636363636,0.060972538506040896,0.053246857234366174,-0.37090909090909097,German Credit,corrupt_50,51,0.8905220796689263,True,1
Trusted reference only,Random forest,225,0.7537032588678036,0.752,0.13904761904761906,0.26909090909090905,0.0029313597980926698,0.06005284650492426,-0.48636363636363633,German Credit,corrupt_50,51,0.8905220796689263,True,1
Oracle (clean audit labels),Logistic regression,368,0.743694451116983,0.72,0.10857142857142857,0.3845454545454546,0.021395238986968268,0.03274881896068538,-0.32,German Credit,corrupt_50,51,0.8905220796689263,True,1
Oracle (clean audit labels),Random forest,368,0.7709184081992153,0.74,0.011428571428571427,0.12636363636363634,-0.016922037630410225,0.07726799583633592,-0.629090909090909,German Credit,corrupt_50,51,0.8905220796689263,True,1
Baseline (audit labels),Logistic regression,368,0.6641656446143857,0.668,0.670226762634471,0.7678571428571428,0.3398689227811244,0.0,0.0,German Credit,corrupt_50,53,0.846978234498708,True,1
Baseline (audit labels),Random forest,368,0.6489430777000217,0.604,0.9089079792585713,0.9821428571428571,0.22834784534798297,0.0,0.0,German Credit,corrupt_50,53,0.846978234498708,True,1
Audit-guided reweighting,Logistic regression,368,0.6822740062044585,0.708,0.2801640739880814,0.47288359788359785,0.11073004851639068,0.018108361590072897,-0.29497354497354494,German Credit,corrupt_50,53,0.846978234498708,True,1
Audit-guided reweighting,Random forest,368,0.6951157925113628,0.708,0.14658308180481386,0.3181216931216931,0.05359823477207987,0.04617271481134111,-0.664021164021164,German Credit,corrupt_50,53,0.846978234498708,True,1
Drop flagged block,Logistic regression,368,0.691219969699156,0.688,0.12607383329463662,0.25595238095238093,0.07976795800401892,0.027054325084770348,-0.5119047619047619,German Credit,corrupt_50,53,0.846978234498708,True,1
Drop flagged block,Random forest,368,0.73508404876993,0.708,0.19317390294868816,0.41534391534391535,0.05983823141190481,0.08614097106990837,-0.5667989417989417,German Credit,corrupt_50,53,0.846978234498708,True,1
Trusted reference only,Logistic regression,225,0.7301060529543323,0.72,0.3099605293707917,0.4014550264550264,0.10832350782540495,0.06594040833994663,-0.3664021164021164,German Credit,corrupt_50,53,0.846978234498708,True,1
Trusted reference only,Random forest,225,0.7667556453358344,0.72,0.06679049609163376,0.06521739130434782,0.010675849043432162,0.11781256763581271,-0.9169254658385093,German Credit,corrupt_50,53,0.846978234498708,True,1
Oracle (clean audit labels),Logistic regression,368,0.7446071711997692,0.712,0.18272579521708843,0.28637566137566134,-0.02350980276027481,0.0804415265853835,-0.48148148148148145,German Credit,corrupt_50,53,0.846978234498708,True,1
Oracle (clean audit labels),Random forest,368,0.7691364259432942,0.672,0.01044810773159972,0.056216931216931214,-0.09412679954170111,0.12019334824327255,-0.9259259259259259,German Credit,corrupt_50,53,0.846978234498708,True,1
Baseline (audit labels),Logistic regression,368,0.7494119623655914,0.7,0.609256145407959,0.6204710144927535,0.394107509667763,0.0,0.0,German Credit,corrupt_50,54,0.8420100762955786,True,1
Baseline (audit labels),Random forest,368,0.7398353494623655,0.68,0.8122347665946033,0.8251811594202898,0.298065353086871,0.0,0.0,German Credit,corrupt_50,54,0.8420100762955786,True,1
Audit-guided reweighting,Logistic regression,368,0.7946068548387096,0.756,0.21306749939947156,0.2281284606866002,0.17964748491644295,0.04519489247311825,-0.39234255380615335,German Credit,corrupt_50,54,0.8420100762955786,True,1
Audit-guided reweighting,Random forest,368,0.7950268817204301,0.788,0.06685883577548243,0.10299003322259132,0.10555549767412109,0.05519153225806461,-0.7221911261976985,German Credit,corrupt_50,54,0.8420100762955786,True,1
Drop flagged block,Logistic regression,368,0.7796538978494623,0.7,0.06461686283929857,0.06312292358803984,0.16511240858595572,0.030241935483870885,-0.5573480909047137,German Credit,corrupt_50,54,0.8420100762955786,True,1
Drop flagged block,Random forest,368,0.8273689516129031,0.8,0.04467931779966372,0.10963455149501666,0.14644891194882137,0.08753360215053763,-0.7155466079252731,German Credit,corrupt_50,54,0.8420100762955786,True,1
Trusted reference only,Logistic regression,225,0.7652049731182796,0.74,0.07406517735607335,0.1517165005537099,0.025165441915689035,0.01579301075268824,-0.46875451393904366,German Credit,corrupt_50,54,0.8420100762955786,True,1
Trusted reference only,Random forest,225,0.7513440860215054,0.756,0.011770357914965168,0.044296788482835,0.03715980541321573,0.011508736559139865,-0.7808843709374548,German Credit,corrupt_50,54,0.8420100762955786,True,1
Oracle (clean audit labels),Logistic regression,368,0.8148521505376344,0.788,0.2904155656978141,0.3687707641196013,0.1301955986212609,0.065440188172043,-0.25170025037315225,German Credit,corrupt_50,54,0.8420100762955786,True,1
Oracle (clean audit labels),Random forest,368,0.8243447580645161,0.776,0.07654736167827687,0.1007751937984496,0.05967718317150461,0.08450940860215062,-0.7244059656218402,German Credit,corrupt_50,54,0.8420100762955786,True,1
Baseline (audit labels),Logistic regression,368,0.7701416299048061,0.728,0.5856166954432851,0.5564263322884013,0.27437897576208636,0.0,0.0,German Credit,corrupt_50,58,0.8756260440033903,True,1
Baseline (audit labels),Random forest,368,0.7282718055878028,0.716,0.6016064859995496,0.7492163009404389,0.16854708221350867,0.0,0.0,German Credit,corrupt_50,58,0.8756260440033903,True,1
Audit-guided reweighting,Logistic regression,368,0.7928178933519077,0.756,0.24502664965092708,0.34952978056426326,0.056367482883066256,0.022676263447101608,-0.20689655172413807,German Credit,corrupt_50,58,0.8756260440033903,True,1
Audit-guided reweighting,Random forest,368,0.7704512034672238,0.772,0.16440207191652279,0.3926332288401254,0.016806536528767735,0.04217939787942104,-0.3565830721003135,German Credit,corrupt_50,58,0.8756260440033903,True,1
Drop flagged block,Logistic regression,368,0.7907282718055877,0.772,0.12371443585316422,0.15595611285266453,0.06429747541991337,0.020586641900781633,-0.4004702194357368,German Credit,corrupt_50,58,0.8756260440033903,True,1
Drop flagged block,Random forest,368,0.7831437195263523,0.776,0.21041963816530293,0.31504702194357365,0.06635573851345378,0.05487191393854951,-0.43416927899686525,German Credit,corrupt_50,58,0.8756260440033903,True,1
Trusted reference only,Logistic regression,225,0.7682841885302996,0.756,0.21619998498611218,0.2115987460815047,0.007929861710410657,-0.0018574413745064966,-0.34482758620689663,German Credit,corrupt_50,58,0.8756260440033903,True,1
Trusted reference only,Random forest,225,0.7701416299048062,0.724,0.041738608212596645,0.04780564263322884,-0.029549980793075692,0.04186982431700337,-0.70141065830721,German Credit,corrupt_50,58,0.8756260440033903,True,1
Oracle (clean audit labels),Logistic regression,368,0.785852488197508,0.76,0.20756699947451393,0.31426332288401254,0.003040286146036686,0.015710858292701912,-0.24216300940438878,German Credit,corrupt_50,58,0.8756260440033903,True,1
Oracle (clean audit labels),Random forest,368,0.782369785620308,0.744,0.07499436979205766,0.15047021943573669,-0.03236763227960637,0.05409798003250521,-0.5987460815047022,German Credit,corrupt_50,58,0.8756260440033903,True,1
Baseline (audit labels),Logistic regression,368,0.7405147058823529,0.708,0.6532062915910466,0.6150895140664961,0.2498937666078222,0.0,0.0,German Credit,corrupt_50,61,0.8614723158513816,True,1
Baseline (audit labels),Random forest,368,0.7373529411764705,0.716,0.6810344827586207,0.7378516624040921,0.11537371906321564,0.0,0.0,German Credit,corrupt_50,61,0.8614723158513816,True,1
Audit-guided reweighting,Logistic regression,368,0.7476470588235294,0.744,0.28644888082274655,0.3286445012787724,0.014788309790896959,0.007132352941176534,-0.2864450127877237,German Credit,corrupt_50,61,0.8614723158513816,True,1
Audit-guided reweighting,Random forest,368,0.7573529411764707,0.716,0.1702964307320024,0.1636828644501279,-0.056563509956314706,0.02000000000000013,-0.5741687979539641,German Credit,corrupt_50,61,0.8614723158513816,True,1
Drop flagged block,Logistic regression,368,0.729779411764706,0.7,0.17725347852389595,0.19053708439897704,0.01913876680038934,-0.010735294117646954,-0.4245524296675191,German Credit,corrupt_50,61,0.8614723158513816,True,1
Drop flagged block,Random forest,368,0.7329411764705882,0.72,0.1778584392014519,0.13682864450127874,-0.01813042446306068,-0.004411764705882337,-0.6010230179028133,German Credit,corrupt_50,61,0.8614723158513816,True,1
Trusted reference only,Logistic regression,225,0.7208823529411765,0.74,0.2658802177858439,0.3721227621483376,-0.021630079980665295,-0.01963235294117638,-0.24296675191815853,German Credit,corrupt_50,61,0.8614723158513816,True,1
Trusted reference only,Random forest,225,0.7153676470588236,0.708,0.01981246218995765,0.012787723785166238,-0.10934986667474172,-0.021985294117646936,-0.7250639386189258,German Credit,corrupt_50,61,0.8614723158513816,True,1
Oracle (clean audit labels),Logistic regression,368,0.7366176470588235,0.72,0.15078644888082277,0.15217391304347827,-0.0747525381449532,-0.00389705882352942,-0.4629156010230179,German Credit,corrupt_50,61,0.8614723158513816,True,1
Oracle (clean audit labels),Random forest,368,0.7501470588235293,0.704,0.05928614640048396,0.055803571428571425,-0.13348167745026263,0.012794117647058734,-0.6820480909755207,German Credit,corrupt_50,61,0.8614723158513816,True,1
Baseline (audit labels),Logistic regression,368,0.7081142857142857,0.66,0.5148262142481796,0.5529537802265075,0.3637061532577889,0.0,0.0,German Credit,corrupt_50,62,0.8671082686586571,True,1
Baseline (audit labels),Random forest,368,0.6476190476190476,0.596,0.7906313339839351,0.8042546678910315,0.2984446413671278,0.0,0.0,German Credit,corrupt_50,62,0.8671082686586571,True,1
Audit-guided reweighting,Logistic regression,368,0.7419428571428572,0.716,0.16710457172884918,0.18060200668896315,0.1383428981343855,0.03382857142857154,-0.3723517735375444,German Credit,corrupt_50,62,0.8671082686586571,True,1
Audit-guided reweighting,Random forest,368,0.7228190476190477,0.704,0.16297575257112829,0.16973244147157193,0.11803823659718898,0.07520000000000004,-0.6345222264194595,German Credit,corrupt_50,62,0.8671082686586571,True,1
Drop flagged block,Logistic regression,368,0.723047619047619,0.7,0.032279858869454225,0.050167224080267636,0.11760132192795564,0.014933333333333354,-0.5027865561462399,German Credit,corrupt_50,62,0.8671082686586571,True,1
Drop flagged block,Random forest,368,0.6925714285714286,0.648,0.09196006305832899,0.11845730027548207,0.13906911244529224,0.044952380952380966,-0.6857973676155494,German Credit,corrupt_50,62,0.8671082686586571,True,1
Trusted reference only,Logistic regression,225,0.7667047619047619,0.752,0.027100067562495306,0.1421404682274247,0.004368779499773656,0.05859047619047619,-0.41081331199908283,German Credit,corrupt_50,62,0.8671082686586571,True,1
Trusted reference only,Random forest,225,0.7536761904761905,0.72,0.09376172959987988,0.14046822742474915,0.011359664641730105,0.10605714285714285,-0.6637864404662823,German Credit,corrupt_50,62,0.8671082686586571,True,1
Oracle (clean audit labels),Logistic regression,368,0.7886476190476189,0.76,0.029202011860971377,0.06521739130434784,-0.0020094559319527305,0.08053333333333323,-0.4877363889221597,German Credit,corrupt_50,62,0.8671082686586571,True,1
Oracle (clean audit labels),Random forest,368,0.798552380952381,0.712,0.004278958036183472,0.07274247491638795,0.0017697668586770798,0.15093333333333336,-0.7315121929746435,German Credit,corrupt_50,62,0.8671082686586571,True,1
Baseline (audit labels),Logistic regression,368,0.7087036592201137,0.676,0.6801587301587302,0.6816635745207175,0.34823700564909416,0.0,0.0,German Credit,corrupt_50,67,0.8551756639798666,True,1
Baseline (audit labels),Random forest,368,0.6878052686364,0.62,0.8301587301587301,0.8600803957946815,0.2944345899527631,0.0,0.0,German Credit,corrupt_50,67,0.8551756639798666,True,1
Audit-guided reweighting,Logistic regression,368,0.7530626951717511,0.764,0.11904761904761904,0.12797619047619052,0.09647167163861187,0.04435903595163737,-0.5536873840445269,German Credit,corrupt_50,67,0.8551756639798666,True,1
Audit-guided reweighting,Random forest,368,0.7798062294819442,0.76,0.1388888888888889,0.3303571428571428,0.1070866221634118,0.09200096084554421,-0.5297232529375387,German Credit,corrupt_50,67,0.8551756639798666,True,1
Drop flagged block,Logistic regression,368,0.7500200176155015,0.744,0.02619047619047621,0.15476190476190482,0.10514944368513551,0.04131635839538783,-0.5269016697588127,German Credit,corrupt_50,67,0.8551756639798666,True,1
Drop flagged block,Random forest,368,0.7535431179437906,0.732,0.06587301587301586,0.08035714285714285,0.13227213134601323,0.06573784930739057,-0.7797232529375386,German Credit,corrupt_50,67,0.8551756639798666,True,1
Trusted reference only,Logistic regression,225,0.7542637521018496,0.736,0.043650793650793634,0.09226190476190482,-0.014422045775049575,0.0455600928817359,-0.5894016697588127,German Credit,corrupt_50,67,0.8551756639798666,True,1
Trusted reference only,Random forest,225,0.7308831771959325,0.748,0.06507936507936507,0.0982142857142857,0.016351652588483645,0.04307790855953253,-0.7618661100803958,German Credit,corrupt_50,67,0.8551756639798666,True,1
Oracle (clean audit labels),Logistic regression,368,0.7891744735367122,0.768,0.09841269841269842,0.10265924551638836,0.010919442372309796,0.08047081431659853,-0.5790043290043291,German Credit,corrupt_50,67,0.8551756639798666,True,1
Oracle (clean audit labels),Random forest,368,0.7825286251901674,0.76,0.07539682539682539,0.1607142857142857,0.025915003216061938,0.0947233565537674,-0.6993661100803958,German Credit,corrupt_50,67,0.8551756639798666,True,1
Baseline (audit labels),Logistic regression,368,0.705735294117647,0.668,0.6574017199017199,0.7037037037037037,0.3335560441642755,0.0,0.0,German Credit,corrupt_50,68,0.8425435329611048,True,1
Baseline (audit labels),Random forest,368,0.6581617647058824,0.664,0.7226658476658477,0.8304843304843306,0.22528427537900259,0.0,0.0,German Credit,corrupt_50,68,0.8425435329611048,True,1
Audit-guided reweighting,Logistic regression,368,0.753014705882353,0.744,0.23925061425061428,0.43732193732193736,0.09556808584752186,0.04727941176470596,-0.26638176638176636,German Credit,corrupt_50,68,0.8425435329611048,True,1
Audit-guided reweighting,Random forest,368,0.7211764705882353,0.716,0.18074324324324326,0.3319088319088319,0.046373624054443174,0.06301470588235292,-0.49857549857549865,German Credit,corrupt_50,68,0.8425435329611048,True,1
Drop flagged block,Logistic regression,368,0.7268382352941177,0.708,0.1696867321867322,0.34472934472934474,0.12053695489084848,0.021102941176470713,-0.358974358974359,German Credit,corrupt_50,68,0.8425435329611048,True,1
Drop flagged block,Random forest,368,0.7122058823529411,0.716,0.19794226044226046,0.33760683760683763,0.09705432573080419,0.05404411764705874,-0.49287749287749294,German Credit,corrupt_50,68,0.8425435329611048,True,1
Trusted reference only,Logistic regression,225,0.7586764705882353,0.732,0.021038083538083535,0.07977207977207978,-0.06863592283055303,0.05294117647058827,-0.6239316239316239,German Credit,corrupt_50,68,0.8425435329611048,True,1
Trusted reference only,Random forest,225,0.7588235294117647,0.696,0.004299754299754301,0.035612535612535606,-0.029638998003720385,0.10066176470588228,-0.7948717948717949,German Credit,corrupt_50,68,0.8425435329611048,True,1
Oracle (clean audit labels),Logistic regression,368,0.7891176470588235,0.776,0.14957002457002458,0.24501424501424507,-0.011759294395432052,0.08338235294117646,-0.45868945868945865,German Credit,corrupt_50,68,0.8425435329611048,True,1
Oracle (clean audit labels),Random forest,368,0.763014705882353,0.72,0.01996314496314497,0.04273504273504275,-0.044815777668835766,0.1048529411764706,-0.7877492877492878,German Credit,corrupt_50,68,0.8425435329611048,True,1
Baseline (audit labels),Logistic regression,368,0.7597765363128491,0.684,0.6437090041741205,0.6983739837398374,0.29879717033165604,0.0,0.0,German Credit,corrupt_50,76,0.8312940012338496,True,1
Baseline (audit labels),Random forest,368,0.7529309937839327,0.672,0.5936195587358377,0.6222964376590331,0.18333411207242217,0.0,0.0,German Credit,corrupt_50,76,0.8312940012338496,True,1
Audit-guided reweighting,Logistic regression,368,0.786843968840979,0.732,0.17993440667859273,0.14869592875318066,0.062463648366175795,0.02706743252812982,-0.5496780549866567,German Credit,corrupt_50,76,0.8312940012338496,True,1
Audit-guided reweighting,Random forest,368,0.769218663938941,0.732,0.04934406678592726,0.025203252032520274,0.011768041089485592,0.016287670155008316,-0.5970931856265128,German Credit,corrupt_50,76,0.8312940012338496,True,1
Drop flagged block,Logistic regression,368,0.7939255645605476,0.76,0.11135957066189628,0.08130081300813008,0.05875721826195246,0.0341490282476985,-0.6170731707317073,German Credit,corrupt_50,76,0.8312940012338496,True,1
Drop flagged block,Random forest,368,0.7969942560390274,0.748,0.15205724508050092,0.14552845528455283,0.06512350239377201,0.044063262255094715,-0.47676798237448026,German Credit,corrupt_50,76,0.8312940012338496,True,1
Trusted reference only,Logistic regression,225,0.7665433944448816,0.752,0.1065891472868217,0.07092875318066158,-0.014894804331227085,0.006766858132032483,-0.6274452305591758,German Credit,corrupt_50,76,0.8312940012338496,True,1
Trusted reference only,Random forest,225,0.781257376662208,0.756,0.046809779367918886,0.04715447154471544,-0.037948638677706314,0.02832638287827527,-0.5751419661143177,German Credit,corrupt_50,76,0.8312940012338496,True,1
Oracle (clean audit labels),Logistic regression,368,0.8152490361161382,0.76,0.1088252832438879,0.06097560975609756,-0.01703154569454235,0.055472499803289055,-0.6373983739837399,German Credit,corrupt_50,76,0.8312940012338496,True,1
Oracle (clean audit labels),Random forest,368,0.7996695255330868,0.72,0.003726893261776984,0.03466921119592876,-0.067499265823395,0.0467385317491541,-0.5876272264631043,German Credit,corrupt_50,76,0.8312940012338496,True,1
Baseline (audit labels),Logistic regression,368,0.7033246225319396,0.696,0.4049963968292096,0.4813218390804597,0.23534851304278592,0.0,0.0,German Credit,corrupt_50,77,0.8770326277253596,True,1
Baseline (audit labels),Random forest,368,0.6977351916376305,0.696,0.5603330931219472,0.6853448275862069,0.1804096055493487,0.0,0.0,German Credit,corrupt_50,77,0.8770326277253596,True,1
Audit-guided reweighting,Logistic regression,368,0.7331591173054587,0.724,0.003603170790295457,0.05603448275862066,-0.0032068705372237383,0.02983449477351907,-0.42528735632183906,German Credit,corrupt_50,77,0.8770326277253596,True,1
Audit-guided reweighting,Random forest,368,0.7584204413472706,0.728,0.0006405636960525318,0.01867816091954025,-0.005873927104853183,0.060685249709640066,-0.6666666666666666,German Credit,corrupt_50,77,0.8770326277253596,True,1
Drop flagged block,Logistic regression,368,0.7349738675958188,0.7,0.026022900152133877,0.058908045977011436,0.057798514257097866,0.03164924506387923,-0.4224137931034483,German Credit,corrupt_50,77,0.8770326277253596,True,1
Drop flagged block,Random forest,368,0.7356271777003485,0.716,0.11442069020738246,0.16235632183908044,0.060159268472453176,0.03789198606271793,-0.5229885057471264,German Credit,corrupt_50,77,0.8770326277253596,True,1
Trusted reference only,Logistic regression,225,0.7637921022067363,0.756,0.06573784930739052,0.10057471264367818,-0.06949854849328901,0.06046747967479671,-0.38074712643678155,German Credit,corrupt_50,77,0.8770326277253596,True,1
Trusted reference only,Random forest,225,0.7526858304297329,0.688,0.04836255905196572,0.05459770114942529,-0.04891615067528077,0.05495063879210238,-0.6307471264367815,German Credit,corrupt_50,77,0.8770326277253596,True,1
Oracle (clean audit labels),Logistic regression,368,0.7897067363530778,0.756,0.045399951957722784,0.03577235772357723,-0.034448955920745705,0.08638211382113814,-0.4455494813568825,German Credit,corrupt_50,77,0.8770326277253596,True,1
Oracle (clean audit labels),Random forest,368,0.8084349593495935,0.712,0.08279285771478902,0.14655172413793105,-0.05518416535353249,0.11069976771196299,-0.5387931034482758,German Credit,corrupt_50,77,0.8770326277253596,True,1
Baseline (audit labels),Logistic regression,368,0.736328586041388,0.692,0.42829502360498417,0.4800588427590716,0.2588682845883416,0.0,0.0,German Credit,corrupt_50,78,0.8733041983405287,True,1
Baseline (audit labels),Random forest,368,0.7016287670155007,0.688,0.5630369166473184,0.5694671461261851,0.1864155188033632,0.0,0.0,German Credit,corrupt_50,78,0.8733041983405287,True,1
Audit-guided reweighting,Logistic regression,368,0.7297977811000079,0.74,0.057580682609705114,0.04966329966329974,0.03329357497949015,-0.006530804941380031,-0.4303955430957719,German Credit,corrupt_50,78,0.8733041983405287,True,1
Audit-guided reweighting,Random forest,368,0.7041466677157919,0.728,0.0005417537342310985,0.14141414141414144,0.005604553882057106,0.0025179007002912313,-0.42805300471204366,German Credit,corrupt_50,78,0.8733041983405287,True,1
Drop flagged block,Logistic regression,368,0.7185459123455817,0.7,0.0091324200913242,0.07239057239057245,0.05325014399200695,-0.017782673695806217,-0.4076682703684992,German Credit,corrupt_50,78,0.8733041983405287,True,1
Drop flagged block,Random forest,368,0.6958848060429618,0.684,0.056032814797616265,0.05867930696305984,0.054083234117891565,-0.005743960972538931,-0.5107878391631253,German Credit,corrupt_50,78,0.8733041983405287,True,1
Trusted reference only,Logistic regression,225,0.7261782988433394,0.744,0.030260815726336987,0.07927427263811702,-0.09980166691295617,-0.010150287198048558,-0.4007845701209546,German Credit,corrupt_50,78,0.8733041983405287,True,1
Trusted reference only,Random forest,225,0.7328664725784878,0.756,0.03374351830353687,0.04040404040404039,-0.03834768208317846,0.031237705562987106,-0.5290631057221447,German Credit,corrupt_50,78,0.8733041983405287,True,1
Oracle (clean audit labels),Logistic regression,368,0.7327877881816036,0.752,0.06168253231174056,0.0412457912457912,0.0019041177666676012,-0.0035407978597843393,-0.4388130515132804,German Credit,corrupt_50,78,0.8733041983405287,True,1
Oracle (clean audit labels),Random forest,368,0.735463057675663,0.736,0.04744214844052317,0.09365805818895064,-0.019724575898660834,0.0338342906601623,-0.4758090879372345,German Credit,corrupt_50,78,0.8733041983405287,True,1
Baseline (audit labels),Logistic regression,368,0.6971526535480025,0.648,0.6763565891472869,0.6851851851851851,0.40221970030174536,0.0,0.0,German Credit,corrupt_50,82,0.8531873472350776,True,1
Baseline (audit labels),Random forest,368,0.6874627310673822,0.632,0.7927847346451998,0.8094789704959197,0.29036280028959616,0.0,0.0,German Credit,corrupt_50,82,0.8531873472350776,True,1
Audit-guided reweighting,Logistic regression,368,0.7684853905784138,0.704,0.22435897435897434,0.3055555555555556,0.15290177126421162,0.07133273703041132,-0.37962962962962954,German Credit,corrupt_50,82,0.8531873472350776,True,1
Audit-guided reweighting,Random forest,368,0.7605843768634467,0.736,0.009689922480620144,0.016321406151914616,0.10494724157475949,0.0731216457960645,-0.7931575643440051,German Credit,corrupt_50,82,0.8531873472350776,True,1
Drop flagged block,Logistic regression,368,0.7733303518187239,0.704,0.14296362552176506,0.23611111111111105,0.13046520418852126,0.0761776982707214,-0.44907407407407407,German Credit,corrupt_50,82,0.8531873472350776,True,1
Drop flagged block,Random forest,368,0.7549940369707812,0.728,0.06350626118067981,0.07870370370370366,0.11165600083037308,0.06753130590339895,-0.730775266792216,German Credit,corrupt_50,82,0.8531873472350776,True,1
Trusted reference only,Logistic regression,225,0.7259242695289206,0.656,0.06917113893858085,0.14814814814814814,0.051352874521417013,0.028771615980918153,-0.537037037037037,German Credit,corrupt_50,82,0.8531873472350776,True,1
Trusted reference only,Random forest,225,0.7651311866428145,0.732,0.0567978533094812,0.12962962962962962,0.015210715611270853,0.07766845557543234,-0.67984934086629,German Credit,corrupt_50,82,0.8531873472350776,True,1
Oracle (clean audit labels),Logistic regression,368,0.7732558139534884,0.74,0.15086463923673227,0.2222222222222222,0.07394217185949792,0.07610316040548593,-0.4629629629629629,German Credit,corrupt_50,82,0.8531873472350776,True,1
Oracle (clean audit labels),Random forest,368,0.7755664877757902,0.728,0.009540846750149073,0.04629629629629631,0.01971873984896405,0.08810375670840798,-0.7631826741996234,German Credit,corrupt_50,82,0.8531873472350776,True,1
Baseline (audit labels),Logistic regression,368,0.77016287670155,0.712,0.6125,0.6239276960784313,0.35643448395330396,0.0,0.0,German Credit,corrupt_50,83,0.8632636198647241,True,1
Baseline (audit labels),Random forest,368,0.722716185380439,0.684,0.6992647058823529,0.6822660098522167,0.25038363993422813,0.0,0.0,German Credit,corrupt_50,83,0.8632636198647241,True,1
Audit-guided reweighting,Logistic regression,368,0.7925092454166339,0.768,0.3477941176470588,0.36453201970443355,0.14044153720580083,0.022346368715083886,-0.2593956763739978,German Credit,corrupt_50,83,0.8632636198647241,True,1
Audit-guided reweighting,Random forest,368,0.7697694547171295,0.756,0.22426470588235292,0.22085385878489328,0.06289766541732167,0.04705326933669052,-0.4614121510673235,German Credit,corrupt_50,83,0.8632636198647241,True,1
Drop flagged block,Logistic regression,368,0.7760642064678575,0.744,0.236764705882353,0.22028186274509803,0.14424913063922912,0.005901329766307417,-0.4036458333333333,German Credit,corrupt_50,83,0.8632636198647241,True,1
Drop flagged block,Random forest,368,0.7598552207097333,0.732,0.33014705882352935,0.319376026272578,0.1198530295501522,0.0371390353292943,-0.36288998357963875,German Credit,corrupt_50,83,0.8632636198647241,True,1
Trusted reference only,Logistic regression,225,0.7815721142497443,0.748,0.13014705882352942,0.11412377450980393,0.014699033524476046,0.011409237548194229,-0.5098039215686274,German Credit,corrupt_50,83,0.8632636198647241,True,1
Trusted reference only,Random forest,225,0.7741757809426391,0.716,0.03823529411764706,0.0451559934318555,-0.043344476291262035,0.05145959556220003,-0.6371100164203612,German Credit,corrupt_50,83,0.8632636198647241,True,1
Oracle (clean audit labels),Logistic regression,368,0.8054134865056259,0.756,0.20514705882352943,0.25041050903119866,0.05836887901961285,0.035250609804075905,-0.3735171870472327,German Credit,corrupt_50,83,0.8632636198647241,True,1
Oracle (clean audit labels),Random forest,368,0.7848768589188764,0.744,0.19558823529411765,0.28407224958949095,0.027246216260675582,0.06216067353843735,-0.3981937602627258,German Credit,corrupt_50,83,0.8632636198647241,True,1
Baseline (audit labels),Logistic regression,368,0.6800089445438283,0.656,0.7214285714285714,0.7512858802057408,0.415149346885554,0.0,0.0,German Credit,corrupt_50,84,0.8625023926704456,True,1
Baseline (audit labels),Random forest,368,0.6572003577817531,0.616,0.8515873015873017,0.8899950223992036,0.30266043582693797,0.0,0.0,German Credit,corrupt_50,84,0.8625023926704456,True,1
Audit-guided reweighting,Logistic regression,368,0.7265951103160406,0.708,0.2920634920634921,0.355889724310777,0.16294924700615043,0.04658616577221231,-0.39539615589496385,German Credit,corrupt_50,84,0.8625023926704456,True,1
Audit-guided reweighting,Random forest,368,0.7306201550387598,0.728,0.11587301587301588,0.17543859649122806,0.11920887180529915,0.07341979725700665,-0.7145564259079755,German Credit,corrupt_50,84,0.8625023926704456,True,1
Drop flagged block,Logistic regression,368,0.7155635062611807,0.708,0.010317460317460336,0.02140368342458937,0.17626935338794647,0.035554561717352384,-0.7298821967811515,German Credit,corrupt_50,84,0.8625023926704456,True,1
Drop flagged block,Random forest,368,0.7230918306499702,0.704,0.173015873015873,0.21052631578947367,0.17001806445777956,0.06589147286821706,-0.6794687066097299,German Credit,corrupt_50,84,0.8625023926704456,True,1
Trusted reference only,Logistic regression,225,0.7289057841383423,0.712,0.011111111111111127,0.11278195488721804,-0.003949613155928455,0.04889683959451396,-0.6385039253185227,German Credit,corrupt_50,84,0.8625023926704456,True,1
Trusted reference only,Random forest,225,0.7410554561717352,0.704,0.03333333333333333,0.08771929824561403,0.014087144151451791,0.08385509838998206,-0.8022757241535896,German Credit,corrupt_50,84,0.8625023926704456,True,1
Oracle (clean audit labels),Logistic regression,368,0.7640131186642813,0.724,0.12460317460317458,0.14285714285714285,0.06121349579637597,0.08400417412045302,-0.6084287373485979,German Credit,corrupt_50,84,0.8625023926704456,True,1
Oracle (clean audit labels),Random forest,368,0.7666219439475253,0.736,0.02777777777777779,0.045112781954887216,0.02681426289081451,0.10942158616577213,-0.8448822404443164,German Credit,corrupt_50,84,0.8625023926704456,True,1
Baseline (audit labels),Logistic regression,368,0.6763274804315633,0.636,0.7705456936226167,0.763768115942029,0.3502937406089001,0.0,0.0,German Credit,corrupt_50,86,0.8538635604681996,True,1
Baseline (audit labels),Random forest,368,0.6714618151047175,0.604,0.8834830886112938,0.920875420875421,0.19891392134124403,0.0,0.0,German Credit,corrupt_50,86,0.8538635604681996,True,1
Audit-guided reweighting,Logistic regression,368,0.7098935194979198,0.692,0.3464095258967054,0.40067340067340074,0.10462918721498277,0.03356603906635647,-0.36309471526862824,German Credit,corrupt_50,86,0.8538635604681996,True,1
Audit-guided reweighting,Random forest,368,0.721458289260278,0.66,0.2296734604426912,0.3265993265993266,0.02410814525820515,0.04999647415556052,-0.5942760942760943,German Credit,corrupt_50,86,0.8538635604681996,True,1
Drop flagged block,Logistic regression,368,0.6709681968831536,0.644,0.222660530352838,0.21141304347826087,0.10960273019323613,-0.0053592835484097545,-0.5523550724637681,German Credit,corrupt_50,86,0.8538635604681996,True,1
Drop flagged block,Random forest,368,0.6960016924053312,0.684,0.23478705529987579,0.28619528619528617,0.052883722311622416,0.02453987730061369,-0.6346801346801347,German Credit,corrupt_50,86,0.8538635604681996,True,1
Trusted reference only,Logistic regression,225,0.701290459064946,0.68,0.28029804952881876,0.2845117845117845,0.026041438709235143,0.024962978633382704,-0.4792563314302445,German Credit,corrupt_50,86,0.8538635604681996,True,1
Trusted reference only,Random forest,225,0.7028418306184331,0.688,0.07969902841697712,0.076268115942029,-0.07314152078406266,0.03138001551371561,-0.844607304933392,German Credit,corrupt_50,86,0.8538635604681996,True,1
Oracle (clean audit labels),Logistic regression,368,0.7337282279105846,0.7,0.29600409087588575,0.3771043771043771,0.03736089883621241,0.05740074747902124,-0.38666373883765187,German Credit,corrupt_50,86,0.8538635604681996,True,1
Oracle (clean audit labels),Random forest,368,0.7323178901346873,0.684,0.06326247351888377,0.08922558922558924,-0.05525237842498315,0.060856075029969814,-0.8316498316498318,German Credit,corrupt_50,86,0.8538635604681996,True,1
Baseline (audit labels),Logistic regression,368,0.7423555107526882,0.708,0.6202987763681406,0.6666666666666667,0.3698654368027956,0.0,0.0,German Credit,corrupt_50,89,0.8610669122355783,True,1
Baseline (audit labels),Random forest,368,0.6922043010752688,0.684,0.7199909916672923,0.8354978354978355,0.2759894712000557,0.0,0.0,German Credit,corrupt_50,89,0.8610669122355783,True,1
Audit-guided reweighting,Logistic regression,368,0.7820900537634409,0.74,0.2595150514225659,0.41774891774891776,0.14540343035599484,0.03973454301075263,-0.24891774891774898,German Credit,corrupt_50,89,0.8610669122355783,True,1
Audit-guided reweighting,Random forest,368,0.7510920698924731,0.776,0.08933263268523385,0.24025974025974026,0.11852846850293425,0.05888776881720437,-0.5952380952380952,German Credit,corrupt_50,89,0.8610669122355783,True,1
Drop flagged block,Logistic regression,368,0.7797379032258065,0.728,0.03708430298025672,0.02262317834836919,0.12655539832083668,0.03738239247311825,-0.6440434883182975,German Credit,corrupt_50,89,0.8610669122355783,True,1
Drop flagged block,Random forest,368,0.7482358870967742,0.756,0.08340214698596199,0.18614718614718617,0.132251482789483,0.056031586021505486,-0.6493506493506493,German Credit,corrupt_50,89,0.8610669122355783,True,1
Trusted reference only,Logistic regression,225,0.7443716397849462,0.736,0.06606110652353425,0.07314365024288688,0.076536124681856,0.002016129032258007,-0.5935230164237799,German Credit,corrupt_50,89,0.8610669122355783,True,1
Trusted reference only,Random forest,225,0.7547883064516129,0.748,0.017190901583965176,0.12987012987012986,0.04783950274672272,0.06258400537634412,-0.7056277056277056,German Credit,corrupt_50,89,0.8610669122355783,True,1
Oracle (clean audit labels),Logistic regression,368,0.8079637096774194,0.756,0.10081825688762105,0.09956709956709958,0.03175084745265422,0.06560819892473113,-0.5670995670995671,German Credit,corrupt_50,89,0.8610669122355783,True,1
Oracle (clean audit labels),Random forest,368,0.7679771505376344,0.76,0.008708054950829512,0.07359307359307359,0.011543015568842296,0.07577284946236562,-0.761904761904762,German Credit,corrupt_50,89,0.8610669122355783,True,1
Baseline (audit labels),Logistic regression,368,0.7165759225650332,0.676,0.6311425061425062,0.6557212263360697,0.31974247297041863,0.0,0.0,German Credit,corrupt_50,92,0.8659939244603327,True,1
Baseline (audit labels),Random forest,368,0.7094676346037507,0.708,0.6096437346437346,0.6848072562358276,0.18313155963412414,0.0,0.0,German Credit,corrupt_50,92,0.8659939244603327,True,1
Audit-guided reweighting,Logistic regression,368,0.7516636418632788,0.756,0.26059582309582313,0.34920634920634924,0.07470214841469797,0.03508771929824561,-0.3065148771297204,German Credit,corrupt_50,92,0.8659939244603327,True,1
Audit-guided reweighting,Random forest,368,0.7387326073805202,0.72,0.02426289926289927,0.018931144245267213,0.010828153831069554,0.029264972776769427,-0.6658761119905604,German Credit,corrupt_50,92,0.8659939244603327,True,1
Drop flagged block,Logistic regression,368,0.743723532970357,0.708,0.11993243243243246,0.23053665910808763,0.09526815554112411,0.027147610405323763,-0.42518456722798204,German Credit,corrupt_50,92,0.8659939244603327,True,1
Drop flagged block,Random forest,368,0.7537053841500303,0.772,0.15955159705159708,0.2993197278911564,0.07791575119757477,0.04423774954627957,-0.3854875283446712,German Credit,corrupt_50,92,0.8659939244603327,True,1
Trusted reference only,Logistic regression,225,0.7624016938898973,0.74,0.04161547911547914,0.012732450996816885,-0.007648639562600923,0.045825771324864095,-0.6429887753392528,German Credit,corrupt_50,92,0.8659939244603327,True,1
Trusted reference only,Random forest,225,0.7192982456140352,0.724,0.0006142506142506055,0.072562358276644,-0.04384214030351191,0.009830611010284485,-0.6122448979591836,German Credit,corrupt_50,92,0.8659939244603327,True,1
Oracle (clean audit labels),Logistic regression,368,0.7611917725347852,0.752,0.18166461916461915,0.21768707482993194,0.016945059795317408,0.044615849969751986,-0.4380341515061377,German Credit,corrupt_50,92,0.8659939244603327,True,1
Oracle (clean audit labels),Random forest,368,0.7464458560193586,0.72,0.07048525798525798,0.06935835148266041,-0.033191207340843576,0.036978221415607915,-0.6154489047531672,German Credit,corrupt_50,92,0.8659939244603327,True,1
Baseline (audit labels),Logistic regression,368,0.6897380076570828,0.668,0.49640980087349174,0.5930769230769231,0.28659668102916047,0.0,0.0,German Credit,corrupt_50,94,0.9084056314093376,True,1
Baseline (audit labels),Random forest,368,0.7085804369041363,0.728,0.342660448589829,0.5676923076923077,0.16758437031856738,0.0,0.0,German Credit,corrupt_50,94,0.9084056314093376,True,1
Audit-guided reweighting,Logistic regression,368,0.7194655055926732,0.728,0.1663335554075061,0.25384615384615383,0.07669501876733975,0.029727497935590375,-0.3392307692307692,German Credit,corrupt_50,94,0.9084056314093376,True,1
Audit-guided reweighting,Random forest,368,0.7332782824112303,0.704,0.006884299355984891,0.014615384615384613,0.01244502034097017,0.024697845507093974,-0.5530769230769231,German Credit,corrupt_50,94,0.9084056314093376,True,1
Drop flagged block,Logistic regression,368,0.7308009909165979,0.724,0.07180398253016507,0.19769230769230772,0.10168855165716562,0.04106298325951507,-0.39538461538461533,German Credit,corrupt_50,94,0.9084056314093376,True,1
Drop flagged block,Random forest,368,0.7419112679228285,0.748,0.04752387297357319,0.1946153846153847,0.06669740995778628,0.033330831018692164,-0.37307692307692303,German Credit,corrupt_50,94,0.9084056314093376,True,1
Trusted reference only,Logistic regression,225,0.7708880714661062,0.752,0.04167591975719892,0.05692307692307691,-0.023559489164360015,0.08115006380902334,-0.5361538461538462,German Credit,corrupt_50,94,0.9084056314093376,True,1
Trusted reference only,Random forest,225,0.727723143908115,0.696,0.0009623214153527283,0.038461538461538464,-0.057339284590975426,0.019142707003978687,-0.5292307692307693,German Credit,corrupt_50,94,0.9084056314093376,True,1
Oracle (clean audit labels),Logistic regression,368,0.7227685609188499,0.708,0.08646087793322971,0.23307692307692313,0.05123053389506527,0.03303055326176707,-0.35999999999999993,German Credit,corrupt_50,94,0.9084056314093376,True,1
Oracle (clean audit labels),Random forest,368,0.7444636288566926,0.72,0.06225479310089571,0.14538461538461542,-0.005561943747066589,0.03588319195255629,-0.4223076923076923,German Credit,corrupt_50,94,0.9084056314093376,True,1
Baseline (audit labels),Logistic regression,368,0.7502303439803439,0.7,0.6797181519737369,0.6620689655172414,0.24400336828962998,0.0,0.0,German Credit,corrupt_50,98,0.8423777412701745,True,1
Baseline (audit labels),Random forest,368,0.7724969287469288,0.728,0.7115061253903434,0.8421455938697318,0.1373299968350118,0.0,0.0,German Credit,corrupt_50,98,0.8423777412701745,True,1
Audit-guided reweighting,Logistic regression,368,0.7708845208845209,0.732,0.18552326046921291,0.1961685823754789,-0.026547964032388183,0.020654176904176924,-0.46590038314176246,German Credit,corrupt_50,98,0.8423777412701745,True,1
Audit-guided reweighting,Random forest,368,0.8019041769041768,0.756,0.04411882456561775,0.07586206896551723,-0.037425461826809114,0.029407248157248045,-0.7662835249042146,German Credit,corrupt_50,98,0.8423777412701745,True,1
Drop flagged block,Logistic regression,368,0.7804054054054055,0.772,0.2503803346945312,0.2574712643678161,0.018709595115828093,0.030175061425061545,-0.4045977011494253,German Credit,corrupt_50,98,0.8423777412701745,True,1
Drop flagged block,Random forest,368,0.7962223587223588,0.748,0.14965169349027146,0.12720306513409962,0.004874513026699834,0.023725429975430035,-0.7149425287356321,German Credit,corrupt_50,98,0.8423777412701745,True,1
Trusted reference only,Logistic regression,225,0.7750307125307125,0.756,0.051965729842261194,0.13946360153256704,-0.11417573269215514,0.0248003685503686,-0.5226053639846744,German Credit,corrupt_50,98,0.8423777412701745,True,1
Trusted reference only,Random forest,225,0.7817874692874693,0.764,0.002001761550164155,0.047509578544061265,-0.08285990981419389,0.00929054054054057,-0.7946360153256705,German Credit,corrupt_50,98,0.8423777412701745,True,1
Oracle (clean audit labels),Logistic regression,368,0.7817874692874693,0.744,0.11033709664504765,0.2038314176245211,-0.08292700737198666,0.0315571253071254,-0.4582375478927203,German Credit,corrupt_50,98,0.8423777412701745,True,1
Oracle (clean audit labels),Random forest,368,0.827088452088452,0.728,0.03587156697894147,0.07126436781609195,-0.11766170322389768,0.054591523341523285,-0.7708812260536398,German Credit,corrupt_50,98,0.8423777412701745,True,1
Baseline (audit labels),Logistic regression,368,0.6744989114931311,0.652,0.6548162382896949,0.6715384615384615,0.3796185417739438,0.0,0.0,German Credit,corrupt_50,99,0.8539463628487678,True,1
Baseline (audit labels),Random forest,368,0.6585841903760979,0.652,0.7432140283449435,0.7794221282593377,0.22599229470772814,0.0,0.0,German Credit,corrupt_50,99,0.8539463628487678,True,1
Audit-guided reweighting,Logistic regression,368,0.7000225208317694,0.704,0.3262871326767556,0.37538461538461537,0.1587788683625228,0.025523609338638287,-0.29615384615384616,German Credit,corrupt_50,99,0.8539463628487678,True,1
Audit-guided reweighting,Random forest,368,0.7148862697995646,0.708,0.28152774441508527,0.38538461538461544,0.08741432878443423,0.056302079423466656,-0.3940375128747222,German Credit,corrupt_50,99,0.8539463628487678,True,1
Drop flagged block,Logistic regression,368,0.6839576608362735,0.668,0.1481303547121467,0.22153846153846157,0.15936556575742794,0.009458749343142392,-0.44999999999999996,German Credit,corrupt_50,99,0.8539463628487678,True,1
Drop flagged block,Random forest,368,0.6811800915847158,0.68,0.20409960765473617,0.21692307692307694,0.11688665514967539,0.022595901208617875,-0.5624990513362607,German Credit,corrupt_50,99,0.8539463628487678,True,1
Trusted reference only,Logistic regression,225,0.7589520306283312,0.712,0.037072623909039926,0.020000000000000018,0.01457887575238459,0.08445311913520004,-0.6515384615384615,German Credit,corrupt_50,99,0.8539463628487678,True,1
Trusted reference only,Random forest,225,0.7593273778244876,0.704,0.01993754503963488,0.04769230769230767,-0.03573579414366174,0.10074318744838962,-0.73172982056703,German Credit,corrupt_50,99,0.8539463628487678,True,1
Oracle (clean audit labels),Logistic regression,368,0.7278732827865776,0.736,0.15237408919849468,0.23615384615384616,0.06025918920960721,0.053374371293446465,-0.43538461538461537,German Credit,corrupt_50,99,0.8539463628487678,True,1
Oracle (clean audit labels),Random forest,368,0.7332032129719991,0.688,0.12418928657218352,0.16307692307692306,0.012567861046642648,0.07461902259590114,-0.6163452051824145,German Credit,corrupt_50,99,0.8539463628487678,True,1
Baseline (audit labels),Logistic regression,368,0.7322188685086294,0.692,0.6772058823529412,0.65406162464986,0.3125063301652183,0.0,0.0,German Credit,corrupt_50,101,0.8945350815511758,True,1
Baseline (audit labels),Random forest,368,0.7148827490132342,0.684,0.7294117647058824,0.7492163009404389,0.21272950477653657,0.0,0.0,German Credit,corrupt_50,101,0.8945350815511758,True,1
Audit-guided reweighting,Logistic regression,368,0.7644919123906817,0.752,0.2713235294117647,0.31426332288401254,0.08415200758680202,0.03227304388205232,-0.3397983017658474,German Credit,corrupt_50,101,0.8945350815511758,True,1
Audit-guided reweighting,Random forest,368,0.7552820989087531,0.748,0.11102941176470588,0.14028213166144202,0.05054832253364944,0.040399349895518855,-0.6089341692789969,German Credit,corrupt_50,101,0.8945350815511758,True,1
Drop flagged block,Logistic regression,368,0.7338441297113226,0.74,0.22499999999999998,0.3377742946708464,0.09377192105419124,0.00162526120269324,-0.31628732997901354,German Credit,corrupt_50,101,0.8945350815511758,True,1
Drop flagged block,Random forest,368,0.7493228078322112,0.736,0.16985294117647057,0.17554858934169282,0.06262273870607837,0.03444005881897694,-0.5736677115987461,German Credit,corrupt_50,101,0.8945350815511758,True,1
Trusted reference only,Logistic regression,225,0.7899543378995433,0.76,0.16911764705882354,0.14341692789968652,0.04217767798102029,0.057735469390913896,-0.5106446967501734,German Credit,corrupt_50,101,0.8945350815511758,True,1
Trusted reference only,Random forest,225,0.7628666511879886,0.744,0.018382352941176475,0.10031347962382442,-0.014490102637902846,0.047983902174754345,-0.6489028213166145,German Credit,corrupt_50,101,0.8945350815511758,True,1
Oracle (clean audit labels),Logistic regression,368,0.7791192632149214,0.756,0.07352941176470587,0.04201680672268909,-0.02326707605442202,0.04690039470629204,-0.6120448179271709,German Credit,corrupt_50,101,0.8945350815511758,True,1
Oracle (clean audit labels),Random forest,368,0.7734695457007972,0.724,0.027205882352941184,0.09012539184952978,-0.05284584738888176,0.05858679668756295,-0.6590909090909092,German Credit,corrupt_50,101,0.8945350815511758,True,1
Baseline (audit labels),Logistic regression,368,0.7201196002832638,0.66,0.5761776982707215,0.5554160125588696,0.28378250224122425,0.0,0.0,German Credit,corrupt_50,104,0.8603907764215851,True,1
Baseline (audit labels),Random forest,368,0.7098906286883312,0.72,0.6097197376267144,0.7298850574712644,0.18749651028004388,0.0,0.0,German Credit,corrupt_50,104,0.8603907764215851,True,1
Audit-guided reweighting,Logistic regression,368,0.7303485718781966,0.716,0.15205724508050092,0.21592775041050905,0.06646108812656648,0.010228971594932745,-0.3394882621483606,German Credit,corrupt_50,104,0.8603907764215851,True,1
Audit-guided reweighting,Random forest,368,0.7377449051853017,0.752,0.07602862254025046,0.11740558292282427,0.02256400788110907,0.027854276496970476,-0.6124794745484401,German Credit,corrupt_50,104,0.8603907764215851,True,1
Drop flagged block,Logistic regression,368,0.7438822881422614,0.724,0.07766845557543228,0.1765188834154351,0.06457927214282777,0.0237626878589976,-0.37889712914343454,German Credit,corrupt_50,104,0.8603907764215851,True,1
Drop flagged block,Random forest,368,0.7663073412542293,0.764,0.1262671437090042,0.17077175697865354,0.04041905413253949,0.056416712565898086,-0.5591133004926109,German Credit,corrupt_50,104,0.8603907764215851,True,1
Trusted reference only,Logistic regression,225,0.7670155008261862,0.744,0.002981514609421587,0.04411302982731555,-0.04294422143907117,0.046895900542922364,-0.5113029827315541,German Credit,corrupt_50,104,0.8603907764215851,True,1
Trusted reference only,Random forest,225,0.736328586041388,0.748,0.030113297555158028,0.07635467980295566,-0.03994739512964973,0.026437957353056762,-0.6535303776683088,German Credit,corrupt_50,104,0.8603907764215851,True,1
Oracle (clean audit labels),Logistic regression,368,0.7209064442521048,0.74,0.09600477042337507,0.1600985221674877,-0.004862093762845632,0.000786843968840989,-0.3953174903913819,German Credit,corrupt_50,104,0.8603907764215851,True,1
Oracle (clean audit labels),Random forest,368,0.7087103627350697,0.732,0.06768038163387,0.1354679802955665,-0.049322967869498635,-0.0011802659532614834,-0.5944170771756979,German Credit,corrupt_50,104,0.8603907764215851,True,1
Baseline (audit labels),Logistic regression,368,0.714047619047619,0.704,0.44190476190476186,0.4237420158903256,0.225628783675211,0.0,0.0,German Credit,corrupt_50,105,0.8504327979240616,True,1
Baseline (audit labels),Random forest,368,0.7505555555555556,0.736,0.43047619047619046,0.410811652905437,0.16082904709909662,0.0,0.0,German Credit,corrupt_50,105,0.8504327979240616,True,1
Audit-guided reweighting,Logistic regression,368,0.7134126984126984,0.752,0.09904761904761908,0.12062937062937068,-0.007691257070943203,-0.0006349206349206549,-0.30311264526095494,German Credit,corrupt_50,105,0.8504327979240616,True,1
Audit-guided reweighting,Random forest,368,0.7654761904761905,0.752,0.02285714285714286,0.03321678321678323,-0.012507069048289188,0.01492063492063489,-0.37759486968865374,German Credit,corrupt_50,105,0.8504327979240616,True,1
Drop flagged block,Logistic regression,368,0.6976984126984127,0.688,0.007619047619047636,0.0758685153450693,0.05209537744329085,-0.016349206349206336,-0.34787350054525634,German Credit,corrupt_50,105,0.8504327979240616,True,1
Drop flagged block,Random forest,368,0.7357142857142857,0.74,0.03619047619047622,0.03146853146853146,0.06039067019806471,-0.014841269841269988,-0.3793431214369055,German Credit,corrupt_50,105,0.8504327979240616,True,1
Trusted reference only,Logistic regression,225,0.6806349206349208,0.732,0.01714285714285714,0.026223776223776224,-0.08405056906067826,-0.03341269841269823,-0.3975182396665494,German Credit,corrupt_50,105,0.8504327979240616,True,1
Trusted reference only,Random forest,225,0.7215873015873016,0.72,0.0,0.0,-0.08958352451652957,-0.028968253968254087,-0.410811652905437,German Credit,corrupt_50,105,0.8504327979240616,True,1
Oracle (clean audit labels),Logistic regression,368,0.7546031746031746,0.776,0.049523809523809526,0.02972027972027974,-0.07601984724346661,0.04055555555555557,-0.3940217361700459,German Credit,corrupt_50,105,0.8504327979240616,True,1
Oracle (clean audit labels),Random forest,368,0.7860317460317461,0.744,0.02285714285714286,0.017915563171833616,-0.05381893303307572,0.03547619047619044,-0.39289608973360335,German Credit,corrupt_50,105,0.8504327979240616,True,1
Baseline (audit labels),Logistic regression,368,0.7553746928746928,0.72,0.5493461903718313,0.5221305326331582,0.22956059212623897,0.0,0.0,German Credit,corrupt_50,107,0.8827655076446173,True,1
Baseline (audit labels),Random forest,368,0.7390202702702703,0.724,0.5576009934984294,0.6669167291822955,0.12725836493460158,0.0,0.0,German Credit,corrupt_50,107,0.8827655076446173,True,1
Audit-guided reweighting,Logistic regression,368,0.749539312039312,0.72,0.21754693549565343,0.23180795198799703,0.0315874352326459,-0.005835380835380821,-0.2903225806451612,German Credit,corrupt_50,107,0.8827655076446173,True,1
Audit-guided reweighting,Random forest,368,0.7541461916461917,0.748,0.06581927094747607,0.0900225056264066,-0.006962795931929777,0.015125921375921392,-0.5768942235558889,German Credit,corrupt_50,107,0.8827655076446173,True,1
Drop flagged block,Logistic regression,368,0.7542997542997544,0.732,0.16531521659726783,0.18904726181545384,0.048690832697588726,-0.0010749385749384555,-0.3330832708177044,German Credit,corrupt_50,107,0.8827655076446173,True,1
Drop flagged block,Random forest,368,0.7445485257985258,0.732,0.17948717948717946,0.19054763690922727,0.04007646801606435,0.005528255528255532,-0.47636909227306823,German Credit,corrupt_50,107,0.8827655076446173,True,1
Trusted reference only,Logistic regression,225,0.7367936117936118,0.704,0.1776608956096135,0.1477869467366842,0.013391345013026357,-0.01858108108108103,-0.37434358589647404,German Credit,corrupt_50,107,0.8827655076446173,True,1
Trusted reference only,Random forest,225,0.7450092137592137,0.724,0.0025567974285923,0.0450112528132033,-0.03285664215915224,0.00598894348894341,-0.6219054763690922,German Credit,corrupt_50,107,0.8827655076446173,True,1
Oracle (clean audit labels),Logistic regression,368,0.7751842751842752,0.748,0.21060705676090288,0.20855213803450867,-0.024076504580519853,0.019809582309582408,-0.31357839459864956,German Credit,corrupt_50,107,0.8827655076446173,True,1
Oracle (clean audit labels),Random forest,368,0.7477733415233415,0.728,0.021330995689970045,0.008253968253968257,-0.07198133265376394,0.008753071253071232,-0.6586627609283272,German Credit,corrupt_50,107,0.8827655076446173,True,1
Baseline (audit labels),Logistic regression,368,0.7117620751341681,0.68,0.6293650793650793,0.6258967629046369,0.3029060111474196,0.0,0.0,German Credit,corrupt_50,119,0.8677002725779269,True,1
Baseline (audit labels),Random forest,368,0.6882081097197376,0.652,0.7738095238095237,0.790188679245283,0.2182390282963183,0.0,0.0,German Credit,corrupt_50,119,0.8677002725779269,True,1
Audit-guided reweighting,Logistic regression,368,0.7300983899821109,0.736,0.15,0.19924528301886796,0.03940332751431719,0.018336314847942736,-0.42665147988576896,German Credit,corrupt_50,119,0.8677002725779269,True,1
Audit-guided reweighting,Random forest,368,0.7455277280858675,0.716,0.05079365079365078,0.12905660377358494,0.03480168735293382,0.057319618366129976,-0.661132075471698,German Credit,corrupt_50,119,0.8677002725779269,True,1
Drop flagged block,Logistic regression,368,0.7315891472868217,0.708,0.0357142857142857,0.03464566929133858,0.04210839170522801,0.019827072152653558,-0.5912510936132983,German Credit,corrupt_50,119,0.8677002725779269,True,1
Drop flagged block,Random forest,368,0.7448568872987478,0.772,0.047619047619047616,0.08377358490566034,0.05429693878278358,0.05664877757901021,-0.7064150943396227,German Credit,corrupt_50,119,0.8677002725779269,True,1
Trusted reference only,Logistic regression,225,0.7745229576624926,0.764,0.05000000000000002,0.14037735849056604,-0.059620439233335765,0.06276088252832446,-0.4855194044140709,German Credit,corrupt_50,119,0.8677002725779269,True,1
Trusted reference only,Random forest,225,0.7466457960644007,0.732,0.02698412698412698,0.0679245283018868,-0.03174293553751578,0.058437686344663176,-0.7222641509433962,German Credit,corrupt_50,119,0.8677002725779269,True,1
Oracle (clean audit labels),Logistic regression,368,0.7830948121645797,0.728,0.004761904761904773,0.03924528301886793,-0.0832437922073252,0.07133273703041154,-0.5866514798857689,German Credit,corrupt_50,119,0.8677002725779269,True,1
Oracle (clean audit labels),Random forest,368,0.7625223613595706,0.704,0.021428571428571422,0.12452830188679247,-0.07573850442127555,0.07431425163983307,-0.6656603773584906,German Credit,corrupt_50,119,0.8677002725779269,True,1
Baseline (audit labels),Logistic regression,368,0.6816666666666666,0.652,0.7477815453430487,0.7563636363636363,0.376716413407872,0.0,0.0,German Credit,corrupt_50,125,0.874410240873666,True,1
Baseline (audit labels),Random forest,368,0.6807936507936508,0.652,0.831902460139961,0.869090909090909,0.26495546075964316,0.0,0.0,German Credit,corrupt_50,125,0.874410240873666,True,1
Audit-guided reweighting,Logistic regression,368,0.7003174603174603,0.724,0.22372123223432652,0.21090909090909088,0.11241241883096109,0.018650793650793696,-0.5454545454545454,German Credit,corrupt_50,125,0.874410240873666,True,1
Audit-guided reweighting,Random forest,368,0.7165873015873016,0.752,0.07892648438063632,0.11904761904761907,0.08296855866691533,0.03579365079365071,-0.75004329004329,German Credit,corrupt_50,125,0.874410240873666,True,1
Drop flagged block,Logistic regression,368,0.6883333333333335,0.672,0.062044585527739726,0.08333333333333331,0.09648970079115315,0.006666666666666821,-0.6730303030303031,German Credit,corrupt_50,125,0.874410240873666,True,1
Drop flagged block,Random forest,368,0.6952380952380953,0.68,0.03174374143279707,0.059523809523809534,0.10106241801731791,0.014444444444444482,-0.8095670995670995,German Credit,corrupt_50,125,0.874410240873666,True,1
Trusted reference only,Logistic regression,225,0.7053968253968255,0.68,0.02856936728951734,0.08333333333333331,-0.06453393343571906,0.023730158730158823,-0.6730303030303031,German Credit,corrupt_50,125,0.874410240873666,True,1
Trusted reference only,Random forest,225,0.7054761904761905,0.74,0.03571170911189669,0.11904761904761904,-0.04499771169286498,0.02468253968253964,-0.75004329004329,German Credit,corrupt_50,125,0.874410240873666,True,1
Oracle (clean audit labels),Logistic regression,368,0.7423809523809524,0.724,0.10338359425726862,0.09600000000000002,-0.010738457884445773,0.06071428571428572,-0.6603636363636364,German Credit,corrupt_50,125,0.874410240873666,True,1
Oracle (clean audit labels),Random forest,368,0.7345238095238096,0.732,0.0003607243344636024,0.03571428571428571,-0.01665064248327658,0.05373015873015874,-0.8333766233766233,German Credit,corrupt_50,125,0.874410240873666,True,1
Baseline (audit labels),Logistic regression,368,0.7467572156196944,0.672,0.5614250614250613,0.6002892960462873,0.22176000729369721,0.0,0.0,German Credit,corrupt_50,128,0.8693158580917805,True,1
Baseline (audit labels),Random forest,368,0.7619015280135822,0.688,0.47880835380835374,0.5515911282545805,0.06473949607973056,0.0,0.0,German Credit,corrupt_50,128,0.8693158580917805,True,1
Audit-guided reweighting,Logistic regression,368,0.7829541595925297,0.704,0.2378685503685504,0.2830279652844745,-0.001797569530083365,0.03619694397283524,-0.31726133076181284,German Credit,corrupt_50,128,0.8693158580917805,True,1
Audit-guided reweighting,Random forest,368,0.7902207130730052,0.664,0.011210073710073709,0.09884281581485052,-0.08428427425405588,0.02831918505942299,-0.4527483124397299,German Credit,corrupt_50,128,0.8693158580917805,True,1
Drop flagged block,Logistic regression,368,0.7907640067911715,0.744,0.20454545454545453,0.16152362584378022,0.03070974938943921,0.0440067911714771,-0.4387656702025071,German Credit,corrupt_50,128,0.8693158580917805,True,1
Drop flagged block,Random forest,368,0.7894736842105263,0.696,0.13252457002457005,0.1641304347826087,-0.0337087275141254,0.027572156196944086,-0.38746069347197176,German Credit,corrupt_50,128,0.8693158580917805,True,1
Trusted reference only,Logistic regression,225,0.7296434634974532,0.684,0.0813882063882064,0.06412729026036645,-0.08307590097625867,-0.0171137521222412,-0.5361620057859209,German Credit,corrupt_50,128,0.8693158580917805,True,1
Trusted reference only,Random forest,225,0.7856706281833616,0.632,0.0013820638820638796,0.017391304347826087,-0.14083652229363552,0.0237691001697794,-0.5341998239067544,German Credit,corrupt_50,128,0.8693158580917805,True,1
Oracle (clean audit labels),Logistic regression,368,0.7879796264855687,0.716,0.10841523341523343,0.10434782608695653,-0.06393264088900052,0.041222410865874304,-0.4959414699593308,German Credit,corrupt_50,128,0.8693158580917805,True,1
Oracle (clean audit labels),Random forest,368,0.771137521222411,0.628,0.016431203931203932,0.015217391304347828,-0.13039163648655872,0.00923599320882873,-0.5363737369502326,German Credit,corrupt_50,128,0.8693158580917805,True,1
Baseline (audit labels),Logistic regression,368,0.699360174781523,0.648,0.5762084536235103,0.6024590163934427,0.40694087731800377,0.0,0.0,German Credit,corrupt_50,130,0.8611430793604541,True,1
Baseline (audit labels),Random forest,368,0.6747034956304618,0.628,0.705825745799097,0.7640515222482436,0.2730389628076849,0.0,0.0,German Credit,corrupt_50,130,0.8611430793604541,True,1
Audit-guided reweighting,Logistic regression,368,0.7333021223470662,0.732,0.22377674143163817,0.32830523513753324,0.1624321181608347,0.03394194756554314,-0.27415378125590945,German Credit,corrupt_50,130,0.8611430793604541,True,1
Audit-guided reweighting,Random forest,368,0.737983770287141,0.744,0.037900658820045896,0.14108251996450757,0.10122941712101213,0.06328027465667918,-0.622969002283736,German Credit,corrupt_50,130,0.8611430793604541,True,1
Drop flagged block,Logistic regression,368,0.7506242197253433,0.696,0.02886964246058188,0.03161592505854799,0.1490137279273719,0.05126404494382031,-0.5708430913348947,German Credit,corrupt_50,130,0.8611430793604541,True,1
Drop flagged block,Random forest,368,0.7411048689138577,0.736,0.058183433266711104,0.0927985948477752,0.15122392858929717,0.0664013732833959,-0.6712529274004684,German Credit,corrupt_50,130,0.8611430793604541,True,1
Trusted reference only,Logistic regression,225,0.7155118601747816,0.752,0.00666222518321119,0.06299911268855368,-0.011005370431725892,0.01615168539325862,-0.539459903704889,German Credit,corrupt_50,130,0.8611430793604541,True,1
Trusted reference only,Random forest,225,0.7536672908863921,0.724,0.019468502479828263,0.06654835847382432,-0.01298396356707282,0.07896379525593022,-0.6975031637744192,German Credit,corrupt_50,130,0.8611430793604541,True,1
Oracle (clean audit labels),Logistic regression,368,0.7703651685393258,0.756,0.1097786660744689,0.16503992901508424,0.10939197762074149,0.07100499375780278,-0.43741908737835844,German Credit,corrupt_50,130,0.8611430793604541,True,1
Oracle (clean audit labels),Random forest,368,0.7649032459425718,0.744,0.030054038048708265,0.041569086651053855,0.07097461969179658,0.09019975031210992,-0.7224824355971897,German Credit,corrupt_50,130,0.8611430793604541,True,1
Baseline (audit labels),Logistic regression,368,0.7501689062382704,0.724,0.5062611806797853,0.569683908045977,0.2580618451816751,0.0,0.0,German Credit,corrupt_50,134,0.8675280453490394,True,1
Baseline (audit labels),Random forest,368,0.7043765483071842,0.68,0.6004770423375075,0.653735632183908,0.18803126337539133,0.0,0.0,German Credit,corrupt_50,134,0.8675280453490394,True,1
Audit-guided reweighting,Logistic regression,368,0.7627805720291269,0.732,0.172927847346452,0.2112068965517241,0.031479802033617665,0.012611665790856486,-0.35847701149425293,German Credit,corrupt_50,134,0.8675280453490394,True,1
Audit-guided reweighting,Random forest,368,0.7393589069889648,0.728,0.07125819916517591,0.10919540229885058,0.01291725175566949,0.03498235868178057,-0.5445402298850573,German Credit,corrupt_50,134,0.8675280453490394,True,1
Drop flagged block,Logistic regression,368,0.7476916147436379,0.692,0.16621943947525342,0.2794540229885057,0.08366676749584512,-0.002477291494632494,-0.2902298850574713,German Credit,corrupt_50,134,0.8675280453490394,True,1
Drop flagged block,Random forest,368,0.7305007131596727,0.724,0.18455575432319618,0.3081896551724138,0.07420984201119313,0.026124164852488474,-0.34554597701149414,German Credit,corrupt_50,134,0.8675280453490394,True,1
Trusted reference only,Logistic regression,225,0.7388334209143458,0.716,0.05620155038759689,0.10201149425287356,-0.07032112184766981,-0.011335485323924588,-0.4676724137931034,German Credit,corrupt_50,134,0.8675280453490394,True,1
Trusted reference only,Random forest,225,0.7579010584790932,0.704,0.026833631484794278,0.027298850574712645,-0.06993949546252459,0.05352451017190896,-0.6264367816091954,German Credit,corrupt_50,134,0.8675280453490394,True,1
Oracle (clean audit labels),Logistic regression,368,0.7783199459500036,0.724,0.009838998211091243,0.05818965517241381,-0.05845721637932888,0.028151039711733272,-0.5114942528735632,German Credit,corrupt_50,134,0.8675280453490394,True,1
Oracle (clean audit labels),Random forest,368,0.773215224082276,0.708,0.048747763864042934,0.11853448275862069,-0.05316393181119666,0.06883867577509184,-0.5352011494252873,German Credit,corrupt_50,134,0.8675280453490394,True,1
Baseline (audit labels),Logistic regression,368,0.7318796068796068,0.684,0.6637833238797505,0.6895787139689579,0.27420511003549064,0.0,0.0,German Credit,corrupt_50,136,0.8904311678442244,True,1
Baseline (audit labels),Random forest,368,0.7168304668304669,0.672,0.6378332387975042,0.6844050258684405,0.15888854491099358,0.0,0.0,German Credit,corrupt_50,136,0.8904311678442244,True,1
Audit-guided reweighting,Logistic regression,368,0.7613636363636364,0.72,0.24900737379466817,0.2830746489283075,0.04842943817624351,0.029484029484029506,-0.40650406504065034,German Credit,corrupt_50,136,0.8904311678442244,True,1
Audit-guided reweighting,Random forest,368,0.7440878378378378,0.684,0.0701928530913216,0.08038042644577388,0.010956313721421362,0.027257371007370912,-0.6040245994226666,German Credit,corrupt_50,136,0.8904311678442244,True,1
Drop flagged block,Logistic regression,368,0.7294993857493859,0.7,0.14421440726035167,0.15263077159073477,0.0414165882880842,-0.002380221130220961,-0.5369479423782231,German Credit,corrupt_50,136,0.8904311678442244,True,1
Drop flagged block,Random forest,368,0.7366400491400492,0.728,0.13939307997731137,0.11550851357570181,0.027937399650828698,0.019809582309582296,-0.5688965122927387,German Credit,corrupt_50,136,0.8904311678442244,True,1
Trusted reference only,Logistic regression,225,0.7535319410319411,0.72,0.11599546228020419,0.1426459719142646,0.006060041378642633,0.02165233415233425,-0.5469327420546932,German Credit,corrupt_50,136,0.8904311678442244,True,1
Trusted reference only,Random forest,225,0.7585995085995088,0.732,0.09458309699376063,0.1382113821138211,-0.019527710734994652,0.04176904176904184,-0.5461936437546194,German Credit,corrupt_50,136,0.8904311678442244,True,1
Oracle (clean audit labels),Logistic regression,368,0.7583691646191646,0.712,0.1205331820760068,0.13155949741315598,-0.035248029601480324,0.026489557739557745,-0.5580192165558019,German Credit,corrupt_50,136,0.8904311678442244,True,1
Oracle (clean audit labels),Random forest,368,0.7538390663390664,0.732,0.05034032898468519,0.11456023651145603,-0.05641954010734257,0.03700859950859947,-0.5698447893569845,German Credit,corrupt_50,136,0.8904311678442244,True,1
Baseline (audit labels),Logistic regression,368,0.680903253733497,0.644,0.5900417412045319,0.6197089947089947,0.27615303094550236,0.0,0.0,German Credit,corrupt_50,140,0.8391599598063619,True,1
Baseline (audit labels),Random forest,368,0.6473558906283818,0.636,0.5781156827668456,0.6309523809523809,0.18748922723818728,0.0,0.0,German Credit,corrupt_50,140,0.8391599598063619,True,1
Audit-guided reweighting,Logistic regression,368,0.7161820936440372,0.684,0.18694096601073348,0.22126436781609193,0.059537039273557135,0.03527883991054015,-0.3984446268929027,German Credit,corrupt_50,140,0.8391599598063619,True,1
Audit-guided reweighting,Random forest,368,0.7088233172209797,0.672,0.08750745378652354,0.10040567951318458,0.021435143923617395,0.06146742659259785,-0.5305467014391964,German Credit,corrupt_50,140,0.8391599598063619,True,1
Drop flagged block,Logistic regression,368,0.6890556236923743,0.676,0.1217948717948718,0.17816091954022986,0.06466870718458667,0.008152369958877248,-0.4415480751687648,German Credit,corrupt_50,140,0.8391599598063619,True,1
Drop flagged block,Random forest,368,0.6866748430849146,0.668,0.18425760286225404,0.22667342799188642,0.04768705562407388,0.03931895245653272,-0.40427895296049454,German Credit,corrupt_50,140,0.8391599598063619,True,1
Trusted reference only,Logistic regression,225,0.7557896255681408,0.72,0.06708407871198568,0.09972954699121026,0.0026788623493012587,0.07488637183464375,-0.5199794477177844,German Credit,corrupt_50,140,0.8391599598063619,True,1
Trusted reference only,Random forest,225,0.7569439434384244,0.728,0.024746571258199165,0.02843915343915343,-0.03326082463375163,0.10958805281004258,-0.6025132275132274,German Credit,corrupt_50,140,0.8391599598063619,True,1
Oracle (clean audit labels),Logistic regression,368,0.7610562008513094,0.696,0.15295169946332737,0.17526455026455023,-0.03246174242094524,0.0801529471178124,-0.4444444444444444,German Credit,corrupt_50,140,0.8391599598063619,True,1
Oracle (clean audit labels),Random forest,368,0.7035567419378111,0.684,0.032647584973166374,0.09325396825396826,-0.06618848480416717,0.05620085130942931,-0.5376984126984127,German Credit,corrupt_50,140,0.8391599598063619,True,1
Baseline (audit labels),Logistic regression,368,0.7298752140934672,0.716,0.5142857142857142,0.5273148148148148,0.3156576849331203,0.0,0.0,German Credit,corrupt_50,142,0.8543823485077113,True,1
Baseline (audit labels),Random forest,368,0.7265312780360492,0.72,0.660952380952381,0.7055555555555556,0.22748239890625122,0.0,0.0,German Credit,corrupt_50,142,0.8543823485077113,True,1
Audit-guided reweighting,Logistic regression,368,0.7381127151129597,0.744,0.2380952380952381,0.21342592592592594,0.08587243668221356,0.008237501019492499,-0.3138888888888889,German Credit,corrupt_50,142,0.8543823485077113,True,1
Audit-guided reweighting,Random forest,368,0.7496941521898703,0.772,0.1219047619047619,0.09861111111111111,0.06665744993982531,0.023162874153821122,-0.6069444444444445,German Credit,corrupt_50,142,0.8543823485077113,True,1
Drop flagged block,Logistic regression,368,0.7009216214011906,0.672,0.13523809523809527,0.10833333333333334,0.10743769670319564,-0.028953592692276597,-0.41898148148148145,German Credit,corrupt_50,142,0.8543823485077113,True,1
Drop flagged block,Random forest,368,0.7375417992007177,0.732,0.15238095238095237,0.11759259259259258,0.10000068549682056,0.011010521164668496,-0.587962962962963,German Credit,corrupt_50,142,0.8543823485077113,True,1
Trusted reference only,Logistic regression,225,0.7607862327705734,0.764,0.05333333333333329,0.029629629629629672,0.028577049731887627,0.030911018677106217,-0.4976851851851851,German Credit,corrupt_50,142,0.8543823485077113,True,1
Trusted reference only,Random forest,225,0.782073240355599,0.772,0.057142857142857134,0.12129629629629629,0.003686590606631568,0.055541962319549776,-0.5842592592592593,German Credit,corrupt_50,142,0.8543823485077113,True,1
Oracle (clean audit labels),Logistic regression,368,0.7399070222657206,0.772,0.13714285714285715,0.10555555555555557,-0.008506862314671237,0.010031808172253354,-0.4217592592592592,German Credit,corrupt_50,142,0.8543823485077113,True,1
Oracle (clean audit labels),Random forest,368,0.7638854905798875,0.768,0.03619047619047619,0.15185185185185185,-0.03904432847307898,0.037354212543838305,-0.5537037037037038,German Credit,corrupt_50,142,0.8543823485077113,True,1
Baseline (audit labels),Logistic regression,368,0.6609816638642005,0.648,0.6000309573562418,0.6422799422799423,0.4484346787082978,0.0,0.0,German Credit,corrupt_50,144,0.8593028302467278,True,1
Baseline (audit labels),Random forest,368,0.645047641924894,0.616,0.822614348734618,0.867099567099567,0.34536894881573843,0.0,0.0,German Credit,corrupt_50,144,0.8593028302467278,True,1
Audit-guided reweighting,Logistic regression,368,0.7015773881015293,0.696,0.21801718133271417,0.23896103896103899,0.2186495561032873,0.04059572423732871,-0.40331890331890335,German Credit,corrupt_50,144,0.8593028302467278,True,1
Audit-guided reweighting,Random forest,368,0.7169509168067899,0.728,0.11028558161133038,0.13982683982683983,0.1565566948857674,0.07190327488189585,-0.7272727272727272,German Credit,corrupt_50,144,0.8593028302467278,True,1
Drop flagged block,Logistic regression,368,0.683561534150052,0.676,0.044578592988158805,0.09942279942279944,0.17142887947787278,0.02257987028585151,-0.5428571428571429,German Credit,corrupt_50,144,0.8593028302467278,True,1
Drop flagged block,Random forest,368,0.7175914805028425,0.752,0.01725872610479065,0.11764705882352944,0.1637156020283158,0.07254383857794844,-0.7494525082760376,German Credit,corrupt_50,144,0.8593028302467278,True,1
Trusted reference only,Logistic regression,225,0.6960525262230762,0.74,0.012537729277919657,0.13725490196078433,0.0684952199859089,0.03507086235887569,-0.5050250403191581,German Credit,corrupt_50,144,0.8593028302467278,True,1
Trusted reference only,Random forest,225,0.707902954600048,0.724,0.0032505224053865807,0.0392156862745098,0.044627067271070575,0.06285531267515398,-0.8278838808250573,German Credit,corrupt_50,144,0.8593028302467278,True,1
Oracle (clean audit labels),Logistic regression,368,0.7259188085515254,0.748,0.08668059747697546,0.17748917748917747,0.10122521067983403,0.06493714468732481,-0.46479076479076487,German Credit,corrupt_50,144,0.8593028302467278,True,1
Oracle (clean audit labels),Random forest,368,0.7416926895668188,0.744,0.0006965405154399779,0.06535947712418302,0.0770696772423094,0.09664504764192472,-0.801740089975384,German Credit,corrupt_50,144,0.8593028302467278,True,1
Baseline (audit labels),Logistic regression,368,0.7117269586065863,0.656,0.5812687556703189,0.5915044247787611,0.18353148828712246,0.0,0.0,German Credit,corrupt_50,145,0.8770411520925665,True,1
Baseline (audit labels),Random forest,368,0.7252662012552006,0.684,0.47721404145439317,0.5673076923076923,0.075313889423757,0.0,0.0,German Credit,corrupt_50,145,0.8770411520925665,True,1
Audit-guided reweighting,Logistic regression,368,0.719272265707637,0.7,0.10077465280200992,0.10256410256410259,-0.06696633590835005,0.0075453071010507244,-0.4889403222146585,German Credit,corrupt_50,145,0.8770411520925665,True,1
Audit-guided reweighting,Random forest,368,0.7620055003173261,0.684,0.10761392979272803,0.19871794871794873,-0.07115331695138022,0.036739299062125474,-0.36858974358974356,German Credit,corrupt_50,145,0.8770411520925665,True,1
Drop flagged block,Logistic regression,368,0.6897962061913828,0.704,0.1596063926303301,0.1361061946902655,0.0022859174580605046,-0.02193075241520348,-0.45539823008849556,German Credit,corrupt_50,145,0.8770411520925665,True,1
Drop flagged block,Random forest,368,0.7342923630209435,0.692,0.23769976969781562,0.34615384615384615,-0.011894220883849727,0.00902616176574289,-0.22115384615384615,German Credit,corrupt_50,145,0.8770411520925665,True,1
Trusted reference only,Logistic regression,225,0.7687046047528384,0.712,0.06985832926233512,0.12019230769230771,-0.1447736903438433,0.056977646146252114,-0.4713121170864534,German Credit,corrupt_50,145,0.8770411520925665,True,1
Trusted reference only,Random forest,225,0.7893660531697342,0.696,0.023937469467513434,0.028846153846153855,-0.12212545712943085,0.0640998519145336,-0.5384615384615384,German Credit,corrupt_50,145,0.8770411520925665,True,1
Oracle (clean audit labels),Logistic regression,368,0.7461392003384811,0.696,0.08214111242933914,0.0849557522123894,-0.07519085296208478,0.03441224173189483,-0.5065486725663717,German Credit,corrupt_50,145,0.8770411520925665,True,1
Oracle (clean audit labels),Random forest,368,0.7518510683308652,0.672,0.09372601018912693,0.23076923076923078,-0.10815769516175394,0.026584867075664653,-0.3365384615384615,German Credit,corrupt_50,145,0.8770411520925665,True,1
Baseline (audit labels),Logistic regression,368,0.6525644963144963,0.588,0.761977886977887,0.7844565877352763,0.49438226408311103,0.0,0.0,German Credit,corrupt_50,146,0.8667394577889391,True,1
Baseline (audit labels),Random forest,368,0.6135595823095824,0.612,0.7874692874692875,0.8026715239829993,0.3393861332222715,0.0,0.0,German Credit,corrupt_50,146,0.8667394577889391,True,1
Audit-guided reweighting,Logistic regression,368,0.7072328009828011,0.696,0.2983722358722359,0.4555555555555556,0.26722577601412656,0.054668304668304746,-0.32890103217972066,German Credit,corrupt_50,146,0.8667394577889391,True,1
Audit-guided reweighting,Random forest,368,0.7239711302211302,0.704,0.187960687960688,0.37777777777777777,0.18133949910149572,0.11041154791154784,-0.4248937462052216,German Credit,corrupt_50,146,0.8667394577889391,True,1
Drop flagged block,Logistic regression,368,0.6935657248157249,0.652,0.1477272727272727,0.2314814814814815,0.249859814818313,0.04100122850122856,-0.5529751062537948,German Credit,corrupt_50,146,0.8667394577889391,True,1
Drop flagged block,Random forest,368,0.700168918918919,0.716,0.18381449631449634,0.3611111111111111,0.2048267124396892,0.08660933660933656,-0.44156041287188824,German Credit,corrupt_50,146,0.8667394577889391,True,1
Trusted reference only,Logistic regression,225,0.7824785012285013,0.752,0.018888206388206374,0.01183970856102004,0.025181128976809575,0.12991400491400495,-0.7726168791742563,German Credit,corrupt_50,146,0.8667394577889391,True,1
Trusted reference only,Random forest,225,0.7761056511056511,0.736,0.04345823095823096,0.18888888888888888,0.07019393358433795,0.1625460687960687,-0.6137826350941105,German Credit,corrupt_50,146,0.8667394577889391,True,1
Oracle (clean audit labels),Logistic regression,368,0.7309582309582309,0.728,0.28117321867321865,0.5351851851851852,0.19088031415703677,0.07839373464373456,-0.24927140255009106,German Credit,corrupt_50,146,0.8667394577889391,True,1
Oracle (clean audit labels),Random forest,368,0.7434735872235873,0.712,0.11747542997542999,0.2518518518518519,0.11062170779642044,0.12991400491400484,-0.5508196721311475,German Credit,corrupt_50,146,0.8667394577889391,True,1
Baseline (audit labels),Logistic regression,368,0.8173884674985726,0.716,0.6277979431336963,0.650624428876028,0.3163981525533388,0.0,0.0,German Credit,corrupt_50,148,0.8631781305424995,True,1
Baseline (audit labels),Random forest,368,0.7520593752548731,0.712,0.7673926194797338,0.775,0.2181616582149759,0.0,0.0,German Credit,corrupt_50,148,0.8631781305424995,True,1
Audit-guided reweighting,Logistic regression,368,0.8398988663241171,0.816,0.12870538415003024,0.12777777777777777,0.08233983091043978,0.02251039882554451,-0.5228466510982502,German Credit,corrupt_50,148,0.8631781305424995,True,1
Audit-guided reweighting,Random forest,368,0.8245656961096158,0.796,0.08408953418027826,0.05726469692354554,0.06331017563172342,0.07250632085474273,-0.7177353030764545,German Credit,corrupt_50,148,0.8631781305424995,True,1
Drop flagged block,Logistic regression,368,0.8244025772775467,0.764,0.031004234724742896,0.10833333333333339,0.09768788016847851,0.007014109778974098,-0.5422910955426946,German Credit,corrupt_50,148,0.8631781305424995,True,1
Drop flagged block,Random forest,368,0.776608759481282,0.744,0.12129461584996973,0.08071885470606152,0.10182175639392071,0.024549384226408955,-0.6942811452939385,German Credit,corrupt_50,148,0.8631781305424995,True,1
Trusted reference only,Logistic regression,225,0.7832966315961177,0.732,0.09996975196612223,0.07127627170271095,0.061785255900584146,-0.0340918359024549,-0.579348157173317,German Credit,corrupt_50,148,0.8631781305424995,True,1
Trusted reference only,Random forest,225,0.8005056683794145,0.784,0.043859649122807015,0.01944444444444443,0.05086025755145679,0.048446293124541406,-0.7555555555555555,German Credit,corrupt_50,148,0.8631781305424995,True,1
Oracle (clean audit labels),Logistic regression,368,0.8381861185873909,0.804,0.1426194797338173,0.09166666666666667,0.009847780012533836,0.02079765108881826,-0.5589577622093613,German Credit,corrupt_50,148,0.8631781305424995,True,1
Oracle (clean audit labels),Random forest,368,0.8217926759644401,0.764,0.017392619479733806,0.0222222222222222,-0.01319900220301784,0.06973330070956696,-0.7527777777777778,German Credit,corrupt_50,148,0.8631781305424995,True,1
Baseline (audit labels),Logistic regression,368,0.683046683046683,0.668,0.542966534316506,0.5545977011494252,0.3697346137304941,0.0,0.0,German Credit,corrupt_50,149,0.8684972207122912,True,1
Baseline (audit labels),Random forest,368,0.6834305896805897,0.664,0.6111741349971639,0.6939102564102565,0.27310711331060245,0.0,0.0,German Credit,corrupt_50,149,0.8684972207122912,True,1
Audit-guided reweighting,Logistic regression,368,0.7198249385749386,0.708,0.258366420873511,0.2798850574712644,0.15058100348293718,0.03677825552825553,-0.2747126436781608,German Credit,corrupt_50,149,0.8684972207122912,True,1
Audit-guided reweighting,Random forest,368,0.7175214987714988,0.736,0.17711287577992058,0.29487179487179493,0.10340913915797095,0.03409090909090917,-0.39903846153846156,German Credit,corrupt_50,149,0.8684972207122912,True,1
Drop flagged block,Logistic regression,368,0.7263513513513514,0.688,0.03062960862166758,0.07371794871794879,0.12710400009622141,0.04330466830466839,-0.4808797524314764,German Credit,corrupt_50,149,0.8684972207122912,True,1
Drop flagged block,Random forest,368,0.7454699017199017,0.732,0.15754395916052183,0.17467948717948717,0.12773137104918775,0.06203931203931201,-0.5192307692307694,German Credit,corrupt_50,149,0.8684972207122912,True,1
Trusted reference only,Logistic regression,225,0.7191339066339066,0.732,0.14549064095292114,0.25,0.026898694926392297,0.036087223587223605,-0.3045977011494252,German Credit,corrupt_50,149,0.8684972207122912,True,1
Trusted reference only,Random forest,225,0.6846590909090909,0.688,0.0011344299489506535,0.020833333333333332,0.02630933058314905,0.0012285012285012664,-0.6730769230769231,German Credit,corrupt_50,149,0.8684972207122912,True,1
Oracle (clean audit labels),Logistic regression,368,0.7183660933660934,0.716,0.08338060124787297,0.08735632183908046,0.04837306120303336,0.03531941031941033,-0.4672413793103447,German Credit,corrupt_50,149,0.8684972207122912,True,1
Oracle (clean audit labels),Random forest,368,0.7508445945945946,0.72,0.04310833806012479,0.14423076923076922,0.022796692349033698,0.06741400491400495,-0.5496794871794872,German Credit,corrupt_50,149,0.8684972207122912,True,1
Baseline (audit labels),Logistic regression,368,0.6530546881255505,0.612,0.7705882352941177,0.8181818181818181,0.4170637280282896,0.0,0.0,German Credit,corrupt_50,155,0.8486823374330724,True,1
Baseline (audit labels),Random forest,368,0.6705901193049884,0.648,0.8022058823529412,0.8290909090909091,0.2820016680829306,0.0,0.0,German Credit,corrupt_50,155,0.8486823374330724,True,1
Audit-guided reweighting,Logistic regression,368,0.6905276643446232,0.7,0.20808823529411766,0.2309090909090909,0.18438139385737468,0.03747297621907275,-0.5872727272727272,German Credit,corrupt_50,155,0.8486823374330724,True,1
Audit-guided reweighting,Random forest,368,0.7273600768676435,0.732,0.02058823529411763,0.09545454545454546,0.08633205484019779,0.05676995756265513,-0.7336363636363636,German Credit,corrupt_50,155,0.8486823374330724,True,1
Drop flagged block,Logistic regression,368,0.642965809912723,0.672,0.13529411764705884,0.15090909090909094,0.1442766457982384,-0.010088878212827446,-0.6672727272727272,German Credit,corrupt_50,155,0.8486823374330724,True,1
Drop flagged block,Random forest,368,0.7576267115061255,0.732,0.0889705882352941,0.10999999999999999,0.10594845901543232,0.08703659220113713,-0.7190909090909091,German Credit,corrupt_50,155,0.8486823374330724,True,1
Trusted reference only,Logistic regression,225,0.7655536872447753,0.752,0.018382352941176516,0.11636363636363634,0.03861778896936946,0.1124989991192249,-0.7018181818181818,German Credit,corrupt_50,155,0.8486823374330724,True,1
Trusted reference only,Random forest,225,0.7837296821202658,0.764,0.024264705882352938,0.0727272727272727,0.04811972633820122,0.11313956281527748,-0.7563636363636363,German Credit,corrupt_50,155,0.8486823374330724,True,1
Oracle (clean audit labels),Logistic regression,368,0.7228761309952758,0.748,0.16691176470588237,0.23636363636363633,0.06715872151378405,0.06982144286972536,-0.5818181818181818,German Credit,corrupt_50,155,0.8486823374330724,True,1
Oracle (clean audit labels),Random forest,368,0.7629914324605653,0.76,0.015441176470588236,0.010245310245310245,0.00809772640093076,0.09240131315557698,-0.8188455988455988,German Credit,corrupt_50,155,0.8486823374330724,True,1
Baseline (audit labels),Logistic regression,368,0.7229084321475625,0.652,0.7369161299874158,0.7558275058275058,0.41406431026036633,0.0,0.0,German Credit,corrupt_50,156,0.8764371324156243,True,1
Baseline (audit labels),Random forest,368,0.694828722002635,0.644,0.9162040121400548,0.9504662004662005,0.30140008887945996,0.0,0.0,German Credit,corrupt_50,156,0.8764371324156243,True,1
Audit-guided reweighting,Logistic regression,368,0.736413043478261,0.72,0.33770079206454956,0.3817663817663817,0.18422795921811447,0.013504611330698468,-0.3740611240611241,German Credit,corrupt_50,156,0.8764371324156243,True,1
Audit-guided reweighting,Random forest,368,0.7087450592885376,0.732,0.3573173439928936,0.47863247863247865,0.1381629956325106,0.01391633728590258,-0.4718337218337218,German Credit,corrupt_50,156,0.8764371324156243,True,1
Drop flagged block,Logistic regression,368,0.732707509881423,0.692,0.07365460063661267,0.08100233100233101,0.1170821043152886,0.009799077733860462,-0.6748251748251748,German Credit,corrupt_50,156,0.8764371324156243,True,1
Drop flagged block,Random forest,368,0.7412714097496705,0.744,0.23835961211044487,0.2678062678062678,0.1441607325622124,0.04644268774703553,-0.6826599326599326,German Credit,corrupt_50,156,0.8764371324156243,True,1
Trusted reference only,Logistic regression,225,0.7452239789196311,0.748,0.12932119327855507,0.29629629629629634,0.0036145287005720506,0.022315546772068595,-0.45953120953120946,German Credit,corrupt_50,156,0.8764371324156243,True,1
Trusted reference only,Random forest,225,0.7369071146245059,0.744,0.01273225257235916,0.06837606837606838,-0.019634865217018238,0.04207839262187085,-0.8820901320901321,German Credit,corrupt_50,156,0.8764371324156243,True,1
Oracle (clean audit labels),Logistic regression,368,0.7772562582345192,0.78,0.11081501221407952,0.2564102564102564,0.028256998875030637,0.05434782608695665,-0.4994172494172494,German Credit,corrupt_50,156,0.8764371324156243,True,1
Oracle (clean audit labels),Random forest,368,0.7732213438735177,0.764,0.05351987563846325,0.05698005698005698,0.01277879693820061,0.0783926218708827,-0.8934861434861434,German Credit,corrupt_50,156,0.8764371324156243,True,1
Baseline (audit labels),Logistic regression,368,0.7415689482774294,0.748,0.32171893147502906,0.4126984126984127,0.31107997017559297,0.0,0.0,German Credit,corrupt_50,159,0.9149229061774754,True,0
Baseline (audit labels),Random forest,368,0.731024452322516,0.708,0.39997096399535426,0.4563492063492063,0.24737163401927942,0.0,0.0,German Credit,corrupt_50,159,0.9149229061774754,True,0
Audit-guided reweighting,Logistic regression,368,0.7524770475411325,0.756,0.3024099883855982,0.40079365079365076,0.25585283375403145,0.010908099263703175,-0.011904761904761918,German Credit,corrupt_50,159,0.9149229061774754,True,0
Audit-guided reweighting,Random forest,368,0.7330242705208617,0.78,0.18495934959349597,0.45238095238095244,0.19026167312864956,0.0019998181983457153,-0.003968253968253843,German Credit,corrupt_50,159,0.9149229061774754,True,0
Drop flagged block,Logistic regression,368,0.743568766475775,0.74,0.37108013937282225,0.37059115747640337,0.3224478271054646,0.0019998181983456043,-0.04210725522200931,German Credit,corrupt_50,159,0.9149229061774754,True,0
Drop flagged block,Random forest,368,0.7201163530588128,0.7,0.484465737514518,0.5119047619047619,0.2637127893195452,-0.010908099263703175,0.05555555555555558,German Credit,corrupt_50,159,0.9149229061774754,True,0
Trusted reference only,Logistic regression,225,0.7887464775929461,0.78,0.0058072009291521565,0.11904761904761907,0.07362030350143378,0.047177529315516775,-0.2936507936507936,German Credit,corrupt_50,159,0.9149229061774754,True,0
Trusted reference only,Random forest,225,0.7629306426688482,0.792,0.028019744483159123,0.08730158730158732,0.07813406231732889,0.03190619034633224,-0.36904761904761896,German Credit,corrupt_50,159,0.9149229061774754,True,0
Oracle (clean audit labels),Logistic regression,368,0.7774747750204527,0.76,0.011759581881533088,0.20238095238095238,0.045768014958296355,0.03590582674302334,-0.2103174603174603,German Credit,corrupt_50,159,0.9149229061774754,True,0
Oracle (clean audit labels),Random forest,368,0.7941096263976002,0.804,0.002322880371660868,0.012667660208643815,0.05655542315613088,0.06308517407508418,-0.4436815461405625,German Credit,corrupt_50,159,0.9149229061774754,True,0
Baseline (audit labels),Logistic regression,368,0.7278476190476191,0.676,0.6587779690189328,0.6621212121212121,0.3362776086007684,0.0,0.0,German Credit,corrupt_50,161,0.8728230999576998,True,1
Baseline (audit labels),Random forest,368,0.7119238095238095,0.668,0.7669248422260471,0.7833333333333333,0.24245227908682487,0.0,0.0,German Credit,corrupt_50,161,0.8728230999576998,True,1
Audit-guided reweighting,Logistic regression,368,0.7693714285714285,0.756,0.15261044176706826,0.17316341829085452,0.0699962703538421,0.04152380952380941,-0.4889577938303576,German Credit,corrupt_50,161,0.8728230999576998,True,1
Audit-guided reweighting,Random forest,368,0.7849904761904761,0.756,0.08204245553643143,0.0967016491754123,0.05156111306857253,0.07306666666666661,-0.686631684157921,German Credit,corrupt_50,161,0.8728230999576998,True,1
Drop flagged block,Logistic regression,368,0.7420952380952381,0.748,0.014486517498565665,0.06971514242878563,0.08358614234167527,0.014247619047619065,-0.5924060696924265,German Credit,corrupt_50,161,0.8728230999576998,True,1
Drop flagged block,Random forest,368,0.759847619047619,0.732,0.09265633964429146,0.09318181818181817,0.08344320660265431,0.04792380952380948,-0.6901515151515152,German Credit,corrupt_50,161,0.8728230999576998,True,1
Trusted reference only,Logistic regression,225,0.7206095238095238,0.736,0.05163511187607572,0.0356060606060606,-0.028301201466922,-0.007238095238095266,-0.6265151515151515,German Credit,corrupt_50,161,0.8728230999576998,True,1
Trusted reference only,Random forest,225,0.7268571428571429,0.732,0.04145152036718301,0.10719640179910046,-0.028799099325082456,0.014933333333333354,-0.6761369315342328,German Credit,corrupt_50,161,0.8728230999576998,True,1
Oracle (clean audit labels),Logistic regression,368,0.7864380952380953,0.768,0.0034423407917383575,0.02998500749625188,-0.03993150296637982,0.05859047619047619,-0.6321362046249602,German Credit,corrupt_50,161,0.8728230999576998,True,1
Oracle (clean audit labels),Random forest,368,0.7795809523809524,0.752,0.046615031554790604,0.036731634182908535,-0.029891749511505417,0.06765714285714286,-0.7466016991504247,German Credit,corrupt_50,161,0.8728230999576998,True,1
Baseline (audit labels),Logistic regression,368,0.7784914361001318,0.728,0.5807990459153249,0.5363567649281935,0.3036565139995777,0.0,0.0,German Credit,corrupt_50,163,0.8600561393946701,True,1
Baseline (audit labels),Random forest,368,0.7523880105401844,0.716,0.675014907573047,0.7418452935694315,0.21170948896447195,0.0,0.0,German Credit,corrupt_50,163,0.8600561393946701,True,1
Audit-guided reweighting,Logistic regression,368,0.8003129117259552,0.792,0.2522361359570662,0.25256290773532153,0.0932749316035536,0.021821475625823372,-0.283793857192872,German Credit,corrupt_50,163,0.8600561393946701,True,1
Audit-guided reweighting,Random forest,368,0.7877964426877471,0.776,0.1984197972570066,0.2889095992544268,0.047360608017782635,0.03540843214756262,-0.45293569431500474,German Credit,corrupt_50,163,0.8600561393946701,True,1
Drop flagged block,Logistic regression,368,0.7733860342555994,0.748,0.176654740608229,0.16402609506057775,0.10267057100445626,-0.005105401844532453,-0.37233066986761576,German Credit,corrupt_50,163,0.8600561393946701,True,1
Drop flagged block,Random forest,368,0.7665513833992095,0.76,0.1450506857483602,0.10717614165890033,0.06499753432134048,0.014163372859025025,-0.6346691519105312,German Credit,corrupt_50,163,0.8600561393946701,True,1
Trusted reference only,Logistic regression,225,0.7663866930171278,0.748,0.11583184257602863,0.16160241874527592,0.017123175865609797,-0.012104743083004021,-0.3747543461829176,German Credit,corrupt_50,163,0.8600561393946701,True,1
Trusted reference only,Random forest,225,0.6958168642951251,0.732,0.02892069171138939,0.14725069897483692,0.0033931724770620564,-0.05657114624505932,-0.5945945945945946,German Credit,corrupt_50,163,0.8600561393946701,True,1
Oracle (clean audit labels),Logistic regression,368,0.8070652173913043,0.78,0.11583184257602863,0.10778533635676493,-0.03424974517545737,0.028573781291172495,-0.4285714285714286,German Credit,corrupt_50,163,0.8600561393946701,True,1
Oracle (clean audit labels),Random forest,368,0.7989130434782608,0.732,0.043231961836613,0.05684995340167753,-0.050460610060914235,0.046525032938076305,-0.684995340167754,German Credit,corrupt_50,163,0.8600561393946701,True,1
Baseline (audit labels),Logistic regression,368,0.7304828248858997,0.684,0.694635685599541,0.7024531024531024,0.38383178837232457,0.0,0.0,German Credit,corrupt_50,165,0.8790075923666414,True,1
Baseline (audit labels),Random forest,368,0.6796380815117303,0.652,0.7966150315547906,0.7905172413793105,0.2657484491478369,0.0,0.0,German Credit,corrupt_50,165,0.8790075923666414,True,1
Audit-guided reweighting,Logistic regression,368,0.7677155897189527,0.768,0.37320711417096963,0.4870689655172413,0.13456985667978244,0.037232764833053045,-0.21538413693586111,German Credit,corrupt_50,165,0.8790075923666414,True,1
Audit-guided reweighting,Random forest,368,0.7171911281928097,0.764,0.10613884107860011,0.09482758620689657,0.08014514358759461,0.037553046681079394,-0.6956896551724139,German Credit,corrupt_50,165,0.8790075923666414,True,1
Drop flagged block,Logistic regression,368,0.750500440387541,0.708,0.1452954675846242,0.16465517241379313,0.10547810823133602,0.020017615501641384,-0.5377979300393093,German Credit,corrupt_50,165,0.8790075923666414,True,1
Drop flagged block,Random forest,368,0.7345664184482343,0.756,0.11058519793459554,0.0767241379310345,0.10665221558191229,0.05492833693650401,-0.713793103448276,German Credit,corrupt_50,165,0.8790075923666414,True,1
Trusted reference only,Logistic regression,225,0.6746737128673232,0.74,0.015633964429145164,0.1827586206896552,-0.050367519627411206,-0.05580911201857641,-0.5196944817634472,German Credit,corrupt_50,165,0.8790075923666414,True,1
Trusted reference only,Random forest,225,0.6707502602290015,0.732,0.030263912794033274,0.125,-0.056334884348180736,-0.008887821282728803,-0.6655172413793105,German Credit,corrupt_50,165,0.8790075923666414,True,1
Oracle (clean audit labels),Logistic regression,368,0.7691568580350708,0.788,0.12880091795754448,0.1706896551724138,0.012466772599249554,0.03867403314917117,-0.5317634472806887,German Credit,corrupt_50,165,0.8790075923666414,True,1
Oracle (clean audit labels),Random forest,368,0.7297621907278405,0.748,0.022662076878944337,0.04310344827586207,-0.010982982538304986,0.05012410921611021,-0.7474137931034484,German Credit,corrupt_50,165,0.8790075923666414,True,1
Baseline (audit labels),Logistic regression,368,0.7686359882891673,0.736,0.6134198094323005,0.5817884405670666,0.29257826957971284,0.0,0.0,German Credit,corrupt_50,167,0.860422035508842,True,1
Baseline (audit labels),Random forest,368,0.7404849485774342,0.732,0.6003683241252302,0.6318518518518519,0.16455847945048568,0.0,0.0,German Credit,corrupt_50,167,0.860422035508842,True,1
Audit-guided reweighting,Logistic regression,368,0.8123264019217776,0.78,0.2511009688525903,0.3607407407407407,0.047084386715071314,0.04369041363261028,-0.22104769982632588,German Credit,corrupt_50,167,0.860422035508842,True,1
Audit-guided reweighting,Random forest,368,0.7834246678177315,0.756,0.12763231643846584,0.2274074074074074,-0.014879007482928197,0.04293971924029727,-0.4044444444444445,German Credit,corrupt_50,167,0.860422035508842,True,1
Drop flagged block,Logistic regression,368,0.8090233465956009,0.768,0.21995355913203624,0.3088888888888889,0.0659998589795675,0.040387358306433585,-0.2728995516781777,German Credit,corrupt_50,167,0.860422035508842,True,1
Drop flagged block,Random forest,368,0.7958861947301253,0.764,0.15101289134438303,0.22962962962962963,0.03934514138950018,0.05540124615269115,-0.40222222222222226,German Credit,corrupt_50,167,0.860422035508842,True,1
Trusted reference only,Logistic regression,225,0.7014488401771638,0.72,0.004243734486347989,0.08306070519810978,-0.16635795576875853,-0.06718714811200355,-0.4987277353689568,German Credit,corrupt_50,167,0.860422035508842,True,1
Trusted reference only,Random forest,225,0.7651827940845282,0.696,0.0055248618784530384,0.02,-0.1380521091385376,0.024697845507093974,-0.6118518518518519,German Credit,corrupt_50,167,0.860422035508842,True,1
Oracle (clean audit labels),Logistic regression,368,0.8172059154718114,0.78,0.25798702858515493,0.41481481481481475,0.01143032263698901,0.04856992718264408,-0.16697362575225183,German Credit,corrupt_50,167,0.860422035508842,True,1
Oracle (clean audit labels),Random forest,368,0.7946850837024246,0.748,0.09656497717991833,0.2274074074074074,-0.045413767571217456,0.054200135124990445,-0.4044444444444445,German Credit,corrupt_50,167,0.860422035508842,True,1
Baseline (audit labels),Logistic regression,368,0.7340441621294616,0.672,0.4677280550774527,0.4971014492753624,0.2823178933816393,0.0,0.0,German Credit,corrupt_50,169,0.8794297204200513,True,1
Baseline (audit labels),Random forest,368,0.6763460375075621,0.656,0.5523522662076878,0.5444444444444445,0.17396099626071543,0.0,0.0,German Credit,corrupt_50,169,0.8794297204200513,True,1
Audit-guided reweighting,Logistic regression,368,0.7529491833030854,0.72,0.15763052208835343,0.2434782608695652,0.07902729375588924,0.018905021173623804,-0.2536231884057972,German Credit,corrupt_50,169,0.8794297204200513,True,1
Audit-guided reweighting,Random forest,368,0.7323049001814882,0.72,0.034136546184738936,0.14927536231884056,0.013620087016751159,0.055958862673926135,-0.395169082125604,German Credit,corrupt_50,169,0.8794297204200513,True,1
Drop flagged block,Logistic regression,368,0.7370689655172414,0.7,0.0740103270223752,0.08611111111111111,0.06749942526188984,0.003024803387779884,-0.41099033816425123,German Credit,corrupt_50,169,0.8794297204200513,True,1
Drop flagged block,Random forest,368,0.7198275862068965,0.712,0.09323006310958121,0.18405797101449278,0.04702772681845552,0.043481548699334405,-0.3603864734299517,German Credit,corrupt_50,169,0.8794297204200513,True,1
Trusted reference only,Logistic regression,225,0.7688294010889293,0.748,0.014916810097533012,0.05507246376811592,-0.04141747537882928,0.034785238959467724,-0.44202898550724645,German Credit,corrupt_50,169,0.8794297204200513,True,1
Trusted reference only,Random forest,225,0.7332123411978222,0.676,0.028973034997131372,0.03425925925925925,-0.034543145054324875,0.056866303690260134,-0.5101851851851853,German Credit,corrupt_50,169,0.8794297204200513,True,1
Oracle (clean audit labels),Logistic regression,368,0.7757864488808227,0.74,0.11044176706827308,0.22028985507246374,-0.002418053675485088,0.04174228675136116,-0.27681159420289864,German Credit,corrupt_50,169,0.8794297204200513,True,1
Oracle (clean audit labels),Random forest,368,0.7222474289171205,0.728,0.022948938611589212,0.08115942028985507,-0.03565149581649946,0.0459013914095584,-0.46328502415458944,German Credit,corrupt_50,169,0.8794297204200513,True,1
Baseline (audit labels),Logistic regression,368,0.7203458306399483,0.66,0.6241776952248277,0.6461538461538462,0.3848236095119267,0.0,0.0,German Credit,corrupt_50,171,0.8704309533583073,True,1
Baseline (audit labels),Random forest,368,0.6805914673561733,0.68,0.6993266775017413,0.713272543059777,0.2856884876439411,0.0,0.0,German Credit,corrupt_50,171,0.8704309533583073,True,1
Audit-guided reweighting,Logistic regression,368,0.7681803490627019,0.74,0.10362975001934832,0.11538461538461539,0.11668211706297738,0.04783451842275366,-0.5307692307692308,German Credit,corrupt_50,171,0.8704309533583073,True,1
Audit-guided reweighting,Random forest,368,0.7420814479638009,0.764,0.08938936614813095,0.1580547112462006,0.10257474120776411,0.06148998060762767,-0.5552178318135764,German Credit,corrupt_50,171,0.8704309533583073,True,1
Drop flagged block,Logistic regression,368,0.755656108597285,0.696,0.013466449965172989,0.09321175278622085,0.1423694899268586,0.035310277957336766,-0.5529420933676253,German Credit,corrupt_50,171,0.8704309533583073,True,1
Drop flagged block,Random forest,368,0.746929541047188,0.764,0.0020896215463199197,0.15602836879432624,0.12124711917817327,0.06633807369101474,-0.5572441742654508,German Credit,corrupt_50,171,0.8704309533583073,True,1
Trusted reference only,Logistic regression,225,0.7743212669683258,0.752,0.028635554523643664,0.12462006079027355,0.039692302208692465,0.053975436328377535,-0.5215337853635726,German Credit,corrupt_50,171,0.8704309533583073,True,1
Trusted reference only,Random forest,225,0.7649482870071106,0.724,0.02824858757062147,0.0425531914893617,0.03401945571888987,0.08435681965093733,-0.6707193515704154,German Credit,corrupt_50,171,0.8704309533583073,True,1
Oracle (clean audit labels),Logistic regression,368,0.7803813833225597,0.772,0.02050924851017724,0.08206686930091184,0.020093843776499476,0.060035552682611404,-0.5640869768529344,German Credit,corrupt_50,171,0.8704309533583073,True,1
Oracle (clean audit labels),Random forest,368,0.767453135100194,0.744,0.009751567216159746,0.032421479229989864,0.019923570614571617,0.08686166774402071,-0.6808510638297872,German Credit,corrupt_50,171,0.8704309533583073,True,1
Baseline (audit labels),Logistic regression,368,0.726764705882353,0.664,0.589107365792759,0.6652828230409964,0.3412144656622791,0.0,0.0,German Credit,corrupt_50,173,0.9051463417304908,True,1
Baseline (audit labels),Random forest,368,0.6872058823529412,0.644,0.5635143570536829,0.6254545454545455,0.1948502810350663,0.0,0.0,German Credit,corrupt_50,173,0.9051463417304908,True,1
Audit-guided reweighting,Logistic regression,368,0.7533823529411765,0.716,0.20287141073657924,0.20221414980107247,0.14225293109395348,0.026617647058823524,-0.46306867323992396,German Credit,corrupt_50,173,0.9051463417304908,True,1
Audit-guided reweighting,Random forest,368,0.7536764705882353,0.688,0.17431335830212236,0.1883757135443695,0.059133896654822826,0.06647058823529406,-0.437078831910176,German Credit,corrupt_50,173,0.9051463417304908,True,1
Drop flagged block,Logistic regression,368,0.7272058823529411,0.704,0.1741573033707865,0.20100328662861094,0.15012780422086636,0.0004411764705881671,-0.46427953641238545,German Credit,corrupt_50,173,0.9051463417304908,True,1
Drop flagged block,Random forest,368,0.748014705882353,0.7,0.2590511860174781,0.29454545454545455,0.0988609925558836,0.06080882352941175,-0.33090909090909093,German Credit,corrupt_50,173,0.9051463417304908,True,1
Trusted reference only,Logistic regression,225,0.8068382352941177,0.764,0.1307740324594257,0.18909090909090914,0.06515341205178443,0.08007352941176471,-0.47619191395008725,German Credit,corrupt_50,173,0.9051463417304908,True,1
Trusted reference only,Random forest,225,0.7892647058823529,0.708,0.00624219725343321,0.08363636363636363,-0.008339816616753537,0.10205882352941165,-0.5418181818181819,German Credit,corrupt_50,173,0.9051463417304908,True,1
Oracle (clean audit labels),Logistic regression,368,0.7677941176470588,0.712,0.11392009987515606,0.13025428126621694,0.04789904350486651,0.04102941176470587,-0.5350285417747794,German Credit,corrupt_50,173,0.9051463417304908,True,1
Oracle (clean audit labels),Random forest,368,0.7697794117647059,0.696,0.07740324594257178,0.10638297872340426,-0.0014478685166641747,0.08257352941176466,-0.5190715667311412,German Credit,corrupt_50,173,0.9051463417304908,True,1
Baseline (audit labels),Logistic regression,368,0.7126470588235294,0.672,0.49152416907247026,0.5115303983228511,0.29296433722803433,0.0,0.0,German Credit,corrupt_50,174,0.868453057568785,True,1
Baseline (audit labels),Random forest,368,0.7036764705882353,0.68,0.6201791398327041,0.70020964360587,0.20960426114943292,0.0,0.0,German Credit,corrupt_50,174,0.868453057568785,True,1
Audit-guided reweighting,Logistic regression,368,0.7444117647058824,0.712,0.15367532755940483,0.17889587700908455,0.05251341005066407,0.03176470588235303,-0.33263452131376653,German Credit,corrupt_50,174,0.868453057568785,True,1
Audit-guided reweighting,Random forest,368,0.7582352941176471,0.696,0.09149455918276705,0.11538461538461539,0.007776221263040617,0.05455882352941177,-0.5848250282212546,German Credit,corrupt_50,174,0.868453057568785,True,1
Drop flagged block,Logistic regression,368,0.7588235294117647,0.712,0.021763268931823232,0.10412299091544375,0.04597410405560459,0.04617647058823526,-0.40740740740740733,German Credit,corrupt_50,174,0.868453057568785,True,1
Drop flagged block,Random forest,368,0.7691176470588235,0.74,0.050410837219631355,0.08213820078226859,0.07002500733155509,0.06544117647058811,-0.6180714428236014,German Credit,corrupt_50,174,0.868453057568785,True,1
Trusted reference only,Logistic regression,225,0.7540441176470587,0.74,0.0903841883188985,0.10412299091544369,-0.033360314539305436,0.04139705882352929,-0.4074074074074074,German Credit,corrupt_50,174,0.868453057568785,True,1
Trusted reference only,Random forest,225,0.764779411764706,0.696,0.023391812865497075,0.07547169811320754,-0.06468732123871251,0.06110294117647064,-0.6247379454926625,German Credit,corrupt_50,174,0.868453057568785,True,1
Oracle (clean audit labels),Logistic regression,368,0.7556617647058823,0.732,0.11273965504478495,0.12059973924380706,9.689669716078653e-05,0.0430147058823529,-0.390930659079044,German Credit,corrupt_50,174,0.868453057568785,True,1
Oracle (clean audit labels),Random forest,368,0.7552941176470588,0.728,0.007698571322821826,0.11600279524807827,-0.017075493188971003,0.051617647058823435,-0.5842068483577918,German Credit,corrupt_50,174,0.868453057568785,True,1
Baseline (audit labels),Logistic regression,368,0.7216425193303805,0.668,0.6323809523809524,0.6187455954897816,0.25520975468477913,0.0,0.0,German Credit,corrupt_50,175,0.8613737849896779,True,1
Baseline (audit labels),Random forest,368,0.7254710607311763,0.648,0.6723809523809523,0.664796633941094,0.16783400814876714,0.0,0.0,German Credit,corrupt_50,175,0.8613737849896779,True,1
Audit-guided reweighting,Logistic regression,368,0.7211170332557615,0.696,0.21523809523809526,0.26647966339410945,0.02083169564950832,-0.0005254860746189971,-0.35226593209567214,German Credit,corrupt_50,175,0.8613737849896779,True,1
Audit-guided reweighting,Random forest,368,0.7379325876435703,0.704,0.13904761904761906,0.13814866760168304,-0.009222326915267531,0.012461526912393994,-0.526647966339411,German Credit,corrupt_50,175,0.8613737849896779,True,1
Drop flagged block,Logistic regression,368,0.7360558516627881,0.692,0.04571428571428571,0.028751753155680237,0.07543391318348353,0.014413332332407602,-0.5899938423341013,German Credit,corrupt_50,175,0.8613737849896779,True,1
Drop flagged block,Random forest,368,0.7359807822235568,0.7,0.17523809523809525,0.17036645525017616,0.06483548647489773,0.010509721492380497,-0.4944301786909179,German Credit,corrupt_50,175,0.8613737849896779,True,1
Trusted reference only,Logistic regression,225,0.7402597402597403,0.692,0.026666666666666672,0.027349228611500687,-0.010442986791127373,0.0186172209293598,-0.5913963668782809,German Credit,corrupt_50,175,0.8613737849896779,True,1
Trusted reference only,Random forest,225,0.7414608512874409,0.7,0.0419047619047619,0.02889358703312192,-0.06112417534277781,0.015989790556264594,-0.6359030469079721,German Credit,corrupt_50,175,0.8613737849896779,True,1
Oracle (clean audit labels),Logistic regression,368,0.7256962690488703,0.712,0.009523809523809518,0.041402396053558846,-0.07469850088766855,0.004053749718489819,-0.5773431994362227,German Credit,corrupt_50,175,0.8613737849896779,True,1
Oracle (clean audit labels),Random forest,368,0.7404098791382028,0.7,0.05333333333333334,0.044926004228329805,-0.08507830101235303,0.014938818407026488,-0.6198706297127642,German Credit,corrupt_50,175,0.8613737849896779,True,1
Baseline (audit labels),Logistic regression,368,0.7281835811247576,0.668,0.5961429381735679,0.6585365853658536,0.3683651980001449,0.0,0.0,German Credit,corrupt_50,178,0.8855738492609889,True,1
Baseline (audit labels),Random forest,368,0.6971557853910796,0.68,0.75850822461713,0.8048780487804879,0.2632891346519688,0.0,0.0,German Credit,corrupt_50,178,0.8855738492609889,True,1
Audit-guided reweighting,Logistic regression,368,0.7727860374919199,0.724,0.19852524106636413,0.3875338753387534,0.12978071185201556,0.04460245636716231,-0.2710027100271002,German Credit,corrupt_50,178,0.8855738492609889,True,1
Audit-guided reweighting,Random forest,368,0.7629282482223658,0.792,0.15385706182643222,0.2990063233965673,0.09397977705980398,0.06577246283128624,-0.5058717253839206,German Credit,corrupt_50,178,0.8855738492609889,True,1
Drop flagged block,Logistic regression,368,0.741677440206852,0.7,0.03006239364719232,0.019873532068654054,0.11841492404701015,0.01349385908209444,-0.6386630532971995,German Credit,corrupt_50,178,0.8855738492609889,True,1
Drop flagged block,Random forest,368,0.7689075630252101,0.756,0.065655133295519,0.17795844625112917,0.11728433119867859,0.07175177763413054,-0.6269196025293586,German Credit,corrupt_50,178,0.8855738492609889,True,1
Trusted reference only,Logistic regression,225,0.7777149321266967,0.776,0.2257515598411798,0.39927732610659433,0.1073450352079805,0.04953135100193917,-0.25925925925925924,German Credit,corrupt_50,178,0.8855738492609889,True,1
Trusted reference only,Random forest,225,0.7611506140917905,0.772,0.06693136698808849,0.10117434507678408,0.04941376054255037,0.06399482870071094,-0.7037037037037037,German Credit,corrupt_50,178,0.8855738492609889,True,1
Oracle (clean audit labels),Logistic regression,368,0.8055914673561733,0.756,0.065655133295519,0.17795844625112917,0.03430314533374601,0.0774078862314157,-0.4805781391147244,German Credit,corrupt_50,178,0.8855738492609889,True,1
Oracle (clean audit labels),Random forest,368,0.7865223012281836,0.78,0.06806579693703915,0.14995483288166214,0.019301738971406412,0.08936651583710398,-0.6549232158988257,German Credit,corrupt_50,178,0.8855738492609889,True,1
Baseline (audit labels),Logistic regression,368,0.7419354838709677,0.672,0.5841269841269842,0.642633695814092,0.3897042888818775,0.0,0.0,German Credit,corrupt_50,182,0.8670422529100532,True,1
Baseline (audit labels),Random forest,368,0.6835517473118279,0.696,0.5674603174603174,0.5559246954595791,0.27150860939438054,0.0,0.0,German Credit,corrupt_50,182,0.8670422529100532,True,1
Audit-guided reweighting,Logistic regression,368,0.778393817204301,0.784,0.1380952380952381,0.12081036794279755,0.14090642392550523,0.03645833333333326,-0.5218233278712945,German Credit,corrupt_50,182,0.8670422529100532,True,1
Audit-guided reweighting,Random forest,368,0.7296706989247311,0.752,0.060317460317460325,0.17165005537098557,0.0966790715472517,0.04611895161290325,-0.3842746400885936,German Credit,corrupt_50,182,0.8670422529100532,True,1
Drop flagged block,Logistic regression,368,0.756804435483871,0.708,0.06746031746031744,0.0637568896171607,0.1719952112991618,0.014868951612903247,-0.5788768061969314,German Credit,corrupt_50,182,0.8670422529100532,True,1
Drop flagged block,Random forest,368,0.7240423387096775,0.7,0.07936507936507936,0.07403545359749739,0.16778845671626175,0.04049059139784961,-0.4818892418620817,German Credit,corrupt_50,182,0.8670422529100532,True,1
Trusted reference only,Logistic regression,225,0.7390793010752689,0.748,0.005555555555555536,0.03765227021040979,0.006329115091960991,-0.0028561827956988806,-0.6049814256036823,German Credit,corrupt_50,182,0.8670422529100532,True,1
Trusted reference only,Random forest,225,0.7280745967741936,0.72,0.08968253968253967,0.0963455149501661,0.019730519278504444,0.04452284946236573,-0.45957918050941304,German Credit,corrupt_50,182,0.8670422529100532,True,1
Oracle (clean audit labels),Logistic regression,368,0.809559811827957,0.792,0.06984126984126984,0.05228660807388649,0.04999785213567193,0.06762432795698925,-0.5903470877402055,German Credit,corrupt_50,182,0.8670422529100532,True,1
Oracle (clean audit labels),Random forest,368,0.7661290322580645,0.764,0.0373015873015873,0.058394160583941604,0.02972612365985433,0.08257728494623662,-0.49753053487563753,German Credit,corrupt_50,182,0.8670422529100532,True,1
Baseline (audit labels),Logistic regression,368,0.7137000596302923,0.708,0.68310322156476,0.6617647058823529,0.23901806259444303,0.0,0.0,German Credit,corrupt_50,184,0.8436385954609046,True,1
Baseline (audit labels),Random forest,368,0.7164579606440071,0.7,0.6682007451238221,0.7620320855614973,0.13015782377459106,0.0,0.0,German Credit,corrupt_50,184,0.8436385954609046,True,1
Audit-guided reweighting,Logistic regression,368,0.706917113893858,0.7,0.14836730221345604,0.13903743315508021,-0.03017404040628835,-0.006782945736434232,-0.5227272727272727,German Credit,corrupt_50,184,0.8436385954609046,True,1
Audit-guided reweighting,Random forest,368,0.7627459749552773,0.696,0.03418803418803418,0.0371063829787234,-0.051997656171867246,0.046288014311270165,-0.7249257025827739,German Credit,corrupt_50,184,0.8436385954609046,True,1
Drop flagged block,Logistic regression,368,0.6899224806201549,0.676,0.08583534224559863,0.06859574468085108,0.021317065187953343,-0.02377757901013733,-0.5931689612015019,German Credit,corrupt_50,184,0.8436385954609046,True,1
Drop flagged block,Random forest,368,0.7312909958258795,0.72,0.11673606545401416,0.10962566844919786,0.0046793350413791845,0.0148330351818724,-0.6524064171122994,German Credit,corrupt_50,184,0.8436385954609046,True,1
Trusted reference only,Logistic regression,225,0.7145199761478831,0.7,0.026809847322667835,0.10828877005347592,-0.12447089793146532,0.0008199165175908352,-0.553475935828877,German Credit,corrupt_50,184,0.8436385954609046,True,1
Trusted reference only,Random forest,225,0.73963923673226,0.72,0.004383081306158235,0.04812834224598929,-0.09500204504817628,0.023181276088252822,-0.713903743315508,German Credit,corrupt_50,184,0.8436385954609046,True,1
Oracle (clean audit labels),Logistic regression,368,0.7464221824686941,0.708,0.05500767039228577,0.047659574468085095,-0.10478459660630779,0.03272212283840181,-0.6141051314142678,German Credit,corrupt_50,184,0.8436385954609046,True,1
Oracle (clean audit labels),Random forest,368,0.7564102564102564,0.692,0.019796917232814668,0.0265531914893617,-0.12710954892614929,0.03995229576624926,-0.7354788940721355,German Credit,corrupt_50,184,0.8436385954609046,True,1
Baseline (audit labels),Logistic regression,368,0.6713207813271278,0.644,0.6653517422748192,0.7390552995391705,0.28536656684972267,0.0,0.0,German Credit,corrupt_50,190,0.8664808734835365,True,1
Baseline (audit labels),Random forest,368,0.6658204640011283,0.624,0.6766747023157279,0.7782258064516129,0.20322635627262692,0.0,0.0,German Credit,corrupt_50,190,0.8664808734835365,True,1
Audit-guided reweighting,Logistic regression,368,0.7204710528171497,0.664,0.26437285411644385,0.3197004608294931,0.03281590135289619,0.049150271490021935,-0.4193548387096774,German Credit,corrupt_50,190,0.8664808734835365,True,1
Audit-guided reweighting,Random forest,368,0.7299203159156618,0.68,0.12601358755204908,0.21543778801843316,0.024323416542183784,0.06409985191453349,-0.5627880184331797,German Credit,corrupt_50,190,0.8664808734835365,True,1
Drop flagged block,Logistic regression,368,0.7185670968196884,0.668,0.15399225655635912,0.18433179723502308,0.05909631451431141,0.04724631549256064,-0.5547235023041475,German Credit,corrupt_50,190,0.8664808734835365,True,1
Drop flagged block,Random forest,368,0.7017840772865102,0.676,0.17459273869530278,0.21255760368663595,0.05690212556800173,0.03596361328538189,-0.5656682027649769,German Credit,corrupt_50,190,0.8664808734835365,True,1
Trusted reference only,Logistic regression,225,0.7122205768281503,0.696,0.04814084301263788,0.09562211981566823,-0.17170488271501963,0.04089979550102252,-0.6434331797235022,German Credit,corrupt_50,190,0.8664808734835365,True,1
Trusted reference only,Random forest,225,0.7257598194767647,0.684,0.010811600555190301,0.042626728110599074,-0.12571534439495902,0.05993935547563645,-0.7355990783410138,German Credit,corrupt_50,190,0.8664808734835365,True,1
Oracle (clean audit labels),Logistic regression,368,0.7586912065439673,0.684,0.14347286142157936,0.2304147465437788,-0.0021099897467103945,0.08737042521683946,-0.5086405529953917,German Credit,corrupt_50,190,0.8664808734835365,True,1
Oracle (clean audit labels),Random forest,368,0.7319653056907129,0.672,0.1002995105559208,0.20449308755760368,-0.023138270574154518,0.06614484168958468,-0.5737327188940092,German Credit,corrupt_50,190,0.8664808734835365,True,1
Baseline (audit labels),Logistic regression,368,0.7487607207490754,0.72,0.5618279569892473,0.5406673618352451,0.3356610839757388,0.0,0.0,German Credit,corrupt_50,191,0.8606174759986148,True,1
Baseline (audit labels),Random forest,368,0.7242111889212369,0.672,0.6350806451612903,0.6280148423005567,0.23586104085507653,0.0,0.0,German Credit,corrupt_50,191,0.8606174759986148,True,1
Audit-guided reweighting,Logistic regression,368,0.7848768589188764,0.74,0.23269489247311828,0.2782931354359926,0.11698983671745156,0.03611613816980097,-0.2623742263992525,German Credit,corrupt_50,191,0.8606174759986148,True,1
Audit-guided reweighting,Random forest,368,0.7759855220709734,0.74,0.015961021505376344,0.0575139146567718,0.04270548136350388,0.05177433314973645,-0.5705009276437849,German Credit,corrupt_50,191,0.8606174759986148,True,1
Drop flagged block,Logistic regression,368,0.7781100007868439,0.724,0.09391801075268819,0.13543599257884975,0.10177861179027103,0.029349280037768488,-0.40523136925639536,German Credit,corrupt_50,191,0.8606174759986148,True,1
Drop flagged block,Random forest,368,0.7695334015264773,0.736,0.09156586021505375,0.2077922077922078,0.09587556574050232,0.045322212605240386,-0.4202226345083489,German Credit,corrupt_50,191,0.8606174759986148,True,1
Trusted reference only,Logistic regression,225,0.736407270438272,0.756,0.11794354838709678,0.1451164407368787,0.03525453657220784,-0.012353450310803371,-0.3955509210983664,German Credit,corrupt_50,191,0.8606174759986148,True,1
Trusted reference only,Random forest,225,0.7627665433944448,0.748,0.07123655913978494,0.08793882516510253,-0.003839603057196661,0.0385553544732079,-0.5400760171354542,German Credit,corrupt_50,191,0.8606174759986148,True,1
Oracle (clean audit labels),Logistic regression,368,0.7903847667007633,0.744,0.12382392473118278,0.18274582560296848,0.011991966560313094,0.041624045951687894,-0.3579215362322766,German Credit,corrupt_50,191,0.8606174759986148,True,1
Oracle (clean audit labels),Random forest,368,0.7843260681406876,0.76,0.023353494623655907,0.04823747680890536,-0.020043262161710595,0.06011487921945069,-0.5797773654916514,German Credit,corrupt_50,191,0.8606174759986148,True,1
Baseline (audit labels),Logistic regression,368,0.6677501741351288,0.684,0.6763432645785586,0.8148148148148149,0.35819158521687816,0.0,0.0,German Credit,corrupt_50,193,0.8338329153461501,True,1
Baseline (audit labels),Random forest,368,0.705905115703119,0.692,0.6873779814956286,0.8888888888888888,0.25643985816577425,0.0,0.0,German Credit,corrupt_50,193,0.8338329153461501,True,1
Audit-guided reweighting,Logistic regression,368,0.7131800944199366,0.732,0.23138952550717254,0.49610136452241715,0.12131893070389627,0.045429920284807745,-0.3187134502923977,German Credit,corrupt_50,193,0.8338329153461501,True,1
Audit-guided reweighting,Random forest,368,0.7747852333410727,0.748,0.12630506748153805,0.2543859649122807,0.08890368442308533,0.06888011763795376,-0.6345029239766081,German Credit,corrupt_50,193,0.8338329153461501,True,1
Drop flagged block,Logistic regression,368,0.674251218945902,0.7,0.20932009167303284,0.384990253411306,0.1531441939819616,0.006501044810773182,-0.4298245614035089,German Credit,corrupt_50,193,0.8338329153461501,True,1
Drop flagged block,Random forest,368,0.7244021360575806,0.696,0.2893642305407011,0.3538011695906432,0.16007004753586918,0.018497020354461657,-0.5350877192982456,German Credit,corrupt_50,193,0.8338329153461501,True,1
Trusted reference only,Logistic regression,225,0.78902561721229,0.744,0.10822510822510822,0.21832358674463936,0.03940464435737573,0.1212754430771612,-0.5964912280701755,German Credit,corrupt_50,193,0.8338329153461501,True,1
Trusted reference only,Random forest,225,0.7979258571318009,0.736,0.006366182836771081,0.011695906432748537,0.02698602206140016,0.09202074142868188,-0.8771929824561403,German Credit,corrupt_50,193,0.8338329153461501,True,1
Oracle (clean audit labels),Logistic regression,368,0.7466914325516602,0.756,0.24208471267294795,0.3879142300194932,0.10591737187220712,0.07894125841653132,-0.42690058479532167,German Credit,corrupt_50,193,0.8338329153461501,True,1
Oracle (clean audit labels),Random forest,368,0.7815958517142636,0.76,0.1532128002716238,0.4522417153996101,0.0583115214756722,0.07569073601114462,-0.43664717348927873,German Credit,corrupt_50,193,0.8338329153461501,True,1
