study,condition,rep,seed,method,alarm,n_selected,target_selected,off_target_selected,selected,seconds
power,c10_noise0,0,9000000,V6,0,0,0,0,[],0.372
power,c10_noise0,0,9000000,V5,0,0,0,0,[],0.503
power,c10_noise0,1,9000001,V6,0,0,0,0,[],0.326
power,c10_noise0,1,9000001,V5,0,0,0,0,[],0.526
power,c10_noise0,2,9000002,V6,0,0,0,0,[],0.327
power,c10_noise0,2,9000002,V5,0,0,0,0,[],0.457
power,c10_noise0,3,9000003,V6,0,0,0,0,[],0.295
power,c10_noise0,3,9000003,V5,0,0,0,0,[],0.508
power,c10_noise0,4,9000004,V6,0,0,0,0,[],0.236
power,c10_noise0,4,9000004,V5,0,0,0,0,[],0.557
power,c10_noise0,5,9000005,V6,0,0,0,0,[],0.25
power,c10_noise0,5,9000005,V5,0,0,0,0,[],0.498
power,c10_noise0,6,9000006,V6,0,0,0,0,[],0.268
power,c10_noise0,6,9000006,V5,0,0,0,0,[],0.523
power,c10_noise0,7,9000007,V6,0,0,0,0,[],0.233
power,c10_noise0,7,9000007,V5,0,0,0,0,[],0.478
power,c10_noise0,8,9000008,V6,0,0,0,0,[],0.292
power,c10_noise0,8,9000008,V5,0,0,0,0,[],0.543
power,c10_noise0,9,9000009,V6,1,1,1,0,"[[""a"", ""p""]]",0.288
power,c10_noise0,9,9000009,V5,1,1,1,0,"[[""a"", ""p""]]",0.467
power,c10_noise0,10,9000010,V6,0,0,0,0,[],0.254
power,c10_noise0,10,9000010,V5,0,0,0,0,[],0.356
power,c10_noise0,11,9000011,V6,0,0,0,0,[],0.242
power,c10_noise0,11,9000011,V5,1,1,1,0,"[[""a"", ""p""]]",0.383
power,c10_noise0,12,9000012,V6,0,0,0,0,[],0.224
power,c10_noise0,12,9000012,V5,0,0,0,0,[],0.434
power,c10_noise0,13,9000013,V6,1,1,1,0,"[[""a"", ""p""]]",0.232
power,c10_noise0,13,9000013,V5,1,1,1,0,"[[""a"", ""p""]]",0.317
power,c10_noise0,14,9000014,V6,0,0,0,0,[],0.221
power,c10_noise0,14,9000014,V5,0,0,0,0,[],0.389
power,c10_noise0,15,9000015,V6,0,0,0,0,[],0.215
power,c10_noise0,15,9000015,V5,0,0,0,0,[],0.377
power,c10_noise0,16,9000016,V6,0,0,0,0,[],0.218
power,c10_noise0,16,9000016,V5,0,0,0,0,[],0.33
power,c10_noise0,17,9000017,V6,0,0,0,0,[],0.225
power,c10_noise0,17,9000017,V5,0,0,0,0,[],0.365
power,c10_noise0,18,9000018,V6,1,1,1,0,"[[""a"", ""p""]]",0.182
power,c10_noise0,18,9000018,V5,1,1,1,0,"[[""a"", ""p""]]",0.378
power,c10_noise0,19,9000019,V6,0,0,0,0,[],0.194
power,c10_noise0,19,9000019,V5,0,0,0,0,[],0.372
power,c10_noise0,20,9000020,V6,0,0,0,0,[],0.202
power,c10_noise0,20,9000020,V5,0,0,0,0,[],0.395
power,c10_noise0,21,9000021,V6,0,0,0,0,[],0.197
power,c10_noise0,21,9000021,V5,0,0,0,0,[],0.407
power,c10_noise0,22,9000022,V6,0,0,0,0,[],0.194
power,c10_noise0,22,9000022,V5,0,0,0,0,[],0.362
power,c10_noise0,23,9000023,V6,0,0,0,0,[],0.214
power,c10_noise0,23,9000023,V5,0,0,0,0,[],0.332
power,c10_noise0,24,9000024,V6,0,0,0,0,[],0.207
power,c10_noise0,24,9000024,V5,0,0,0,0,[],0.355
power,c10_noise0,25,9000025,V6,0,0,0,0,[],0.201
power,c10_noise0,25,9000025,V5,0,0,0,0,[],0.41
power,c10_noise0,26,9000026,V6,0,0,0,0,[],0.214
power,c10_noise0,26,9000026,V5,0,0,0,0,[],0.389
power,c10_noise0,27,9000027,V6,0,0,0,0,[],0.179
power,c10_noise0,27,9000027,V5,0,0,0,0,[],0.334
power,c10_noise0,28,9000028,V6,0,0,0,0,[],0.205
power,c10_noise0,28,9000028,V5,0,0,0,0,[],0.362
power,c10_noise0,29,9000029,V6,0,0,0,0,[],0.176
power,c10_noise0,29,9000029,V5,0,0,0,0,[],0.347
power,c10_noise0,30,9000030,V6,0,0,0,0,[],0.199
power,c10_noise0,30,9000030,V5,0,0,0,0,[],0.409
power,c10_noise0,31,9000031,V6,0,0,0,0,[],0.188
power,c10_noise0,31,9000031,V5,0,0,0,0,[],0.424
power,c10_noise0,32,9000032,V6,0,0,0,0,[],0.192
power,c10_noise0,32,9000032,V5,0,0,0,0,[],0.389
power,c10_noise0,33,9000033,V6,0,0,0,0,[],0.168
power,c10_noise0,33,9000033,V5,0,0,0,0,[],0.411
power,c10_noise0,34,9000034,V6,0,0,0,0,[],0.193
power,c10_noise0,34,9000034,V5,0,0,0,0,[],0.437
power,c10_noise0,35,9000035,V6,0,0,0,0,[],0.198
power,c10_noise0,35,9000035,V5,0,0,0,0,[],0.401
power,c10_noise0,36,9000036,V6,0,0,0,0,[],0.169
power,c10_noise0,36,9000036,V5,0,0,0,0,[],0.409
power,c10_noise0,37,9000037,V6,0,0,0,0,[],0.191
power,c10_noise0,37,9000037,V5,0,0,0,0,[],0.439
power,c10_noise0,38,9000038,V6,0,0,0,0,[],0.177
power,c10_noise0,38,9000038,V5,0,0,0,0,[],0.409
power,c10_noise0,39,9000039,V6,0,0,0,0,[],0.17
power,c10_noise0,39,9000039,V5,0,0,0,0,[],0.424
power,c10_noise0,40,9000040,V6,0,0,0,0,[],0.197
power,c10_noise0,40,9000040,V5,0,0,0,0,[],0.383
power,c10_noise0,41,9000041,V6,0,0,0,0,[],0.16
power,c10_noise0,41,9000041,V5,0,0,0,0,[],0.37
power,c10_noise0,42,9000042,V6,0,0,0,0,[],0.182
power,c10_noise0,42,9000042,V5,0,0,0,0,[],0.381
power,c10_noise0,43,9000043,V6,1,1,1,0,"[[""a"", ""p""]]",0.197
power,c10_noise0,43,9000043,V5,1,1,1,0,"[[""a"", ""p""]]",0.414
power,c10_noise0,44,9000044,V6,0,0,0,0,[],0.174
power,c10_noise0,44,9000044,V5,0,0,0,0,[],0.369
power,c10_noise0,45,9000045,V6,0,0,0,0,[],0.189
power,c10_noise0,45,9000045,V5,0,0,0,0,[],0.331
power,c10_noise0,46,9000046,V6,0,0,0,0,[],0.185
power,c10_noise0,46,9000046,V5,0,0,0,0,[],0.373
power,c10_noise0,47,9000047,V6,0,0,0,0,[],0.197
power,c10_noise0,47,9000047,V5,0,0,0,0,[],0.364
power,c10_noise0,48,9000048,V6,0,0,0,0,[],0.161
power,c10_noise0,48,9000048,V5,1,1,1,0,"[[""a"", ""p""]]",0.407
power,c10_noise0,49,9000049,V6,0,0,0,0,[],0.196
power,c10_noise0,49,9000049,V5,0,0,0,0,[],0.376
power,c10_noise0,50,9000050,V6,0,0,0,0,[],0.171
power,c10_noise0,50,9000050,V5,0,0,0,0,[],0.402
power,c10_noise0,51,9000051,V6,0,0,0,0,[],0.189
power,c10_noise0,51,9000051,V5,0,0,0,0,[],0.396
power,c10_noise0,52,9000052,V6,0,0,0,0,[],0.166
power,c10_noise0,52,9000052,V5,0,0,0,0,[],0.39
power,c10_noise0,53,9000053,V6,0,0,0,0,[],0.202
power,c10_noise0,53,9000053,V5,0,0,0,0,[],0.368
power,c10_noise0,54,9000054,V6,1,1,1,0,"[[""a"", ""p""]]",0.164
power,c10_noise0,54,9000054,V5,1,1,1,0,"[[""a"", ""p""]]",0.371
power,c10_noise0,55,9000055,V6,0,0,0,0,[],0.185
power,c10_noise0,55,9000055,V5,0,0,0,0,[],0.382
power,c10_noise0,56,9000056,V6,1,1,1,0,"[[""a"", ""p""]]",0.204
power,c10_noise0,56,9000056,V5,1,1,1,0,"[[""a"", ""p""]]",0.371
power,c10_noise0,57,9000057,V6,0,0,0,0,[],0.201
power,c10_noise0,57,9000057,V5,0,0,0,0,[],0.354
power,c10_noise0,58,9000058,V6,0,0,0,0,[],0.213
power,c10_noise0,58,9000058,V5,0,0,0,0,[],0.37
power,c10_noise0,59,9000059,V6,0,0,0,0,[],0.205
power,c10_noise0,59,9000059,V5,0,0,0,0,[],0.33
power,c10_noise0,60,9000060,V6,0,0,0,0,[],0.18
power,c10_noise0,60,9000060,V5,0,0,0,0,[],0.368
power,c10_noise0,61,9000061,V6,0,0,0,0,[],0.222
power,c10_noise0,61,9000061,V5,0,0,0,0,[],0.341
power,c10_noise0,62,9000062,V6,0,0,0,0,[],0.212
power,c10_noise0,62,9000062,V5,0,0,0,0,[],0.32
power,c10_noise0,63,9000063,V6,0,0,0,0,[],0.174
power,c10_noise0,63,9000063,V5,0,0,0,0,[],0.403
power,c10_noise0,64,9000064,V6,0,0,0,0,[],0.205
power,c10_noise0,64,9000064,V5,0,0,0,0,[],0.359
power,c10_noise0,65,9000065,V6,0,0,0,0,[],0.192
power,c10_noise0,65,9000065,V5,0,0,0,0,[],0.363
power,c10_noise0,66,9000066,V6,0,0,0,0,[],0.207
power,c10_noise0,66,9000066,V5,0,0,0,0,[],0.35
power,c10_noise0,67,9000067,V6,0,0,0,0,[],0.188
power,c10_noise0,67,9000067,V5,0,0,0,0,[],0.368
power,c10_noise0,68,9000068,V6,0,0,0,0,[],0.189
power,c10_noise0,68,9000068,V5,0,0,0,0,[],0.384
power,c10_noise0,69,9000069,V6,0,0,0,0,[],0.193
power,c10_noise0,69,9000069,V5,0,0,0,0,[],0.327
power,c10_noise0,70,9000070,V6,0,0,0,0,[],0.205
power,c10_noise0,70,9000070,V5,0,0,0,0,[],0.348
power,c10_noise0,71,9000071,V6,0,0,0,0,[],0.156
power,c10_noise0,71,9000071,V5,0,0,0,0,[],0.391
power,c10_noise0,72,9000072,V6,0,0,0,0,[],0.184
power,c10_noise0,72,9000072,V5,0,0,0,0,[],0.351
power,c10_noise0,73,9000073,V6,0,0,0,0,[],0.2
power,c10_noise0,73,9000073,V5,0,0,0,0,[],0.317
power,c10_noise0,74,9000074,V6,0,0,0,0,[],0.212
power,c10_noise0,74,9000074,V5,0,0,0,0,[],0.341
power,c10_noise0,75,9000075,V6,0,0,0,0,[],0.187
power,c10_noise0,75,9000075,V5,0,0,0,0,[],0.408
power,c10_noise0,76,9000076,V6,0,0,0,0,[],0.174
power,c10_noise0,76,9000076,V5,0,0,0,0,[],0.37
power,c10_noise0,77,9000077,V6,0,0,0,0,[],0.171
power,c10_noise0,77,9000077,V5,0,0,0,0,[],0.344
power,c10_noise0,78,9000078,V6,0,0,0,0,[],0.188
power,c10_noise0,78,9000078,V5,0,0,0,0,[],0.32
power,c10_noise0,79,9000079,V6,0,0,0,0,[],0.182
power,c10_noise0,79,9000079,V5,0,0,0,0,[],0.368
power,c10_noise0,80,9000080,V6,0,0,0,0,[],0.184
power,c10_noise0,80,9000080,V5,0,0,0,0,[],0.343
power,c10_noise0,81,9000081,V6,0,0,0,0,[],0.207
power,c10_noise0,81,9000081,V5,0,0,0,0,[],0.406
power,c10_noise0,82,9000082,V6,0,0,0,0,[],0.183
power,c10_noise0,82,9000082,V5,0,0,0,0,[],0.413
power,c10_noise0,83,9000083,V6,0,0,0,0,[],0.17
power,c10_noise0,83,9000083,V5,0,0,0,0,[],0.366
power,c10_noise0,84,9000084,V6,0,0,0,0,[],0.189
power,c10_noise0,84,9000084,V5,0,0,0,0,[],0.385
power,c10_noise0,85,9000085,V6,1,1,1,0,"[[""a"", ""p""]]",0.195
power,c10_noise0,85,9000085,V5,1,1,1,0,"[[""a"", ""p""]]",0.356
power,c10_noise0,86,9000086,V6,0,0,0,0,[],0.21
power,c10_noise0,86,9000086,V5,0,0,0,0,[],0.338
power,c10_noise0,87,9000087,V6,0,0,0,0,[],0.204
power,c10_noise0,87,9000087,V5,0,0,0,0,[],0.372
power,c10_noise0,88,9000088,V6,0,0,0,0,[],0.199
power,c10_noise0,88,9000088,V5,0,0,0,0,[],0.352
power,c10_noise0,89,9000089,V6,0,0,0,0,[],0.195
power,c10_noise0,89,9000089,V5,0,0,0,0,[],0.319
power,c10_noise0,90,9000090,V6,0,0,0,0,[],0.142
power,c10_noise0,90,9000090,V5,0,0,0,0,[],0.368
power,c10_noise0,91,9000091,V6,0,0,0,0,[],0.24
power,c10_noise0,91,9000091,V5,0,0,0,0,[],0.388
power,c10_noise0,92,9000092,V6,0,0,0,0,[],0.217
power,c10_noise0,92,9000092,V5,0,0,0,0,[],0.431
power,c10_noise0,93,9000093,V6,0,0,0,0,[],0.202
power,c10_noise0,93,9000093,V5,0,0,0,0,[],0.356
power,c10_noise0,94,9000094,V6,0,0,0,0,[],0.185
power,c10_noise0,94,9000094,V5,0,0,0,0,[],0.343
power,c10_noise0,95,9000095,V6,0,0,0,0,[],0.177
power,c10_noise0,95,9000095,V5,0,0,0,0,[],0.328
power,c10_noise0,96,9000096,V6,0,0,0,0,[],0.188
power,c10_noise0,96,9000096,V5,0,0,0,0,[],0.366
power,c10_noise0,97,9000097,V6,0,0,0,0,[],0.166
power,c10_noise0,97,9000097,V5,0,0,0,0,[],0.37
power,c10_noise0,98,9000098,V6,0,0,0,0,[],0.191
power,c10_noise0,98,9000098,V5,0,0,0,0,[],0.337
power,c10_noise0,99,9000099,V6,0,0,0,0,[],0.196
power,c10_noise0,99,9000099,V5,0,0,0,0,[],0.386
power,c10_noise0,100,9000100,V6,0,0,0,0,[],0.226
power,c10_noise0,100,9000100,V5,0,0,0,0,[],0.423
power,c10_noise0,101,9000101,V6,0,0,0,0,[],0.212
power,c10_noise0,101,9000101,V5,0,0,0,0,[],0.418
power,c10_noise0,102,9000102,V6,0,0,0,0,[],0.166
power,c10_noise0,102,9000102,V5,0,0,0,0,[],0.412
power,c10_noise0,103,9000103,V6,0,0,0,0,[],0.167
power,c10_noise0,103,9000103,V5,0,0,0,0,[],0.398
power,c10_noise0,104,9000104,V6,0,0,0,0,[],0.183
power,c10_noise0,104,9000104,V5,0,0,0,0,[],0.429
power,c10_noise0,105,9000105,V6,0,0,0,0,[],0.176
power,c10_noise0,105,9000105,V5,0,0,0,0,[],0.398
power,c10_noise0,106,9000106,V6,0,0,0,0,[],0.159
power,c10_noise0,106,9000106,V5,0,0,0,0,[],0.399
power,c10_noise0,107,9000107,V6,0,0,0,0,[],0.155
power,c10_noise0,107,9000107,V5,0,0,0,0,[],0.393
power,c10_noise0,108,9000108,V6,0,0,0,0,[],0.16
power,c10_noise0,108,9000108,V5,0,0,0,0,[],0.456
power,c10_noise0,109,9000109,V6,0,0,0,0,[],0.225
power,c10_noise0,109,9000109,V5,1,1,1,0,"[[""a"", ""p""]]",0.377
power,c10_noise0,110,9000110,V6,0,0,0,0,[],0.217
power,c10_noise0,110,9000110,V5,0,0,0,0,[],0.483
power,c10_noise0,111,9000111,V6,0,0,0,0,[],0.183
power,c10_noise0,111,9000111,V5,0,0,0,0,[],0.442
power,c10_noise0,112,9000112,V6,0,0,0,0,[],0.184
power,c10_noise0,112,9000112,V5,0,0,0,0,[],0.443
power,c10_noise0,113,9000113,V6,0,0,0,0,[],0.152
power,c10_noise0,113,9000113,V5,0,0,0,0,[],0.403
power,c10_noise0,114,9000114,V6,0,0,0,0,[],0.176
power,c10_noise0,114,9000114,V5,0,0,0,0,[],0.423
power,c10_noise0,115,9000115,V6,0,0,0,0,[],0.191
power,c10_noise0,115,9000115,V5,0,0,0,0,[],0.41
power,c10_noise0,116,9000116,V6,0,0,0,0,[],0.211
power,c10_noise0,116,9000116,V5,0,0,0,0,[],0.414
power,c10_noise0,117,9000117,V6,0,0,0,0,[],0.215
power,c10_noise0,117,9000117,V5,0,0,0,0,[],0.423
power,c10_noise0,118,9000118,V6,0,0,0,0,[],0.209
power,c10_noise0,118,9000118,V5,0,0,0,0,[],0.387
power,c10_noise0,119,9000119,V6,0,0,0,0,[],0.162
power,c10_noise0,119,9000119,V5,0,0,0,0,[],0.418
power,c10_noise0,120,9000120,V6,0,0,0,0,[],0.203
power,c10_noise0,120,9000120,V5,0,0,0,0,[],0.418
power,c10_noise0,121,9000121,V6,0,0,0,0,[],0.203
power,c10_noise0,121,9000121,V5,0,0,0,0,[],0.389
power,c10_noise0,122,9000122,V6,0,0,0,0,[],0.18
power,c10_noise0,122,9000122,V5,0,0,0,0,[],0.345
power,c10_noise0,123,9000123,V6,0,0,0,0,[],0.2
power,c10_noise0,123,9000123,V5,0,0,0,0,[],0.409
power,c10_noise0,124,9000124,V6,0,0,0,0,[],0.216
power,c10_noise0,124,9000124,V5,0,0,0,0,[],0.371
power,c10_noise0,125,9000125,V6,0,0,0,0,[],0.154
power,c10_noise0,125,9000125,V5,0,0,0,0,[],0.383
power,c10_noise0,126,9000126,V6,0,0,0,0,[],0.17
power,c10_noise0,126,9000126,V5,0,0,0,0,[],0.401
power,c10_noise0,127,9000127,V6,0,0,0,0,[],0.21
power,c10_noise0,127,9000127,V5,0,0,0,0,[],0.471
power,c10_noise0,128,9000128,V6,0,0,0,0,[],0.202
power,c10_noise0,128,9000128,V5,0,0,0,0,[],0.348
power,c10_noise0,129,9000129,V6,0,0,0,0,[],0.186
power,c10_noise0,129,9000129,V5,0,0,0,0,[],0.388
power,c10_noise0,130,9000130,V6,0,0,0,0,[],0.292
power,c10_noise0,130,9000130,V5,0,0,0,0,[],0.41
power,c10_noise0,131,9000131,V6,0,0,0,0,[],0.193
power,c10_noise0,131,9000131,V5,0,0,0,0,[],0.433
power,c10_noise0,132,9000132,V6,0,0,0,0,[],0.248
power,c10_noise0,132,9000132,V5,0,0,0,0,[],0.454
power,c10_noise0,133,9000133,V6,0,0,0,0,[],0.263
power,c10_noise0,133,9000133,V5,0,0,0,0,[],0.425
power,c10_noise0,134,9000134,V6,0,0,0,0,[],0.241
power,c10_noise0,134,9000134,V5,0,0,0,0,[],0.434
power,c10_noise0,135,9000135,V6,0,0,0,0,[],0.312
power,c10_noise0,135,9000135,V5,0,0,0,0,[],0.403
power,c10_noise0,136,9000136,V6,0,0,0,0,[],0.29
power,c10_noise0,136,9000136,V5,0,0,0,0,[],0.415
power,c10_noise0,137,9000137,V6,0,0,0,0,[],0.227
power,c10_noise0,137,9000137,V5,0,0,0,0,[],0.414
power,c10_noise0,138,9000138,V6,1,1,1,0,"[[""a"", ""p""]]",0.218
power,c10_noise0,138,9000138,V5,0,0,0,0,[],0.449
power,c10_noise0,139,9000139,V6,0,0,0,0,[],0.242
power,c10_noise0,139,9000139,V5,1,1,1,0,"[[""a"", ""p""]]",0.372
power,c10_noise0,140,9000140,V6,0,0,0,0,[],0.179
power,c10_noise0,140,9000140,V5,0,0,0,0,[],0.367
power,c10_noise0,141,9000141,V6,0,0,0,0,[],0.218
power,c10_noise0,141,9000141,V5,0,0,0,0,[],0.396
power,c10_noise0,142,9000142,V6,0,0,0,0,[],0.211
power,c10_noise0,142,9000142,V5,0,0,0,0,[],0.385
power,c10_noise0,143,9000143,V6,0,0,0,0,[],0.188
power,c10_noise0,143,9000143,V5,0,0,0,0,[],0.378
power,c10_noise0,144,9000144,V6,0,0,0,0,[],0.207
power,c10_noise0,144,9000144,V5,0,0,0,0,[],0.355
power,c10_noise0,145,9000145,V6,0,0,0,0,[],0.173
power,c10_noise0,145,9000145,V5,0,0,0,0,[],0.366
power,c10_noise0,146,9000146,V6,0,0,0,0,[],0.192
power,c10_noise0,146,9000146,V5,0,0,0,0,[],0.37
power,c10_noise0,147,9000147,V6,0,0,0,0,[],0.212
power,c10_noise0,147,9000147,V5,0,0,0,0,[],0.359
power,c10_noise0,148,9000148,V6,0,0,0,0,[],0.181
power,c10_noise0,148,9000148,V5,0,0,0,0,[],0.344
power,c10_noise0,149,9000149,V6,0,0,0,0,[],0.214
power,c10_noise0,149,9000149,V5,0,0,0,0,[],0.395
power,c10_noise0,150,9000150,V6,0,0,0,0,[],0.203
power,c10_noise0,150,9000150,V5,0,0,0,0,[],0.413
power,c10_noise0,151,9000151,V6,0,0,0,0,[],0.232
power,c10_noise0,151,9000151,V5,0,0,0,0,[],0.396
power,c10_noise0,152,9000152,V6,0,0,0,0,[],0.229
power,c10_noise0,152,9000152,V5,0,0,0,0,[],0.39
power,c10_noise0,153,9000153,V6,0,0,0,0,[],0.229
power,c10_noise0,153,9000153,V5,0,0,0,0,[],0.417
power,c10_noise0,154,9000154,V6,0,0,0,0,[],0.248
power,c10_noise0,154,9000154,V5,0,0,0,0,[],0.37
power,c10_noise0,155,9000155,V6,0,0,0,0,[],0.221
power,c10_noise0,155,9000155,V5,0,0,0,0,[],0.34
power,c10_noise0,156,9000156,V6,0,0,0,0,[],0.246
power,c10_noise0,156,9000156,V5,0,0,0,0,[],0.37
power,c10_noise0,157,9000157,V6,0,0,0,0,[],0.245
power,c10_noise0,157,9000157,V5,0,0,0,0,[],0.365
power,c10_noise0,158,9000158,V6,0,0,0,0,[],0.232
power,c10_noise0,158,9000158,V5,0,0,0,0,[],0.354
power,c10_noise0,159,9000159,V6,0,0,0,0,[],0.267
power,c10_noise0,159,9000159,V5,0,0,0,0,[],0.412
power,c10_noise0,160,9000160,V6,0,0,0,0,[],0.189
power,c10_noise0,160,9000160,V5,0,0,0,0,[],0.421
power,c10_noise0,161,9000161,V6,0,0,0,0,[],0.214
power,c10_noise0,161,9000161,V5,0,0,0,0,[],0.356
power,c10_noise0,162,9000162,V6,0,0,0,0,[],0.204
power,c10_noise0,162,9000162,V5,0,0,0,0,[],0.317
power,c10_noise0,163,9000163,V6,0,0,0,0,[],0.187
power,c10_noise0,163,9000163,V5,0,0,0,0,[],0.378
power,c10_noise0,164,9000164,V6,0,0,0,0,[],0.234
power,c10_noise0,164,9000164,V5,0,0,0,0,[],0.388
power,c10_noise0,165,9000165,V6,0,0,0,0,[],0.218
power,c10_noise0,165,9000165,V5,0,0,0,0,[],0.375
power,c10_noise0,166,9000166,V6,0,0,0,0,[],0.195
power,c10_noise0,166,9000166,V5,0,0,0,0,[],0.381
power,c10_noise0,167,9000167,V6,0,0,0,0,[],0.21
power,c10_noise0,167,9000167,V5,0,0,0,0,[],0.394
power,c10_noise0,168,9000168,V6,0,0,0,0,[],0.198
power,c10_noise0,168,9000168,V5,0,0,0,0,[],0.389
power,c10_noise0,169,9000169,V6,0,0,0,0,[],0.16
power,c10_noise0,169,9000169,V5,0,0,0,0,[],0.413
power,c10_noise0,170,9000170,V6,0,0,0,0,[],0.197
power,c10_noise0,170,9000170,V5,0,0,0,0,[],0.431
power,c10_noise0,171,9000171,V6,0,0,0,0,[],0.192
power,c10_noise0,171,9000171,V5,0,0,0,0,[],0.395
power,c10_noise0,172,9000172,V6,0,0,0,0,[],0.188
power,c10_noise0,172,9000172,V5,0,0,0,0,[],0.407
power,c10_noise0,173,9000173,V6,0,0,0,0,[],0.167
power,c10_noise0,173,9000173,V5,0,0,0,0,[],0.424
power,c10_noise0,174,9000174,V6,0,0,0,0,[],0.192
power,c10_noise0,174,9000174,V5,0,0,0,0,[],0.367
power,c10_noise0,175,9000175,V6,0,0,0,0,[],0.188
power,c10_noise0,175,9000175,V5,0,0,0,0,[],0.384
power,c10_noise0,176,9000176,V6,0,0,0,0,[],0.205
power,c10_noise0,176,9000176,V5,0,0,0,0,[],0.425
power,c10_noise0,177,9000177,V6,0,0,0,0,[],0.198
power,c10_noise0,177,9000177,V5,0,0,0,0,[],0.382
power,c10_noise0,178,9000178,V6,0,0,0,0,[],0.183
power,c10_noise0,178,9000178,V5,0,0,0,0,[],0.379
power,c10_noise0,179,9000179,V6,0,0,0,0,[],0.212
power,c10_noise0,179,9000179,V5,0,0,0,0,[],0.37
power,c10_noise0,180,9000180,V6,0,0,0,0,[],0.176
power,c10_noise0,180,9000180,V5,0,0,0,0,[],0.329
power,c10_noise0,181,9000181,V6,0,0,0,0,[],0.194
power,c10_noise0,181,9000181,V5,0,0,0,0,[],0.382
power,c10_noise0,182,9000182,V6,0,0,0,0,[],0.153
power,c10_noise0,182,9000182,V5,0,0,0,0,[],0.395
power,c10_noise0,183,9000183,V6,0,0,0,0,[],0.2
power,c10_noise0,183,9000183,V5,0,0,0,0,[],0.395
power,c10_noise0,184,9000184,V6,0,0,0,0,[],0.2
power,c10_noise0,184,9000184,V5,0,0,0,0,[],0.394
power,c10_noise0,185,9000185,V6,0,0,0,0,[],0.199
power,c10_noise0,185,9000185,V5,0,0,0,0,[],0.415
power,c10_noise0,186,9000186,V6,0,0,0,0,[],0.211
power,c10_noise0,186,9000186,V5,0,0,0,0,[],0.366
power,c10_noise0,187,9000187,V6,0,0,0,0,[],0.175
power,c10_noise0,187,9000187,V5,1,1,0,1,"[[""z1""]]",0.319
power,c10_noise0,188,9000188,V6,0,0,0,0,[],0.209
power,c10_noise0,188,9000188,V5,1,1,1,0,"[[""a"", ""p""]]",0.412
power,c10_noise0,189,9000189,V6,0,0,0,0,[],0.177
power,c10_noise0,189,9000189,V5,0,0,0,0,[],0.362
power,c10_noise0,190,9000190,V6,0,0,0,0,[],0.186
power,c10_noise0,190,9000190,V5,0,0,0,0,[],0.373
power,c10_noise0,191,9000191,V6,0,0,0,0,[],0.182
power,c10_noise0,191,9000191,V5,0,0,0,0,[],0.374
power,c10_noise0,192,9000192,V6,0,0,0,0,[],0.192
power,c10_noise0,192,9000192,V5,0,0,0,0,[],0.393
power,c10_noise0,193,9000193,V6,0,0,0,0,[],0.165
power,c10_noise0,193,9000193,V5,0,0,0,0,[],0.403
power,c10_noise0,194,9000194,V6,0,0,0,0,[],0.189
power,c10_noise0,194,9000194,V5,0,0,0,0,[],0.377
power,c10_noise0,195,9000195,V6,0,0,0,0,[],0.201
power,c10_noise0,195,9000195,V5,0,0,0,0,[],0.38
power,c10_noise0,196,9000196,V6,0,0,0,0,[],0.181
power,c10_noise0,196,9000196,V5,0,0,0,0,[],0.314
power,c10_noise0,197,9000197,V6,0,0,0,0,[],0.16
power,c10_noise0,197,9000197,V5,0,0,0,0,[],0.342
power,c10_noise0,198,9000198,V6,0,0,0,0,[],0.212
power,c10_noise0,198,9000198,V5,0,0,0,0,[],0.37
power,c10_noise0,199,9000199,V6,0,0,0,0,[],0.219
power,c10_noise0,199,9000199,V5,0,0,0,0,[],0.368
power,c10_noise0,200,9000200,V6,0,0,0,0,[],0.154
power,c10_noise0,200,9000200,V5,0,0,0,0,[],0.409
power,c10_noise0,201,9000201,V6,0,0,0,0,[],0.167
power,c10_noise0,201,9000201,V5,0,0,0,0,[],0.425
power,c10_noise0,202,9000202,V6,0,0,0,0,[],0.159
power,c10_noise0,202,9000202,V5,0,0,0,0,[],0.399
power,c10_noise0,203,9000203,V6,0,0,0,0,[],0.197
power,c10_noise0,203,9000203,V5,0,0,0,0,[],0.472
power,c10_noise0,204,9000204,V6,0,0,0,0,[],0.16
power,c10_noise0,204,9000204,V5,0,0,0,0,[],0.432
power,c10_noise0,205,9000205,V6,1,1,1,0,"[[""a"", ""p""]]",0.192
power,c10_noise0,205,9000205,V5,1,1,1,0,"[[""a"", ""p""]]",0.412
power,c10_noise0,206,9000206,V6,0,0,0,0,[],0.181
power,c10_noise0,206,9000206,V5,0,0,0,0,[],0.446
power,c10_noise0,207,9000207,V6,1,1,0,1,"[[""z2""]]",0.189
power,c10_noise0,207,9000207,V5,1,1,0,1,"[[""z2""]]",0.453
power,c10_noise0,208,9000208,V6,0,0,0,0,[],0.161
power,c10_noise0,208,9000208,V5,0,0,0,0,[],0.493
power,c10_noise0,209,9000209,V6,0,0,0,0,[],0.22
power,c10_noise0,209,9000209,V5,0,0,0,0,[],0.559
power,c10_noise0,210,9000210,V6,0,0,0,0,[],0.281
power,c10_noise0,210,9000210,V5,0,0,0,0,[],0.407
power,c10_noise0,211,9000211,V6,0,0,0,0,[],0.301
power,c10_noise0,211,9000211,V5,0,0,0,0,[],0.386
power,c10_noise0,212,9000212,V6,0,0,0,0,[],0.268
power,c10_noise0,212,9000212,V5,0,0,0,0,[],0.368
power,c10_noise0,213,9000213,V6,0,0,0,0,[],0.267
power,c10_noise0,213,9000213,V5,0,0,0,0,[],0.361
power,c10_noise0,214,9000214,V6,0,0,0,0,[],0.229
power,c10_noise0,214,9000214,V5,0,0,0,0,[],0.406
power,c10_noise0,215,9000215,V6,0,0,0,0,[],0.256
power,c10_noise0,215,9000215,V5,0,0,0,0,[],0.347
power,c10_noise0,216,9000216,V6,0,0,0,0,[],0.29
power,c10_noise0,216,9000216,V5,0,0,0,0,[],0.362
power,c10_noise0,217,9000217,V6,0,0,0,0,[],0.264
power,c10_noise0,217,9000217,V5,0,0,0,0,[],0.385
power,c10_noise0,218,9000218,V6,0,0,0,0,[],0.246
power,c10_noise0,218,9000218,V5,0,0,0,0,[],0.396
power,c10_noise0,219,9000219,V6,0,0,0,0,[],0.193
power,c10_noise0,219,9000219,V5,0,0,0,0,[],0.347
power,c10_noise0,220,9000220,V6,0,0,0,0,[],0.203
power,c10_noise0,220,9000220,V5,1,1,1,0,"[[""a"", ""p""]]",0.448
power,c10_noise0,221,9000221,V6,0,0,0,0,[],0.187
power,c10_noise0,221,9000221,V5,0,0,0,0,[],0.443
power,c10_noise0,222,9000222,V6,0,0,0,0,[],0.197
power,c10_noise0,222,9000222,V5,0,0,0,0,[],0.422
power,c10_noise0,223,9000223,V6,1,1,1,0,"[[""a"", ""p""]]",0.211
power,c10_noise0,223,9000223,V5,1,1,1,0,"[[""a"", ""p""]]",0.417
power,c10_noise0,224,9000224,V6,0,0,0,0,[],0.194
power,c10_noise0,224,9000224,V5,0,0,0,0,[],0.455
power,c10_noise0,225,9000225,V6,0,0,0,0,[],0.197
power,c10_noise0,225,9000225,V5,1,1,1,0,"[[""a"", ""p""]]",0.428
power,c10_noise0,226,9000226,V6,0,0,0,0,[],0.177
power,c10_noise0,226,9000226,V5,0,0,0,0,[],0.436
power,c10_noise0,227,9000227,V6,0,0,0,0,[],0.186
power,c10_noise0,227,9000227,V5,0,0,0,0,[],0.402
power,c10_noise0,228,9000228,V6,0,0,0,0,[],0.228
power,c10_noise0,228,9000228,V5,0,0,0,0,[],0.343
power,c10_noise0,229,9000229,V6,0,0,0,0,[],0.283
power,c10_noise0,229,9000229,V5,0,0,0,0,[],0.325
power,c10_noise0,230,9000230,V6,0,0,0,0,[],0.222
power,c10_noise0,230,9000230,V5,0,0,0,0,[],0.367
power,c10_noise0,231,9000231,V6,0,0,0,0,[],0.21
power,c10_noise0,231,9000231,V5,0,0,0,0,[],0.356
power,c10_noise0,232,9000232,V6,0,0,0,0,[],0.192
power,c10_noise0,232,9000232,V5,0,0,0,0,[],0.385
power,c10_noise0,233,9000233,V6,0,0,0,0,[],0.199
power,c10_noise0,233,9000233,V5,0,0,0,0,[],0.37
power,c10_noise0,234,9000234,V6,0,0,0,0,[],0.209
power,c10_noise0,234,9000234,V5,0,0,0,0,[],0.369
power,c10_noise0,235,9000235,V6,0,0,0,0,[],0.203
power,c10_noise0,235,9000235,V5,0,0,0,0,[],0.399
power,c10_noise0,236,9000236,V6,0,0,0,0,[],0.162
power,c10_noise0,236,9000236,V5,0,0,0,0,[],0.37
power,c10_noise0,237,9000237,V6,0,0,0,0,[],0.195
power,c10_noise0,237,9000237,V5,0,0,0,0,[],0.369
power,c10_noise0,238,9000238,V6,0,0,0,0,[],0.185
power,c10_noise0,238,9000238,V5,0,0,0,0,[],0.353
power,c10_noise0,239,9000239,V6,0,0,0,0,[],0.177
power,c10_noise0,239,9000239,V5,0,0,0,0,[],0.39
power,c10_noise0,240,9000240,V6,0,0,0,0,[],0.201
power,c10_noise0,240,9000240,V5,0,0,0,0,[],0.335
power,c10_noise0,241,9000241,V6,0,0,0,0,[],0.176
power,c10_noise0,241,9000241,V5,0,0,0,0,[],0.408
power,c10_noise0,242,9000242,V6,0,0,0,0,[],0.212
power,c10_noise0,242,9000242,V5,0,0,0,0,[],0.415
power,c10_noise0,243,9000243,V6,0,0,0,0,[],0.21
power,c10_noise0,243,9000243,V5,0,0,0,0,[],0.384
power,c10_noise0,244,9000244,V6,0,0,0,0,[],0.231
power,c10_noise0,244,9000244,V5,0,0,0,0,[],0.395
power,c10_noise0,245,9000245,V6,0,0,0,0,[],0.196
power,c10_noise0,245,9000245,V5,0,0,0,0,[],0.389
power,c10_noise0,246,9000246,V6,0,0,0,0,[],0.199
power,c10_noise0,246,9000246,V5,0,0,0,0,[],0.327
power,c10_noise0,247,9000247,V6,0,0,0,0,[],0.167
power,c10_noise0,247,9000247,V5,0,0,0,0,[],0.371
power,c10_noise0,248,9000248,V6,0,0,0,0,[],0.201
power,c10_noise0,248,9000248,V5,0,0,0,0,[],0.348
power,c10_noise0,249,9000249,V6,0,0,0,0,[],0.178
power,c10_noise0,249,9000249,V5,0,0,0,0,[],0.391
power,c10_noise0,250,9000250,V6,0,0,0,0,[],0.205
power,c10_noise0,250,9000250,V5,0,0,0,0,[],0.312
power,c10_noise0,251,9000251,V6,0,0,0,0,[],0.193
power,c10_noise0,251,9000251,V5,0,0,0,0,[],0.382
power,c10_noise0,252,9000252,V6,0,0,0,0,[],0.179
power,c10_noise0,252,9000252,V5,0,0,0,0,[],0.367
power,c10_noise0,253,9000253,V6,0,0,0,0,[],0.214
power,c10_noise0,253,9000253,V5,0,0,0,0,[],0.361
power,c10_noise0,254,9000254,V6,0,0,0,0,[],0.16
power,c10_noise0,254,9000254,V5,0,0,0,0,[],0.384
power,c10_noise0,255,9000255,V6,0,0,0,0,[],0.163
power,c10_noise0,255,9000255,V5,0,0,0,0,[],0.336
power,c10_noise0,256,9000256,V6,0,0,0,0,[],0.186
power,c10_noise0,256,9000256,V5,0,0,0,0,[],0.41
power,c10_noise0,257,9000257,V6,0,0,0,0,[],0.203
power,c10_noise0,257,9000257,V5,0,0,0,0,[],0.382
power,c10_noise0,258,9000258,V6,0,0,0,0,[],0.174
power,c10_noise0,258,9000258,V5,0,0,0,0,[],0.359
power,c10_noise0,259,9000259,V6,1,1,1,0,"[[""a"", ""p""]]",0.173
power,c10_noise0,259,9000259,V5,1,1,1,0,"[[""a"", ""p""]]",0.39
power,c10_noise0,260,9000260,V6,0,0,0,0,[],0.155
power,c10_noise0,260,9000260,V5,0,0,0,0,[],0.351
power,c10_noise0,261,9000261,V6,0,0,0,0,[],0.172
power,c10_noise0,261,9000261,V5,0,0,0,0,[],0.367
power,c10_noise0,262,9000262,V6,0,0,0,0,[],0.188
power,c10_noise0,262,9000262,V5,0,0,0,0,[],0.374
power,c10_noise0,263,9000263,V6,0,0,0,0,[],0.224
power,c10_noise0,263,9000263,V5,0,0,0,0,[],0.353
power,c10_noise0,264,9000264,V6,0,0,0,0,[],0.195
power,c10_noise0,264,9000264,V5,0,0,0,0,[],0.378
power,c10_noise0,265,9000265,V6,0,0,0,0,[],0.225
power,c10_noise0,265,9000265,V5,0,0,0,0,[],0.396
power,c10_noise0,266,9000266,V6,0,0,0,0,[],0.221
power,c10_noise0,266,9000266,V5,0,0,0,0,[],0.33
power,c10_noise0,267,9000267,V6,0,0,0,0,[],0.189
power,c10_noise0,267,9000267,V5,0,0,0,0,[],0.413
power,c10_noise0,268,9000268,V6,0,0,0,0,[],0.17
power,c10_noise0,268,9000268,V5,0,0,0,0,[],0.342
power,c10_noise0,269,9000269,V6,0,0,0,0,[],0.199
power,c10_noise0,269,9000269,V5,0,0,0,0,[],0.51
power,c10_noise0,270,9000270,V6,0,0,0,0,[],0.156
power,c10_noise0,270,9000270,V5,0,0,0,0,[],0.458
power,c10_noise0,271,9000271,V6,0,0,0,0,[],0.183
power,c10_noise0,271,9000271,V5,0,0,0,0,[],0.462
power,c10_noise0,272,9000272,V6,1,1,0,1,"[[""x3""]]",0.28
power,c10_noise0,272,9000272,V5,0,0,0,0,[],0.49
power,c10_noise0,273,9000273,V6,0,0,0,0,[],0.211
power,c10_noise0,273,9000273,V5,0,0,0,0,[],0.49
power,c10_noise0,274,9000274,V6,0,0,0,0,[],0.235
power,c10_noise0,274,9000274,V5,0,0,0,0,[],0.436
power,c10_noise0,275,9000275,V6,0,0,0,0,[],0.263
power,c10_noise0,275,9000275,V5,0,0,0,0,[],0.433
power,c10_noise0,276,9000276,V6,0,0,0,0,[],0.332
power,c10_noise0,276,9000276,V5,0,0,0,0,[],0.407
power,c10_noise0,277,9000277,V6,0,0,0,0,[],0.329
power,c10_noise0,277,9000277,V5,0,0,0,0,[],0.406
power,c10_noise0,278,9000278,V6,0,0,0,0,[],0.307
power,c10_noise0,278,9000278,V5,0,0,0,0,[],0.412
power,c10_noise0,279,9000279,V6,0,0,0,0,[],0.199
power,c10_noise0,279,9000279,V5,0,0,0,0,[],0.401
power,c10_noise0,280,9000280,V6,0,0,0,0,[],0.2
power,c10_noise0,280,9000280,V5,0,0,0,0,[],0.416
power,c10_noise0,281,9000281,V6,0,0,0,0,[],0.183
power,c10_noise0,281,9000281,V5,0,0,0,0,[],0.411
power,c10_noise0,282,9000282,V6,0,0,0,0,[],0.204
power,c10_noise0,282,9000282,V5,0,0,0,0,[],0.353
power,c10_noise0,283,9000283,V6,0,0,0,0,[],0.192
power,c10_noise0,283,9000283,V5,0,0,0,0,[],0.355
power,c10_noise0,284,9000284,V6,0,0,0,0,[],0.202
power,c10_noise0,284,9000284,V5,0,0,0,0,[],0.361
power,c10_noise0,285,9000285,V6,0,0,0,0,[],0.208
power,c10_noise0,285,9000285,V5,0,0,0,0,[],0.366
power,c10_noise0,286,9000286,V6,0,0,0,0,[],0.163
power,c10_noise0,286,9000286,V5,0,0,0,0,[],0.385
power,c10_noise0,287,9000287,V6,0,0,0,0,[],0.224
power,c10_noise0,287,9000287,V5,1,1,1,0,"[[""a"", ""p""]]",0.4
power,c10_noise0,288,9000288,V6,0,0,0,0,[],0.184
power,c10_noise0,288,9000288,V5,0,0,0,0,[],0.387
power,c10_noise0,289,9000289,V6,0,0,0,0,[],0.165
power,c10_noise0,289,9000289,V5,0,0,0,0,[],0.358
power,c10_noise0,290,9000290,V6,0,0,0,0,[],0.193
power,c10_noise0,290,9000290,V5,0,0,0,0,[],0.384
power,c10_noise0,291,9000291,V6,0,0,0,0,[],0.178
power,c10_noise0,291,9000291,V5,0,0,0,0,[],0.37
power,c10_noise0,292,9000292,V6,0,0,0,0,[],0.195
power,c10_noise0,292,9000292,V5,0,0,0,0,[],0.324
power,c10_noise0,293,9000293,V6,0,0,0,0,[],0.224
power,c10_noise0,293,9000293,V5,0,0,0,0,[],0.373
power,c10_noise0,294,9000294,V6,0,0,0,0,[],0.203
power,c10_noise0,294,9000294,V5,0,0,0,0,[],0.377
power,c10_noise0,295,9000295,V6,0,0,0,0,[],0.154
power,c10_noise0,295,9000295,V5,0,0,0,0,[],0.38
power,c10_noise0,296,9000296,V6,0,0,0,0,[],0.168
power,c10_noise0,296,9000296,V5,0,0,0,0,[],0.383
power,c10_noise0,297,9000297,V6,0,0,0,0,[],0.193
power,c10_noise0,297,9000297,V5,0,0,0,0,[],0.34
power,c10_noise0,298,9000298,V6,0,0,0,0,[],0.19
power,c10_noise0,298,9000298,V5,0,0,0,0,[],0.357
power,c10_noise0,299,9000299,V6,0,0,0,0,[],0.185
power,c10_noise0,299,9000299,V5,0,0,0,0,[],0.386
power,c10_noise0,300,9000300,V6,0,0,0,0,[],0.184
power,c10_noise0,300,9000300,V5,0,0,0,0,[],0.387
power,c10_noise0,301,9000301,V6,0,0,0,0,[],0.17
power,c10_noise0,301,9000301,V5,0,0,0,0,[],0.357
power,c10_noise0,302,9000302,V6,0,0,0,0,[],0.194
power,c10_noise0,302,9000302,V5,0,0,0,0,[],0.357
power,c10_noise0,303,9000303,V6,0,0,0,0,[],0.162
power,c10_noise0,303,9000303,V5,0,0,0,0,[],0.329
power,c10_noise0,304,9000304,V6,0,0,0,0,[],0.194
power,c10_noise0,304,9000304,V5,0,0,0,0,[],0.322
power,c10_noise0,305,9000305,V6,0,0,0,0,[],0.159
power,c10_noise0,305,9000305,V5,1,1,1,0,"[[""a"", ""p""]]",0.343
power,c10_noise0,306,9000306,V6,0,0,0,0,[],0.17
power,c10_noise0,306,9000306,V5,0,0,0,0,[],0.336
power,c10_noise0,307,9000307,V6,0,0,0,0,[],0.168
power,c10_noise0,307,9000307,V5,0,0,0,0,[],0.3
power,c10_noise0,308,9000308,V6,0,0,0,0,[],0.181
power,c10_noise0,308,9000308,V5,0,0,0,0,[],0.375
power,c10_noise0,309,9000309,V6,0,0,0,0,[],0.163
power,c10_noise0,309,9000309,V5,0,0,0,0,[],0.392
power,c10_noise0,310,9000310,V6,0,0,0,0,[],0.185
power,c10_noise0,310,9000310,V5,0,0,0,0,[],0.351
power,c10_noise0,311,9000311,V6,0,0,0,0,[],0.174
power,c10_noise0,311,9000311,V5,0,0,0,0,[],0.331
power,c10_noise0,312,9000312,V6,0,0,0,0,[],0.148
power,c10_noise0,312,9000312,V5,0,0,0,0,[],0.347
power,c10_noise0,313,9000313,V6,0,0,0,0,[],0.185
power,c10_noise0,313,9000313,V5,0,0,0,0,[],0.37
power,c10_noise0,314,9000314,V6,0,0,0,0,[],0.192
power,c10_noise0,314,9000314,V5,0,0,0,0,[],0.351
power,c10_noise0,315,9000315,V6,0,0,0,0,[],0.187
power,c10_noise0,315,9000315,V5,0,0,0,0,[],0.353
power,c10_noise0,316,9000316,V6,0,0,0,0,[],0.148
power,c10_noise0,316,9000316,V5,0,0,0,0,[],0.395
power,c10_noise0,317,9000317,V6,0,0,0,0,[],0.163
power,c10_noise0,317,9000317,V5,0,0,0,0,[],0.345
power,c10_noise0,318,9000318,V6,0,0,0,0,[],0.187
power,c10_noise0,318,9000318,V5,0,0,0,0,[],0.421
power,c10_noise0,319,9000319,V6,0,0,0,0,[],0.223
power,c10_noise0,319,9000319,V5,0,0,0,0,[],0.509
power,c10_noise0,320,9000320,V6,0,0,0,0,[],0.185
power,c10_noise0,320,9000320,V5,0,0,0,0,[],0.475
power,c10_noise0,321,9000321,V6,1,1,1,0,"[[""a"", ""p""]]",0.174
power,c10_noise0,321,9000321,V5,1,1,1,0,"[[""a"", ""p""]]",0.454
power,c10_noise0,322,9000322,V6,0,0,0,0,[],0.224
power,c10_noise0,322,9000322,V5,0,0,0,0,[],0.455
power,c10_noise0,323,9000323,V6,0,0,0,0,[],0.228
power,c10_noise0,323,9000323,V5,0,0,0,0,[],0.432
power,c10_noise0,324,9000324,V6,0,0,0,0,[],0.233
power,c10_noise0,324,9000324,V5,0,0,0,0,[],0.482
power,c10_noise0,325,9000325,V6,0,0,0,0,[],0.227
power,c10_noise0,325,9000325,V5,0,0,0,0,[],0.454
power,c10_noise0,326,9000326,V6,0,0,0,0,[],0.242
power,c10_noise0,326,9000326,V5,0,0,0,0,[],0.464
power,c10_noise0,327,9000327,V6,0,0,0,0,[],0.26
power,c10_noise0,327,9000327,V5,1,1,0,1,"[[""x5""]]",0.492
power,c10_noise0,328,9000328,V6,0,0,0,0,[],0.251
power,c10_noise0,328,9000328,V5,0,0,0,0,[],0.464
power,c10_noise0,329,9000329,V6,0,0,0,0,[],0.235
power,c10_noise0,329,9000329,V5,0,0,0,0,[],0.472
power,c10_noise0,330,9000330,V6,0,0,0,0,[],0.195
power,c10_noise0,330,9000330,V5,1,1,1,0,"[[""a"", ""p""]]",0.468
power,c10_noise0,331,9000331,V6,0,0,0,0,[],0.256
power,c10_noise0,331,9000331,V5,0,0,0,0,[],0.402
power,c10_noise0,332,9000332,V6,0,0,0,0,[],0.244
power,c10_noise0,332,9000332,V5,0,0,0,0,[],0.458
power,c10_noise0,333,9000333,V6,0,0,0,0,[],0.249
power,c10_noise0,333,9000333,V5,0,0,0,0,[],0.46
power,c10_noise0,334,9000334,V6,0,0,0,0,[],0.272
power,c10_noise0,334,9000334,V5,0,0,0,0,[],0.447
power,c10_noise0,335,9000335,V6,0,0,0,0,[],0.269
power,c10_noise0,335,9000335,V5,0,0,0,0,[],0.404
power,c10_noise0,336,9000336,V6,0,0,0,0,[],0.231
power,c10_noise0,336,9000336,V5,0,0,0,0,[],0.411
power,c10_noise0,337,9000337,V6,0,0,0,0,[],0.267
power,c10_noise0,337,9000337,V5,0,0,0,0,[],0.423
power,c10_noise0,338,9000338,V6,0,0,0,0,[],0.232
power,c10_noise0,338,9000338,V5,0,0,0,0,[],0.408
power,c10_noise0,339,9000339,V6,0,0,0,0,[],0.203
power,c10_noise0,339,9000339,V5,0,0,0,0,[],0.396
power,c10_noise0,340,9000340,V6,0,0,0,0,[],0.184
power,c10_noise0,340,9000340,V5,0,0,0,0,[],0.424
power,c10_noise0,341,9000341,V6,0,0,0,0,[],0.209
power,c10_noise0,341,9000341,V5,0,0,0,0,[],0.405
power,c10_noise0,342,9000342,V6,0,0,0,0,[],0.213
power,c10_noise0,342,9000342,V5,0,0,0,0,[],0.444
power,c10_noise0,343,9000343,V6,0,0,0,0,[],0.207
power,c10_noise0,343,9000343,V5,0,0,0,0,[],0.395
power,c10_noise0,344,9000344,V6,0,0,0,0,[],0.225
power,c10_noise0,344,9000344,V5,0,0,0,0,[],0.386
power,c10_noise0,345,9000345,V6,0,0,0,0,[],0.246
power,c10_noise0,345,9000345,V5,0,0,0,0,[],0.362
power,c10_noise0,346,9000346,V6,0,0,0,0,[],0.232
power,c10_noise0,346,9000346,V5,0,0,0,0,[],0.351
power,c10_noise0,347,9000347,V6,0,0,0,0,[],0.204
power,c10_noise0,347,9000347,V5,0,0,0,0,[],0.365
power,c10_noise0,348,9000348,V6,0,0,0,0,[],0.181
power,c10_noise0,348,9000348,V5,0,0,0,0,[],0.378
power,c10_noise0,349,9000349,V6,0,0,0,0,[],0.164
power,c10_noise0,349,9000349,V5,0,0,0,0,[],0.386
power,c10_noise0,350,9000350,V6,0,0,0,0,[],0.226
power,c10_noise0,350,9000350,V5,0,0,0,0,[],0.43
power,c10_noise0,351,9000351,V6,1,1,0,1,"[[""x2""]]",0.171
power,c10_noise0,351,9000351,V5,1,1,0,1,"[[""x2""]]",0.427
power,c10_noise0,352,9000352,V6,0,0,0,0,[],0.178
power,c10_noise0,352,9000352,V5,0,0,0,0,[],0.41
power,c10_noise0,353,9000353,V6,0,0,0,0,[],0.165
power,c10_noise0,353,9000353,V5,0,0,0,0,[],0.418
power,c10_noise0,354,9000354,V6,0,0,0,0,[],0.239
power,c10_noise0,354,9000354,V5,0,0,0,0,[],0.419
power,c10_noise0,355,9000355,V6,0,0,0,0,[],0.221
power,c10_noise0,355,9000355,V5,0,0,0,0,[],0.435
power,c10_noise0,356,9000356,V6,0,0,0,0,[],0.197
power,c10_noise0,356,9000356,V5,1,1,1,0,"[[""a"", ""p""]]",0.413
power,c10_noise0,357,9000357,V6,0,0,0,0,[],0.195
power,c10_noise0,357,9000357,V5,0,0,0,0,[],0.378
power,c10_noise0,358,9000358,V6,0,0,0,0,[],0.207
power,c10_noise0,358,9000358,V5,0,0,0,0,[],0.359
power,c10_noise0,359,9000359,V6,0,0,0,0,[],0.194
power,c10_noise0,359,9000359,V5,0,0,0,0,[],0.334
power,c10_noise0,360,9000360,V6,1,1,0,1,"[[""z5""]]",0.202
power,c10_noise0,360,9000360,V5,1,1,0,1,"[[""z5""]]",0.397
power,c10_noise0,361,9000361,V6,0,0,0,0,[],0.175
power,c10_noise0,361,9000361,V5,0,0,0,0,[],0.374
power,c10_noise0,362,9000362,V6,0,0,0,0,[],0.202
power,c10_noise0,362,9000362,V5,0,0,0,0,[],0.376
power,c10_noise0,363,9000363,V6,0,0,0,0,[],0.196
power,c10_noise0,363,9000363,V5,0,0,0,0,[],0.397
power,c10_noise0,364,9000364,V6,0,0,0,0,[],0.182
power,c10_noise0,364,9000364,V5,0,0,0,0,[],0.392
power,c10_noise0,365,9000365,V6,0,0,0,0,[],0.218
power,c10_noise0,365,9000365,V5,0,0,0,0,[],0.397
power,c10_noise0,366,9000366,V6,0,0,0,0,[],0.159
power,c10_noise0,366,9000366,V5,0,0,0,0,[],0.377
power,c10_noise0,367,9000367,V6,0,0,0,0,[],0.214
power,c10_noise0,367,9000367,V5,0,0,0,0,[],0.382
power,c10_noise0,368,9000368,V6,0,0,0,0,[],0.174
power,c10_noise0,368,9000368,V5,0,0,0,0,[],0.363
power,c10_noise0,369,9000369,V6,0,0,0,0,[],0.185
power,c10_noise0,369,9000369,V5,0,0,0,0,[],0.389
power,c10_noise0,370,9000370,V6,0,0,0,0,[],0.168
power,c10_noise0,370,9000370,V5,0,0,0,0,[],0.381
power,c10_noise0,371,9000371,V6,0,0,0,0,[],0.214
power,c10_noise0,371,9000371,V5,0,0,0,0,[],0.372
power,c10_noise0,372,9000372,V6,0,0,0,0,[],0.219
power,c10_noise0,372,9000372,V5,0,0,0,0,[],0.39
power,c10_noise0,373,9000373,V6,0,0,0,0,[],0.181
power,c10_noise0,373,9000373,V5,0,0,0,0,[],0.395
power,c10_noise0,374,9000374,V6,0,0,0,0,[],0.197
power,c10_noise0,374,9000374,V5,0,0,0,0,[],0.351
power,c10_noise0,375,9000375,V6,0,0,0,0,[],0.217
power,c10_noise0,375,9000375,V5,0,0,0,0,[],0.395
power,c10_noise0,376,9000376,V6,0,0,0,0,[],0.176
power,c10_noise0,376,9000376,V5,0,0,0,0,[],0.397
power,c10_noise0,377,9000377,V6,0,0,0,0,[],0.204
power,c10_noise0,377,9000377,V5,0,0,0,0,[],0.391
power,c10_noise0,378,9000378,V6,0,0,0,0,[],0.17
power,c10_noise0,378,9000378,V5,0,0,0,0,[],0.418
power,c10_noise0,379,9000379,V6,0,0,0,0,[],0.176
power,c10_noise0,379,9000379,V5,0,0,0,0,[],0.359
power,c10_noise0,380,9000380,V6,0,0,0,0,[],0.18
power,c10_noise0,380,9000380,V5,0,0,0,0,[],0.404
power,c10_noise0,381,9000381,V6,0,0,0,0,[],0.194
power,c10_noise0,381,9000381,V5,0,0,0,0,[],0.401
power,c10_noise0,382,9000382,V6,0,0,0,0,[],0.205
power,c10_noise0,382,9000382,V5,0,0,0,0,[],0.468
power,c10_noise0,383,9000383,V6,0,0,0,0,[],0.203
power,c10_noise0,383,9000383,V5,0,0,0,0,[],0.401
power,c10_noise0,384,9000384,V6,1,1,1,0,"[[""a"", ""p""]]",0.22
power,c10_noise0,384,9000384,V5,1,1,1,0,"[[""a"", ""p""]]",0.401
power,c10_noise0,385,9000385,V6,0,0,0,0,[],0.172
power,c10_noise0,385,9000385,V5,0,0,0,0,[],0.469
power,c10_noise0,386,9000386,V6,0,0,0,0,[],0.2
power,c10_noise0,386,9000386,V5,0,0,0,0,[],0.416
power,c10_noise0,387,9000387,V6,0,0,0,0,[],0.168
power,c10_noise0,387,9000387,V5,0,0,0,0,[],0.396
power,c10_noise0,388,9000388,V6,0,0,0,0,[],0.237
power,c10_noise0,388,9000388,V5,0,0,0,0,[],0.395
power,c10_noise0,389,9000389,V6,0,0,0,0,[],0.193
power,c10_noise0,389,9000389,V5,0,0,0,0,[],0.445
power,c10_noise0,390,9000390,V6,0,0,0,0,[],0.243
power,c10_noise0,390,9000390,V5,1,1,0,1,"[[""x4""]]",0.386
power,c10_noise0,391,9000391,V6,0,0,0,0,[],0.207
power,c10_noise0,391,9000391,V5,0,0,0,0,[],0.388
power,c10_noise0,392,9000392,V6,0,0,0,0,[],0.184
power,c10_noise0,392,9000392,V5,0,0,0,0,[],0.375
power,c10_noise0,393,9000393,V6,0,0,0,0,[],0.18
power,c10_noise0,393,9000393,V5,0,0,0,0,[],0.33
power,c10_noise0,394,9000394,V6,0,0,0,0,[],0.166
power,c10_noise0,394,9000394,V5,0,0,0,0,[],0.37
power,c10_noise0,395,9000395,V6,0,0,0,0,[],0.189
power,c10_noise0,395,9000395,V5,0,0,0,0,[],0.338
power,c10_noise0,396,9000396,V6,0,0,0,0,[],0.203
power,c10_noise0,396,9000396,V5,0,0,0,0,[],0.378
power,c10_noise0,397,9000397,V6,0,0,0,0,[],0.189
power,c10_noise0,397,9000397,V5,0,0,0,0,[],0.413
power,c10_noise0,398,9000398,V6,0,0,0,0,[],0.16
power,c10_noise0,398,9000398,V5,0,0,0,0,[],0.353
power,c10_noise0,399,9000399,V6,0,0,0,0,[],0.188
power,c10_noise0,399,9000399,V5,0,0,0,0,[],0.393
power,c10_noise0,400,9000400,V6,0,0,0,0,[],0.169
power,c10_noise0,400,9000400,V5,0,0,0,0,[],0.327
power,c10_noise0,401,9000401,V6,0,0,0,0,[],0.166
power,c10_noise0,401,9000401,V5,0,0,0,0,[],0.368
power,c10_noise0,402,9000402,V6,0,0,0,0,[],0.178
power,c10_noise0,402,9000402,V5,0,0,0,0,[],0.347
power,c10_noise0,403,9000403,V6,0,0,0,0,[],0.185
power,c10_noise0,403,9000403,V5,0,0,0,0,[],0.359
power,c10_noise0,404,9000404,V6,0,0,0,0,[],0.195
power,c10_noise0,404,9000404,V5,0,0,0,0,[],0.397
power,c10_noise0,405,9000405,V6,0,0,0,0,[],0.176
power,c10_noise0,405,9000405,V5,0,0,0,0,[],0.371
power,c10_noise0,406,9000406,V6,0,0,0,0,[],0.173
power,c10_noise0,406,9000406,V5,0,0,0,0,[],0.364
power,c10_noise0,407,9000407,V6,0,0,0,0,[],0.148
power,c10_noise0,407,9000407,V5,0,0,0,0,[],0.376
power,c10_noise0,408,9000408,V6,0,0,0,0,[],0.173
power,c10_noise0,408,9000408,V5,0,0,0,0,[],0.366
power,c10_noise0,409,9000409,V6,0,0,0,0,[],0.185
power,c10_noise0,409,9000409,V5,0,0,0,0,[],0.378
power,c10_noise0,410,9000410,V6,0,0,0,0,[],0.179
power,c10_noise0,410,9000410,V5,0,0,0,0,[],0.395
power,c10_noise0,411,9000411,V6,0,0,0,0,[],0.164
power,c10_noise0,411,9000411,V5,0,0,0,0,[],0.362
power,c10_noise0,412,9000412,V6,0,0,0,0,[],0.191
power,c10_noise0,412,9000412,V5,0,0,0,0,[],0.361
power,c10_noise0,413,9000413,V6,0,0,0,0,[],0.2
power,c10_noise0,413,9000413,V5,0,0,0,0,[],0.331
power,c10_noise0,414,9000414,V6,0,0,0,0,[],0.165
power,c10_noise0,414,9000414,V5,0,0,0,0,[],0.363
power,c10_noise0,415,9000415,V6,0,0,0,0,[],0.169
power,c10_noise0,415,9000415,V5,0,0,0,0,[],0.388
power,c10_noise0,416,9000416,V6,0,0,0,0,[],0.206
power,c10_noise0,416,9000416,V5,0,0,0,0,[],0.361
power,c10_noise0,417,9000417,V6,0,0,0,0,[],0.19
power,c10_noise0,417,9000417,V5,0,0,0,0,[],0.383
power,c10_noise0,418,9000418,V6,0,0,0,0,[],0.179
power,c10_noise0,418,9000418,V5,0,0,0,0,[],0.4
power,c10_noise0,419,9000419,V6,0,0,0,0,[],0.205
power,c10_noise0,419,9000419,V5,0,0,0,0,[],0.395
power,c10_noise0,420,9000420,V6,0,0,0,0,[],0.183
power,c10_noise0,420,9000420,V5,0,0,0,0,[],0.386
power,c10_noise0,421,9000421,V6,0,0,0,0,[],0.189
power,c10_noise0,421,9000421,V5,0,0,0,0,[],0.361
power,c10_noise0,422,9000422,V6,0,0,0,0,[],0.174
power,c10_noise0,422,9000422,V5,0,0,0,0,[],0.347
power,c10_noise0,423,9000423,V6,0,0,0,0,[],0.194
power,c10_noise0,423,9000423,V5,0,0,0,0,[],0.405
power,c10_noise0,424,9000424,V6,1,1,1,0,"[[""a"", ""p""]]",0.165
power,c10_noise0,424,9000424,V5,1,1,1,0,"[[""a"", ""p""]]",0.405
power,c10_noise0,425,9000425,V6,0,0,0,0,[],0.183
power,c10_noise0,425,9000425,V5,0,0,0,0,[],0.389
power,c10_noise0,426,9000426,V6,0,0,0,0,[],0.2
power,c10_noise0,426,9000426,V5,0,0,0,0,[],0.349
power,c10_noise0,427,9000427,V6,0,0,0,0,[],0.207
power,c10_noise0,427,9000427,V5,0,0,0,0,[],0.374
power,c10_noise0,428,9000428,V6,0,0,0,0,[],0.183
power,c10_noise0,428,9000428,V5,0,0,0,0,[],0.408
power,c10_noise0,429,9000429,V6,0,0,0,0,[],0.181
power,c10_noise0,429,9000429,V5,0,0,0,0,[],0.409
power,c10_noise0,430,9000430,V6,0,0,0,0,[],0.199
power,c10_noise0,430,9000430,V5,0,0,0,0,[],0.415
power,c10_noise0,431,9000431,V6,1,1,0,1,"[[""x1""]]",0.151
power,c10_noise0,431,9000431,V5,1,1,0,1,"[[""x1""]]",0.386
power,c10_noise0,432,9000432,V6,0,0,0,0,[],0.198
power,c10_noise0,432,9000432,V5,0,0,0,0,[],0.347
power,c10_noise0,433,9000433,V6,0,0,0,0,[],0.206
power,c10_noise0,433,9000433,V5,0,0,0,0,[],0.324
power,c10_noise0,434,9000434,V6,0,0,0,0,[],0.185
power,c10_noise0,434,9000434,V5,0,0,0,0,[],0.358
power,c10_noise0,435,9000435,V6,0,0,0,0,[],0.178
power,c10_noise0,435,9000435,V5,0,0,0,0,[],0.337
power,c10_noise0,436,9000436,V6,0,0,0,0,[],0.202
power,c10_noise0,436,9000436,V5,0,0,0,0,[],0.356
power,c10_noise0,437,9000437,V6,0,0,0,0,[],0.176
power,c10_noise0,437,9000437,V5,0,0,0,0,[],0.406
power,c10_noise0,438,9000438,V6,0,0,0,0,[],0.171
power,c10_noise0,438,9000438,V5,0,0,0,0,[],0.368
power,c10_noise0,439,9000439,V6,0,0,0,0,[],0.197
power,c10_noise0,439,9000439,V5,0,0,0,0,[],0.403
power,c10_noise0,440,9000440,V6,0,0,0,0,[],0.155
power,c10_noise0,440,9000440,V5,0,0,0,0,[],0.336
power,c10_noise0,441,9000441,V6,0,0,0,0,[],0.198
power,c10_noise0,441,9000441,V5,0,0,0,0,[],0.33
power,c10_noise0,442,9000442,V6,0,0,0,0,[],0.215
power,c10_noise0,442,9000442,V5,0,0,0,0,[],0.361
power,c10_noise0,443,9000443,V6,0,0,0,0,[],0.199
power,c10_noise0,443,9000443,V5,0,0,0,0,[],0.396
power,c10_noise0,444,9000444,V6,0,0,0,0,[],0.174
power,c10_noise0,444,9000444,V5,0,0,0,0,[],0.368
power,c10_noise0,445,9000445,V6,0,0,0,0,[],0.183
power,c10_noise0,445,9000445,V5,0,0,0,0,[],0.371
power,c10_noise0,446,9000446,V6,0,0,0,0,[],0.146
power,c10_noise0,446,9000446,V5,0,0,0,0,[],0.382
power,c10_noise0,447,9000447,V6,0,0,0,0,[],0.173
power,c10_noise0,447,9000447,V5,0,0,0,0,[],0.311
power,c10_noise0,448,9000448,V6,0,0,0,0,[],0.172
power,c10_noise0,448,9000448,V5,0,0,0,0,[],0.369
power,c10_noise0,449,9000449,V6,0,0,0,0,[],0.161
power,c10_noise0,449,9000449,V5,0,0,0,0,[],0.37
power,c10_noise0,450,9000450,V6,0,0,0,0,[],0.176
power,c10_noise0,450,9000450,V5,0,0,0,0,[],0.351
power,c10_noise0,451,9000451,V6,0,0,0,0,[],0.203
power,c10_noise0,451,9000451,V5,0,0,0,0,[],0.365
power,c10_noise0,452,9000452,V6,0,0,0,0,[],0.201
power,c10_noise0,452,9000452,V5,0,0,0,0,[],0.355
power,c10_noise0,453,9000453,V6,0,0,0,0,[],0.19
power,c10_noise0,453,9000453,V5,0,0,0,0,[],0.385
power,c10_noise0,454,9000454,V6,0,0,0,0,[],0.211
power,c10_noise0,454,9000454,V5,0,0,0,0,[],0.379
power,c10_noise0,455,9000455,V6,0,0,0,0,[],0.202
power,c10_noise0,455,9000455,V5,0,0,0,0,[],0.322
power,c10_noise0,456,9000456,V6,0,0,0,0,[],0.171
power,c10_noise0,456,9000456,V5,0,0,0,0,[],0.356
power,c10_noise0,457,9000457,V6,0,0,0,0,[],0.153
power,c10_noise0,457,9000457,V5,0,0,0,0,[],0.348
power,c10_noise0,458,9000458,V6,0,0,0,0,[],0.205
power,c10_noise0,458,9000458,V5,0,0,0,0,[],0.298
power,c10_noise0,459,9000459,V6,0,0,0,0,[],0.173
power,c10_noise0,459,9000459,V5,0,0,0,0,[],0.385
power,c10_noise0,460,9000460,V6,0,0,0,0,[],0.174
power,c10_noise0,460,9000460,V5,0,0,0,0,[],0.381
power,c10_noise0,461,9000461,V6,0,0,0,0,[],0.185
power,c10_noise0,461,9000461,V5,0,0,0,0,[],0.398
power,c10_noise0,462,9000462,V6,0,0,0,0,[],0.188
power,c10_noise0,462,9000462,V5,0,0,0,0,[],0.365
power,c10_noise0,463,9000463,V6,0,0,0,0,[],0.183
power,c10_noise0,463,9000463,V5,0,0,0,0,[],0.352
power,c10_noise0,464,9000464,V6,0,0,0,0,[],0.175
power,c10_noise0,464,9000464,V5,0,0,0,0,[],0.367
power,c10_noise0,465,9000465,V6,1,1,1,0,"[[""a"", ""p""]]",0.184
power,c10_noise0,465,9000465,V5,1,1,1,0,"[[""a"", ""p""]]",0.373
power,c10_noise0,466,9000466,V6,0,0,0,0,[],0.156
power,c10_noise0,466,9000466,V5,0,0,0,0,[],0.374
power,c10_noise0,467,9000467,V6,1,1,0,1,"[[""x4""]]",0.168
power,c10_noise0,467,9000467,V5,1,1,0,1,"[[""x4""]]",0.371
power,c10_noise0,468,9000468,V6,1,1,0,1,"[[""x1""]]",0.205
power,c10_noise0,468,9000468,V5,1,1,0,1,"[[""x1""]]",0.402
power,c10_noise0,469,9000469,V6,0,0,0,0,[],0.164
power,c10_noise0,469,9000469,V5,0,0,0,0,[],0.374
power,c10_noise0,470,9000470,V6,0,0,0,0,[],0.187
power,c10_noise0,470,9000470,V5,0,0,0,0,[],0.399
power,c10_noise0,471,9000471,V6,0,0,0,0,[],0.193
power,c10_noise0,471,9000471,V5,0,0,0,0,[],0.405
power,c10_noise0,472,9000472,V6,0,0,0,0,[],0.205
power,c10_noise0,472,9000472,V5,0,0,0,0,[],0.41
power,c10_noise0,473,9000473,V6,0,0,0,0,[],0.198
power,c10_noise0,473,9000473,V5,0,0,0,0,[],0.398
power,c10_noise0,474,9000474,V6,0,0,0,0,[],0.24
power,c10_noise0,474,9000474,V5,0,0,0,0,[],0.353
power,c10_noise0,475,9000475,V6,0,0,0,0,[],0.202
power,c10_noise0,475,9000475,V5,0,0,0,0,[],0.356
power,c10_noise0,476,9000476,V6,0,0,0,0,[],0.19
power,c10_noise0,476,9000476,V5,0,0,0,0,[],0.381
power,c10_noise0,477,9000477,V6,0,0,0,0,[],0.214
power,c10_noise0,477,9000477,V5,0,0,0,0,[],0.425
power,c10_noise0,478,9000478,V6,0,0,0,0,[],0.226
power,c10_noise0,478,9000478,V5,0,0,0,0,[],0.419
power,c10_noise0,479,9000479,V6,0,0,0,0,[],0.186
power,c10_noise0,479,9000479,V5,0,0,0,0,[],0.345
power,c10_noise0,480,9000480,V6,0,0,0,0,[],0.19
power,c10_noise0,480,9000480,V5,0,0,0,0,[],0.409
power,c10_noise0,481,9000481,V6,0,0,0,0,[],0.224
power,c10_noise0,481,9000481,V5,0,0,0,0,[],0.406
power,c10_noise0,482,9000482,V6,0,0,0,0,[],0.181
power,c10_noise0,482,9000482,V5,0,0,0,0,[],0.353
power,c10_noise0,483,9000483,V6,0,0,0,0,[],0.231
power,c10_noise0,483,9000483,V5,0,0,0,0,[],0.43
power,c10_noise0,484,9000484,V6,0,0,0,0,[],0.174
power,c10_noise0,484,9000484,V5,0,0,0,0,[],0.383
power,c10_noise0,485,9000485,V6,1,1,0,1,"[[""z1""]]",0.215
power,c10_noise0,485,9000485,V5,0,0,0,0,[],0.36
power,c10_noise0,486,9000486,V6,0,0,0,0,[],0.197
power,c10_noise0,486,9000486,V5,0,0,0,0,[],0.422
power,c10_noise0,487,9000487,V6,0,0,0,0,[],0.197
power,c10_noise0,487,9000487,V5,0,0,0,0,[],0.366
power,c10_noise0,488,9000488,V6,0,0,0,0,[],0.178
power,c10_noise0,488,9000488,V5,0,0,0,0,[],0.426
power,c10_noise0,489,9000489,V6,0,0,0,0,[],0.203
power,c10_noise0,489,9000489,V5,0,0,0,0,[],0.391
power,c10_noise0,490,9000490,V6,0,0,0,0,[],0.182
power,c10_noise0,490,9000490,V5,0,0,0,0,[],0.396
power,c10_noise0,491,9000491,V6,0,0,0,0,[],0.21
power,c10_noise0,491,9000491,V5,0,0,0,0,[],0.388
power,c10_noise0,492,9000492,V6,0,0,0,0,[],0.202
power,c10_noise0,492,9000492,V5,0,0,0,0,[],0.397
power,c10_noise0,493,9000493,V6,0,0,0,0,[],0.2
power,c10_noise0,493,9000493,V5,0,0,0,0,[],0.359
power,c10_noise0,494,9000494,V6,0,0,0,0,[],0.19
power,c10_noise0,494,9000494,V5,0,0,0,0,[],0.367
power,c10_noise0,495,9000495,V6,0,0,0,0,[],0.191
power,c10_noise0,495,9000495,V5,0,0,0,0,[],0.375
power,c10_noise0,496,9000496,V6,0,0,0,0,[],0.227
power,c10_noise0,496,9000496,V5,0,0,0,0,[],0.382
power,c10_noise0,497,9000497,V6,0,0,0,0,[],0.209
power,c10_noise0,497,9000497,V5,0,0,0,0,[],0.371
power,c10_noise0,498,9000498,V6,0,0,0,0,[],0.175
power,c10_noise0,498,9000498,V5,0,0,0,0,[],0.377
power,c10_noise0,499,9000499,V6,0,0,0,0,[],0.227
power,c10_noise0,499,9000499,V5,0,0,0,0,[],0.36
power,c10_noise10,0,9010000,V6,0,0,0,0,[],0.18
power,c10_noise10,0,9010000,V5,0,0,0,0,[],0.376
power,c10_noise10,1,9010001,V6,0,0,0,0,[],0.203
power,c10_noise10,1,9010001,V5,0,0,0,0,[],0.459
power,c10_noise10,2,9010002,V6,0,0,0,0,[],0.169
power,c10_noise10,2,9010002,V5,0,0,0,0,[],0.426
power,c10_noise10,3,9010003,V6,0,0,0,0,[],0.205
power,c10_noise10,3,9010003,V5,0,0,0,0,[],0.427
power,c10_noise10,4,9010004,V6,0,0,0,0,[],0.204
power,c10_noise10,4,9010004,V5,0,0,0,0,[],0.462
power,c10_noise10,5,9010005,V6,0,0,0,0,[],0.239
power,c10_noise10,5,9010005,V5,0,0,0,0,[],0.476
power,c10_noise10,6,9010006,V6,0,0,0,0,[],0.197
power,c10_noise10,6,9010006,V5,0,0,0,0,[],0.422
power,c10_noise10,7,9010007,V6,0,0,0,0,[],0.222
power,c10_noise10,7,9010007,V5,0,0,0,0,[],0.452
power,c10_noise10,8,9010008,V6,0,0,0,0,[],0.187
power,c10_noise10,8,9010008,V5,0,0,0,0,[],0.405
power,c10_noise10,9,9010009,V6,0,0,0,0,[],0.252
power,c10_noise10,9,9010009,V5,1,1,1,0,"[[""a"", ""p""]]",0.423
power,c10_noise10,10,9010010,V6,0,0,0,0,[],0.292
power,c10_noise10,10,9010010,V5,0,0,0,0,[],0.37
power,c10_noise10,11,9010011,V6,0,0,0,0,[],0.219
power,c10_noise10,11,9010011,V5,0,0,0,0,[],0.347
power,c10_noise10,12,9010012,V6,0,0,0,0,[],0.183
power,c10_noise10,12,9010012,V5,0,0,0,0,[],0.374
power,c10_noise10,13,9010013,V6,0,0,0,0,[],0.226
power,c10_noise10,13,9010013,V5,0,0,0,0,[],0.383
power,c10_noise10,14,9010014,V6,0,0,0,0,[],0.2
power,c10_noise10,14,9010014,V5,0,0,0,0,[],0.364
power,c10_noise10,15,9010015,V6,0,0,0,0,[],0.186
power,c10_noise10,15,9010015,V5,0,0,0,0,[],0.349
power,c10_noise10,16,9010016,V6,0,0,0,0,[],0.213
power,c10_noise10,16,9010016,V5,0,0,0,0,[],0.393
power,c10_noise10,17,9010017,V6,0,0,0,0,[],0.178
power,c10_noise10,17,9010017,V5,0,0,0,0,[],0.359
power,c10_noise10,18,9010018,V6,0,0,0,0,[],0.18
power,c10_noise10,18,9010018,V5,0,0,0,0,[],0.41
power,c10_noise10,19,9010019,V6,0,0,0,0,[],0.196
power,c10_noise10,19,9010019,V5,0,0,0,0,[],0.375
power,c10_noise10,20,9010020,V6,0,0,0,0,[],0.176
power,c10_noise10,20,9010020,V5,0,0,0,0,[],0.368
power,c10_noise10,21,9010021,V6,0,0,0,0,[],0.212
power,c10_noise10,21,9010021,V5,0,0,0,0,[],0.381
power,c10_noise10,22,9010022,V6,0,0,0,0,[],0.193
power,c10_noise10,22,9010022,V5,0,0,0,0,[],0.381
power,c10_noise10,23,9010023,V6,0,0,0,0,[],0.157
power,c10_noise10,23,9010023,V5,0,0,0,0,[],0.352
power,c10_noise10,24,9010024,V6,0,0,0,0,[],0.198
power,c10_noise10,24,9010024,V5,0,0,0,0,[],0.378
power,c10_noise10,25,9010025,V6,0,0,0,0,[],0.196
power,c10_noise10,25,9010025,V5,0,0,0,0,[],0.367
power,c10_noise10,26,9010026,V6,0,0,0,0,[],0.181
power,c10_noise10,26,9010026,V5,0,0,0,0,[],0.389
power,c10_noise10,27,9010027,V6,0,0,0,0,[],0.186
power,c10_noise10,27,9010027,V5,0,0,0,0,[],0.396
power,c10_noise10,28,9010028,V6,1,1,1,0,"[[""a"", ""p""]]",0.179
power,c10_noise10,28,9010028,V5,1,1,1,0,"[[""a"", ""p""]]",0.388
power,c10_noise10,29,9010029,V6,0,0,0,0,[],0.148
power,c10_noise10,29,9010029,V5,0,0,0,0,[],0.393
power,c10_noise10,30,9010030,V6,0,0,0,0,[],0.214
power,c10_noise10,30,9010030,V5,0,0,0,0,[],0.385
power,c10_noise10,31,9010031,V6,0,0,0,0,[],0.205
power,c10_noise10,31,9010031,V5,0,0,0,0,[],0.339
power,c10_noise10,32,9010032,V6,0,0,0,0,[],0.167
power,c10_noise10,32,9010032,V5,0,0,0,0,[],0.38
power,c10_noise10,33,9010033,V6,0,0,0,0,[],0.169
power,c10_noise10,33,9010033,V5,0,0,0,0,[],0.377
power,c10_noise10,34,9010034,V6,0,0,0,0,[],0.196
power,c10_noise10,34,9010034,V5,0,0,0,0,[],0.412
power,c10_noise10,35,9010035,V6,0,0,0,0,[],0.187
power,c10_noise10,35,9010035,V5,0,0,0,0,[],0.386
power,c10_noise10,36,9010036,V6,0,0,0,0,[],0.201
power,c10_noise10,36,9010036,V5,0,0,0,0,[],0.407
power,c10_noise10,37,9010037,V6,0,0,0,0,[],0.171
power,c10_noise10,37,9010037,V5,0,0,0,0,[],0.357
power,c10_noise10,38,9010038,V6,0,0,0,0,[],0.164
power,c10_noise10,38,9010038,V5,0,0,0,0,[],0.356
power,c10_noise10,39,9010039,V6,0,0,0,0,[],0.155
power,c10_noise10,39,9010039,V5,0,0,0,0,[],0.391
power,c10_noise10,40,9010040,V6,0,0,0,0,[],0.173
power,c10_noise10,40,9010040,V5,0,0,0,0,[],0.387
power,c10_noise10,41,9010041,V6,0,0,0,0,[],0.173
power,c10_noise10,41,9010041,V5,0,0,0,0,[],0.364
power,c10_noise10,42,9010042,V6,0,0,0,0,[],0.201
power,c10_noise10,42,9010042,V5,0,0,0,0,[],0.393
power,c10_noise10,43,9010043,V6,0,0,0,0,[],0.2
power,c10_noise10,43,9010043,V5,0,0,0,0,[],0.369
power,c10_noise10,44,9010044,V6,0,0,0,0,[],0.151
power,c10_noise10,44,9010044,V5,0,0,0,0,[],0.405
power,c10_noise10,45,9010045,V6,0,0,0,0,[],0.207
power,c10_noise10,45,9010045,V5,0,0,0,0,[],0.4
power,c10_noise10,46,9010046,V6,0,0,0,0,[],0.174
power,c10_noise10,46,9010046,V5,0,0,0,0,[],0.384
power,c10_noise10,47,9010047,V6,0,0,0,0,[],0.174
power,c10_noise10,47,9010047,V5,0,0,0,0,[],0.369
power,c10_noise10,48,9010048,V6,0,0,0,0,[],0.182
power,c10_noise10,48,9010048,V5,0,0,0,0,[],0.334
power,c10_noise10,49,9010049,V6,0,0,0,0,[],0.198
power,c10_noise10,49,9010049,V5,0,0,0,0,[],0.344
power,c10_noise10,50,9010050,V6,0,0,0,0,[],0.201
power,c10_noise10,50,9010050,V5,0,0,0,0,[],0.35
power,c10_noise10,51,9010051,V6,0,0,0,0,[],0.195
power,c10_noise10,51,9010051,V5,0,0,0,0,[],0.389
power,c10_noise10,52,9010052,V6,0,0,0,0,[],0.164
power,c10_noise10,52,9010052,V5,0,0,0,0,[],0.383
power,c10_noise10,53,9010053,V6,0,0,0,0,[],0.192
power,c10_noise10,53,9010053,V5,0,0,0,0,[],0.35
power,c10_noise10,54,9010054,V6,0,0,0,0,[],0.183
power,c10_noise10,54,9010054,V5,0,0,0,0,[],0.396
power,c10_noise10,55,9010055,V6,0,0,0,0,[],0.194
power,c10_noise10,55,9010055,V5,0,0,0,0,[],0.425
power,c10_noise10,56,9010056,V6,0,0,0,0,[],0.194
power,c10_noise10,56,9010056,V5,0,0,0,0,[],0.444
power,c10_noise10,57,9010057,V6,0,0,0,0,[],0.182
power,c10_noise10,57,9010057,V5,0,0,0,0,[],0.404
power,c10_noise10,58,9010058,V6,0,0,0,0,[],0.176
power,c10_noise10,58,9010058,V5,0,0,0,0,[],0.452
power,c10_noise10,59,9010059,V6,0,0,0,0,[],0.192
power,c10_noise10,59,9010059,V5,0,0,0,0,[],0.39
power,c10_noise10,60,9010060,V6,0,0,0,0,[],0.183
power,c10_noise10,60,9010060,V5,0,0,0,0,[],0.43
power,c10_noise10,61,9010061,V6,0,0,0,0,[],0.191
power,c10_noise10,61,9010061,V5,0,0,0,0,[],0.42
power,c10_noise10,62,9010062,V6,0,0,0,0,[],0.215
power,c10_noise10,62,9010062,V5,0,0,0,0,[],0.43
power,c10_noise10,63,9010063,V6,0,0,0,0,[],0.269
power,c10_noise10,63,9010063,V5,0,0,0,0,[],0.4
power,c10_noise10,64,9010064,V6,0,0,0,0,[],0.312
power,c10_noise10,64,9010064,V5,1,1,1,0,"[[""a"", ""p""]]",0.371
power,c10_noise10,65,9010065,V6,0,0,0,0,[],0.254
power,c10_noise10,65,9010065,V5,0,0,0,0,[],0.395
power,c10_noise10,66,9010066,V6,0,0,0,0,[],0.245
power,c10_noise10,66,9010066,V5,0,0,0,0,[],0.367
power,c10_noise10,67,9010067,V6,0,0,0,0,[],0.289
power,c10_noise10,67,9010067,V5,0,0,0,0,[],0.402
power,c10_noise10,68,9010068,V6,1,2,1,1,"[[""x3""], [""a"", ""p""]]",0.264
power,c10_noise10,68,9010068,V5,0,0,0,0,[],0.368
power,c10_noise10,69,9010069,V6,0,0,0,0,[],0.184
power,c10_noise10,69,9010069,V5,0,0,0,0,[],0.369
power,c10_noise10,70,9010070,V6,0,0,0,0,[],0.169
power,c10_noise10,70,9010070,V5,0,0,0,0,[],0.363
power,c10_noise10,71,9010071,V6,0,0,0,0,[],0.179
power,c10_noise10,71,9010071,V5,0,0,0,0,[],0.343
power,c10_noise10,72,9010072,V6,0,0,0,0,[],0.19
power,c10_noise10,72,9010072,V5,0,0,0,0,[],0.385
power,c10_noise10,73,9010073,V6,0,0,0,0,[],0.209
power,c10_noise10,73,9010073,V5,0,0,0,0,[],0.383
power,c10_noise10,74,9010074,V6,1,1,1,0,"[[""a"", ""p""]]",0.169
power,c10_noise10,74,9010074,V5,1,1,1,0,"[[""a"", ""p""]]",0.337
power,c10_noise10,75,9010075,V6,0,0,0,0,[],0.221
power,c10_noise10,75,9010075,V5,0,0,0,0,[],0.388
power,c10_noise10,76,9010076,V6,0,0,0,0,[],0.18
power,c10_noise10,76,9010076,V5,0,0,0,0,[],0.323
power,c10_noise10,77,9010077,V6,0,0,0,0,[],0.194
power,c10_noise10,77,9010077,V5,0,0,0,0,[],0.39
power,c10_noise10,78,9010078,V6,0,0,0,0,[],0.207
power,c10_noise10,78,9010078,V5,0,0,0,0,[],0.368
power,c10_noise10,79,9010079,V6,0,0,0,0,[],0.191
power,c10_noise10,79,9010079,V5,0,0,0,0,[],0.391
power,c10_noise10,80,9010080,V6,0,0,0,0,[],0.158
power,c10_noise10,80,9010080,V5,0,0,0,0,[],0.384
power,c10_noise10,81,9010081,V6,0,0,0,0,[],0.198
power,c10_noise10,81,9010081,V5,0,0,0,0,[],0.395
power,c10_noise10,82,9010082,V6,0,0,0,0,[],0.194
power,c10_noise10,82,9010082,V5,0,0,0,0,[],0.408
power,c10_noise10,83,9010083,V6,0,0,0,0,[],0.184
power,c10_noise10,83,9010083,V5,0,0,0,0,[],0.38
power,c10_noise10,84,9010084,V6,0,0,0,0,[],0.178
power,c10_noise10,84,9010084,V5,0,0,0,0,[],0.378
power,c10_noise10,85,9010085,V6,0,0,0,0,[],0.167
power,c10_noise10,85,9010085,V5,0,0,0,0,[],0.355
power,c10_noise10,86,9010086,V6,0,0,0,0,[],0.197
power,c10_noise10,86,9010086,V5,0,0,0,0,[],0.379
power,c10_noise10,87,9010087,V6,0,0,0,0,[],0.177
power,c10_noise10,87,9010087,V5,0,0,0,0,[],0.323
power,c10_noise10,88,9010088,V6,0,0,0,0,[],0.179
power,c10_noise10,88,9010088,V5,0,0,0,0,[],0.39
power,c10_noise10,89,9010089,V6,0,0,0,0,[],0.191
power,c10_noise10,89,9010089,V5,0,0,0,0,[],0.374
power,c10_noise10,90,9010090,V6,0,0,0,0,[],0.195
power,c10_noise10,90,9010090,V5,0,0,0,0,[],0.356
power,c10_noise10,91,9010091,V6,0,0,0,0,[],0.162
power,c10_noise10,91,9010091,V5,0,0,0,0,[],0.381
power,c10_noise10,92,9010092,V6,0,0,0,0,[],0.16
power,c10_noise10,92,9010092,V5,0,0,0,0,[],0.346
power,c10_noise10,93,9010093,V6,0,0,0,0,[],0.162
power,c10_noise10,93,9010093,V5,0,0,0,0,[],0.358
power,c10_noise10,94,9010094,V6,0,0,0,0,[],0.186
power,c10_noise10,94,9010094,V5,0,0,0,0,[],0.369
power,c10_noise10,95,9010095,V6,0,0,0,0,[],0.141
power,c10_noise10,95,9010095,V5,0,0,0,0,[],0.316
power,c10_noise10,96,9010096,V6,0,0,0,0,[],0.158
power,c10_noise10,96,9010096,V5,0,0,0,0,[],0.361
power,c10_noise10,97,9010097,V6,0,0,0,0,[],0.182
power,c10_noise10,97,9010097,V5,0,0,0,0,[],0.354
power,c10_noise10,98,9010098,V6,1,1,1,0,"[[""a"", ""p""]]",0.195
power,c10_noise10,98,9010098,V5,1,1,1,0,"[[""a"", ""p""]]",0.355
power,c10_noise10,99,9010099,V6,0,0,0,0,[],0.176
power,c10_noise10,99,9010099,V5,0,0,0,0,[],0.343
power,c10_noise10,100,9010100,V6,0,0,0,0,[],0.141
power,c10_noise10,100,9010100,V5,0,0,0,0,[],0.324
power,c10_noise10,101,9010101,V6,0,0,0,0,[],0.164
power,c10_noise10,101,9010101,V5,0,0,0,0,[],0.319
power,c10_noise10,102,9010102,V6,0,0,0,0,[],0.182
power,c10_noise10,102,9010102,V5,0,0,0,0,[],0.331
power,c10_noise10,103,9010103,V6,0,0,0,0,[],0.189
power,c10_noise10,103,9010103,V5,0,0,0,0,[],0.353
power,c10_noise10,104,9010104,V6,0,0,0,0,[],0.181
power,c10_noise10,104,9010104,V5,0,0,0,0,[],0.375
power,c10_noise10,105,9010105,V6,0,0,0,0,[],0.17
power,c10_noise10,105,9010105,V5,0,0,0,0,[],0.349
power,c10_noise10,106,9010106,V6,0,0,0,0,[],0.161
power,c10_noise10,106,9010106,V5,0,0,0,0,[],0.37
power,c10_noise10,107,9010107,V6,0,0,0,0,[],0.182
power,c10_noise10,107,9010107,V5,0,0,0,0,[],0.35
power,c10_noise10,108,9010108,V6,0,0,0,0,[],0.171
power,c10_noise10,108,9010108,V5,0,0,0,0,[],0.394
power,c10_noise10,109,9010109,V6,0,0,0,0,[],0.168
power,c10_noise10,109,9010109,V5,0,0,0,0,[],0.4
power,c10_noise10,110,9010110,V6,0,0,0,0,[],0.161
power,c10_noise10,110,9010110,V5,0,0,0,0,[],0.327
power,c10_noise10,111,9010111,V6,0,0,0,0,[],0.186
power,c10_noise10,111,9010111,V5,0,0,0,0,[],0.367
power,c10_noise10,112,9010112,V6,0,0,0,0,[],0.183
power,c10_noise10,112,9010112,V5,0,0,0,0,[],0.338
power,c10_noise10,113,9010113,V6,0,0,0,0,[],0.162
power,c10_noise10,113,9010113,V5,0,0,0,0,[],0.326
power,c10_noise10,114,9010114,V6,0,0,0,0,[],0.143
power,c10_noise10,114,9010114,V5,1,1,1,0,"[[""a"", ""p""]]",0.373
power,c10_noise10,115,9010115,V6,1,1,1,0,"[[""a"", ""p""]]",0.156
power,c10_noise10,115,9010115,V5,1,1,1,0,"[[""a"", ""p""]]",0.354
power,c10_noise10,116,9010116,V6,0,0,0,0,[],0.163
power,c10_noise10,116,9010116,V5,0,0,0,0,[],0.366
power,c10_noise10,117,9010117,V6,0,0,0,0,[],0.157
power,c10_noise10,117,9010117,V5,0,0,0,0,[],0.344
power,c10_noise10,118,9010118,V6,0,0,0,0,[],0.149
power,c10_noise10,118,9010118,V5,0,0,0,0,[],0.346
power,c10_noise10,119,9010119,V6,0,0,0,0,[],0.182
power,c10_noise10,119,9010119,V5,0,0,0,0,[],0.333
power,c10_noise10,120,9010120,V6,0,0,0,0,[],0.166
power,c10_noise10,120,9010120,V5,0,0,0,0,[],0.372
power,c10_noise10,121,9010121,V6,1,1,1,0,"[[""a"", ""p""]]",0.16
power,c10_noise10,121,9010121,V5,0,0,0,0,[],0.366
power,c10_noise10,122,9010122,V6,0,0,0,0,[],0.165
power,c10_noise10,122,9010122,V5,0,0,0,0,[],0.341
power,c10_noise10,123,9010123,V6,0,0,0,0,[],0.205
power,c10_noise10,123,9010123,V5,0,0,0,0,[],0.349
power,c10_noise10,124,9010124,V6,0,0,0,0,[],0.155
power,c10_noise10,124,9010124,V5,0,0,0,0,[],0.33
power,c10_noise10,125,9010125,V6,0,0,0,0,[],0.163
power,c10_noise10,125,9010125,V5,0,0,0,0,[],0.367
power,c10_noise10,126,9010126,V6,0,0,0,0,[],0.159
power,c10_noise10,126,9010126,V5,0,0,0,0,[],0.383
power,c10_noise10,127,9010127,V6,0,0,0,0,[],0.174
power,c10_noise10,127,9010127,V5,0,0,0,0,[],0.335
power,c10_noise10,128,9010128,V6,0,0,0,0,[],0.189
power,c10_noise10,128,9010128,V5,0,0,0,0,[],0.385
power,c10_noise10,129,9010129,V6,0,0,0,0,[],0.198
power,c10_noise10,129,9010129,V5,0,0,0,0,[],0.388
power,c10_noise10,130,9010130,V6,0,0,0,0,[],0.181
power,c10_noise10,130,9010130,V5,0,0,0,0,[],0.362
power,c10_noise10,131,9010131,V6,0,0,0,0,[],0.179
power,c10_noise10,131,9010131,V5,0,0,0,0,[],0.356
power,c10_noise10,132,9010132,V6,0,0,0,0,[],0.221
power,c10_noise10,132,9010132,V5,0,0,0,0,[],0.364
power,c10_noise10,133,9010133,V6,0,0,0,0,[],0.195
power,c10_noise10,133,9010133,V5,0,0,0,0,[],0.358
power,c10_noise10,134,9010134,V6,0,0,0,0,[],0.185
power,c10_noise10,134,9010134,V5,0,0,0,0,[],0.333
power,c10_noise10,135,9010135,V6,0,0,0,0,[],0.2
power,c10_noise10,135,9010135,V5,0,0,0,0,[],0.392
power,c10_noise10,136,9010136,V6,0,0,0,0,[],0.21
power,c10_noise10,136,9010136,V5,0,0,0,0,[],0.361
power,c10_noise10,137,9010137,V6,0,0,0,0,[],0.196
power,c10_noise10,137,9010137,V5,0,0,0,0,[],0.385
power,c10_noise10,138,9010138,V6,0,0,0,0,[],0.18
power,c10_noise10,138,9010138,V5,0,0,0,0,[],0.353
power,c10_noise10,139,9010139,V6,0,0,0,0,[],0.144
power,c10_noise10,139,9010139,V5,0,0,0,0,[],0.364
power,c10_noise10,140,9010140,V6,0,0,0,0,[],0.2
power,c10_noise10,140,9010140,V5,0,0,0,0,[],0.334
power,c10_noise10,141,9010141,V6,0,0,0,0,[],0.206
power,c10_noise10,141,9010141,V5,0,0,0,0,[],0.368
power,c10_noise10,142,9010142,V6,0,0,0,0,[],0.167
power,c10_noise10,142,9010142,V5,0,0,0,0,[],0.382
power,c10_noise10,143,9010143,V6,0,0,0,0,[],0.208
power,c10_noise10,143,9010143,V5,0,0,0,0,[],0.381
power,c10_noise10,144,9010144,V6,0,0,0,0,[],0.219
power,c10_noise10,144,9010144,V5,0,0,0,0,[],0.358
power,c10_noise10,145,9010145,V6,0,0,0,0,[],0.182
power,c10_noise10,145,9010145,V5,0,0,0,0,[],0.366
power,c10_noise10,146,9010146,V6,0,0,0,0,[],0.179
power,c10_noise10,146,9010146,V5,0,0,0,0,[],0.386
power,c10_noise10,147,9010147,V6,0,0,0,0,[],0.186
power,c10_noise10,147,9010147,V5,0,0,0,0,[],0.341
power,c10_noise10,148,9010148,V6,0,0,0,0,[],0.171
power,c10_noise10,148,9010148,V5,0,0,0,0,[],0.37
power,c10_noise10,149,9010149,V6,0,0,0,0,[],0.166
power,c10_noise10,149,9010149,V5,0,0,0,0,[],0.387
power,c10_noise10,150,9010150,V6,0,0,0,0,[],0.179
power,c10_noise10,150,9010150,V5,0,0,0,0,[],0.356
power,c10_noise10,151,9010151,V6,0,0,0,0,[],0.19
power,c10_noise10,151,9010151,V5,0,0,0,0,[],0.365
power,c10_noise10,152,9010152,V6,0,0,0,0,[],0.183
power,c10_noise10,152,9010152,V5,0,0,0,0,[],0.364
power,c10_noise10,153,9010153,V6,0,0,0,0,[],0.202
power,c10_noise10,153,9010153,V5,0,0,0,0,[],0.353
power,c10_noise10,154,9010154,V6,0,0,0,0,[],0.158
power,c10_noise10,154,9010154,V5,0,0,0,0,[],0.356
power,c10_noise10,155,9010155,V6,0,0,0,0,[],0.2
power,c10_noise10,155,9010155,V5,0,0,0,0,[],0.381
power,c10_noise10,156,9010156,V6,0,0,0,0,[],0.18
power,c10_noise10,156,9010156,V5,0,0,0,0,[],0.367
power,c10_noise10,157,9010157,V6,0,0,0,0,[],0.156
power,c10_noise10,157,9010157,V5,0,0,0,0,[],0.316
power,c10_noise10,158,9010158,V6,0,0,0,0,[],0.157
power,c10_noise10,158,9010158,V5,0,0,0,0,[],0.338
power,c10_noise10,159,9010159,V6,0,0,0,0,[],0.205
power,c10_noise10,159,9010159,V5,0,0,0,0,[],0.382
power,c10_noise10,160,9010160,V6,0,0,0,0,[],0.186
power,c10_noise10,160,9010160,V5,0,0,0,0,[],0.335
power,c10_noise10,161,9010161,V6,0,0,0,0,[],0.164
power,c10_noise10,161,9010161,V5,0,0,0,0,[],0.391
power,c10_noise10,162,9010162,V6,0,0,0,0,[],0.149
power,c10_noise10,162,9010162,V5,0,0,0,0,[],0.367
power,c10_noise10,163,9010163,V6,0,0,0,0,[],0.193
power,c10_noise10,163,9010163,V5,0,0,0,0,[],0.372
power,c10_noise10,164,9010164,V6,0,0,0,0,[],0.178
power,c10_noise10,164,9010164,V5,0,0,0,0,[],0.376
power,c10_noise10,165,9010165,V6,0,0,0,0,[],0.21
power,c10_noise10,165,9010165,V5,0,0,0,0,[],0.388
power,c10_noise10,166,9010166,V6,0,0,0,0,[],0.198
power,c10_noise10,166,9010166,V5,0,0,0,0,[],0.361
power,c10_noise10,167,9010167,V6,0,0,0,0,[],0.179
power,c10_noise10,167,9010167,V5,0,0,0,0,[],0.361
power,c10_noise10,168,9010168,V6,0,0,0,0,[],0.205
power,c10_noise10,168,9010168,V5,0,0,0,0,[],0.393
power,c10_noise10,169,9010169,V6,0,0,0,0,[],0.199
power,c10_noise10,169,9010169,V5,0,0,0,0,[],0.424
power,c10_noise10,170,9010170,V6,1,1,1,0,"[[""a"", ""p""]]",0.189
power,c10_noise10,170,9010170,V5,0,0,0,0,[],0.387
power,c10_noise10,171,9010171,V6,0,0,0,0,[],0.159
power,c10_noise10,171,9010171,V5,0,0,0,0,[],0.383
power,c10_noise10,172,9010172,V6,0,0,0,0,[],0.187
power,c10_noise10,172,9010172,V5,0,0,0,0,[],0.401
power,c10_noise10,173,9010173,V6,0,0,0,0,[],0.177
power,c10_noise10,173,9010173,V5,0,0,0,0,[],0.346
power,c10_noise10,174,9010174,V6,0,0,0,0,[],0.179
power,c10_noise10,174,9010174,V5,0,0,0,0,[],0.368
power,c10_noise10,175,9010175,V6,0,0,0,0,[],0.178
power,c10_noise10,175,9010175,V5,0,0,0,0,[],0.352
power,c10_noise10,176,9010176,V6,0,0,0,0,[],0.182
power,c10_noise10,176,9010176,V5,0,0,0,0,[],0.387
power,c10_noise10,177,9010177,V6,0,0,0,0,[],0.173
power,c10_noise10,177,9010177,V5,0,0,0,0,[],0.373
power,c10_noise10,178,9010178,V6,0,0,0,0,[],0.179
power,c10_noise10,178,9010178,V5,0,0,0,0,[],0.366
power,c10_noise10,179,9010179,V6,0,0,0,0,[],0.153
power,c10_noise10,179,9010179,V5,0,0,0,0,[],0.409
power,c10_noise10,180,9010180,V6,0,0,0,0,[],0.218
power,c10_noise10,180,9010180,V5,0,0,0,0,[],0.371
power,c10_noise10,181,9010181,V6,0,0,0,0,[],0.187
power,c10_noise10,181,9010181,V5,0,0,0,0,[],0.365
power,c10_noise10,182,9010182,V6,0,0,0,0,[],0.158
power,c10_noise10,182,9010182,V5,0,0,0,0,[],0.408
power,c10_noise10,183,9010183,V6,0,0,0,0,[],0.198
power,c10_noise10,183,9010183,V5,0,0,0,0,[],0.345
power,c10_noise10,184,9010184,V6,0,0,0,0,[],0.177
power,c10_noise10,184,9010184,V5,0,0,0,0,[],0.34
power,c10_noise10,185,9010185,V6,0,0,0,0,[],0.155
power,c10_noise10,185,9010185,V5,0,0,0,0,[],0.349
power,c10_noise10,186,9010186,V6,0,0,0,0,[],0.214
power,c10_noise10,186,9010186,V5,0,0,0,0,[],0.375
power,c10_noise10,187,9010187,V6,0,0,0,0,[],0.211
power,c10_noise10,187,9010187,V5,0,0,0,0,[],0.375
power,c10_noise10,188,9010188,V6,0,0,0,0,[],0.19
power,c10_noise10,188,9010188,V5,0,0,0,0,[],0.335
power,c10_noise10,189,9010189,V6,0,0,0,0,[],0.182
power,c10_noise10,189,9010189,V5,0,0,0,0,[],0.366
power,c10_noise10,190,9010190,V6,0,0,0,0,[],0.192
power,c10_noise10,190,9010190,V5,0,0,0,0,[],0.359
power,c10_noise10,191,9010191,V6,0,0,0,0,[],0.148
power,c10_noise10,191,9010191,V5,0,0,0,0,[],0.358
power,c10_noise10,192,9010192,V6,0,0,0,0,[],0.167
power,c10_noise10,192,9010192,V5,0,0,0,0,[],0.375
power,c10_noise10,193,9010193,V6,0,0,0,0,[],0.183
power,c10_noise10,193,9010193,V5,0,0,0,0,[],0.372
power,c10_noise10,194,9010194,V6,0,0,0,0,[],0.217
power,c10_noise10,194,9010194,V5,0,0,0,0,[],0.379
power,c10_noise10,195,9010195,V6,0,0,0,0,[],0.18
power,c10_noise10,195,9010195,V5,0,0,0,0,[],0.371
power,c10_noise10,196,9010196,V6,0,0,0,0,[],0.158
power,c10_noise10,196,9010196,V5,0,0,0,0,[],0.36
power,c10_noise10,197,9010197,V6,0,0,0,0,[],0.173
power,c10_noise10,197,9010197,V5,0,0,0,0,[],0.338
power,c10_noise10,198,9010198,V6,0,0,0,0,[],0.155
power,c10_noise10,198,9010198,V5,0,0,0,0,[],0.342
power,c10_noise10,199,9010199,V6,0,0,0,0,[],0.158
power,c10_noise10,199,9010199,V5,0,0,0,0,[],0.311
power,c10_noise10,200,9010200,V6,0,0,0,0,[],0.156
power,c10_noise10,200,9010200,V5,0,0,0,0,[],0.322
power,c10_noise10,201,9010201,V6,1,1,1,0,"[[""a"", ""p""]]",0.189
power,c10_noise10,201,9010201,V5,1,1,1,0,"[[""a"", ""p""]]",0.408
power,c10_noise10,202,9010202,V6,0,0,0,0,[],0.215
power,c10_noise10,202,9010202,V5,0,0,0,0,[],0.428
power,c10_noise10,203,9010203,V6,0,0,0,0,[],0.213
power,c10_noise10,203,9010203,V5,0,0,0,0,[],0.381
power,c10_noise10,204,9010204,V6,0,0,0,0,[],0.181
power,c10_noise10,204,9010204,V5,0,0,0,0,[],0.386
power,c10_noise10,205,9010205,V6,0,0,0,0,[],0.189
power,c10_noise10,205,9010205,V5,0,0,0,0,[],0.407
power,c10_noise10,206,9010206,V6,0,0,0,0,[],0.177
power,c10_noise10,206,9010206,V5,0,0,0,0,[],0.501
power,c10_noise10,207,9010207,V6,0,0,0,0,[],0.168
power,c10_noise10,207,9010207,V5,0,0,0,0,[],0.495
power,c10_noise10,208,9010208,V6,0,0,0,0,[],0.191
power,c10_noise10,208,9010208,V5,0,0,0,0,[],0.506
power,c10_noise10,209,9010209,V6,0,0,0,0,[],0.155
power,c10_noise10,209,9010209,V5,0,0,0,0,[],0.452
power,c10_noise10,210,9010210,V6,0,0,0,0,[],0.265
power,c10_noise10,210,9010210,V5,0,0,0,0,[],0.475
power,c10_noise10,211,9010211,V6,0,0,0,0,[],0.201
power,c10_noise10,211,9010211,V5,0,0,0,0,[],0.468
power,c10_noise10,212,9010212,V6,0,0,0,0,[],0.245
power,c10_noise10,212,9010212,V5,0,0,0,0,[],0.449
power,c10_noise10,213,9010213,V6,0,0,0,0,[],0.303
power,c10_noise10,213,9010213,V5,0,0,0,0,[],0.364
power,c10_noise10,214,9010214,V6,0,0,0,0,[],0.279
power,c10_noise10,214,9010214,V5,1,1,1,0,"[[""a"", ""p""]]",0.393
power,c10_noise10,215,9010215,V6,0,0,0,0,[],0.26
power,c10_noise10,215,9010215,V5,0,0,0,0,[],0.377
power,c10_noise10,216,9010216,V6,0,0,0,0,[],0.221
power,c10_noise10,216,9010216,V5,0,0,0,0,[],0.383
power,c10_noise10,217,9010217,V6,0,0,0,0,[],0.229
power,c10_noise10,217,9010217,V5,0,0,0,0,[],0.393
power,c10_noise10,218,9010218,V6,0,0,0,0,[],0.22
power,c10_noise10,218,9010218,V5,0,0,0,0,[],0.379
power,c10_noise10,219,9010219,V6,0,0,0,0,[],0.213
power,c10_noise10,219,9010219,V5,0,0,0,0,[],0.384
power,c10_noise10,220,9010220,V6,0,0,0,0,[],0.174
power,c10_noise10,220,9010220,V5,0,0,0,0,[],0.37
power,c10_noise10,221,9010221,V6,0,0,0,0,[],0.199
power,c10_noise10,221,9010221,V5,0,0,0,0,[],0.381
power,c10_noise10,222,9010222,V6,0,0,0,0,[],0.179
power,c10_noise10,222,9010222,V5,0,0,0,0,[],0.38
power,c10_noise10,223,9010223,V6,0,0,0,0,[],0.172
power,c10_noise10,223,9010223,V5,0,0,0,0,[],0.369
power,c10_noise10,224,9010224,V6,0,0,0,0,[],0.156
power,c10_noise10,224,9010224,V5,0,0,0,0,[],0.397
power,c10_noise10,225,9010225,V6,0,0,0,0,[],0.173
power,c10_noise10,225,9010225,V5,0,0,0,0,[],0.383
power,c10_noise10,226,9010226,V6,0,0,0,0,[],0.193
power,c10_noise10,226,9010226,V5,0,0,0,0,[],0.369
power,c10_noise10,227,9010227,V6,0,0,0,0,[],0.162
power,c10_noise10,227,9010227,V5,0,0,0,0,[],0.364
power,c10_noise10,228,9010228,V6,0,0,0,0,[],0.168
power,c10_noise10,228,9010228,V5,0,0,0,0,[],0.384
power,c10_noise10,229,9010229,V6,0,0,0,0,[],0.204
power,c10_noise10,229,9010229,V5,1,1,0,1,"[[""x2""]]",0.395
power,c10_noise10,230,9010230,V6,0,0,0,0,[],0.188
power,c10_noise10,230,9010230,V5,0,0,0,0,[],0.401
power,c10_noise10,231,9010231,V6,0,0,0,0,[],0.182
power,c10_noise10,231,9010231,V5,0,0,0,0,[],0.37
power,c10_noise10,232,9010232,V6,0,0,0,0,[],0.178
power,c10_noise10,232,9010232,V5,0,0,0,0,[],0.402
power,c10_noise10,233,9010233,V6,0,0,0,0,[],0.181
power,c10_noise10,233,9010233,V5,0,0,0,0,[],0.395
power,c10_noise10,234,9010234,V6,1,1,1,0,"[[""a"", ""p""]]",0.158
power,c10_noise10,234,9010234,V5,1,1,1,0,"[[""a"", ""p""]]",0.333
power,c10_noise10,235,9010235,V6,0,0,0,0,[],0.189
power,c10_noise10,235,9010235,V5,0,0,0,0,[],0.406
power,c10_noise10,236,9010236,V6,0,0,0,0,[],0.202
power,c10_noise10,236,9010236,V5,0,0,0,0,[],0.39
power,c10_noise10,237,9010237,V6,0,0,0,0,[],0.175
power,c10_noise10,237,9010237,V5,0,0,0,0,[],0.382
power,c10_noise10,238,9010238,V6,0,0,0,0,[],0.186
power,c10_noise10,238,9010238,V5,0,0,0,0,[],0.378
power,c10_noise10,239,9010239,V6,0,0,0,0,[],0.171
power,c10_noise10,239,9010239,V5,0,0,0,0,[],0.389
power,c10_noise10,240,9010240,V6,0,0,0,0,[],0.214
power,c10_noise10,240,9010240,V5,0,0,0,0,[],0.413
power,c10_noise10,241,9010241,V6,0,0,0,0,[],0.176
power,c10_noise10,241,9010241,V5,0,0,0,0,[],0.367
power,c10_noise10,242,9010242,V6,0,0,0,0,[],0.216
power,c10_noise10,242,9010242,V5,0,0,0,0,[],0.351
power,c10_noise10,243,9010243,V6,0,0,0,0,[],0.167
power,c10_noise10,243,9010243,V5,0,0,0,0,[],0.321
power,c10_noise10,244,9010244,V6,1,1,0,1,"[[""x3""]]",0.223
power,c10_noise10,244,9010244,V5,1,1,0,1,"[[""x3""]]",0.377
power,c10_noise10,245,9010245,V6,1,1,1,0,"[[""a"", ""p""]]",0.204
power,c10_noise10,245,9010245,V5,1,1,1,0,"[[""a"", ""p""]]",0.365
power,c10_noise10,246,9010246,V6,0,0,0,0,[],0.184
power,c10_noise10,246,9010246,V5,0,0,0,0,[],0.391
power,c10_noise10,247,9010247,V6,0,0,0,0,[],0.175
power,c10_noise10,247,9010247,V5,0,0,0,0,[],0.363
power,c10_noise10,248,9010248,V6,0,0,0,0,[],0.19
power,c10_noise10,248,9010248,V5,0,0,0,0,[],0.366
power,c10_noise10,249,9010249,V6,0,0,0,0,[],0.173
power,c10_noise10,249,9010249,V5,0,0,0,0,[],0.368
power,c10_noise10,250,9010250,V6,0,0,0,0,[],0.184
power,c10_noise10,250,9010250,V5,0,0,0,0,[],0.395
power,c10_noise10,251,9010251,V6,0,0,0,0,[],0.167
power,c10_noise10,251,9010251,V5,0,0,0,0,[],0.375
power,c10_noise10,252,9010252,V6,0,0,0,0,[],0.152
power,c10_noise10,252,9010252,V5,0,0,0,0,[],0.356
power,c10_noise10,253,9010253,V6,0,0,0,0,[],0.151
power,c10_noise10,253,9010253,V5,0,0,0,0,[],0.355
power,c10_noise10,254,9010254,V6,0,0,0,0,[],0.177
power,c10_noise10,254,9010254,V5,0,0,0,0,[],0.368
power,c10_noise10,255,9010255,V6,0,0,0,0,[],0.176
power,c10_noise10,255,9010255,V5,0,0,0,0,[],0.375
power,c10_noise10,256,9010256,V6,0,0,0,0,[],0.174
power,c10_noise10,256,9010256,V5,0,0,0,0,[],0.329
power,c10_noise10,257,9010257,V6,0,0,0,0,[],0.188
power,c10_noise10,257,9010257,V5,0,0,0,0,[],0.379
power,c10_noise10,258,9010258,V6,0,0,0,0,[],0.185
power,c10_noise10,258,9010258,V5,0,0,0,0,[],0.333
power,c10_noise10,259,9010259,V6,0,0,0,0,[],0.19
power,c10_noise10,259,9010259,V5,0,0,0,0,[],0.355
power,c10_noise10,260,9010260,V6,0,0,0,0,[],0.18
power,c10_noise10,260,9010260,V5,0,0,0,0,[],0.398
power,c10_noise10,261,9010261,V6,0,0,0,0,[],0.186
power,c10_noise10,261,9010261,V5,0,0,0,0,[],0.345
power,c10_noise10,262,9010262,V6,0,0,0,0,[],0.179
power,c10_noise10,262,9010262,V5,0,0,0,0,[],0.368
power,c10_noise10,263,9010263,V6,0,0,0,0,[],0.156
power,c10_noise10,263,9010263,V5,0,0,0,0,[],0.368
power,c10_noise10,264,9010264,V6,0,0,0,0,[],0.191
power,c10_noise10,264,9010264,V5,0,0,0,0,[],0.386
power,c10_noise10,265,9010265,V6,1,1,0,1,"[[""x3""]]",0.159
power,c10_noise10,265,9010265,V5,1,1,0,1,"[[""x3""]]",0.396
power,c10_noise10,266,9010266,V6,0,0,0,0,[],0.161
power,c10_noise10,266,9010266,V5,0,0,0,0,[],0.368
power,c10_noise10,267,9010267,V6,0,0,0,0,[],0.176
power,c10_noise10,267,9010267,V5,0,0,0,0,[],0.372
power,c10_noise10,268,9010268,V6,0,0,0,0,[],0.147
power,c10_noise10,268,9010268,V5,0,0,0,0,[],0.418
power,c10_noise10,269,9010269,V6,0,0,0,0,[],0.226
power,c10_noise10,269,9010269,V5,0,0,0,0,[],0.425
power,c10_noise10,270,9010270,V6,0,0,0,0,[],0.209
power,c10_noise10,270,9010270,V5,0,0,0,0,[],0.435
power,c10_noise10,271,9010271,V6,0,0,0,0,[],0.165
power,c10_noise10,271,9010271,V5,0,0,0,0,[],0.447
power,c10_noise10,272,9010272,V6,0,0,0,0,[],0.194
power,c10_noise10,272,9010272,V5,0,0,0,0,[],0.435
power,c10_noise10,273,9010273,V6,0,0,0,0,[],0.193
power,c10_noise10,273,9010273,V5,0,0,0,0,[],0.416
power,c10_noise10,274,9010274,V6,0,0,0,0,[],0.21
power,c10_noise10,274,9010274,V5,0,0,0,0,[],0.38
power,c10_noise10,275,9010275,V6,1,1,0,1,"[[""x2""]]",0.184
power,c10_noise10,275,9010275,V5,0,0,0,0,[],0.403
power,c10_noise10,276,9010276,V6,0,0,0,0,[],0.203
power,c10_noise10,276,9010276,V5,0,0,0,0,[],0.391
power,c10_noise10,277,9010277,V6,0,0,0,0,[],0.182
power,c10_noise10,277,9010277,V5,0,0,0,0,[],0.4
power,c10_noise10,278,9010278,V6,0,0,0,0,[],0.191
power,c10_noise10,278,9010278,V5,0,0,0,0,[],0.365
power,c10_noise10,279,9010279,V6,0,0,0,0,[],0.232
power,c10_noise10,279,9010279,V5,0,0,0,0,[],0.454
power,c10_noise10,280,9010280,V6,0,0,0,0,[],0.189
power,c10_noise10,280,9010280,V5,0,0,0,0,[],0.403
power,c10_noise10,281,9010281,V6,0,0,0,0,[],0.206
power,c10_noise10,281,9010281,V5,0,0,0,0,[],0.41
power,c10_noise10,282,9010282,V6,0,0,0,0,[],0.179
power,c10_noise10,282,9010282,V5,0,0,0,0,[],0.391
power,c10_noise10,283,9010283,V6,0,0,0,0,[],0.23
power,c10_noise10,283,9010283,V5,0,0,0,0,[],0.398
power,c10_noise10,284,9010284,V6,0,0,0,0,[],0.209
power,c10_noise10,284,9010284,V5,0,0,0,0,[],0.427
power,c10_noise10,285,9010285,V6,1,1,0,1,"[[""z4""]]",0.213
power,c10_noise10,285,9010285,V5,1,1,0,1,"[[""z4""]]",0.407
power,c10_noise10,286,9010286,V6,0,0,0,0,[],0.215
power,c10_noise10,286,9010286,V5,0,0,0,0,[],0.362
power,c10_noise10,287,9010287,V6,0,0,0,0,[],0.242
power,c10_noise10,287,9010287,V5,0,0,0,0,[],0.434
power,c10_noise10,288,9010288,V6,0,0,0,0,[],0.209
power,c10_noise10,288,9010288,V5,0,0,0,0,[],0.37
power,c10_noise10,289,9010289,V6,0,0,0,0,[],0.204
power,c10_noise10,289,9010289,V5,0,0,0,0,[],0.381
power,c10_noise10,290,9010290,V6,0,0,0,0,[],0.189
power,c10_noise10,290,9010290,V5,0,0,0,0,[],0.401
power,c10_noise10,291,9010291,V6,0,0,0,0,[],0.167
power,c10_noise10,291,9010291,V5,0,0,0,0,[],0.376
power,c10_noise10,292,9010292,V6,0,0,0,0,[],0.194
power,c10_noise10,292,9010292,V5,0,0,0,0,[],0.369
power,c10_noise10,293,9010293,V6,0,0,0,0,[],0.171
power,c10_noise10,293,9010293,V5,0,0,0,0,[],0.384
power,c10_noise10,294,9010294,V6,0,0,0,0,[],0.178
power,c10_noise10,294,9010294,V5,0,0,0,0,[],0.41
power,c10_noise10,295,9010295,V6,0,0,0,0,[],0.159
power,c10_noise10,295,9010295,V5,0,0,0,0,[],0.404
power,c10_noise10,296,9010296,V6,0,0,0,0,[],0.171
power,c10_noise10,296,9010296,V5,0,0,0,0,[],0.379
power,c10_noise10,297,9010297,V6,0,0,0,0,[],0.177
power,c10_noise10,297,9010297,V5,0,0,0,0,[],0.364
power,c10_noise10,298,9010298,V6,0,0,0,0,[],0.234
power,c10_noise10,298,9010298,V5,0,0,0,0,[],0.346
power,c10_noise10,299,9010299,V6,0,0,0,0,[],0.196
power,c10_noise10,299,9010299,V5,0,0,0,0,[],0.322
power,c10_noise10,300,9010300,V6,0,0,0,0,[],0.165
power,c10_noise10,300,9010300,V5,0,0,0,0,[],0.324
power,c10_noise10,301,9010301,V6,0,0,0,0,[],0.157
power,c10_noise10,301,9010301,V5,0,0,0,0,[],0.384
power,c10_noise10,302,9010302,V6,0,0,0,0,[],0.161
power,c10_noise10,302,9010302,V5,0,0,0,0,[],0.359
power,c10_noise10,303,9010303,V6,0,0,0,0,[],0.168
power,c10_noise10,303,9010303,V5,0,0,0,0,[],0.376
power,c10_noise10,304,9010304,V6,0,0,0,0,[],0.195
power,c10_noise10,304,9010304,V5,0,0,0,0,[],0.356
power,c10_noise10,305,9010305,V6,0,0,0,0,[],0.182
power,c10_noise10,305,9010305,V5,0,0,0,0,[],0.384
power,c10_noise10,306,9010306,V6,1,1,1,0,"[[""a"", ""p""]]",0.194
power,c10_noise10,306,9010306,V5,0,0,0,0,[],0.392
power,c10_noise10,307,9010307,V6,1,1,1,0,"[[""a"", ""p""]]",0.177
power,c10_noise10,307,9010307,V5,1,1,1,0,"[[""a"", ""p""]]",0.407
power,c10_noise10,308,9010308,V6,0,0,0,0,[],0.185
power,c10_noise10,308,9010308,V5,0,0,0,0,[],0.346
power,c10_noise10,309,9010309,V6,0,0,0,0,[],0.169
power,c10_noise10,309,9010309,V5,0,0,0,0,[],0.378
power,c10_noise10,310,9010310,V6,0,0,0,0,[],0.184
power,c10_noise10,310,9010310,V5,0,0,0,0,[],0.353
power,c10_noise10,311,9010311,V6,0,0,0,0,[],0.191
power,c10_noise10,311,9010311,V5,0,0,0,0,[],0.356
power,c10_noise10,312,9010312,V6,0,0,0,0,[],0.177
power,c10_noise10,312,9010312,V5,0,0,0,0,[],0.388
power,c10_noise10,313,9010313,V6,0,0,0,0,[],0.19
power,c10_noise10,313,9010313,V5,0,0,0,0,[],0.377
power,c10_noise10,314,9010314,V6,0,0,0,0,[],0.172
power,c10_noise10,314,9010314,V5,0,0,0,0,[],0.396
power,c10_noise10,315,9010315,V6,0,0,0,0,[],0.209
power,c10_noise10,315,9010315,V5,0,0,0,0,[],0.373
power,c10_noise10,316,9010316,V6,0,0,0,0,[],0.192
power,c10_noise10,316,9010316,V5,0,0,0,0,[],0.362
power,c10_noise10,317,9010317,V6,0,0,0,0,[],0.192
power,c10_noise10,317,9010317,V5,0,0,0,0,[],0.375
power,c10_noise10,318,9010318,V6,0,0,0,0,[],0.19
power,c10_noise10,318,9010318,V5,0,0,0,0,[],0.345
power,c10_noise10,319,9010319,V6,0,0,0,0,[],0.173
power,c10_noise10,319,9010319,V5,0,0,0,0,[],0.374
power,c10_noise10,320,9010320,V6,0,0,0,0,[],0.178
power,c10_noise10,320,9010320,V5,0,0,0,0,[],0.39
power,c10_noise10,321,9010321,V6,0,0,0,0,[],0.191
power,c10_noise10,321,9010321,V5,0,0,0,0,[],0.401
power,c10_noise10,322,9010322,V6,0,0,0,0,[],0.208
power,c10_noise10,322,9010322,V5,0,0,0,0,[],0.387
power,c10_noise10,323,9010323,V6,0,0,0,0,[],0.198
power,c10_noise10,323,9010323,V5,0,0,0,0,[],0.371
power,c10_noise10,324,9010324,V6,0,0,0,0,[],0.179
power,c10_noise10,324,9010324,V5,0,0,0,0,[],0.4
power,c10_noise10,325,9010325,V6,0,0,0,0,[],0.177
power,c10_noise10,325,9010325,V5,0,0,0,0,[],0.381
power,c10_noise10,326,9010326,V6,0,0,0,0,[],0.197
power,c10_noise10,326,9010326,V5,0,0,0,0,[],0.394
power,c10_noise10,327,9010327,V6,0,0,0,0,[],0.177
power,c10_noise10,327,9010327,V5,0,0,0,0,[],0.371
power,c10_noise10,328,9010328,V6,0,0,0,0,[],0.202
power,c10_noise10,328,9010328,V5,0,0,0,0,[],0.397
power,c10_noise10,329,9010329,V6,0,0,0,0,[],0.211
power,c10_noise10,329,9010329,V5,0,0,0,0,[],0.378
power,c10_noise10,330,9010330,V6,0,0,0,0,[],0.151
power,c10_noise10,330,9010330,V5,0,0,0,0,[],0.428
power,c10_noise10,331,9010331,V6,0,0,0,0,[],0.208
power,c10_noise10,331,9010331,V5,0,0,0,0,[],0.384
power,c10_noise10,332,9010332,V6,0,0,0,0,[],0.18
power,c10_noise10,332,9010332,V5,0,0,0,0,[],0.392
power,c10_noise10,333,9010333,V6,0,0,0,0,[],0.236
power,c10_noise10,333,9010333,V5,0,0,0,0,[],0.389
power,c10_noise10,334,9010334,V6,0,0,0,0,[],0.187
power,c10_noise10,334,9010334,V5,0,0,0,0,[],0.405
power,c10_noise10,335,9010335,V6,0,0,0,0,[],0.171
power,c10_noise10,335,9010335,V5,0,0,0,0,[],0.377
power,c10_noise10,336,9010336,V6,0,0,0,0,[],0.173
power,c10_noise10,336,9010336,V5,0,0,0,0,[],0.404
power,c10_noise10,337,9010337,V6,0,0,0,0,[],0.152
power,c10_noise10,337,9010337,V5,0,0,0,0,[],0.388
power,c10_noise10,338,9010338,V6,0,0,0,0,[],0.188
power,c10_noise10,338,9010338,V5,0,0,0,0,[],0.368
power,c10_noise10,339,9010339,V6,0,0,0,0,[],0.19
power,c10_noise10,339,9010339,V5,0,0,0,0,[],0.4
power,c10_noise10,340,9010340,V6,0,0,0,0,[],0.192
power,c10_noise10,340,9010340,V5,0,0,0,0,[],0.398
power,c10_noise10,341,9010341,V6,0,0,0,0,[],0.166
power,c10_noise10,341,9010341,V5,0,0,0,0,[],0.342
power,c10_noise10,342,9010342,V6,0,0,0,0,[],0.206
power,c10_noise10,342,9010342,V5,1,1,1,0,"[[""a"", ""p""]]",0.4
power,c10_noise10,343,9010343,V6,0,0,0,0,[],0.169
power,c10_noise10,343,9010343,V5,0,0,0,0,[],0.409
power,c10_noise10,344,9010344,V6,0,0,0,0,[],0.212
power,c10_noise10,344,9010344,V5,0,0,0,0,[],0.374
power,c10_noise10,345,9010345,V6,0,0,0,0,[],0.173
power,c10_noise10,345,9010345,V5,0,0,0,0,[],0.339
power,c10_noise10,346,9010346,V6,0,0,0,0,[],0.177
power,c10_noise10,346,9010346,V5,0,0,0,0,[],0.363
power,c10_noise10,347,9010347,V6,0,0,0,0,[],0.196
power,c10_noise10,347,9010347,V5,0,0,0,0,[],0.404
power,c10_noise10,348,9010348,V6,0,0,0,0,[],0.19
power,c10_noise10,348,9010348,V5,0,0,0,0,[],0.365
power,c10_noise10,349,9010349,V6,0,0,0,0,[],0.186
power,c10_noise10,349,9010349,V5,0,0,0,0,[],0.423
power,c10_noise10,350,9010350,V6,0,0,0,0,[],0.178
power,c10_noise10,350,9010350,V5,0,0,0,0,[],0.374
power,c10_noise10,351,9010351,V6,0,0,0,0,[],0.201
power,c10_noise10,351,9010351,V5,0,0,0,0,[],0.427
power,c10_noise10,352,9010352,V6,0,0,0,0,[],0.178
power,c10_noise10,352,9010352,V5,0,0,0,0,[],0.414
power,c10_noise10,353,9010353,V6,0,0,0,0,[],0.229
power,c10_noise10,353,9010353,V5,0,0,0,0,[],0.362
power,c10_noise10,354,9010354,V6,0,0,0,0,[],0.188
power,c10_noise10,354,9010354,V5,0,0,0,0,[],0.402
power,c10_noise10,355,9010355,V6,0,0,0,0,[],0.213
power,c10_noise10,355,9010355,V5,0,0,0,0,[],0.399
power,c10_noise10,356,9010356,V6,0,0,0,0,[],0.218
power,c10_noise10,356,9010356,V5,0,0,0,0,[],0.428
power,c10_noise10,357,9010357,V6,0,0,0,0,[],0.202
power,c10_noise10,357,9010357,V5,0,0,0,0,[],0.391
power,c10_noise10,358,9010358,V6,0,0,0,0,[],0.183
power,c10_noise10,358,9010358,V5,0,0,0,0,[],0.416
power,c10_noise10,359,9010359,V6,0,0,0,0,[],0.183
power,c10_noise10,359,9010359,V5,0,0,0,0,[],0.425
power,c10_noise10,360,9010360,V6,0,0,0,0,[],0.178
power,c10_noise10,360,9010360,V5,0,0,0,0,[],0.406
power,c10_noise10,361,9010361,V6,0,0,0,0,[],0.217
power,c10_noise10,361,9010361,V5,0,0,0,0,[],0.412
power,c10_noise10,362,9010362,V6,0,0,0,0,[],0.244
power,c10_noise10,362,9010362,V5,0,0,0,0,[],0.355
power,c10_noise10,363,9010363,V6,0,0,0,0,[],0.195
power,c10_noise10,363,9010363,V5,0,0,0,0,[],0.381
power,c10_noise10,364,9010364,V6,0,0,0,0,[],0.216
power,c10_noise10,364,9010364,V5,0,0,0,0,[],0.395
power,c10_noise10,365,9010365,V6,0,0,0,0,[],0.19
power,c10_noise10,365,9010365,V5,0,0,0,0,[],0.428
power,c10_noise10,366,9010366,V6,0,0,0,0,[],0.215
power,c10_noise10,366,9010366,V5,0,0,0,0,[],0.357
power,c10_noise10,367,9010367,V6,0,0,0,0,[],0.171
power,c10_noise10,367,9010367,V5,0,0,0,0,[],0.393
power,c10_noise10,368,9010368,V6,0,0,0,0,[],0.189
power,c10_noise10,368,9010368,V5,0,0,0,0,[],0.393
power,c10_noise10,369,9010369,V6,0,0,0,0,[],0.213
power,c10_noise10,369,9010369,V5,0,0,0,0,[],0.405
power,c10_noise10,370,9010370,V6,0,0,0,0,[],0.185
power,c10_noise10,370,9010370,V5,0,0,0,0,[],0.41
power,c10_noise10,371,9010371,V6,0,0,0,0,[],0.196
power,c10_noise10,371,9010371,V5,0,0,0,0,[],0.326
power,c10_noise10,372,9010372,V6,0,0,0,0,[],0.182
power,c10_noise10,372,9010372,V5,0,0,0,0,[],0.375
power,c10_noise10,373,9010373,V6,0,0,0,0,[],0.19
power,c10_noise10,373,9010373,V5,0,0,0,0,[],0.365
power,c10_noise10,374,9010374,V6,0,0,0,0,[],0.211
power,c10_noise10,374,9010374,V5,0,0,0,0,[],0.37
power,c10_noise10,375,9010375,V6,0,0,0,0,[],0.188
power,c10_noise10,375,9010375,V5,0,0,0,0,[],0.38
power,c10_noise10,376,9010376,V6,0,0,0,0,[],0.218
power,c10_noise10,376,9010376,V5,0,0,0,0,[],0.372
power,c10_noise10,377,9010377,V6,0,0,0,0,[],0.176
power,c10_noise10,377,9010377,V5,0,0,0,0,[],0.392
power,c10_noise10,378,9010378,V6,0,0,0,0,[],0.196
power,c10_noise10,378,9010378,V5,0,0,0,0,[],0.35
power,c10_noise10,379,9010379,V6,0,0,0,0,[],0.197
power,c10_noise10,379,9010379,V5,0,0,0,0,[],0.388
power,c10_noise10,380,9010380,V6,0,0,0,0,[],0.189
power,c10_noise10,380,9010380,V5,0,0,0,0,[],0.39
power,c10_noise10,381,9010381,V6,0,0,0,0,[],0.202
power,c10_noise10,381,9010381,V5,0,0,0,0,[],0.393
power,c10_noise10,382,9010382,V6,0,0,0,0,[],0.183
power,c10_noise10,382,9010382,V5,0,0,0,0,[],0.406
power,c10_noise10,383,9010383,V6,0,0,0,0,[],0.187
power,c10_noise10,383,9010383,V5,0,0,0,0,[],0.361
power,c10_noise10,384,9010384,V6,0,0,0,0,[],0.187
power,c10_noise10,384,9010384,V5,0,0,0,0,[],0.416
power,c10_noise10,385,9010385,V6,0,0,0,0,[],0.176
power,c10_noise10,385,9010385,V5,0,0,0,0,[],0.386
power,c10_noise10,386,9010386,V6,0,0,0,0,[],0.222
power,c10_noise10,386,9010386,V5,0,0,0,0,[],0.355
power,c10_noise10,387,9010387,V6,0,0,0,0,[],0.226
power,c10_noise10,387,9010387,V5,0,0,0,0,[],0.406
power,c10_noise10,388,9010388,V6,0,0,0,0,[],0.218
power,c10_noise10,388,9010388,V5,0,0,0,0,[],0.404
power,c10_noise10,389,9010389,V6,0,0,0,0,[],0.184
power,c10_noise10,389,9010389,V5,0,0,0,0,[],0.342
power,c10_noise10,390,9010390,V6,0,0,0,0,[],0.206
power,c10_noise10,390,9010390,V5,0,0,0,0,[],0.369
power,c10_noise10,391,9010391,V6,0,0,0,0,[],0.216
power,c10_noise10,391,9010391,V5,0,0,0,0,[],0.326
power,c10_noise10,392,9010392,V6,0,0,0,0,[],0.178
power,c10_noise10,392,9010392,V5,0,0,0,0,[],0.364
power,c10_noise10,393,9010393,V6,0,0,0,0,[],0.215
power,c10_noise10,393,9010393,V5,0,0,0,0,[],0.366
power,c10_noise10,394,9010394,V6,0,0,0,0,[],0.221
power,c10_noise10,394,9010394,V5,0,0,0,0,[],0.344
power,c10_noise10,395,9010395,V6,0,0,0,0,[],0.184
power,c10_noise10,395,9010395,V5,0,0,0,0,[],0.358
power,c10_noise10,396,9010396,V6,0,0,0,0,[],0.177
power,c10_noise10,396,9010396,V5,0,0,0,0,[],0.312
power,c10_noise10,397,9010397,V6,0,0,0,0,[],0.151
power,c10_noise10,397,9010397,V5,0,0,0,0,[],0.37
power,c10_noise10,398,9010398,V6,0,0,0,0,[],0.214
power,c10_noise10,398,9010398,V5,0,0,0,0,[],0.372
power,c10_noise10,399,9010399,V6,0,0,0,0,[],0.176
power,c10_noise10,399,9010399,V5,0,0,0,0,[],0.353
power,c10_noise10,400,9010400,V6,0,0,0,0,[],0.168
power,c10_noise10,400,9010400,V5,0,0,0,0,[],0.336
power,c10_noise10,401,9010401,V6,0,0,0,0,[],0.148
power,c10_noise10,401,9010401,V5,0,0,0,0,[],0.337
power,c10_noise10,402,9010402,V6,0,0,0,0,[],0.172
power,c10_noise10,402,9010402,V5,0,0,0,0,[],0.355
power,c10_noise10,403,9010403,V6,0,0,0,0,[],0.145
power,c10_noise10,403,9010403,V5,0,0,0,0,[],0.338
power,c10_noise10,404,9010404,V6,1,1,1,0,"[[""a"", ""p""]]",0.168
power,c10_noise10,404,9010404,V5,0,0,0,0,[],0.352
power,c10_noise10,405,9010405,V6,0,0,0,0,[],0.152
power,c10_noise10,405,9010405,V5,0,0,0,0,[],0.413
power,c10_noise10,406,9010406,V6,0,0,0,0,[],0.169
power,c10_noise10,406,9010406,V5,0,0,0,0,[],0.391
power,c10_noise10,407,9010407,V6,0,0,0,0,[],0.188
power,c10_noise10,407,9010407,V5,0,0,0,0,[],0.399
power,c10_noise10,408,9010408,V6,0,0,0,0,[],0.157
power,c10_noise10,408,9010408,V5,0,0,0,0,[],0.387
power,c10_noise10,409,9010409,V6,0,0,0,0,[],0.159
power,c10_noise10,409,9010409,V5,0,0,0,0,[],0.386
power,c10_noise10,410,9010410,V6,0,0,0,0,[],0.193
power,c10_noise10,410,9010410,V5,0,0,0,0,[],0.391
power,c10_noise10,411,9010411,V6,0,0,0,0,[],0.191
power,c10_noise10,411,9010411,V5,0,0,0,0,[],0.438
power,c10_noise10,412,9010412,V6,0,0,0,0,[],0.18
power,c10_noise10,412,9010412,V5,0,0,0,0,[],0.506
power,c10_noise10,413,9010413,V6,0,0,0,0,[],0.193
power,c10_noise10,413,9010413,V5,0,0,0,0,[],0.528
power,c10_noise10,414,9010414,V6,0,0,0,0,[],0.204
power,c10_noise10,414,9010414,V5,0,0,0,0,[],0.44
power,c10_noise10,415,9010415,V6,0,0,0,0,[],0.184
power,c10_noise10,415,9010415,V5,0,0,0,0,[],0.431
power,c10_noise10,416,9010416,V6,0,0,0,0,[],0.228
power,c10_noise10,416,9010416,V5,0,0,0,0,[],0.449
power,c10_noise10,417,9010417,V6,0,0,0,0,[],0.202
power,c10_noise10,417,9010417,V5,0,0,0,0,[],0.426
power,c10_noise10,418,9010418,V6,1,1,1,0,"[[""a"", ""p""]]",0.316
power,c10_noise10,418,9010418,V5,1,1,1,0,"[[""a"", ""p""]]",0.425
power,c10_noise10,419,9010419,V6,0,0,0,0,[],0.22
power,c10_noise10,419,9010419,V5,0,0,0,0,[],0.491
power,c10_noise10,420,9010420,V6,0,0,0,0,[],0.23
power,c10_noise10,420,9010420,V5,0,0,0,0,[],0.48
power,c10_noise10,421,9010421,V6,0,0,0,0,[],0.238
power,c10_noise10,421,9010421,V5,0,0,0,0,[],0.41
power,c10_noise10,422,9010422,V6,0,0,0,0,[],0.232
power,c10_noise10,422,9010422,V5,0,0,0,0,[],0.412
power,c10_noise10,423,9010423,V6,0,0,0,0,[],0.235
power,c10_noise10,423,9010423,V5,0,0,0,0,[],0.441
power,c10_noise10,424,9010424,V6,0,0,0,0,[],0.202
power,c10_noise10,424,9010424,V5,0,0,0,0,[],0.495
power,c10_noise10,425,9010425,V6,0,0,0,0,[],0.203
power,c10_noise10,425,9010425,V5,0,0,0,0,[],0.414
power,c10_noise10,426,9010426,V6,0,0,0,0,[],0.186
power,c10_noise10,426,9010426,V5,0,0,0,0,[],0.424
power,c10_noise10,427,9010427,V6,0,0,0,0,[],0.205
power,c10_noise10,427,9010427,V5,0,0,0,0,[],0.502
power,c10_noise10,428,9010428,V6,0,0,0,0,[],0.237
power,c10_noise10,428,9010428,V5,0,0,0,0,[],0.537
power,c10_noise10,429,9010429,V6,0,0,0,0,[],0.163
power,c10_noise10,429,9010429,V5,0,0,0,0,[],0.477
power,c10_noise10,430,9010430,V6,0,0,0,0,[],0.202
power,c10_noise10,430,9010430,V5,0,0,0,0,[],0.475
power,c10_noise10,431,9010431,V6,0,0,0,0,[],0.255
power,c10_noise10,431,9010431,V5,0,0,0,0,[],0.472
power,c10_noise10,432,9010432,V6,1,1,1,0,"[[""a"", ""p""]]",0.232
power,c10_noise10,432,9010432,V5,1,1,1,0,"[[""a"", ""p""]]",0.429
power,c10_noise10,433,9010433,V6,0,0,0,0,[],0.252
power,c10_noise10,433,9010433,V5,0,0,0,0,[],0.403
power,c10_noise10,434,9010434,V6,0,0,0,0,[],0.23
power,c10_noise10,434,9010434,V5,0,0,0,0,[],0.435
power,c10_noise10,435,9010435,V6,0,0,0,0,[],0.237
power,c10_noise10,435,9010435,V5,0,0,0,0,[],0.467
power,c10_noise10,436,9010436,V6,0,0,0,0,[],0.225
power,c10_noise10,436,9010436,V5,0,0,0,0,[],0.424
power,c10_noise10,437,9010437,V6,0,0,0,0,[],0.263
power,c10_noise10,437,9010437,V5,0,0,0,0,[],0.476
power,c10_noise10,438,9010438,V6,0,0,0,0,[],0.205
power,c10_noise10,438,9010438,V5,0,0,0,0,[],0.482
power,c10_noise10,439,9010439,V6,0,0,0,0,[],0.266
power,c10_noise10,439,9010439,V5,0,0,0,0,[],0.431
power,c10_noise10,440,9010440,V6,0,0,0,0,[],0.237
power,c10_noise10,440,9010440,V5,0,0,0,0,[],0.509
power,c10_noise10,441,9010441,V6,0,0,0,0,[],0.234
power,c10_noise10,441,9010441,V5,0,0,0,0,[],0.402
power,c10_noise10,442,9010442,V6,0,0,0,0,[],0.266
power,c10_noise10,442,9010442,V5,0,0,0,0,[],0.501
power,c10_noise10,443,9010443,V6,0,0,0,0,[],0.231
power,c10_noise10,443,9010443,V5,0,0,0,0,[],0.428
power,c10_noise10,444,9010444,V6,0,0,0,0,[],0.277
power,c10_noise10,444,9010444,V5,0,0,0,0,[],0.408
power,c10_noise10,445,9010445,V6,0,0,0,0,[],0.24
power,c10_noise10,445,9010445,V5,0,0,0,0,[],0.411
power,c10_noise10,446,9010446,V6,0,0,0,0,[],0.221
power,c10_noise10,446,9010446,V5,0,0,0,0,[],0.45
power,c10_noise10,447,9010447,V6,0,0,0,0,[],0.205
power,c10_noise10,447,9010447,V5,0,0,0,0,[],0.509
power,c10_noise10,448,9010448,V6,0,0,0,0,[],0.207
power,c10_noise10,448,9010448,V5,0,0,0,0,[],0.515
power,c10_noise10,449,9010449,V6,0,0,0,0,[],0.243
power,c10_noise10,449,9010449,V5,0,0,0,0,[],0.501
power,c10_noise10,450,9010450,V6,0,0,0,0,[],0.204
power,c10_noise10,450,9010450,V5,0,0,0,0,[],0.468
power,c10_noise10,451,9010451,V6,0,0,0,0,[],0.206
power,c10_noise10,451,9010451,V5,0,0,0,0,[],0.485
power,c10_noise10,452,9010452,V6,0,0,0,0,[],0.217
power,c10_noise10,452,9010452,V5,0,0,0,0,[],0.436
power,c10_noise10,453,9010453,V6,0,0,0,0,[],0.263
power,c10_noise10,453,9010453,V5,0,0,0,0,[],0.397
power,c10_noise10,454,9010454,V6,0,0,0,0,[],0.295
power,c10_noise10,454,9010454,V5,0,0,0,0,[],0.35
power,c10_noise10,455,9010455,V6,0,0,0,0,[],0.267
power,c10_noise10,455,9010455,V5,0,0,0,0,[],0.441
power,c10_noise10,456,9010456,V6,0,0,0,0,[],0.285
power,c10_noise10,456,9010456,V5,0,0,0,0,[],0.359
power,c10_noise10,457,9010457,V6,0,0,0,0,[],0.223
power,c10_noise10,457,9010457,V5,0,0,0,0,[],0.466
power,c10_noise10,458,9010458,V6,0,0,0,0,[],0.185
power,c10_noise10,458,9010458,V5,0,0,0,0,[],0.421
power,c10_noise10,459,9010459,V6,0,0,0,0,[],0.19
power,c10_noise10,459,9010459,V5,1,1,1,0,"[[""a"", ""p""]]",0.437
power,c10_noise10,460,9010460,V6,0,0,0,0,[],0.191
power,c10_noise10,460,9010460,V5,0,0,0,0,[],0.45
power,c10_noise10,461,9010461,V6,0,0,0,0,[],0.255
power,c10_noise10,461,9010461,V5,0,0,0,0,[],0.463
power,c10_noise10,462,9010462,V6,0,0,0,0,[],0.218
power,c10_noise10,462,9010462,V5,0,0,0,0,[],0.444
power,c10_noise10,463,9010463,V6,0,0,0,0,[],0.238
power,c10_noise10,463,9010463,V5,0,0,0,0,[],0.479
power,c10_noise10,464,9010464,V6,0,0,0,0,[],0.232
power,c10_noise10,464,9010464,V5,0,0,0,0,[],0.472
power,c10_noise10,465,9010465,V6,0,0,0,0,[],0.209
power,c10_noise10,465,9010465,V5,0,0,0,0,[],0.434
power,c10_noise10,466,9010466,V6,0,0,0,0,[],0.236
power,c10_noise10,466,9010466,V5,0,0,0,0,[],0.454
power,c10_noise10,467,9010467,V6,0,0,0,0,[],0.239
power,c10_noise10,467,9010467,V5,0,0,0,0,[],0.409
power,c10_noise10,468,9010468,V6,0,0,0,0,[],0.209
power,c10_noise10,468,9010468,V5,0,0,0,0,[],0.429
power,c10_noise10,469,9010469,V6,0,0,0,0,[],0.262
power,c10_noise10,469,9010469,V5,0,0,0,0,[],0.422
power,c10_noise10,470,9010470,V6,0,0,0,0,[],0.244
power,c10_noise10,470,9010470,V5,1,1,0,1,"[[""x4""]]",0.441
power,c10_noise10,471,9010471,V6,0,0,0,0,[],0.205
power,c10_noise10,471,9010471,V5,0,0,0,0,[],0.386
power,c10_noise10,472,9010472,V6,0,0,0,0,[],0.231
power,c10_noise10,472,9010472,V5,0,0,0,0,[],0.367
power,c10_noise10,473,9010473,V6,0,0,0,0,[],0.193
power,c10_noise10,473,9010473,V5,0,0,0,0,[],0.418
power,c10_noise10,474,9010474,V6,0,0,0,0,[],0.19
power,c10_noise10,474,9010474,V5,0,0,0,0,[],0.379
power,c10_noise10,475,9010475,V6,0,0,0,0,[],0.229
power,c10_noise10,475,9010475,V5,0,0,0,0,[],0.534
power,c10_noise10,476,9010476,V6,0,0,0,0,[],0.223
power,c10_noise10,476,9010476,V5,0,0,0,0,[],0.705
power,c10_noise10,477,9010477,V6,0,0,0,0,[],0.195
power,c10_noise10,477,9010477,V5,0,0,0,0,[],1.346
power,c10_noise10,478,9010478,V6,0,0,0,0,[],0.2
power,c10_noise10,478,9010478,V5,0,0,0,0,[],1.283
power,c10_noise10,479,9010479,V6,0,0,0,0,[],0.316
power,c10_noise10,479,9010479,V5,0,0,0,0,[],1.504
power,c10_noise10,480,9010480,V6,0,0,0,0,[],0.562
power,c10_noise10,480,9010480,V5,0,0,0,0,[],1.461
power,c10_noise10,481,9010481,V6,0,0,0,0,[],0.648
power,c10_noise10,481,9010481,V5,0,0,0,0,[],1.466
power,c10_noise10,482,9010482,V6,0,0,0,0,[],0.602
power,c10_noise10,482,9010482,V5,0,0,0,0,[],1.419
power,c10_noise10,483,9010483,V6,0,0,0,0,[],0.818
power,c10_noise10,483,9010483,V5,0,0,0,0,[],1.502
power,c10_noise10,484,9010484,V6,0,0,0,0,[],0.838
power,c10_noise10,484,9010484,V5,0,0,0,0,[],1.453
power,c10_noise10,485,9010485,V6,0,0,0,0,[],0.806
power,c10_noise10,485,9010485,V5,0,0,0,0,[],1.545
power,c10_noise10,486,9010486,V6,0,0,0,0,[],0.803
power,c10_noise10,486,9010486,V5,0,0,0,0,[],1.709
power,c10_noise10,487,9010487,V6,0,0,0,0,[],0.729
power,c10_noise10,487,9010487,V5,0,0,0,0,[],2.264
power,c10_noise10,488,9010488,V6,0,0,0,0,[],0.739
power,c10_noise10,488,9010488,V5,0,0,0,0,[],2.329
power,c10_noise10,489,9010489,V6,0,0,0,0,[],0.89
power,c10_noise10,489,9010489,V5,0,0,0,0,[],2.624
power,c10_noise10,490,9010490,V6,1,1,1,0,"[[""a"", ""p""]]",0.986
power,c10_noise10,490,9010490,V5,1,1,1,0,"[[""a"", ""p""]]",2.606
power,c10_noise10,491,9010491,V6,0,0,0,0,[],1.058
power,c10_noise10,491,9010491,V5,0,0,0,0,[],2.531
power,c10_noise10,492,9010492,V6,0,0,0,0,[],1.055
power,c10_noise10,492,9010492,V5,0,0,0,0,[],2.506
power,c10_noise10,493,9010493,V6,1,1,1,0,"[[""a"", ""p""]]",1.296
power,c10_noise10,493,9010493,V5,1,1,1,0,"[[""a"", ""p""]]",2.253
power,c10_noise10,494,9010494,V6,0,0,0,0,[],1.35
power,c10_noise10,494,9010494,V5,0,0,0,0,[],2.207
power,c10_noise10,495,9010495,V6,0,0,0,0,[],1.496
power,c10_noise10,495,9010495,V5,0,0,0,0,[],2.095
power,c10_noise10,496,9010496,V6,0,0,0,0,[],1.336
power,c10_noise10,496,9010496,V5,0,0,0,0,[],2.013
power,c10_noise10,497,9010497,V6,0,0,0,0,[],1.328
power,c10_noise10,497,9010497,V5,0,0,0,0,[],1.513
power,c10_noise10,498,9010498,V6,0,0,0,0,[],1.305
power,c10_noise10,498,9010498,V5,0,0,0,0,[],1.51
power,c10_noise10,499,9010499,V6,0,0,0,0,[],0.893
power,c10_noise10,499,9010499,V5,0,0,0,0,[],1.466
power,c10_noise30,0,9020000,V6,1,1,1,0,"[[""a""]]",0.798
power,c10_noise30,0,9020000,V5,0,0,0,0,[],1.501
power,c10_noise30,1,9020001,V6,0,0,0,0,[],0.819
power,c10_noise30,1,9020001,V5,0,0,0,0,[],1.487
power,c10_noise30,2,9020002,V6,0,0,0,0,[],0.796
power,c10_noise30,2,9020002,V5,0,0,0,0,[],1.491
power,c10_noise30,3,9020003,V6,0,0,0,0,[],0.794
power,c10_noise30,3,9020003,V5,0,0,0,0,[],1.504
power,c10_noise30,4,9020004,V6,0,0,0,0,[],0.777
power,c10_noise30,4,9020004,V5,0,0,0,0,[],1.542
power,c10_noise30,5,9020005,V6,0,0,0,0,[],0.78
power,c10_noise30,5,9020005,V5,0,0,0,0,[],1.51
power,c10_noise30,6,9020006,V6,0,0,0,0,[],0.764
power,c10_noise30,6,9020006,V5,0,0,0,0,[],1.507
power,c10_noise30,7,9020007,V6,0,0,0,0,[],0.717
power,c10_noise30,7,9020007,V5,0,0,0,0,[],1.505
power,c10_noise30,8,9020008,V6,0,0,0,0,[],0.77
power,c10_noise30,8,9020008,V5,0,0,0,0,[],1.518
power,c10_noise30,9,9020009,V6,1,1,1,0,"[[""a""]]",0.77
power,c10_noise30,9,9020009,V5,0,0,0,0,[],1.513
power,c10_noise30,10,9020010,V6,0,0,0,0,[],0.752
power,c10_noise30,10,9020010,V5,0,0,0,0,[],1.48
power,c10_noise30,11,9020011,V6,0,0,0,0,[],0.772
power,c10_noise30,11,9020011,V5,0,0,0,0,[],1.474
power,c10_noise30,12,9020012,V6,1,1,1,0,"[[""a""]]",0.78
power,c10_noise30,12,9020012,V5,1,1,1,0,"[[""a""]]",1.477
power,c10_noise30,13,9020013,V6,0,0,0,0,[],0.71
power,c10_noise30,13,9020013,V5,0,0,0,0,[],1.498
power,c10_noise30,14,9020014,V6,0,0,0,0,[],0.742
power,c10_noise30,14,9020014,V5,0,0,0,0,[],1.418
power,c10_noise30,15,9020015,V6,1,1,1,0,"[[""a""]]",0.766
power,c10_noise30,15,9020015,V5,1,1,1,0,"[[""a""]]",1.434
power,c10_noise30,16,9020016,V6,0,0,0,0,[],0.781
power,c10_noise30,16,9020016,V5,0,0,0,0,[],1.428
power,c10_noise30,17,9020017,V6,0,0,0,0,[],0.739
power,c10_noise30,17,9020017,V5,0,0,0,0,[],1.439
power,c10_noise30,18,9020018,V6,0,0,0,0,[],0.723
power,c10_noise30,18,9020018,V5,0,0,0,0,[],1.484
power,c10_noise30,19,9020019,V6,0,0,0,0,[],0.726
power,c10_noise30,19,9020019,V5,0,0,0,0,[],1.425
power,c10_noise30,20,9020020,V6,0,0,0,0,[],0.685
power,c10_noise30,20,9020020,V5,0,0,0,0,[],1.513
power,c10_noise30,21,9020021,V6,0,0,0,0,[],0.7
power,c10_noise30,21,9020021,V5,0,0,0,0,[],1.511
power,c10_noise30,22,9020022,V6,0,0,0,0,[],0.715
power,c10_noise30,22,9020022,V5,0,0,0,0,[],1.513
power,c10_noise30,23,9020023,V6,0,0,0,0,[],0.733
power,c10_noise30,23,9020023,V5,0,0,0,0,[],1.605
power,c10_noise30,24,9020024,V6,0,0,0,0,[],0.736
power,c10_noise30,24,9020024,V5,0,0,0,0,[],1.592
power,c10_noise30,25,9020025,V6,1,1,1,0,"[[""a""]]",0.741
power,c10_noise30,25,9020025,V5,1,1,1,0,"[[""a""]]",1.753
power,c10_noise30,26,9020026,V6,0,0,0,0,[],0.747
power,c10_noise30,26,9020026,V5,0,0,0,0,[],1.754
power,c10_noise30,27,9020027,V6,0,0,0,0,[],0.807
power,c10_noise30,27,9020027,V5,0,0,0,0,[],1.885
power,c10_noise30,28,9020028,V6,0,0,0,0,[],0.788
power,c10_noise30,28,9020028,V5,0,0,0,0,[],1.88
power,c10_noise30,29,9020029,V6,0,0,0,0,[],0.876
power,c10_noise30,29,9020029,V5,0,0,0,0,[],1.848
power,c10_noise30,30,9020030,V6,0,0,0,0,[],0.97
power,c10_noise30,30,9020030,V5,0,0,0,0,[],1.635
power,c10_noise30,31,9020031,V6,0,0,0,0,[],0.987
power,c10_noise30,31,9020031,V5,0,0,0,0,[],1.614
power,c10_noise30,32,9020032,V6,0,0,0,0,[],0.997
power,c10_noise30,32,9020032,V5,0,0,0,0,[],1.662
power,c10_noise30,33,9020033,V6,0,0,0,0,[],1.008
power,c10_noise30,33,9020033,V5,0,0,0,0,[],1.524
power,c10_noise30,34,9020034,V6,0,0,0,0,[],1.018
power,c10_noise30,34,9020034,V5,0,0,0,0,[],1.565
power,c10_noise30,35,9020035,V6,0,0,0,0,[],0.954
power,c10_noise30,35,9020035,V5,0,0,0,0,[],1.516
power,c10_noise30,36,9020036,V6,0,0,0,0,[],0.882
power,c10_noise30,36,9020036,V5,0,0,0,0,[],1.475
power,c10_noise30,37,9020037,V6,1,1,1,0,"[[""a""]]",0.738
power,c10_noise30,37,9020037,V5,0,0,0,0,[],1.513
power,c10_noise30,38,9020038,V6,0,0,0,0,[],0.765
power,c10_noise30,38,9020038,V5,0,0,0,0,[],1.53
power,c10_noise30,39,9020039,V6,0,0,0,0,[],0.789
power,c10_noise30,39,9020039,V5,0,0,0,0,[],1.495
power,c10_noise30,40,9020040,V6,0,0,0,0,[],0.761
power,c10_noise30,40,9020040,V5,0,0,0,0,[],1.513
power,c10_noise30,41,9020041,V6,0,0,0,0,[],0.782
power,c10_noise30,41,9020041,V5,0,0,0,0,[],1.493
power,c10_noise30,42,9020042,V6,0,0,0,0,[],0.749
power,c10_noise30,42,9020042,V5,0,0,0,0,[],1.467
power,c10_noise30,43,9020043,V6,0,0,0,0,[],0.784
power,c10_noise30,43,9020043,V5,0,0,0,0,[],1.521
power,c10_noise30,44,9020044,V6,0,0,0,0,[],0.776
power,c10_noise30,44,9020044,V5,0,0,0,0,[],1.517
power,c10_noise30,45,9020045,V6,0,0,0,0,[],0.762
power,c10_noise30,45,9020045,V5,0,0,0,0,[],1.584
power,c10_noise30,46,9020046,V6,0,0,0,0,[],0.786
power,c10_noise30,46,9020046,V5,0,0,0,0,[],1.505
power,c10_noise30,47,9020047,V6,0,0,0,0,[],0.756
power,c10_noise30,47,9020047,V5,0,0,0,0,[],1.499
power,c10_noise30,48,9020048,V6,0,0,0,0,[],0.755
power,c10_noise30,48,9020048,V5,0,0,0,0,[],1.534
power,c10_noise30,49,9020049,V6,0,0,0,0,[],0.754
power,c10_noise30,49,9020049,V5,0,0,0,0,[],1.472
power,c10_noise30,50,9020050,V6,0,0,0,0,[],0.782
power,c10_noise30,50,9020050,V5,0,0,0,0,[],1.453
power,c10_noise30,51,9020051,V6,0,0,0,0,[],0.765
power,c10_noise30,51,9020051,V5,0,0,0,0,[],1.428
power,c10_noise30,52,9020052,V6,0,0,0,0,[],0.768
power,c10_noise30,52,9020052,V5,0,0,0,0,[],1.46
power,c10_noise30,53,9020053,V6,0,0,0,0,[],0.779
power,c10_noise30,53,9020053,V5,0,0,0,0,[],1.472
power,c10_noise30,54,9020054,V6,0,0,0,0,[],0.805
power,c10_noise30,54,9020054,V5,0,0,0,0,[],1.477
power,c10_noise30,55,9020055,V6,0,0,0,0,[],0.739
power,c10_noise30,55,9020055,V5,0,0,0,0,[],1.697
power,c10_noise30,56,9020056,V6,0,0,0,0,[],0.713
power,c10_noise30,56,9020056,V5,0,0,0,0,[],1.669
power,c10_noise30,57,9020057,V6,0,0,0,0,[],0.752
power,c10_noise30,57,9020057,V5,0,0,0,0,[],1.785
power,c10_noise30,58,9020058,V6,1,1,1,0,"[[""a""]]",0.799
power,c10_noise30,58,9020058,V5,0,0,0,0,[],1.795
power,c10_noise30,59,9020059,V6,0,0,0,0,[],0.928
power,c10_noise30,59,9020059,V5,0,0,0,0,[],1.668
power,c10_noise30,60,9020060,V6,0,0,0,0,[],0.955
power,c10_noise30,60,9020060,V5,0,0,0,0,[],1.622
power,c10_noise30,61,9020061,V6,0,0,0,0,[],0.941
power,c10_noise30,61,9020061,V5,0,0,0,0,[],1.625
power,c10_noise30,62,9020062,V6,0,0,0,0,[],0.981
power,c10_noise30,62,9020062,V5,0,0,0,0,[],1.547
power,c10_noise30,63,9020063,V6,0,0,0,0,[],1.01
power,c10_noise30,63,9020063,V5,0,0,0,0,[],1.557
power,c10_noise30,64,9020064,V6,0,0,0,0,[],1.036
power,c10_noise30,64,9020064,V5,0,0,0,0,[],1.575
power,c10_noise30,65,9020065,V6,0,0,0,0,[],0.821
power,c10_noise30,65,9020065,V5,0,0,0,0,[],1.575
power,c10_noise30,66,9020066,V6,0,0,0,0,[],0.816
power,c10_noise30,66,9020066,V5,0,0,0,0,[],1.525
power,c10_noise30,67,9020067,V6,0,0,0,0,[],0.821
power,c10_noise30,67,9020067,V5,0,0,0,0,[],1.49
power,c10_noise30,68,9020068,V6,0,0,0,0,[],0.819
power,c10_noise30,68,9020068,V5,0,0,0,0,[],1.586
power,c10_noise30,69,9020069,V6,0,0,0,0,[],0.76
power,c10_noise30,69,9020069,V5,0,0,0,0,[],1.595
power,c10_noise30,70,9020070,V6,0,0,0,0,[],0.759
power,c10_noise30,70,9020070,V5,0,0,0,0,[],1.54
power,c10_noise30,71,9020071,V6,0,0,0,0,[],0.724
power,c10_noise30,71,9020071,V5,0,0,0,0,[],1.564
power,c10_noise30,72,9020072,V6,0,0,0,0,[],0.778
power,c10_noise30,72,9020072,V5,0,0,0,0,[],1.592
power,c10_noise30,73,9020073,V6,0,0,0,0,[],0.785
power,c10_noise30,73,9020073,V5,0,0,0,0,[],1.503
power,c10_noise30,74,9020074,V6,1,1,0,1,"[[""z2""]]",0.77
power,c10_noise30,74,9020074,V5,0,0,0,0,[],1.526
power,c10_noise30,75,9020075,V6,0,0,0,0,[],0.775
power,c10_noise30,75,9020075,V5,0,0,0,0,[],1.543
power,c10_noise30,76,9020076,V6,0,0,0,0,[],0.736
power,c10_noise30,76,9020076,V5,0,0,0,0,[],1.557
power,c10_noise30,77,9020077,V6,0,0,0,0,[],0.794
power,c10_noise30,77,9020077,V5,0,0,0,0,[],1.576
power,c10_noise30,78,9020078,V6,0,0,0,0,[],0.75
power,c10_noise30,78,9020078,V5,0,0,0,0,[],1.59
power,c10_noise30,79,9020079,V6,0,0,0,0,[],0.747
power,c10_noise30,79,9020079,V5,0,0,0,0,[],1.526
power,c10_noise30,80,9020080,V6,0,0,0,0,[],0.744
power,c10_noise30,80,9020080,V5,0,0,0,0,[],1.551
power,c10_noise30,81,9020081,V6,0,0,0,0,[],0.744
power,c10_noise30,81,9020081,V5,0,0,0,0,[],1.55
power,c10_noise30,82,9020082,V6,0,0,0,0,[],0.764
power,c10_noise30,82,9020082,V5,0,0,0,0,[],1.554
power,c10_noise30,83,9020083,V6,0,0,0,0,[],0.797
power,c10_noise30,83,9020083,V5,0,0,0,0,[],1.491
power,c10_noise30,84,9020084,V6,0,0,0,0,[],0.814
power,c10_noise30,84,9020084,V5,0,0,0,0,[],1.515
power,c10_noise30,85,9020085,V6,0,0,0,0,[],0.844
power,c10_noise30,85,9020085,V5,0,0,0,0,[],1.495
power,c10_noise30,86,9020086,V6,0,0,0,0,[],0.796
power,c10_noise30,86,9020086,V5,0,0,0,0,[],1.45
power,c10_noise30,87,9020087,V6,0,0,0,0,[],0.723
power,c10_noise30,87,9020087,V5,0,0,0,0,[],1.477
power,c10_noise30,88,9020088,V6,0,0,0,0,[],0.745
power,c10_noise30,88,9020088,V5,0,0,0,0,[],1.52
power,c10_noise30,89,9020089,V6,0,0,0,0,[],0.736
power,c10_noise30,89,9020089,V5,0,0,0,0,[],1.47
power,c10_noise30,90,9020090,V6,0,0,0,0,[],0.747
power,c10_noise30,90,9020090,V5,0,0,0,0,[],1.549
power,c10_noise30,91,9020091,V6,1,1,1,0,"[[""a""]]",0.716
power,c10_noise30,91,9020091,V5,1,1,1,0,"[[""a""]]",1.546
power,c10_noise30,92,9020092,V6,0,0,0,0,[],0.779
power,c10_noise30,92,9020092,V5,0,0,0,0,[],1.531
power,c10_noise30,93,9020093,V6,0,0,0,0,[],0.786
power,c10_noise30,93,9020093,V5,0,0,0,0,[],1.543
power,c10_noise30,94,9020094,V6,0,0,0,0,[],0.751
power,c10_noise30,94,9020094,V5,0,0,0,0,[],1.541
power,c10_noise30,95,9020095,V6,1,1,1,0,"[[""a""]]",0.809
power,c10_noise30,95,9020095,V5,0,0,0,0,[],1.572
power,c10_noise30,96,9020096,V6,0,0,0,0,[],0.765
power,c10_noise30,96,9020096,V5,0,0,0,0,[],1.594
power,c10_noise30,97,9020097,V6,0,0,0,0,[],0.819
power,c10_noise30,97,9020097,V5,0,0,0,0,[],1.585
power,c10_noise30,98,9020098,V6,0,0,0,0,[],0.848
power,c10_noise30,98,9020098,V5,0,0,0,0,[],1.585
power,c10_noise30,99,9020099,V6,1,1,0,1,"[[""z3""]]",0.808
power,c10_noise30,99,9020099,V5,1,1,0,1,"[[""z3""]]",1.567
power,c10_noise30,100,9020100,V6,0,0,0,0,[],0.762
power,c10_noise30,100,9020100,V5,0,0,0,0,[],1.608
power,c10_noise30,101,9020101,V6,0,0,0,0,[],0.765
power,c10_noise30,101,9020101,V5,0,0,0,0,[],1.566
power,c10_noise30,102,9020102,V6,0,0,0,0,[],0.78
power,c10_noise30,102,9020102,V5,0,0,0,0,[],1.594
power,c10_noise30,103,9020103,V6,0,0,0,0,[],0.842
power,c10_noise30,103,9020103,V5,0,0,0,0,[],1.529
power,c10_noise30,104,9020104,V6,0,0,0,0,[],0.796
power,c10_noise30,104,9020104,V5,0,0,0,0,[],1.555
power,c10_noise30,105,9020105,V6,0,0,0,0,[],0.806
power,c10_noise30,105,9020105,V5,0,0,0,0,[],1.559
power,c10_noise30,106,9020106,V6,0,0,0,0,[],0.778
power,c10_noise30,106,9020106,V5,0,0,0,0,[],1.556
power,c10_noise30,107,9020107,V6,0,0,0,0,[],0.8
power,c10_noise30,107,9020107,V5,0,0,0,0,[],1.479
power,c10_noise30,108,9020108,V6,0,0,0,0,[],0.75
power,c10_noise30,108,9020108,V5,0,0,0,0,[],1.49
power,c10_noise30,109,9020109,V6,0,0,0,0,[],0.737
power,c10_noise30,109,9020109,V5,0,0,0,0,[],1.502
power,c10_noise30,110,9020110,V6,0,0,0,0,[],0.759
power,c10_noise30,110,9020110,V5,0,0,0,0,[],1.478
power,c10_noise30,111,9020111,V6,0,0,0,0,[],0.732
power,c10_noise30,111,9020111,V5,0,0,0,0,[],1.452
power,c10_noise30,112,9020112,V6,0,0,0,0,[],0.8
power,c10_noise30,112,9020112,V5,0,0,0,0,[],1.417
power,c10_noise30,113,9020113,V6,0,0,0,0,[],0.806
power,c10_noise30,113,9020113,V5,0,0,0,0,[],1.438
power,c10_noise30,114,9020114,V6,0,0,0,0,[],0.784
power,c10_noise30,114,9020114,V5,0,0,0,0,[],1.473
power,c10_noise30,115,9020115,V6,0,0,0,0,[],0.703
power,c10_noise30,115,9020115,V5,0,0,0,0,[],1.477
power,c10_noise30,116,9020116,V6,0,0,0,0,[],0.704
power,c10_noise30,116,9020116,V5,0,0,0,0,[],1.527
power,c10_noise30,117,9020117,V6,0,0,0,0,[],0.739
power,c10_noise30,117,9020117,V5,0,0,0,0,[],1.624
power,c10_noise30,118,9020118,V6,0,0,0,0,[],0.781
power,c10_noise30,118,9020118,V5,0,0,0,0,[],1.618
power,c10_noise30,119,9020119,V6,0,0,0,0,[],0.752
power,c10_noise30,119,9020119,V5,0,0,0,0,[],1.6
power,c10_noise30,120,9020120,V6,1,1,1,0,"[[""a""]]",0.755
power,c10_noise30,120,9020120,V5,1,1,1,0,"[[""a""]]",1.575
power,c10_noise30,121,9020121,V6,0,0,0,0,[],0.775
power,c10_noise30,121,9020121,V5,0,0,0,0,[],1.572
power,c10_noise30,122,9020122,V6,1,1,1,0,"[[""a""]]",0.822
power,c10_noise30,122,9020122,V5,1,1,1,0,"[[""a""]]",1.535
power,c10_noise30,123,9020123,V6,0,0,0,0,[],0.852
power,c10_noise30,123,9020123,V5,0,0,0,0,[],1.501
power,c10_noise30,124,9020124,V6,0,0,0,0,[],0.827
power,c10_noise30,124,9020124,V5,0,0,0,0,[],1.534
power,c10_noise30,125,9020125,V6,0,0,0,0,[],0.848
power,c10_noise30,125,9020125,V5,0,0,0,0,[],1.532
power,c10_noise30,126,9020126,V6,0,0,0,0,[],0.846
power,c10_noise30,126,9020126,V5,0,0,0,0,[],1.481
power,c10_noise30,127,9020127,V6,0,0,0,0,[],0.712
power,c10_noise30,127,9020127,V5,0,0,0,0,[],1.577
power,c10_noise30,128,9020128,V6,0,0,0,0,[],0.809
power,c10_noise30,128,9020128,V5,0,0,0,0,[],1.641
power,c10_noise30,129,9020129,V6,0,0,0,0,[],0.82
power,c10_noise30,129,9020129,V5,0,0,0,0,[],1.629
power,c10_noise30,130,9020130,V6,0,0,0,0,[],0.817
power,c10_noise30,130,9020130,V5,0,0,0,0,[],1.664
power,c10_noise30,131,9020131,V6,0,0,0,0,[],0.785
power,c10_noise30,131,9020131,V5,0,0,0,0,[],1.669
power,c10_noise30,132,9020132,V6,0,0,0,0,[],0.784
power,c10_noise30,132,9020132,V5,0,0,0,0,[],1.674
power,c10_noise30,133,9020133,V6,0,0,0,0,[],0.747
power,c10_noise30,133,9020133,V5,0,0,0,0,[],1.728
power,c10_noise30,134,9020134,V6,0,0,0,0,[],0.717
power,c10_noise30,134,9020134,V5,0,0,0,0,[],1.752
power,c10_noise30,135,9020135,V6,0,0,0,0,[],0.837
power,c10_noise30,135,9020135,V5,0,0,0,0,[],1.718
power,c10_noise30,136,9020136,V6,0,0,0,0,[],0.791
power,c10_noise30,136,9020136,V5,0,0,0,0,[],1.666
power,c10_noise30,137,9020137,V6,1,1,0,1,"[[""x2""]]",0.893
power,c10_noise30,137,9020137,V5,0,0,0,0,[],1.539
power,c10_noise30,138,9020138,V6,0,0,0,0,[],0.813
power,c10_noise30,138,9020138,V5,0,0,0,0,[],1.531
power,c10_noise30,139,9020139,V6,0,0,0,0,[],0.818
power,c10_noise30,139,9020139,V5,0,0,0,0,[],1.496
power,c10_noise30,140,9020140,V6,0,0,0,0,[],0.807
power,c10_noise30,140,9020140,V5,0,0,0,0,[],1.537
power,c10_noise30,141,9020141,V6,0,0,0,0,[],0.775
power,c10_noise30,141,9020141,V5,0,0,0,0,[],1.515
power,c10_noise30,142,9020142,V6,0,0,0,0,[],0.822
power,c10_noise30,142,9020142,V5,0,0,0,0,[],1.517
power,c10_noise30,143,9020143,V6,1,1,1,0,"[[""a""]]",0.788
power,c10_noise30,143,9020143,V5,1,1,1,0,"[[""a""]]",1.541
power,c10_noise30,144,9020144,V6,0,0,0,0,[],0.761
power,c10_noise30,144,9020144,V5,0,0,0,0,[],1.507
power,c10_noise30,145,9020145,V6,0,0,0,0,[],0.766
power,c10_noise30,145,9020145,V5,0,0,0,0,[],1.612
power,c10_noise30,146,9020146,V6,0,0,0,0,[],0.775
power,c10_noise30,146,9020146,V5,0,0,0,0,[],1.585
power,c10_noise30,147,9020147,V6,0,0,0,0,[],0.782
power,c10_noise30,147,9020147,V5,0,0,0,0,[],1.521
power,c10_noise30,148,9020148,V6,0,0,0,0,[],0.736
power,c10_noise30,148,9020148,V5,0,0,0,0,[],1.736
power,c10_noise30,149,9020149,V6,0,0,0,0,[],0.718
power,c10_noise30,149,9020149,V5,0,0,0,0,[],1.673
power,c10_noise30,150,9020150,V6,0,0,0,0,[],0.817
power,c10_noise30,150,9020150,V5,0,0,0,0,[],1.616
power,c10_noise30,151,9020151,V6,0,0,0,0,[],0.84
power,c10_noise30,151,9020151,V5,0,0,0,0,[],1.595
power,c10_noise30,152,9020152,V6,0,0,0,0,[],0.843
power,c10_noise30,152,9020152,V5,0,0,0,0,[],1.576
power,c10_noise30,153,9020153,V6,0,0,0,0,[],0.811
power,c10_noise30,153,9020153,V5,0,0,0,0,[],1.582
power,c10_noise30,154,9020154,V6,0,0,0,0,[],0.8
power,c10_noise30,154,9020154,V5,0,0,0,0,[],1.583
power,c10_noise30,155,9020155,V6,0,0,0,0,[],0.771
power,c10_noise30,155,9020155,V5,0,0,0,0,[],1.583
power,c10_noise30,156,9020156,V6,0,0,0,0,[],0.752
power,c10_noise30,156,9020156,V5,0,0,0,0,[],1.605
power,c10_noise30,157,9020157,V6,0,0,0,0,[],0.943
power,c10_noise30,157,9020157,V5,0,0,0,0,[],1.491
power,c10_noise30,158,9020158,V6,0,0,0,0,[],0.745
power,c10_noise30,158,9020158,V5,0,0,0,0,[],1.653
power,c10_noise30,159,9020159,V6,0,0,0,0,[],0.724
power,c10_noise30,159,9020159,V5,0,0,0,0,[],1.772
power,c10_noise30,160,9020160,V6,0,0,0,0,[],0.752
power,c10_noise30,160,9020160,V5,0,0,0,0,[],1.781
power,c10_noise30,161,9020161,V6,0,0,0,0,[],0.765
power,c10_noise30,161,9020161,V5,0,0,0,0,[],1.792
power,c10_noise30,162,9020162,V6,0,0,0,0,[],0.763
power,c10_noise30,162,9020162,V5,1,1,1,0,"[[""a""]]",1.803
power,c10_noise30,163,9020163,V6,0,0,0,0,[],0.754
power,c10_noise30,163,9020163,V5,0,0,0,0,[],1.883
power,c10_noise30,164,9020164,V6,0,0,0,0,[],0.762
power,c10_noise30,164,9020164,V5,0,0,0,0,[],1.833
power,c10_noise30,165,9020165,V6,0,0,0,0,[],0.715
power,c10_noise30,165,9020165,V5,0,0,0,0,[],1.85
power,c10_noise30,166,9020166,V6,0,0,0,0,[],0.723
power,c10_noise30,166,9020166,V5,0,0,0,0,[],1.869
power,c10_noise30,167,9020167,V6,0,0,0,0,[],1.124
power,c10_noise30,167,9020167,V5,0,0,0,0,[],1.423
power,c10_noise30,168,9020168,V6,0,0,0,0,[],0.908
power,c10_noise30,168,9020168,V5,0,0,0,0,[],1.41
power,c10_noise30,169,9020169,V6,0,0,0,0,[],0.847
power,c10_noise30,169,9020169,V5,0,0,0,0,[],1.492
power,c10_noise30,170,9020170,V6,0,0,0,0,[],0.794
power,c10_noise30,170,9020170,V5,0,0,0,0,[],1.506
power,c10_noise30,171,9020171,V6,0,0,0,0,[],0.752
power,c10_noise30,171,9020171,V5,0,0,0,0,[],1.45
power,c10_noise30,172,9020172,V6,0,0,0,0,[],0.717
power,c10_noise30,172,9020172,V5,0,0,0,0,[],1.544
power,c10_noise30,173,9020173,V6,0,0,0,0,[],0.698
power,c10_noise30,173,9020173,V5,0,0,0,0,[],1.807
power,c10_noise30,174,9020174,V6,0,0,0,0,[],0.723
power,c10_noise30,174,9020174,V5,0,0,0,0,[],1.891
power,c10_noise30,175,9020175,V6,0,0,0,0,[],0.71
power,c10_noise30,175,9020175,V5,0,0,0,0,[],2.148
power,c10_noise30,176,9020176,V6,0,0,0,0,[],0.753
power,c10_noise30,176,9020176,V5,0,0,0,0,[],2.148
power,c10_noise30,177,9020177,V6,0,0,0,0,[],0.903
power,c10_noise30,177,9020177,V5,0,0,0,0,[],2.117
power,c10_noise30,178,9020178,V6,0,0,0,0,[],1.283
power,c10_noise30,178,9020178,V5,0,0,0,0,[],1.95
power,c10_noise30,179,9020179,V6,0,0,0,0,[],1.23
power,c10_noise30,179,9020179,V5,0,0,0,0,[],2.041
power,c10_noise30,180,9020180,V6,0,0,0,0,[],1.239
power,c10_noise30,180,9020180,V5,0,0,0,0,[],1.945
power,c10_noise30,181,9020181,V6,1,1,1,0,"[[""a""]]",1.221
power,c10_noise30,181,9020181,V5,0,0,0,0,[],1.973
power,c10_noise30,182,9020182,V6,1,1,1,0,"[[""a""]]",1.308
power,c10_noise30,182,9020182,V5,0,0,0,0,[],1.914
power,c10_noise30,183,9020183,V6,0,0,0,0,[],1.122
power,c10_noise30,183,9020183,V5,0,0,0,0,[],1.864
power,c10_noise30,184,9020184,V6,0,0,0,0,[],1.107
power,c10_noise30,184,9020184,V5,0,0,0,0,[],1.94
power,c10_noise30,185,9020185,V6,0,0,0,0,[],0.912
power,c10_noise30,185,9020185,V5,0,0,0,0,[],1.947
power,c10_noise30,186,9020186,V6,0,0,0,0,[],0.883
power,c10_noise30,186,9020186,V5,0,0,0,0,[],1.98
power,c10_noise30,187,9020187,V6,0,0,0,0,[],1.028
power,c10_noise30,187,9020187,V5,0,0,0,0,[],1.726
power,c10_noise30,188,9020188,V6,0,0,0,0,[],0.962
power,c10_noise30,188,9020188,V5,0,0,0,0,[],1.657
power,c10_noise30,189,9020189,V6,0,0,0,0,[],0.926
power,c10_noise30,189,9020189,V5,0,0,0,0,[],1.641
power,c10_noise30,190,9020190,V6,0,0,0,0,[],0.928
power,c10_noise30,190,9020190,V5,0,0,0,0,[],1.585
power,c10_noise30,191,9020191,V6,0,0,0,0,[],0.935
power,c10_noise30,191,9020191,V5,0,0,0,0,[],1.656
power,c10_noise30,192,9020192,V6,0,0,0,0,[],0.979
power,c10_noise30,192,9020192,V5,0,0,0,0,[],1.553
power,c10_noise30,193,9020193,V6,0,0,0,0,[],0.875
power,c10_noise30,193,9020193,V5,0,0,0,0,[],1.573
power,c10_noise30,194,9020194,V6,0,0,0,0,[],0.832
power,c10_noise30,194,9020194,V5,0,0,0,0,[],1.602
power,c10_noise30,195,9020195,V6,1,1,0,1,"[[""z2""]]",0.768
power,c10_noise30,195,9020195,V5,0,0,0,0,[],1.571
power,c10_noise30,196,9020196,V6,0,0,0,0,[],0.796
power,c10_noise30,196,9020196,V5,0,0,0,0,[],1.605
power,c10_noise30,197,9020197,V6,0,0,0,0,[],0.767
power,c10_noise30,197,9020197,V5,0,0,0,0,[],1.605
power,c10_noise30,198,9020198,V6,0,0,0,0,[],0.839
power,c10_noise30,198,9020198,V5,0,0,0,0,[],1.605
power,c10_noise30,199,9020199,V6,1,1,0,1,"[[""z2""]]",0.83
power,c10_noise30,199,9020199,V5,1,1,0,1,"[[""z2""]]",1.593
power,c10_noise30,200,9020200,V6,0,0,0,0,[],0.862
power,c10_noise30,200,9020200,V5,0,0,0,0,[],1.579
power,c10_noise30,201,9020201,V6,1,1,0,1,"[[""z2""]]",0.863
power,c10_noise30,201,9020201,V5,0,0,0,0,[],1.577
power,c10_noise30,202,9020202,V6,0,0,0,0,[],0.807
power,c10_noise30,202,9020202,V5,0,0,0,0,[],1.619
power,c10_noise30,203,9020203,V6,0,0,0,0,[],0.824
power,c10_noise30,203,9020203,V5,0,0,0,0,[],1.646
power,c10_noise30,204,9020204,V6,0,0,0,0,[],0.861
power,c10_noise30,204,9020204,V5,0,0,0,0,[],1.582
power,c10_noise30,205,9020205,V6,1,1,1,0,"[[""a""]]",0.814
power,c10_noise30,205,9020205,V5,1,1,1,0,"[[""a""]]",1.649
power,c10_noise30,206,9020206,V6,0,0,0,0,[],0.843
power,c10_noise30,206,9020206,V5,0,0,0,0,[],1.635
power,c10_noise30,207,9020207,V6,0,0,0,0,[],0.825
power,c10_noise30,207,9020207,V5,0,0,0,0,[],1.646
power,c10_noise30,208,9020208,V6,0,0,0,0,[],0.794
power,c10_noise30,208,9020208,V5,0,0,0,0,[],1.645
power,c10_noise30,209,9020209,V6,0,0,0,0,[],0.78
power,c10_noise30,209,9020209,V5,0,0,0,0,[],1.629
power,c10_noise30,210,9020210,V6,0,0,0,0,[],0.774
power,c10_noise30,210,9020210,V5,0,0,0,0,[],1.672
power,c10_noise30,211,9020211,V6,0,0,0,0,[],0.823
power,c10_noise30,211,9020211,V5,0,0,0,0,[],1.724
power,c10_noise30,212,9020212,V6,0,0,0,0,[],0.83
power,c10_noise30,212,9020212,V5,0,0,0,0,[],1.636
power,c10_noise30,213,9020213,V6,0,0,0,0,[],0.844
power,c10_noise30,213,9020213,V5,0,0,0,0,[],1.561
power,c10_noise30,214,9020214,V6,0,0,0,0,[],0.89
power,c10_noise30,214,9020214,V5,0,0,0,0,[],1.583
power,c10_noise30,215,9020215,V6,0,0,0,0,[],0.882
power,c10_noise30,215,9020215,V5,0,0,0,0,[],1.621
power,c10_noise30,216,9020216,V6,0,0,0,0,[],0.881
power,c10_noise30,216,9020216,V5,0,0,0,0,[],1.616
power,c10_noise30,217,9020217,V6,0,0,0,0,[],0.798
power,c10_noise30,217,9020217,V5,0,0,0,0,[],1.597
power,c10_noise30,218,9020218,V6,0,0,0,0,[],0.809
power,c10_noise30,218,9020218,V5,0,0,0,0,[],1.637
power,c10_noise30,219,9020219,V6,0,0,0,0,[],0.837
power,c10_noise30,219,9020219,V5,0,0,0,0,[],1.632
power,c10_noise30,220,9020220,V6,0,0,0,0,[],0.827
power,c10_noise30,220,9020220,V5,0,0,0,0,[],1.633
power,c10_noise30,221,9020221,V6,1,1,1,0,"[[""a""]]",0.866
power,c10_noise30,221,9020221,V5,1,1,1,0,"[[""a""]]",1.618
power,c10_noise30,222,9020222,V6,0,0,0,0,[],0.857
power,c10_noise30,222,9020222,V5,0,0,0,0,[],1.613
power,c10_noise30,223,9020223,V6,0,0,0,0,[],0.861
power,c10_noise30,223,9020223,V5,0,0,0,0,[],1.602
power,c10_noise30,224,9020224,V6,0,0,0,0,[],0.79
power,c10_noise30,224,9020224,V5,0,0,0,0,[],1.684
power,c10_noise30,225,9020225,V6,1,1,0,1,"[[""x4""]]",0.842
power,c10_noise30,225,9020225,V5,1,1,0,1,"[[""x4""]]",1.61
power,c10_noise30,226,9020226,V6,1,1,1,0,"[[""a""]]",0.838
power,c10_noise30,226,9020226,V5,1,1,1,0,"[[""a""]]",1.622
power,c10_noise30,227,9020227,V6,0,0,0,0,[],0.852
power,c10_noise30,227,9020227,V5,0,0,0,0,[],1.633
power,c10_noise30,228,9020228,V6,0,0,0,0,[],0.81
power,c10_noise30,228,9020228,V5,0,0,0,0,[],1.566
power,c10_noise30,229,9020229,V6,0,0,0,0,[],0.794
power,c10_noise30,229,9020229,V5,0,0,0,0,[],1.551
power,c10_noise30,230,9020230,V6,0,0,0,0,[],0.828
power,c10_noise30,230,9020230,V5,0,0,0,0,[],1.594
power,c10_noise30,231,9020231,V6,0,0,0,0,[],0.835
power,c10_noise30,231,9020231,V5,0,0,0,0,[],1.564
power,c10_noise30,232,9020232,V6,0,0,0,0,[],0.794
power,c10_noise30,232,9020232,V5,0,0,0,0,[],1.498
power,c10_noise30,233,9020233,V6,0,0,0,0,[],0.866
power,c10_noise30,233,9020233,V5,0,0,0,0,[],1.497
power,c10_noise30,234,9020234,V6,0,0,0,0,[],0.819
power,c10_noise30,234,9020234,V5,0,0,0,0,[],1.484
power,c10_noise30,235,9020235,V6,0,0,0,0,[],0.8
power,c10_noise30,235,9020235,V5,0,0,0,0,[],1.483
power,c10_noise30,236,9020236,V6,0,0,0,0,[],0.762
power,c10_noise30,236,9020236,V5,0,0,0,0,[],1.515
power,c10_noise30,237,9020237,V6,0,0,0,0,[],0.773
power,c10_noise30,237,9020237,V5,0,0,0,0,[],1.51
power,c10_noise30,238,9020238,V6,0,0,0,0,[],0.73
power,c10_noise30,238,9020238,V5,0,0,0,0,[],1.579
power,c10_noise30,239,9020239,V6,0,0,0,0,[],0.764
power,c10_noise30,239,9020239,V5,0,0,0,0,[],1.502
power,c10_noise30,240,9020240,V6,0,0,0,0,[],0.724
power,c10_noise30,240,9020240,V5,0,0,0,0,[],1.531
power,c10_noise30,241,9020241,V6,0,0,0,0,[],0.742
power,c10_noise30,241,9020241,V5,0,0,0,0,[],1.57
power,c10_noise30,242,9020242,V6,0,0,0,0,[],0.792
power,c10_noise30,242,9020242,V5,0,0,0,0,[],1.519
power,c10_noise30,243,9020243,V6,0,0,0,0,[],0.808
power,c10_noise30,243,9020243,V5,0,0,0,0,[],1.461
power,c10_noise30,244,9020244,V6,0,0,0,0,[],0.795
power,c10_noise30,244,9020244,V5,0,0,0,0,[],1.443
power,c10_noise30,245,9020245,V6,0,0,0,0,[],0.744
power,c10_noise30,245,9020245,V5,0,0,0,0,[],1.519
power,c10_noise30,246,9020246,V6,0,0,0,0,[],0.729
power,c10_noise30,246,9020246,V5,0,0,0,0,[],1.515
power,c10_noise30,247,9020247,V6,0,0,0,0,[],0.771
power,c10_noise30,247,9020247,V5,0,0,0,0,[],1.418
power,c10_noise30,248,9020248,V6,0,0,0,0,[],0.74
power,c10_noise30,248,9020248,V5,0,0,0,0,[],1.499
power,c10_noise30,249,9020249,V6,0,0,0,0,[],0.73
power,c10_noise30,249,9020249,V5,0,0,0,0,[],1.522
power,c10_noise30,250,9020250,V6,0,0,0,0,[],0.729
power,c10_noise30,250,9020250,V5,0,0,0,0,[],1.582
power,c10_noise30,251,9020251,V6,0,0,0,0,[],0.741
power,c10_noise30,251,9020251,V5,0,0,0,0,[],1.546
power,c10_noise30,252,9020252,V6,0,0,0,0,[],0.733
power,c10_noise30,252,9020252,V5,0,0,0,0,[],1.567
power,c10_noise30,253,9020253,V6,0,0,0,0,[],0.716
power,c10_noise30,253,9020253,V5,0,0,0,0,[],1.562
power,c10_noise30,254,9020254,V6,0,0,0,0,[],0.714
power,c10_noise30,254,9020254,V5,0,0,0,0,[],1.576
power,c10_noise30,255,9020255,V6,0,0,0,0,[],0.759
power,c10_noise30,255,9020255,V5,0,0,0,0,[],1.579
power,c10_noise30,256,9020256,V6,0,0,0,0,[],0.795
power,c10_noise30,256,9020256,V5,0,0,0,0,[],1.554
power,c10_noise30,257,9020257,V6,0,0,0,0,[],0.881
power,c10_noise30,257,9020257,V5,1,1,0,1,"[[""x2""]]",1.478
power,c10_noise30,258,9020258,V6,0,0,0,0,[],0.779
power,c10_noise30,258,9020258,V5,0,0,0,0,[],1.419
power,c10_noise30,259,9020259,V6,0,0,0,0,[],0.788
power,c10_noise30,259,9020259,V5,0,0,0,0,[],1.437
power,c10_noise30,260,9020260,V6,0,0,0,0,[],0.767
power,c10_noise30,260,9020260,V5,0,0,0,0,[],1.473
power,c10_noise30,261,9020261,V6,0,0,0,0,[],0.707
power,c10_noise30,261,9020261,V5,0,0,0,0,[],1.448
power,c10_noise30,262,9020262,V6,0,0,0,0,[],0.723
power,c10_noise30,262,9020262,V5,0,0,0,0,[],1.504
power,c10_noise30,263,9020263,V6,0,0,0,0,[],0.719
power,c10_noise30,263,9020263,V5,0,0,0,0,[],1.5
power,c10_noise30,264,9020264,V6,0,0,0,0,[],0.716
power,c10_noise30,264,9020264,V5,0,0,0,0,[],1.54
power,c10_noise30,265,9020265,V6,0,0,0,0,[],0.747
power,c10_noise30,265,9020265,V5,0,0,0,0,[],1.519
power,c10_noise30,266,9020266,V6,0,0,0,0,[],0.746
power,c10_noise30,266,9020266,V5,1,1,1,0,"[[""a""]]",1.609
power,c10_noise30,267,9020267,V6,0,0,0,0,[],0.773
power,c10_noise30,267,9020267,V5,0,0,0,0,[],1.494
power,c10_noise30,268,9020268,V6,0,0,0,0,[],0.781
power,c10_noise30,268,9020268,V5,0,0,0,0,[],1.503
power,c10_noise30,269,9020269,V6,0,0,0,0,[],0.799
power,c10_noise30,269,9020269,V5,0,0,0,0,[],1.487
power,c10_noise30,270,9020270,V6,0,0,0,0,[],0.808
power,c10_noise30,270,9020270,V5,0,0,0,0,[],1.551
power,c10_noise30,271,9020271,V6,0,0,0,0,[],0.807
power,c10_noise30,271,9020271,V5,0,0,0,0,[],1.53
power,c10_noise30,272,9020272,V6,0,0,0,0,[],0.852
power,c10_noise30,272,9020272,V5,0,0,0,0,[],1.507
power,c10_noise30,273,9020273,V6,0,0,0,0,[],0.806
power,c10_noise30,273,9020273,V5,0,0,0,0,[],1.488
power,c10_noise30,274,9020274,V6,0,0,0,0,[],0.764
power,c10_noise30,274,9020274,V5,0,0,0,0,[],1.473
power,c10_noise30,275,9020275,V6,0,0,0,0,[],0.736
power,c10_noise30,275,9020275,V5,0,0,0,0,[],1.55
power,c10_noise30,276,9020276,V6,0,0,0,0,[],0.74
power,c10_noise30,276,9020276,V5,0,0,0,0,[],1.49
power,c10_noise30,277,9020277,V6,0,0,0,0,[],0.777
power,c10_noise30,277,9020277,V5,0,0,0,0,[],1.471
power,c10_noise30,278,9020278,V6,0,0,0,0,[],0.731
power,c10_noise30,278,9020278,V5,0,0,0,0,[],1.409
power,c10_noise30,279,9020279,V6,0,0,0,0,[],0.77
power,c10_noise30,279,9020279,V5,0,0,0,0,[],1.421
power,c10_noise30,280,9020280,V6,0,0,0,0,[],0.731
power,c10_noise30,280,9020280,V5,0,0,0,0,[],1.429
power,c10_noise30,281,9020281,V6,0,0,0,0,[],0.738
power,c10_noise30,281,9020281,V5,0,0,0,0,[],1.422
power,c10_noise30,282,9020282,V6,0,0,0,0,[],0.731
power,c10_noise30,282,9020282,V5,0,0,0,0,[],1.412
power,c10_noise30,283,9020283,V6,0,0,0,0,[],0.7
power,c10_noise30,283,9020283,V5,0,0,0,0,[],1.432
power,c10_noise30,284,9020284,V6,0,0,0,0,[],0.748
power,c10_noise30,284,9020284,V5,0,0,0,0,[],1.556
power,c10_noise30,285,9020285,V6,0,0,0,0,[],0.705
power,c10_noise30,285,9020285,V5,0,0,0,0,[],1.614
power,c10_noise30,286,9020286,V6,1,1,1,0,"[[""a""]]",0.727
power,c10_noise30,286,9020286,V5,1,1,1,0,"[[""a""]]",1.596
power,c10_noise30,287,9020287,V6,0,0,0,0,[],0.736
power,c10_noise30,287,9020287,V5,0,0,0,0,[],1.567
power,c10_noise30,288,9020288,V6,0,0,0,0,[],0.761
power,c10_noise30,288,9020288,V5,0,0,0,0,[],1.527
power,c10_noise30,289,9020289,V6,0,0,0,0,[],0.834
power,c10_noise30,289,9020289,V5,0,0,0,0,[],1.434
power,c10_noise30,290,9020290,V6,0,0,0,0,[],0.85
power,c10_noise30,290,9020290,V5,0,0,0,0,[],1.451
power,c10_noise30,291,9020291,V6,0,0,0,0,[],0.861
power,c10_noise30,291,9020291,V5,0,0,0,0,[],1.463
power,c10_noise30,292,9020292,V6,0,0,0,0,[],0.864
power,c10_noise30,292,9020292,V5,0,0,0,0,[],1.462
power,c10_noise30,293,9020293,V6,0,0,0,0,[],0.857
power,c10_noise30,293,9020293,V5,0,0,0,0,[],1.388
power,c10_noise30,294,9020294,V6,0,0,0,0,[],0.779
power,c10_noise30,294,9020294,V5,0,0,0,0,[],1.388
power,c10_noise30,295,9020295,V6,0,0,0,0,[],0.685
power,c10_noise30,295,9020295,V5,0,0,0,0,[],1.445
power,c10_noise30,296,9020296,V6,0,0,0,0,[],0.704
power,c10_noise30,296,9020296,V5,0,0,0,0,[],1.488
power,c10_noise30,297,9020297,V6,0,0,0,0,[],0.747
power,c10_noise30,297,9020297,V5,0,0,0,0,[],1.579
power,c10_noise30,298,9020298,V6,1,1,1,0,"[[""a""]]",0.73
power,c10_noise30,298,9020298,V5,1,1,1,0,"[[""a""]]",1.666
power,c10_noise30,299,9020299,V6,0,0,0,0,[],0.749
power,c10_noise30,299,9020299,V5,0,0,0,0,[],1.65
power,c10_noise30,300,9020300,V6,0,0,0,0,[],0.755
power,c10_noise30,300,9020300,V5,0,0,0,0,[],1.676
power,c10_noise30,301,9020301,V6,0,0,0,0,[],0.755
power,c10_noise30,301,9020301,V5,0,0,0,0,[],1.711
power,c10_noise30,302,9020302,V6,0,0,0,0,[],0.816
power,c10_noise30,302,9020302,V5,0,0,0,0,[],1.71
power,c10_noise30,303,9020303,V6,0,0,0,0,[],0.836
power,c10_noise30,303,9020303,V5,0,0,0,0,[],1.725
power,c10_noise30,304,9020304,V6,0,0,0,0,[],0.833
power,c10_noise30,304,9020304,V5,0,0,0,0,[],1.661
power,c10_noise30,305,9020305,V6,0,0,0,0,[],0.893
power,c10_noise30,305,9020305,V5,0,0,0,0,[],1.605
power,c10_noise30,306,9020306,V6,0,0,0,0,[],0.924
power,c10_noise30,306,9020306,V5,0,0,0,0,[],1.557
power,c10_noise30,307,9020307,V6,0,0,0,0,[],0.863
power,c10_noise30,307,9020307,V5,1,1,0,1,"[[""x1""]]",1.515
power,c10_noise30,308,9020308,V6,0,0,0,0,[],0.838
power,c10_noise30,308,9020308,V5,0,0,0,0,[],1.467
power,c10_noise30,309,9020309,V6,0,0,0,0,[],0.806
power,c10_noise30,309,9020309,V5,0,0,0,0,[],1.441
power,c10_noise30,310,9020310,V6,0,0,0,0,[],0.775
power,c10_noise30,310,9020310,V5,0,0,0,0,[],1.585
power,c10_noise30,311,9020311,V6,0,0,0,0,[],0.79
power,c10_noise30,311,9020311,V5,0,0,0,0,[],1.56
power,c10_noise30,312,9020312,V6,0,0,0,0,[],0.763
power,c10_noise30,312,9020312,V5,0,0,0,0,[],1.641
power,c10_noise30,313,9020313,V6,0,0,0,0,[],0.744
power,c10_noise30,313,9020313,V5,0,0,0,0,[],1.56
power,c10_noise30,314,9020314,V6,0,0,0,0,[],0.738
power,c10_noise30,314,9020314,V5,0,0,0,0,[],1.604
power,c10_noise30,315,9020315,V6,0,0,0,0,[],0.763
power,c10_noise30,315,9020315,V5,0,0,0,0,[],1.565
power,c10_noise30,316,9020316,V6,0,0,0,0,[],0.793
power,c10_noise30,316,9020316,V5,0,0,0,0,[],1.534
power,c10_noise30,317,9020317,V6,0,0,0,0,[],0.817
power,c10_noise30,317,9020317,V5,0,0,0,0,[],1.514
power,c10_noise30,318,9020318,V6,0,0,0,0,[],0.857
power,c10_noise30,318,9020318,V5,0,0,0,0,[],1.624
power,c10_noise30,319,9020319,V6,0,0,0,0,[],0.798
power,c10_noise30,319,9020319,V5,0,0,0,0,[],1.595
power,c10_noise30,320,9020320,V6,0,0,0,0,[],0.754
power,c10_noise30,320,9020320,V5,0,0,0,0,[],1.624
power,c10_noise30,321,9020321,V6,0,0,0,0,[],0.756
power,c10_noise30,321,9020321,V5,0,0,0,0,[],1.58
power,c10_noise30,322,9020322,V6,0,0,0,0,[],0.785
power,c10_noise30,322,9020322,V5,0,0,0,0,[],1.489
power,c10_noise30,323,9020323,V6,0,0,0,0,[],0.751
power,c10_noise30,323,9020323,V5,0,0,0,0,[],1.581
power,c10_noise30,324,9020324,V6,0,0,0,0,[],0.783
power,c10_noise30,324,9020324,V5,0,0,0,0,[],1.624
power,c10_noise30,325,9020325,V6,0,0,0,0,[],0.779
power,c10_noise30,325,9020325,V5,0,0,0,0,[],1.602
power,c10_noise30,326,9020326,V6,0,0,0,0,[],0.836
power,c10_noise30,326,9020326,V5,0,0,0,0,[],1.494
power,c10_noise30,327,9020327,V6,0,0,0,0,[],0.878
power,c10_noise30,327,9020327,V5,0,0,0,0,[],1.448
power,c10_noise30,328,9020328,V6,0,0,0,0,[],0.753
power,c10_noise30,328,9020328,V5,0,0,0,0,[],1.423
power,c10_noise30,329,9020329,V6,0,0,0,0,[],0.74
power,c10_noise30,329,9020329,V5,0,0,0,0,[],1.412
power,c10_noise30,330,9020330,V6,0,0,0,0,[],0.784
power,c10_noise30,330,9020330,V5,0,0,0,0,[],1.463
power,c10_noise30,331,9020331,V6,1,1,0,1,"[[""p""]]",0.795
power,c10_noise30,331,9020331,V5,0,0,0,0,[],1.415
power,c10_noise30,332,9020332,V6,0,0,0,0,[],0.785
power,c10_noise30,332,9020332,V5,0,0,0,0,[],1.451
power,c10_noise30,333,9020333,V6,0,0,0,0,[],0.759
power,c10_noise30,333,9020333,V5,0,0,0,0,[],1.415
power,c10_noise30,334,9020334,V6,0,0,0,0,[],0.766
power,c10_noise30,334,9020334,V5,0,0,0,0,[],1.501
power,c10_noise30,335,9020335,V6,0,0,0,0,[],0.722
power,c10_noise30,335,9020335,V5,0,0,0,0,[],1.489
power,c10_noise30,336,9020336,V6,0,0,0,0,[],0.732
power,c10_noise30,336,9020336,V5,0,0,0,0,[],1.485
power,c10_noise30,337,9020337,V6,0,0,0,0,[],0.742
power,c10_noise30,337,9020337,V5,0,0,0,0,[],1.517
power,c10_noise30,338,9020338,V6,0,0,0,0,[],0.741
power,c10_noise30,338,9020338,V5,0,0,0,0,[],1.458
power,c10_noise30,339,9020339,V6,0,0,0,0,[],0.742
power,c10_noise30,339,9020339,V5,0,0,0,0,[],1.485
power,c10_noise30,340,9020340,V6,0,0,0,0,[],0.788
power,c10_noise30,340,9020340,V5,0,0,0,0,[],1.394
power,c10_noise30,341,9020341,V6,0,0,0,0,[],0.806
power,c10_noise30,341,9020341,V5,0,0,0,0,[],1.438
power,c10_noise30,342,9020342,V6,0,0,0,0,[],0.732
power,c10_noise30,342,9020342,V5,0,0,0,0,[],1.475
power,c10_noise30,343,9020343,V6,0,0,0,0,[],0.752
power,c10_noise30,343,9020343,V5,0,0,0,0,[],1.45
power,c10_noise30,344,9020344,V6,0,0,0,0,[],0.707
power,c10_noise30,344,9020344,V5,0,0,0,0,[],1.498
power,c10_noise30,345,9020345,V6,0,0,0,0,[],0.712
power,c10_noise30,345,9020345,V5,0,0,0,0,[],1.421
power,c10_noise30,346,9020346,V6,0,0,0,0,[],0.744
power,c10_noise30,346,9020346,V5,0,0,0,0,[],1.44
power,c10_noise30,347,9020347,V6,0,0,0,0,[],0.739
power,c10_noise30,347,9020347,V5,0,0,0,0,[],1.421
power,c10_noise30,348,9020348,V6,0,0,0,0,[],0.737
power,c10_noise30,348,9020348,V5,0,0,0,0,[],1.437
power,c10_noise30,349,9020349,V6,0,0,0,0,[],0.721
power,c10_noise30,349,9020349,V5,0,0,0,0,[],1.409
power,c10_noise30,350,9020350,V6,0,0,0,0,[],0.736
power,c10_noise30,350,9020350,V5,0,0,0,0,[],1.399
power,c10_noise30,351,9020351,V6,0,0,0,0,[],0.748
power,c10_noise30,351,9020351,V5,0,0,0,0,[],1.39
power,c10_noise30,352,9020352,V6,0,0,0,0,[],0.717
power,c10_noise30,352,9020352,V5,0,0,0,0,[],1.461
power,c10_noise30,353,9020353,V6,0,0,0,0,[],0.719
power,c10_noise30,353,9020353,V5,0,0,0,0,[],1.372
power,c10_noise30,354,9020354,V6,0,0,0,0,[],0.713
power,c10_noise30,354,9020354,V5,0,0,0,0,[],1.423
power,c10_noise30,355,9020355,V6,0,0,0,0,[],0.713
power,c10_noise30,355,9020355,V5,0,0,0,0,[],1.414
power,c10_noise30,356,9020356,V6,0,0,0,0,[],0.75
power,c10_noise30,356,9020356,V5,0,0,0,0,[],1.412
power,c10_noise30,357,9020357,V6,0,0,0,0,[],0.723
power,c10_noise30,357,9020357,V5,0,0,0,0,[],1.595
power,c10_noise30,358,9020358,V6,0,0,0,0,[],0.704
power,c10_noise30,358,9020358,V5,0,0,0,0,[],1.645
power,c10_noise30,359,9020359,V6,0,0,0,0,[],0.698
power,c10_noise30,359,9020359,V5,0,0,0,0,[],1.571
power,c10_noise30,360,9020360,V6,0,0,0,0,[],0.731
power,c10_noise30,360,9020360,V5,0,0,0,0,[],1.579
power,c10_noise30,361,9020361,V6,0,0,0,0,[],0.746
power,c10_noise30,361,9020361,V5,0,0,0,0,[],1.578
power,c10_noise30,362,9020362,V6,0,0,0,0,[],0.738
power,c10_noise30,362,9020362,V5,0,0,0,0,[],1.794
power,c10_noise30,363,9020363,V6,0,0,0,0,[],0.709
power,c10_noise30,363,9020363,V5,0,0,0,0,[],1.759
power,c10_noise30,364,9020364,V6,1,1,1,0,"[[""a""]]",0.862
power,c10_noise30,364,9020364,V5,1,1,1,0,"[[""a""]]",1.661
power,c10_noise30,365,9020365,V6,0,0,0,0,[],0.879
power,c10_noise30,365,9020365,V5,0,0,0,0,[],1.755
power,c10_noise30,366,9020366,V6,0,0,0,0,[],0.895
power,c10_noise30,366,9020366,V5,0,0,0,0,[],1.741
power,c10_noise30,367,9020367,V6,0,0,0,0,[],0.8
power,c10_noise30,367,9020367,V5,0,0,0,0,[],1.776
power,c10_noise30,368,9020368,V6,0,0,0,0,[],0.884
power,c10_noise30,368,9020368,V5,0,0,0,0,[],1.735
power,c10_noise30,369,9020369,V6,0,0,0,0,[],0.906
power,c10_noise30,369,9020369,V5,0,0,0,0,[],1.805
power,c10_noise30,370,9020370,V6,0,0,0,0,[],0.921
power,c10_noise30,370,9020370,V5,0,0,0,0,[],1.858
power,c10_noise30,371,9020371,V6,0,0,0,0,[],1.01
power,c10_noise30,371,9020371,V5,0,0,0,0,[],1.836
power,c10_noise30,372,9020372,V6,1,1,1,0,"[[""a""]]",0.911
power,c10_noise30,372,9020372,V5,1,1,1,0,"[[""a""]]",1.886
power,c10_noise30,373,9020373,V6,0,0,0,0,[],0.833
power,c10_noise30,373,9020373,V5,0,0,0,0,[],1.846
power,c10_noise30,374,9020374,V6,0,0,0,0,[],0.835
power,c10_noise30,374,9020374,V5,0,0,0,0,[],1.826
power,c10_noise30,375,9020375,V6,0,0,0,0,[],0.909
power,c10_noise30,375,9020375,V5,0,0,0,0,[],1.695
power,c10_noise30,376,9020376,V6,0,0,0,0,[],1.042
power,c10_noise30,376,9020376,V5,0,0,0,0,[],1.554
power,c10_noise30,377,9020377,V6,0,0,0,0,[],1.01
power,c10_noise30,377,9020377,V5,0,0,0,0,[],1.499
power,c10_noise30,378,9020378,V6,1,1,1,0,"[[""a""]]",0.914
power,c10_noise30,378,9020378,V5,0,0,0,0,[],1.478
power,c10_noise30,379,9020379,V6,0,0,0,0,[],0.909
power,c10_noise30,379,9020379,V5,0,0,0,0,[],1.432
power,c10_noise30,380,9020380,V6,0,0,0,0,[],0.818
power,c10_noise30,380,9020380,V5,0,0,0,0,[],1.45
power,c10_noise30,381,9020381,V6,1,1,1,0,"[[""a""]]",0.791
power,c10_noise30,381,9020381,V5,1,1,1,0,"[[""a""]]",1.499
power,c10_noise30,382,9020382,V6,0,0,0,0,[],0.731
power,c10_noise30,382,9020382,V5,0,0,0,0,[],1.536
power,c10_noise30,383,9020383,V6,1,1,0,1,"[[""p""]]",0.73
power,c10_noise30,383,9020383,V5,0,0,0,0,[],1.536
power,c10_noise30,384,9020384,V6,0,0,0,0,[],0.74
power,c10_noise30,384,9020384,V5,0,0,0,0,[],1.661
power,c10_noise30,385,9020385,V6,0,0,0,0,[],0.772
power,c10_noise30,385,9020385,V5,0,0,0,0,[],1.714
power,c10_noise30,386,9020386,V6,0,0,0,0,[],0.795
power,c10_noise30,386,9020386,V5,0,0,0,0,[],1.759
power,c10_noise30,387,9020387,V6,0,0,0,0,[],0.821
power,c10_noise30,387,9020387,V5,0,0,0,0,[],1.795
power,c10_noise30,388,9020388,V6,0,0,0,0,[],0.838
power,c10_noise30,388,9020388,V5,0,0,0,0,[],1.93
power,c10_noise30,389,9020389,V6,1,1,1,0,"[[""a""]]",0.8
power,c10_noise30,389,9020389,V5,1,1,1,0,"[[""a""]]",1.909
power,c10_noise30,390,9020390,V6,0,0,0,0,[],0.865
power,c10_noise30,390,9020390,V5,0,0,0,0,[],1.954
power,c10_noise30,391,9020391,V6,0,0,0,0,[],0.93
power,c10_noise30,391,9020391,V5,0,0,0,0,[],1.869
power,c10_noise30,392,9020392,V6,0,0,0,0,[],0.97
power,c10_noise30,392,9020392,V5,0,0,0,0,[],1.774
power,c10_noise30,393,9020393,V6,0,0,0,0,[],0.985
power,c10_noise30,393,9020393,V5,0,0,0,0,[],1.818
power,c10_noise30,394,9020394,V6,0,0,0,0,[],0.975
power,c10_noise30,394,9020394,V5,0,0,0,0,[],1.783
power,c10_noise30,395,9020395,V6,0,0,0,0,[],0.989
power,c10_noise30,395,9020395,V5,0,0,0,0,[],1.641
power,c10_noise30,396,9020396,V6,0,0,0,0,[],0.977
power,c10_noise30,396,9020396,V5,0,0,0,0,[],1.592
power,c10_noise30,397,9020397,V6,0,0,0,0,[],0.896
power,c10_noise30,397,9020397,V5,0,0,0,0,[],1.606
power,c10_noise30,398,9020398,V6,0,0,0,0,[],0.796
power,c10_noise30,398,9020398,V5,0,0,0,0,[],1.631
power,c10_noise30,399,9020399,V6,0,0,0,0,[],0.819
power,c10_noise30,399,9020399,V5,0,0,0,0,[],1.62
power,c10_noise30,400,9020400,V6,0,0,0,0,[],0.803
power,c10_noise30,400,9020400,V5,0,0,0,0,[],1.544
power,c10_noise30,401,9020401,V6,0,0,0,0,[],0.884
power,c10_noise30,401,9020401,V5,0,0,0,0,[],1.51
power,c10_noise30,402,9020402,V6,0,0,0,0,[],0.835
power,c10_noise30,402,9020402,V5,0,0,0,0,[],1.555
power,c10_noise30,403,9020403,V6,0,0,0,0,[],0.733
power,c10_noise30,403,9020403,V5,0,0,0,0,[],1.562
power,c10_noise30,404,9020404,V6,1,1,1,0,"[[""a""]]",0.835
power,c10_noise30,404,9020404,V5,1,1,1,0,"[[""a""]]",1.539
power,c10_noise30,405,9020405,V6,0,0,0,0,[],0.828
power,c10_noise30,405,9020405,V5,0,0,0,0,[],1.487
power,c10_noise30,406,9020406,V6,0,0,0,0,[],0.823
power,c10_noise30,406,9020406,V5,0,0,0,0,[],1.468
power,c10_noise30,407,9020407,V6,0,0,0,0,[],0.759
power,c10_noise30,407,9020407,V5,0,0,0,0,[],1.448
power,c10_noise30,408,9020408,V6,0,0,0,0,[],0.728
power,c10_noise30,408,9020408,V5,0,0,0,0,[],1.466
power,c10_noise30,409,9020409,V6,0,0,0,0,[],0.711
power,c10_noise30,409,9020409,V5,0,0,0,0,[],1.469
power,c10_noise30,410,9020410,V6,0,0,0,0,[],0.78
power,c10_noise30,410,9020410,V5,0,0,0,0,[],1.475
power,c10_noise30,411,9020411,V6,0,0,0,0,[],0.736
power,c10_noise30,411,9020411,V5,0,0,0,0,[],1.523
power,c10_noise30,412,9020412,V6,0,0,0,0,[],0.726
power,c10_noise30,412,9020412,V5,0,0,0,0,[],1.496
power,c10_noise30,413,9020413,V6,0,0,0,0,[],0.712
power,c10_noise30,413,9020413,V5,0,0,0,0,[],1.569
power,c10_noise30,414,9020414,V6,0,0,0,0,[],0.717
power,c10_noise30,414,9020414,V5,0,0,0,0,[],1.541
power,c10_noise30,415,9020415,V6,0,0,0,0,[],0.772
power,c10_noise30,415,9020415,V5,0,0,0,0,[],1.544
power,c10_noise30,416,9020416,V6,0,0,0,0,[],0.783
power,c10_noise30,416,9020416,V5,0,0,0,0,[],1.536
power,c10_noise30,417,9020417,V6,0,0,0,0,[],0.821
power,c10_noise30,417,9020417,V5,0,0,0,0,[],1.485
power,c10_noise30,418,9020418,V6,0,0,0,0,[],0.784
power,c10_noise30,418,9020418,V5,0,0,0,0,[],1.528
power,c10_noise30,419,9020419,V6,0,0,0,0,[],0.8
power,c10_noise30,419,9020419,V5,0,0,0,0,[],1.493
power,c10_noise30,420,9020420,V6,0,0,0,0,[],0.786
power,c10_noise30,420,9020420,V5,0,0,0,0,[],1.511
power,c10_noise30,421,9020421,V6,0,0,0,0,[],0.745
power,c10_noise30,421,9020421,V5,0,0,0,0,[],1.511
power,c10_noise30,422,9020422,V6,0,0,0,0,[],0.779
power,c10_noise30,422,9020422,V5,0,0,0,0,[],1.504
power,c10_noise30,423,9020423,V6,0,0,0,0,[],0.798
power,c10_noise30,423,9020423,V5,0,0,0,0,[],1.472
power,c10_noise30,424,9020424,V6,0,0,0,0,[],0.773
power,c10_noise30,424,9020424,V5,0,0,0,0,[],1.489
power,c10_noise30,425,9020425,V6,0,0,0,0,[],0.745
power,c10_noise30,425,9020425,V5,0,0,0,0,[],1.536
power,c10_noise30,426,9020426,V6,0,0,0,0,[],0.763
power,c10_noise30,426,9020426,V5,0,0,0,0,[],1.566
power,c10_noise30,427,9020427,V6,0,0,0,0,[],0.775
power,c10_noise30,427,9020427,V5,0,0,0,0,[],1.493
power,c10_noise30,428,9020428,V6,0,0,0,0,[],0.735
power,c10_noise30,428,9020428,V5,0,0,0,0,[],1.585
power,c10_noise30,429,9020429,V6,0,0,0,0,[],0.725
power,c10_noise30,429,9020429,V5,0,0,0,0,[],1.513
power,c10_noise30,430,9020430,V6,1,1,0,1,"[[""z4""]]",0.745
power,c10_noise30,430,9020430,V5,0,0,0,0,[],1.561
power,c10_noise30,431,9020431,V6,0,0,0,0,[],0.777
power,c10_noise30,431,9020431,V5,0,0,0,0,[],1.481
power,c10_noise30,432,9020432,V6,0,0,0,0,[],0.778
power,c10_noise30,432,9020432,V5,0,0,0,0,[],1.521
power,c10_noise30,433,9020433,V6,0,0,0,0,[],0.801
power,c10_noise30,433,9020433,V5,0,0,0,0,[],1.626
power,c10_noise30,434,9020434,V6,0,0,0,0,[],0.8
power,c10_noise30,434,9020434,V5,0,0,0,0,[],1.642
power,c10_noise30,435,9020435,V6,1,1,1,0,"[[""a""]]",0.777
power,c10_noise30,435,9020435,V5,1,1,1,0,"[[""a""]]",1.676
power,c10_noise30,436,9020436,V6,0,0,0,0,[],0.785
power,c10_noise30,436,9020436,V5,0,0,0,0,[],1.61
power,c10_noise30,437,9020437,V6,0,0,0,0,[],0.78
power,c10_noise30,437,9020437,V5,1,1,0,1,"[[""x5""]]",1.632
power,c10_noise30,438,9020438,V6,0,0,0,0,[],0.789
power,c10_noise30,438,9020438,V5,1,1,0,1,"[[""z3""]]",1.619
power,c10_noise30,439,9020439,V6,0,0,0,0,[],0.763
power,c10_noise30,439,9020439,V5,0,0,0,0,[],1.637
power,c10_noise30,440,9020440,V6,0,0,0,0,[],0.928
power,c10_noise30,440,9020440,V5,0,0,0,0,[],1.488
power,c10_noise30,441,9020441,V6,1,1,1,0,"[[""a""]]",0.946
power,c10_noise30,441,9020441,V5,1,1,1,0,"[[""a""]]",1.482
power,c10_noise30,442,9020442,V6,0,0,0,0,[],0.929
power,c10_noise30,442,9020442,V5,0,0,0,0,[],1.493
power,c10_noise30,443,9020443,V6,0,0,0,0,[],0.811
power,c10_noise30,443,9020443,V5,0,0,0,0,[],1.458
power,c10_noise30,444,9020444,V6,0,0,0,0,[],0.744
power,c10_noise30,444,9020444,V5,0,0,0,0,[],1.499
power,c10_noise30,445,9020445,V6,0,0,0,0,[],0.738
power,c10_noise30,445,9020445,V5,0,0,0,0,[],1.498
power,c10_noise30,446,9020446,V6,0,0,0,0,[],0.758
power,c10_noise30,446,9020446,V5,0,0,0,0,[],1.497
power,c10_noise30,447,9020447,V6,0,0,0,0,[],0.749
power,c10_noise30,447,9020447,V5,0,0,0,0,[],1.483
power,c10_noise30,448,9020448,V6,0,0,0,0,[],0.752
power,c10_noise30,448,9020448,V5,0,0,0,0,[],1.474
power,c10_noise30,449,9020449,V6,0,0,0,0,[],0.761
power,c10_noise30,449,9020449,V5,0,0,0,0,[],1.5
power,c10_noise30,450,9020450,V6,0,0,0,0,[],0.762
power,c10_noise30,450,9020450,V5,0,0,0,0,[],1.577
power,c10_noise30,451,9020451,V6,0,0,0,0,[],0.782
power,c10_noise30,451,9020451,V5,0,0,0,0,[],1.575
power,c10_noise30,452,9020452,V6,0,0,0,0,[],0.741
power,c10_noise30,452,9020452,V5,0,0,0,0,[],1.509
power,c10_noise30,453,9020453,V6,0,0,0,0,[],0.753
power,c10_noise30,453,9020453,V5,0,0,0,0,[],1.511
power,c10_noise30,454,9020454,V6,0,0,0,0,[],0.78
power,c10_noise30,454,9020454,V5,0,0,0,0,[],1.51
power,c10_noise30,455,9020455,V6,0,0,0,0,[],0.799
power,c10_noise30,455,9020455,V5,0,0,0,0,[],1.542
power,c10_noise30,456,9020456,V6,0,0,0,0,[],0.823
power,c10_noise30,456,9020456,V5,0,0,0,0,[],1.52
power,c10_noise30,457,9020457,V6,0,0,0,0,[],0.804
power,c10_noise30,457,9020457,V5,0,0,0,0,[],1.563
power,c10_noise30,458,9020458,V6,0,0,0,0,[],0.769
power,c10_noise30,458,9020458,V5,0,0,0,0,[],1.611
power,c10_noise30,459,9020459,V6,0,0,0,0,[],0.793
power,c10_noise30,459,9020459,V5,0,0,0,0,[],1.632
power,c10_noise30,460,9020460,V6,0,0,0,0,[],0.751
power,c10_noise30,460,9020460,V5,0,0,0,0,[],1.728
power,c10_noise30,461,9020461,V6,0,0,0,0,[],0.785
power,c10_noise30,461,9020461,V5,0,0,0,0,[],1.806
power,c10_noise30,462,9020462,V6,0,0,0,0,[],0.776
power,c10_noise30,462,9020462,V5,0,0,0,0,[],1.846
power,c10_noise30,463,9020463,V6,0,0,0,0,[],0.849
power,c10_noise30,463,9020463,V5,0,0,0,0,[],1.747
power,c10_noise30,464,9020464,V6,0,0,0,0,[],0.847
power,c10_noise30,464,9020464,V5,0,0,0,0,[],1.737
power,c10_noise30,465,9020465,V6,0,0,0,0,[],0.931
power,c10_noise30,465,9020465,V5,0,0,0,0,[],1.697
power,c10_noise30,466,9020466,V6,0,0,0,0,[],1.011
power,c10_noise30,466,9020466,V5,0,0,0,0,[],1.613
power,c10_noise30,467,9020467,V6,0,0,0,0,[],0.954
power,c10_noise30,467,9020467,V5,0,0,0,0,[],1.559
power,c10_noise30,468,9020468,V6,0,0,0,0,[],0.942
power,c10_noise30,468,9020468,V5,0,0,0,0,[],1.56
power,c10_noise30,469,9020469,V6,0,0,0,0,[],0.93
power,c10_noise30,469,9020469,V5,0,0,0,0,[],1.579
power,c10_noise30,470,9020470,V6,0,0,0,0,[],0.875
power,c10_noise30,470,9020470,V5,0,0,0,0,[],1.592
power,c10_noise30,471,9020471,V6,0,0,0,0,[],0.84
power,c10_noise30,471,9020471,V5,0,0,0,0,[],1.585
power,c10_noise30,472,9020472,V6,0,0,0,0,[],0.806
power,c10_noise30,472,9020472,V5,0,0,0,0,[],1.566
power,c10_noise30,473,9020473,V6,0,0,0,0,[],0.789
power,c10_noise30,473,9020473,V5,0,0,0,0,[],1.552
power,c10_noise30,474,9020474,V6,0,0,0,0,[],0.761
power,c10_noise30,474,9020474,V5,0,0,0,0,[],1.528
power,c10_noise30,475,9020475,V6,0,0,0,0,[],0.823
power,c10_noise30,475,9020475,V5,0,0,0,0,[],1.52
power,c10_noise30,476,9020476,V6,0,0,0,0,[],0.855
power,c10_noise30,476,9020476,V5,0,0,0,0,[],1.569
power,c10_noise30,477,9020477,V6,0,0,0,0,[],0.826
power,c10_noise30,477,9020477,V5,0,0,0,0,[],1.584
power,c10_noise30,478,9020478,V6,0,0,0,0,[],0.82
power,c10_noise30,478,9020478,V5,0,0,0,0,[],1.714
power,c10_noise30,479,9020479,V6,1,1,0,1,"[[""z2""]]",0.78
power,c10_noise30,479,9020479,V5,0,0,0,0,[],1.706
power,c10_noise30,480,9020480,V6,0,0,0,0,[],0.762
power,c10_noise30,480,9020480,V5,0,0,0,0,[],1.906
power,c10_noise30,481,9020481,V6,0,0,0,0,[],0.762
power,c10_noise30,481,9020481,V5,0,0,0,0,[],1.94
power,c10_noise30,482,9020482,V6,0,0,0,0,[],0.786
power,c10_noise30,482,9020482,V5,0,0,0,0,[],1.899
power,c10_noise30,483,9020483,V6,0,0,0,0,[],0.798
power,c10_noise30,483,9020483,V5,0,0,0,0,[],1.905
power,c10_noise30,484,9020484,V6,0,0,0,0,[],0.86
power,c10_noise30,484,9020484,V5,0,0,0,0,[],1.95
power,c10_noise30,485,9020485,V6,0,0,0,0,[],0.979
power,c10_noise30,485,9020485,V5,0,0,0,0,[],1.815
power,c10_noise30,486,9020486,V6,0,0,0,0,[],1.046
power,c10_noise30,486,9020486,V5,0,0,0,0,[],1.785
power,c10_noise30,487,9020487,V6,0,0,0,0,[],1.046
power,c10_noise30,487,9020487,V5,0,0,0,0,[],1.675
power,c10_noise30,488,9020488,V6,0,0,0,0,[],1.012
power,c10_noise30,488,9020488,V5,0,0,0,0,[],1.605
power,c10_noise30,489,9020489,V6,0,0,0,0,[],1.025
power,c10_noise30,489,9020489,V5,0,0,0,0,[],1.512
power,c10_noise30,490,9020490,V6,0,0,0,0,[],0.85
power,c10_noise30,490,9020490,V5,0,0,0,0,[],1.558
power,c10_noise30,491,9020491,V6,0,0,0,0,[],0.803
power,c10_noise30,491,9020491,V5,0,0,0,0,[],1.562
power,c10_noise30,492,9020492,V6,0,0,0,0,[],0.748
power,c10_noise30,492,9020492,V5,0,0,0,0,[],1.578
power,c10_noise30,493,9020493,V6,0,0,0,0,[],0.829
power,c10_noise30,493,9020493,V5,0,0,0,0,[],1.575
power,c10_noise30,494,9020494,V6,0,0,0,0,[],0.85
power,c10_noise30,494,9020494,V5,0,0,0,0,[],1.546
power,c10_noise30,495,9020495,V6,0,0,0,0,[],0.823
power,c10_noise30,495,9020495,V5,0,0,0,0,[],1.581
power,c10_noise30,496,9020496,V6,0,0,0,0,[],0.772
power,c10_noise30,496,9020496,V5,0,0,0,0,[],1.657
power,c10_noise30,497,9020497,V6,0,0,0,0,[],0.804
power,c10_noise30,497,9020497,V5,0,0,0,0,[],1.63
power,c10_noise30,498,9020498,V6,0,0,0,0,[],0.775
power,c10_noise30,498,9020498,V5,0,0,0,0,[],1.629
power,c10_noise30,499,9020499,V6,0,0,0,0,[],0.754
power,c10_noise30,499,9020499,V5,0,0,0,0,[],1.554
power,c20_noise0,0,9030000,V6,0,0,0,0,[],0.818
power,c20_noise0,0,9030000,V5,0,0,0,0,[],1.526
power,c20_noise0,1,9030001,V6,0,0,0,0,[],0.848
power,c20_noise0,1,9030001,V5,1,1,1,0,"[[""a"", ""p""]]",1.488
power,c20_noise0,2,9030002,V6,0,0,0,0,[],0.859
power,c20_noise0,2,9030002,V5,0,0,0,0,[],1.429
power,c20_noise0,3,9030003,V6,0,0,0,0,[],0.837
power,c20_noise0,3,9030003,V5,0,0,0,0,[],1.468
power,c20_noise0,4,9030004,V6,0,0,0,0,[],0.831
power,c20_noise0,4,9030004,V5,0,0,0,0,[],1.459
power,c20_noise0,5,9030005,V6,0,0,0,0,[],0.766
power,c20_noise0,5,9030005,V5,0,0,0,0,[],1.525
power,c20_noise0,6,9030006,V6,0,0,0,0,[],0.72
power,c20_noise0,6,9030006,V5,1,1,1,0,"[[""a"", ""p""]]",1.558
power,c20_noise0,7,9030007,V6,1,1,1,0,"[[""a"", ""p""]]",0.748
power,c20_noise0,7,9030007,V5,1,1,1,0,"[[""a"", ""p""]]",1.508
power,c20_noise0,8,9030008,V6,0,0,0,0,[],0.75
power,c20_noise0,8,9030008,V5,0,0,0,0,[],1.506
power,c20_noise0,9,9030009,V6,1,1,1,0,"[[""a"", ""p""]]",0.749
power,c20_noise0,9,9030009,V5,0,0,0,0,[],1.526
power,c20_noise0,10,9030010,V6,0,0,0,0,[],0.811
power,c20_noise0,10,9030010,V5,0,0,0,0,[],1.63
power,c20_noise0,11,9030011,V6,1,1,1,0,"[[""a"", ""p""]]",0.747
power,c20_noise0,11,9030011,V5,1,1,1,0,"[[""a"", ""p""]]",1.655
power,c20_noise0,12,9030012,V6,0,0,0,0,[],0.756
power,c20_noise0,12,9030012,V5,0,0,0,0,[],1.716
power,c20_noise0,13,9030013,V6,1,1,1,0,"[[""a"", ""p""]]",0.869
power,c20_noise0,13,9030013,V5,1,1,1,0,"[[""a"", ""p""]]",1.597
power,c20_noise0,14,9030014,V6,0,0,0,0,[],0.848
power,c20_noise0,14,9030014,V5,0,0,0,0,[],1.589
power,c20_noise0,15,9030015,V6,1,1,1,0,"[[""a"", ""p""]]",0.873
power,c20_noise0,15,9030015,V5,1,1,1,0,"[[""a"", ""p""]]",1.504
power,c20_noise0,16,9030016,V6,1,1,1,0,"[[""a"", ""p""]]",0.932
power,c20_noise0,16,9030016,V5,1,1,1,0,"[[""a"", ""p""]]",1.441
power,c20_noise0,17,9030017,V6,0,0,0,0,[],0.918
power,c20_noise0,17,9030017,V5,0,0,0,0,[],1.4
power,c20_noise0,18,9030018,V6,1,1,1,0,"[[""a"", ""p""]]",0.919
power,c20_noise0,18,9030018,V5,1,1,1,0,"[[""a"", ""p""]]",1.354
power,c20_noise0,19,9030019,V6,1,1,1,0,"[[""a"", ""p""]]",0.915
power,c20_noise0,19,9030019,V5,1,1,1,0,"[[""a"", ""p""]]",1.339
power,c20_noise0,20,9030020,V6,0,0,0,0,[],0.764
power,c20_noise0,20,9030020,V5,0,0,0,0,[],1.378
power,c20_noise0,21,9030021,V6,1,1,1,0,"[[""a"", ""p""]]",0.706
power,c20_noise0,21,9030021,V5,1,1,1,0,"[[""a"", ""p""]]",1.373
power,c20_noise0,22,9030022,V6,0,0,0,0,[],0.707
power,c20_noise0,22,9030022,V5,0,0,0,0,[],1.388
power,c20_noise0,23,9030023,V6,1,1,1,0,"[[""a"", ""p""]]",0.702
power,c20_noise0,23,9030023,V5,1,1,1,0,"[[""a"", ""p""]]",1.4
power,c20_noise0,24,9030024,V6,0,0,0,0,[],0.71
power,c20_noise0,24,9030024,V5,0,0,0,0,[],1.385
power,c20_noise0,25,9030025,V6,0,0,0,0,[],0.731
power,c20_noise0,25,9030025,V5,1,1,1,0,"[[""a"", ""p""]]",1.439
power,c20_noise0,26,9030026,V6,0,0,0,0,[],0.759
power,c20_noise0,26,9030026,V5,1,1,1,0,"[[""a"", ""p""]]",1.422
power,c20_noise0,27,9030027,V6,1,1,1,0,"[[""a"", ""p""]]",0.769
power,c20_noise0,27,9030027,V5,1,1,1,0,"[[""a"", ""p""]]",1.359
power,c20_noise0,28,9030028,V6,1,1,1,0,"[[""a"", ""p""]]",0.738
power,c20_noise0,28,9030028,V5,1,1,1,0,"[[""a"", ""p""]]",1.382
power,c20_noise0,29,9030029,V6,0,0,0,0,[],0.73
power,c20_noise0,29,9030029,V5,1,1,1,0,"[[""a"", ""p""]]",1.437
power,c20_noise0,30,9030030,V6,0,0,0,0,[],0.717
power,c20_noise0,30,9030030,V5,1,1,1,0,"[[""a"", ""p""]]",1.665
power,c20_noise0,31,9030031,V6,0,0,0,0,[],0.754
power,c20_noise0,31,9030031,V5,0,0,0,0,[],1.536
power,c20_noise0,32,9030032,V6,1,1,1,0,"[[""a"", ""p""]]",0.764
power,c20_noise0,32,9030032,V5,1,1,1,0,"[[""a"", ""p""]]",1.574
power,c20_noise0,33,9030033,V6,1,1,1,0,"[[""a"", ""p""]]",0.771
power,c20_noise0,33,9030033,V5,1,1,1,0,"[[""a"", ""p""]]",1.614
power,c20_noise0,34,9030034,V6,0,0,0,0,[],0.797
power,c20_noise0,34,9030034,V5,0,0,0,0,[],1.618
power,c20_noise0,35,9030035,V6,0,0,0,0,[],0.944
power,c20_noise0,35,9030035,V5,0,0,0,0,[],1.488
power,c20_noise0,36,9030036,V6,0,0,0,0,[],0.985
power,c20_noise0,36,9030036,V5,0,0,0,0,[],1.675
power,c20_noise0,37,9030037,V6,1,1,1,0,"[[""a"", ""p""]]",0.923
power,c20_noise0,37,9030037,V5,1,1,1,0,"[[""a"", ""p""]]",1.67
power,c20_noise0,38,9030038,V6,1,1,0,1,"[[""z5""]]",0.88
power,c20_noise0,38,9030038,V5,1,1,0,1,"[[""z5""]]",1.6
power,c20_noise0,39,9030039,V6,1,1,1,0,"[[""a"", ""p""]]",0.895
power,c20_noise0,39,9030039,V5,1,1,1,0,"[[""a"", ""p""]]",1.654
power,c20_noise0,40,9030040,V6,0,0,0,0,[],0.76
power,c20_noise0,40,9030040,V5,0,0,0,0,[],1.721
power,c20_noise0,41,9030041,V6,0,0,0,0,[],0.771
power,c20_noise0,41,9030041,V5,0,0,0,0,[],1.707
power,c20_noise0,42,9030042,V6,0,0,0,0,[],0.774
power,c20_noise0,42,9030042,V5,0,0,0,0,[],1.704
power,c20_noise0,43,9030043,V6,0,0,0,0,[],0.833
power,c20_noise0,43,9030043,V5,0,0,0,0,[],1.722
power,c20_noise0,44,9030044,V6,1,1,1,0,"[[""a"", ""p""]]",0.938
power,c20_noise0,44,9030044,V5,1,1,1,0,"[[""a"", ""p""]]",1.591
power,c20_noise0,45,9030045,V6,1,1,1,0,"[[""a"", ""p""]]",1.008
power,c20_noise0,45,9030045,V5,1,1,1,0,"[[""a"", ""p""]]",1.569
power,c20_noise0,46,9030046,V6,0,0,0,0,[],0.841
power,c20_noise0,46,9030046,V5,0,0,0,0,[],1.521
power,c20_noise0,47,9030047,V6,0,0,0,0,[],0.822
power,c20_noise0,47,9030047,V5,0,0,0,0,[],1.528
power,c20_noise0,48,9030048,V6,0,0,0,0,[],0.843
power,c20_noise0,48,9030048,V5,0,0,0,0,[],1.51
power,c20_noise0,49,9030049,V6,0,0,0,0,[],0.823
power,c20_noise0,49,9030049,V5,0,0,0,0,[],1.52
power,c20_noise0,50,9030050,V6,1,1,1,0,"[[""a"", ""p""]]",0.81
power,c20_noise0,50,9030050,V5,1,1,1,0,"[[""a"", ""p""]]",1.573
power,c20_noise0,51,9030051,V6,0,0,0,0,[],0.793
power,c20_noise0,51,9030051,V5,0,0,0,0,[],1.553
power,c20_noise0,52,9030052,V6,0,0,0,0,[],0.796
power,c20_noise0,52,9030052,V5,0,0,0,0,[],1.5
power,c20_noise0,53,9030053,V6,1,1,1,0,"[[""a"", ""p""]]",0.807
power,c20_noise0,53,9030053,V5,1,1,1,0,"[[""a"", ""p""]]",1.469
power,c20_noise0,54,9030054,V6,0,0,0,0,[],0.841
power,c20_noise0,54,9030054,V5,0,0,0,0,[],1.457
power,c20_noise0,55,9030055,V6,1,1,0,1,"[[""z3""]]",0.799
power,c20_noise0,55,9030055,V5,1,1,0,1,"[[""z3""]]",1.459
power,c20_noise0,56,9030056,V6,0,0,0,0,[],0.78
power,c20_noise0,56,9030056,V5,0,0,0,0,[],1.408
power,c20_noise0,57,9030057,V6,1,1,1,0,"[[""a"", ""p""]]",0.806
power,c20_noise0,57,9030057,V5,1,1,1,0,"[[""a"", ""p""]]",1.367
power,c20_noise0,58,9030058,V6,0,0,0,0,[],0.742
power,c20_noise0,58,9030058,V5,0,0,0,0,[],1.387
power,c20_noise0,59,9030059,V6,1,1,1,0,"[[""a"", ""p""]]",0.735
power,c20_noise0,59,9030059,V5,1,1,1,0,"[[""a"", ""p""]]",1.417
power,c20_noise0,60,9030060,V6,1,1,1,0,"[[""a"", ""p""]]",0.748
power,c20_noise0,60,9030060,V5,1,1,1,0,"[[""a"", ""p""]]",1.392
power,c20_noise0,61,9030061,V6,1,1,1,0,"[[""a"", ""p""]]",0.768
power,c20_noise0,61,9030061,V5,1,1,1,0,"[[""a"", ""p""]]",1.406
power,c20_noise0,62,9030062,V6,0,0,0,0,[],0.807
power,c20_noise0,62,9030062,V5,1,1,1,0,"[[""a"", ""p""]]",1.368
power,c20_noise0,63,9030063,V6,0,0,0,0,[],0.764
power,c20_noise0,63,9030063,V5,0,0,0,0,[],1.397
power,c20_noise0,64,9030064,V6,1,1,1,0,"[[""a"", ""p""]]",0.727
power,c20_noise0,64,9030064,V5,1,1,1,0,"[[""a"", ""p""]]",1.421
power,c20_noise0,65,9030065,V6,1,1,1,0,"[[""a"", ""p""]]",0.719
power,c20_noise0,65,9030065,V5,1,1,1,0,"[[""a"", ""p""]]",1.44
power,c20_noise0,66,9030066,V6,1,1,1,0,"[[""a"", ""p""]]",0.772
power,c20_noise0,66,9030066,V5,1,1,1,0,"[[""a"", ""p""]]",1.399
power,c20_noise0,67,9030067,V6,1,1,1,0,"[[""a"", ""p""]]",0.755
power,c20_noise0,67,9030067,V5,1,1,1,0,"[[""a"", ""p""]]",1.399
power,c20_noise0,68,9030068,V6,0,0,0,0,[],0.736
power,c20_noise0,68,9030068,V5,0,0,0,0,[],1.356
power,c20_noise0,69,9030069,V6,0,0,0,0,[],0.758
power,c20_noise0,69,9030069,V5,0,0,0,0,[],1.374
power,c20_noise0,70,9030070,V6,1,1,1,0,"[[""a"", ""p""]]",0.768
power,c20_noise0,70,9030070,V5,0,0,0,0,[],1.394
power,c20_noise0,71,9030071,V6,1,1,1,0,"[[""a"", ""p""]]",0.769
power,c20_noise0,71,9030071,V5,1,1,1,0,"[[""a"", ""p""]]",1.405
power,c20_noise0,72,9030072,V6,0,0,0,0,[],0.761
power,c20_noise0,72,9030072,V5,0,0,0,0,[],1.389
power,c20_noise0,73,9030073,V6,1,1,1,0,"[[""a"", ""p""]]",0.744
power,c20_noise0,73,9030073,V5,1,1,1,0,"[[""a"", ""p""]]",1.462
power,c20_noise0,74,9030074,V6,0,0,0,0,[],0.733
power,c20_noise0,74,9030074,V5,0,0,0,0,[],1.432
power,c20_noise0,75,9030075,V6,1,1,1,0,"[[""a"", ""p""]]",0.725
power,c20_noise0,75,9030075,V5,1,1,1,0,"[[""a"", ""p""]]",1.367
power,c20_noise0,76,9030076,V6,0,0,0,0,[],0.726
power,c20_noise0,76,9030076,V5,0,0,0,0,[],1.387
power,c20_noise0,77,9030077,V6,1,1,1,0,"[[""a"", ""p""]]",0.76
power,c20_noise0,77,9030077,V5,0,0,0,0,[],1.365
power,c20_noise0,78,9030078,V6,0,0,0,0,[],0.742
power,c20_noise0,78,9030078,V5,0,0,0,0,[],1.363
power,c20_noise0,79,9030079,V6,0,0,0,0,[],0.774
power,c20_noise0,79,9030079,V5,0,0,0,0,[],1.396
power,c20_noise0,80,9030080,V6,0,0,0,0,[],0.737
power,c20_noise0,80,9030080,V5,0,0,0,0,[],1.477
power,c20_noise0,81,9030081,V6,1,1,1,0,"[[""a"", ""p""]]",0.728
power,c20_noise0,81,9030081,V5,1,1,1,0,"[[""a"", ""p""]]",1.443
power,c20_noise0,82,9030082,V6,0,0,0,0,[],0.743
power,c20_noise0,82,9030082,V5,0,0,0,0,[],1.455
power,c20_noise0,83,9030083,V6,0,0,0,0,[],0.746
power,c20_noise0,83,9030083,V5,0,0,0,0,[],1.537
power,c20_noise0,84,9030084,V6,1,1,1,0,"[[""a"", ""p""]]",0.743
power,c20_noise0,84,9030084,V5,1,1,1,0,"[[""a"", ""p""]]",1.571
power,c20_noise0,85,9030085,V6,1,1,1,0,"[[""a"", ""p""]]",0.81
power,c20_noise0,85,9030085,V5,1,1,1,0,"[[""a"", ""p""]]",1.601
power,c20_noise0,86,9030086,V6,0,0,0,0,[],0.753
power,c20_noise0,86,9030086,V5,1,1,1,0,"[[""a"", ""p""]]",1.525
power,c20_noise0,87,9030087,V6,0,0,0,0,[],0.781
power,c20_noise0,87,9030087,V5,0,0,0,0,[],1.611
power,c20_noise0,88,9030088,V6,0,0,0,0,[],0.84
power,c20_noise0,88,9030088,V5,0,0,0,0,[],1.542
power,c20_noise0,89,9030089,V6,1,1,1,0,"[[""a"", ""p""]]",0.873
power,c20_noise0,89,9030089,V5,1,1,1,0,"[[""a"", ""p""]]",1.537
power,c20_noise0,90,9030090,V6,1,1,1,0,"[[""a"", ""p""]]",0.831
power,c20_noise0,90,9030090,V5,1,1,1,0,"[[""a"", ""p""]]",1.467
power,c20_noise0,91,9030091,V6,0,0,0,0,[],0.813
power,c20_noise0,91,9030091,V5,0,0,0,0,[],1.585
power,c20_noise0,92,9030092,V6,1,1,1,0,"[[""a"", ""p""]]",0.811
power,c20_noise0,92,9030092,V5,1,1,1,0,"[[""a"", ""p""]]",1.47
power,c20_noise0,93,9030093,V6,1,1,1,0,"[[""a"", ""p""]]",0.869
power,c20_noise0,93,9030093,V5,1,1,1,0,"[[""a"", ""p""]]",1.495
power,c20_noise0,94,9030094,V6,0,0,0,0,[],0.818
power,c20_noise0,94,9030094,V5,1,1,1,0,"[[""a"", ""p""]]",1.514
power,c20_noise0,95,9030095,V6,0,0,0,0,[],0.752
power,c20_noise0,95,9030095,V5,0,0,0,0,[],1.465
power,c20_noise0,96,9030096,V6,1,1,1,0,"[[""a"", ""p""]]",0.742
power,c20_noise0,96,9030096,V5,1,1,1,0,"[[""a"", ""p""]]",1.447
power,c20_noise0,97,9030097,V6,1,1,1,0,"[[""a"", ""p""]]",0.737
power,c20_noise0,97,9030097,V5,1,1,1,0,"[[""a"", ""p""]]",1.433
power,c20_noise0,98,9030098,V6,0,0,0,0,[],0.726
power,c20_noise0,98,9030098,V5,0,0,0,0,[],1.43
power,c20_noise0,99,9030099,V6,1,1,1,0,"[[""a"", ""p""]]",0.785
power,c20_noise0,99,9030099,V5,0,0,0,0,[],1.418
power,c20_noise0,100,9030100,V6,0,0,0,0,[],0.771
power,c20_noise0,100,9030100,V5,0,0,0,0,[],1.397
power,c20_noise0,101,9030101,V6,0,0,0,0,[],0.761
power,c20_noise0,101,9030101,V5,0,0,0,0,[],1.392
power,c20_noise0,102,9030102,V6,0,0,0,0,[],0.766
power,c20_noise0,102,9030102,V5,0,0,0,0,[],1.416
power,c20_noise0,103,9030103,V6,0,0,0,0,[],0.767
power,c20_noise0,103,9030103,V5,0,0,0,0,[],1.398
power,c20_noise0,104,9030104,V6,1,1,1,0,"[[""a"", ""p""]]",0.74
power,c20_noise0,104,9030104,V5,1,1,1,0,"[[""a"", ""p""]]",1.414
power,c20_noise0,105,9030105,V6,1,1,1,0,"[[""a"", ""p""]]",0.685
power,c20_noise0,105,9030105,V5,1,1,1,0,"[[""a"", ""p""]]",1.473
power,c20_noise0,106,9030106,V6,1,1,1,0,"[[""a"", ""p""]]",0.68
power,c20_noise0,106,9030106,V5,1,1,1,0,"[[""a"", ""p""]]",1.41
power,c20_noise0,107,9030107,V6,0,0,0,0,[],0.724
power,c20_noise0,107,9030107,V5,0,0,0,0,[],1.473
power,c20_noise0,108,9030108,V6,0,0,0,0,[],0.77
power,c20_noise0,108,9030108,V5,0,0,0,0,[],1.479
power,c20_noise0,109,9030109,V6,1,1,1,0,"[[""a"", ""p""]]",0.755
power,c20_noise0,109,9030109,V5,1,1,1,0,"[[""a"", ""p""]]",1.457
power,c20_noise0,110,9030110,V6,0,0,0,0,[],0.742
power,c20_noise0,110,9030110,V5,0,0,0,0,[],1.425
power,c20_noise0,111,9030111,V6,1,1,1,0,"[[""a"", ""p""]]",0.737
power,c20_noise0,111,9030111,V5,1,1,1,0,"[[""a"", ""p""]]",1.457
power,c20_noise0,112,9030112,V6,0,0,0,0,[],0.717
power,c20_noise0,112,9030112,V5,0,0,0,0,[],1.459
power,c20_noise0,113,9030113,V6,0,0,0,0,[],0.799
power,c20_noise0,113,9030113,V5,0,0,0,0,[],1.418
power,c20_noise0,114,9030114,V6,0,0,0,0,[],0.806
power,c20_noise0,114,9030114,V5,0,0,0,0,[],1.368
power,c20_noise0,115,9030115,V6,0,0,0,0,[],0.817
power,c20_noise0,115,9030115,V5,0,0,0,0,[],1.581
power,c20_noise0,116,9030116,V6,0,0,0,0,[],0.795
power,c20_noise0,116,9030116,V5,0,0,0,0,[],1.561
power,c20_noise0,117,9030117,V6,0,0,0,0,[],0.755
power,c20_noise0,117,9030117,V5,0,0,0,0,[],1.528
power,c20_noise0,118,9030118,V6,0,0,0,0,[],0.71
power,c20_noise0,118,9030118,V5,0,0,0,0,[],1.534
power,c20_noise0,119,9030119,V6,1,1,1,0,"[[""a"", ""p""]]",0.759
power,c20_noise0,119,9030119,V5,1,1,1,0,"[[""a"", ""p""]]",1.537
power,c20_noise0,120,9030120,V6,0,0,0,0,[],0.734
power,c20_noise0,120,9030120,V5,0,0,0,0,[],1.564
power,c20_noise0,121,9030121,V6,0,0,0,0,[],0.737
power,c20_noise0,121,9030121,V5,1,1,1,0,"[[""a"", ""p""]]",1.55
power,c20_noise0,122,9030122,V6,0,0,0,0,[],0.731
power,c20_noise0,122,9030122,V5,1,1,1,0,"[[""a"", ""p""]]",1.622
power,c20_noise0,123,9030123,V6,1,1,1,0,"[[""a"", ""p""]]",0.895
power,c20_noise0,123,9030123,V5,1,1,1,0,"[[""a"", ""p""]]",1.425
power,c20_noise0,124,9030124,V6,1,1,1,0,"[[""a"", ""p""]]",0.89
power,c20_noise0,124,9030124,V5,0,0,0,0,[],1.466
power,c20_noise0,125,9030125,V6,1,1,1,0,"[[""a"", ""p""]]",0.78
power,c20_noise0,125,9030125,V5,1,1,1,0,"[[""a"", ""p""]]",1.421
power,c20_noise0,126,9030126,V6,0,0,0,0,[],0.758
power,c20_noise0,126,9030126,V5,0,0,0,0,[],1.433
power,c20_noise0,127,9030127,V6,0,0,0,0,[],0.753
power,c20_noise0,127,9030127,V5,1,1,1,0,"[[""a"", ""p""]]",1.406
power,c20_noise0,128,9030128,V6,1,1,1,0,"[[""a"", ""p""]]",0.761
power,c20_noise0,128,9030128,V5,1,1,1,0,"[[""a"", ""p""]]",1.447
power,c20_noise0,129,9030129,V6,0,0,0,0,[],0.783
power,c20_noise0,129,9030129,V5,0,0,0,0,[],1.507
power,c20_noise0,130,9030130,V6,1,1,1,0,"[[""a"", ""p""]]",0.732
power,c20_noise0,130,9030130,V5,1,1,1,0,"[[""a"", ""p""]]",1.534
power,c20_noise0,131,9030131,V6,0,0,0,0,[],0.735
power,c20_noise0,131,9030131,V5,0,0,0,0,[],1.517
power,c20_noise0,132,9030132,V6,0,0,0,0,[],0.806
power,c20_noise0,132,9030132,V5,0,0,0,0,[],1.574
power,c20_noise0,133,9030133,V6,1,1,1,0,"[[""a"", ""p""]]",0.792
power,c20_noise0,133,9030133,V5,1,1,1,0,"[[""a"", ""p""]]",1.609
power,c20_noise0,134,9030134,V6,1,2,1,1,"[[""a"", ""p""], [""z2""]]",0.794
power,c20_noise0,134,9030134,V5,1,1,1,0,"[[""a"", ""p""]]",1.613
power,c20_noise0,135,9030135,V6,0,0,0,0,[],0.836
power,c20_noise0,135,9030135,V5,0,0,0,0,[],1.636
power,c20_noise0,136,9030136,V6,1,1,1,0,"[[""a"", ""p""]]",0.849
power,c20_noise0,136,9030136,V5,1,1,1,0,"[[""a"", ""p""]]",1.602
power,c20_noise0,137,9030137,V6,0,0,0,0,[],0.829
power,c20_noise0,137,9030137,V5,0,0,0,0,[],1.577
power,c20_noise0,138,9030138,V6,0,0,0,0,[],0.83
power,c20_noise0,138,9030138,V5,0,0,0,0,[],1.63
power,c20_noise0,139,9030139,V6,0,0,0,0,[],0.858
power,c20_noise0,139,9030139,V5,0,0,0,0,[],1.567
power,c20_noise0,140,9030140,V6,1,1,1,0,"[[""a"", ""p""]]",0.839
power,c20_noise0,140,9030140,V5,1,1,1,0,"[[""a"", ""p""]]",1.386
power,c20_noise0,141,9030141,V6,1,1,1,0,"[[""a"", ""p""]]",0.841
power,c20_noise0,141,9030141,V5,1,1,1,0,"[[""a"", ""p""]]",1.402
power,c20_noise0,142,9030142,V6,1,1,1,0,"[[""a"", ""p""]]",0.832
power,c20_noise0,142,9030142,V5,1,1,1,0,"[[""a"", ""p""]]",1.27
power,c20_noise0,143,9030143,V6,1,1,1,0,"[[""a"", ""p""]]",0.765
power,c20_noise0,143,9030143,V5,1,1,1,0,"[[""a"", ""p""]]",1.069
power,c20_noise0,144,9030144,V6,1,1,1,0,"[[""a"", ""p""]]",0.806
power,c20_noise0,144,9030144,V5,1,1,1,0,"[[""a"", ""p""]]",1.068
power,c20_noise0,145,9030145,V6,0,0,0,0,[],0.693
power,c20_noise0,145,9030145,V5,0,0,0,0,[],0.964
power,c20_noise0,146,9030146,V6,1,1,1,0,"[[""a"", ""p""]]",0.685
power,c20_noise0,146,9030146,V5,0,0,0,0,[],0.945
power,c20_noise0,147,9030147,V6,0,0,0,0,[],0.674
power,c20_noise0,147,9030147,V5,0,0,0,0,[],0.955
power,c20_noise0,148,9030148,V6,0,0,0,0,[],0.645
power,c20_noise0,148,9030148,V5,1,1,1,0,"[[""a"", ""p""]]",0.973
power,c20_noise0,149,9030149,V6,0,0,0,0,[],0.498
power,c20_noise0,149,9030149,V5,0,0,0,0,[],0.925
power,c20_noise0,150,9030150,V6,1,1,1,0,"[[""a"", ""p""]]",0.497
power,c20_noise0,150,9030150,V5,1,1,1,0,"[[""a"", ""p""]]",0.922
power,c20_noise0,151,9030151,V6,0,0,0,0,[],0.513
power,c20_noise0,151,9030151,V5,0,0,0,0,[],0.933
power,c20_noise0,152,9030152,V6,1,1,1,0,"[[""a"", ""p""]]",0.497
power,c20_noise0,152,9030152,V5,1,1,1,0,"[[""a"", ""p""]]",0.939
power,c20_noise0,153,9030153,V6,0,0,0,0,[],0.512
power,c20_noise0,153,9030153,V5,0,0,0,0,[],0.915
power,c20_noise0,154,9030154,V6,1,1,1,0,"[[""a"", ""p""]]",0.472
power,c20_noise0,154,9030154,V5,1,1,1,0,"[[""a"", ""p""]]",0.888
power,c20_noise0,155,9030155,V6,0,0,0,0,[],0.488
power,c20_noise0,155,9030155,V5,0,0,0,0,[],0.875
power,c20_noise0,156,9030156,V6,1,1,1,0,"[[""a"", ""p""]]",0.483
power,c20_noise0,156,9030156,V5,1,1,1,0,"[[""a"", ""p""]]",0.879
power,c20_noise0,157,9030157,V6,0,0,0,0,[],0.472
power,c20_noise0,157,9030157,V5,0,0,0,0,[],0.875
power,c20_noise0,158,9030158,V6,1,1,1,0,"[[""a"", ""p""]]",0.483
power,c20_noise0,158,9030158,V5,1,2,1,1,"[[""x5""], [""a"", ""p""]]",0.855
power,c20_noise0,159,9030159,V6,0,0,0,0,[],0.506
power,c20_noise0,159,9030159,V5,0,0,0,0,[],0.882
power,c20_noise0,160,9030160,V6,0,0,0,0,[],0.452
power,c20_noise0,160,9030160,V5,0,0,0,0,[],0.961
power,c20_noise0,161,9030161,V6,0,0,0,0,[],0.451
power,c20_noise0,161,9030161,V5,0,0,0,0,[],0.925
power,c20_noise0,162,9030162,V6,0,0,0,0,[],0.482
power,c20_noise0,162,9030162,V5,0,0,0,0,[],0.961
power,c20_noise0,163,9030163,V6,0,0,0,0,[],0.473
power,c20_noise0,163,9030163,V5,1,1,1,0,"[[""a"", ""p""]]",1.09
power,c20_noise0,164,9030164,V6,0,0,0,0,[],0.462
power,c20_noise0,164,9030164,V5,0,0,0,0,[],1.057
power,c20_noise0,165,9030165,V6,0,0,0,0,[],0.483
power,c20_noise0,165,9030165,V5,0,0,0,0,[],1.125
power,c20_noise0,166,9030166,V6,0,0,0,0,[],0.501
power,c20_noise0,166,9030166,V5,0,0,0,0,[],1.153
power,c20_noise0,167,9030167,V6,0,0,0,0,[],0.504
power,c20_noise0,167,9030167,V5,0,0,0,0,[],1.137
power,c20_noise0,168,9030168,V6,1,1,1,0,"[[""a"", ""p""]]",0.494
power,c20_noise0,168,9030168,V5,1,1,1,0,"[[""a"", ""p""]]",1.162
power,c20_noise0,169,9030169,V6,0,0,0,0,[],0.543
power,c20_noise0,169,9030169,V5,1,1,1,0,"[[""a"", ""p""]]",1.219
power,c20_noise0,170,9030170,V6,1,1,0,1,"[[""z1""]]",0.598
power,c20_noise0,170,9030170,V5,0,0,0,0,[],1.311
power,c20_noise0,171,9030171,V6,0,0,0,0,[],0.597
power,c20_noise0,171,9030171,V5,0,0,0,0,[],1.314
power,c20_noise0,172,9030172,V6,1,1,1,0,"[[""a"", ""p""]]",0.558
power,c20_noise0,172,9030172,V5,1,1,1,0,"[[""a"", ""p""]]",1.443
power,c20_noise0,173,9030173,V6,0,0,0,0,[],0.679
power,c20_noise0,173,9030173,V5,0,0,0,0,[],1.416
power,c20_noise0,174,9030174,V6,1,1,1,0,"[[""a"", ""p""]]",0.713
power,c20_noise0,174,9030174,V5,1,1,1,0,"[[""a"", ""p""]]",1.452
power,c20_noise0,175,9030175,V6,0,0,0,0,[],0.775
power,c20_noise0,175,9030175,V5,0,0,0,0,[],1.449
power,c20_noise0,176,9030176,V6,0,0,0,0,[],0.756
power,c20_noise0,176,9030176,V5,0,0,0,0,[],1.449
power,c20_noise0,177,9030177,V6,1,1,1,0,"[[""a"", ""p""]]",0.746
power,c20_noise0,177,9030177,V5,1,1,1,0,"[[""a"", ""p""]]",1.409
power,c20_noise0,178,9030178,V6,1,1,1,0,"[[""a"", ""p""]]",0.787
power,c20_noise0,178,9030178,V5,1,1,1,0,"[[""a"", ""p""]]",1.378
power,c20_noise0,179,9030179,V6,1,1,1,0,"[[""a"", ""p""]]",0.747
power,c20_noise0,179,9030179,V5,1,1,1,0,"[[""a"", ""p""]]",1.516
power,c20_noise0,180,9030180,V6,0,0,0,0,[],0.777
power,c20_noise0,180,9030180,V5,1,1,1,0,"[[""a"", ""p""]]",1.486
power,c20_noise0,181,9030181,V6,1,1,1,0,"[[""a"", ""p""]]",0.78
power,c20_noise0,181,9030181,V5,1,1,1,0,"[[""a"", ""p""]]",1.515
power,c20_noise0,182,9030182,V6,0,0,0,0,[],0.842
power,c20_noise0,182,9030182,V5,0,0,0,0,[],1.491
power,c20_noise0,183,9030183,V6,1,2,1,1,"[[""a"", ""p""], [""x1""]]",0.793
power,c20_noise0,183,9030183,V5,1,1,1,0,"[[""a"", ""p""]]",1.509
power,c20_noise0,184,9030184,V6,0,0,0,0,[],0.832
power,c20_noise0,184,9030184,V5,0,0,0,0,[],1.448
power,c20_noise0,185,9030185,V6,1,1,1,0,"[[""a"", ""p""]]",0.858
power,c20_noise0,185,9030185,V5,1,1,1,0,"[[""a"", ""p""]]",1.47
power,c20_noise0,186,9030186,V6,0,0,0,0,[],0.823
power,c20_noise0,186,9030186,V5,0,0,0,0,[],1.461
power,c20_noise0,187,9030187,V6,0,0,0,0,[],0.808
power,c20_noise0,187,9030187,V5,1,1,1,0,"[[""a"", ""p""]]",1.496
power,c20_noise0,188,9030188,V6,1,1,1,0,"[[""a"", ""p""]]",0.83
power,c20_noise0,188,9030188,V5,1,1,1,0,"[[""a"", ""p""]]",1.464
power,c20_noise0,189,9030189,V6,1,1,1,0,"[[""a"", ""p""]]",0.797
power,c20_noise0,189,9030189,V5,1,1,1,0,"[[""a"", ""p""]]",1.462
power,c20_noise0,190,9030190,V6,1,1,1,0,"[[""a"", ""p""]]",0.751
power,c20_noise0,190,9030190,V5,1,1,1,0,"[[""a"", ""p""]]",1.512
power,c20_noise0,191,9030191,V6,1,1,1,0,"[[""a"", ""p""]]",0.72
power,c20_noise0,191,9030191,V5,1,1,1,0,"[[""a"", ""p""]]",1.471
power,c20_noise0,192,9030192,V6,0,0,0,0,[],0.765
power,c20_noise0,192,9030192,V5,1,1,1,0,"[[""a"", ""p""]]",1.526
power,c20_noise0,193,9030193,V6,0,0,0,0,[],0.816
power,c20_noise0,193,9030193,V5,0,0,0,0,[],1.434
power,c20_noise0,194,9030194,V6,0,0,0,0,[],0.792
power,c20_noise0,194,9030194,V5,1,1,1,0,"[[""a"", ""p""]]",1.496
power,c20_noise0,195,9030195,V6,0,0,0,0,[],0.745
power,c20_noise0,195,9030195,V5,0,0,0,0,[],1.474
power,c20_noise0,196,9030196,V6,0,0,0,0,[],0.771
power,c20_noise0,196,9030196,V5,0,0,0,0,[],1.427
power,c20_noise0,197,9030197,V6,0,0,0,0,[],0.79
power,c20_noise0,197,9030197,V5,0,0,0,0,[],1.387
power,c20_noise0,198,9030198,V6,0,0,0,0,[],0.747
power,c20_noise0,198,9030198,V5,0,0,0,0,[],1.411
power,c20_noise0,199,9030199,V6,0,0,0,0,[],0.768
power,c20_noise0,199,9030199,V5,0,0,0,0,[],1.444
power,c20_noise0,200,9030200,V6,0,0,0,0,[],0.755
power,c20_noise0,200,9030200,V5,0,0,0,0,[],1.376
power,c20_noise0,201,9030201,V6,0,0,0,0,[],0.763
power,c20_noise0,201,9030201,V5,0,0,0,0,[],1.385
power,c20_noise0,202,9030202,V6,0,0,0,0,[],0.792
power,c20_noise0,202,9030202,V5,1,1,0,1,"[[""z1""]]",1.399
power,c20_noise0,203,9030203,V6,0,0,0,0,[],0.741
power,c20_noise0,203,9030203,V5,0,0,0,0,[],1.383
power,c20_noise0,204,9030204,V6,0,0,0,0,[],0.746
power,c20_noise0,204,9030204,V5,0,0,0,0,[],1.38
power,c20_noise0,205,9030205,V6,0,0,0,0,[],0.704
power,c20_noise0,205,9030205,V5,0,0,0,0,[],1.346
power,c20_noise0,206,9030206,V6,0,0,0,0,[],0.69
power,c20_noise0,206,9030206,V5,0,0,0,0,[],1.365
power,c20_noise0,207,9030207,V6,1,1,1,0,"[[""a"", ""p""]]",0.711
power,c20_noise0,207,9030207,V5,1,1,1,0,"[[""a"", ""p""]]",1.326
power,c20_noise0,208,9030208,V6,0,0,0,0,[],0.705
power,c20_noise0,208,9030208,V5,0,0,0,0,[],1.349
power,c20_noise0,209,9030209,V6,0,0,0,0,[],0.742
power,c20_noise0,209,9030209,V5,0,0,0,0,[],1.357
power,c20_noise0,210,9030210,V6,0,0,0,0,[],0.781
power,c20_noise0,210,9030210,V5,0,0,0,0,[],1.395
power,c20_noise0,211,9030211,V6,0,0,0,0,[],0.771
power,c20_noise0,211,9030211,V5,0,0,0,0,[],1.375
power,c20_noise0,212,9030212,V6,1,1,1,0,"[[""a"", ""p""]]",0.71
power,c20_noise0,212,9030212,V5,1,1,1,0,"[[""a"", ""p""]]",1.449
power,c20_noise0,213,9030213,V6,0,0,0,0,[],0.725
power,c20_noise0,213,9030213,V5,0,0,0,0,[],1.491
power,c20_noise0,214,9030214,V6,0,0,0,0,[],0.755
power,c20_noise0,214,9030214,V5,0,0,0,0,[],1.48
power,c20_noise0,215,9030215,V6,0,0,0,0,[],0.756
power,c20_noise0,215,9030215,V5,0,0,0,0,[],1.392
power,c20_noise0,216,9030216,V6,0,0,0,0,[],0.747
power,c20_noise0,216,9030216,V5,0,0,0,0,[],1.398
power,c20_noise0,217,9030217,V6,1,2,1,1,"[[""a"", ""p""], [""x2""]]",0.788
power,c20_noise0,217,9030217,V5,1,1,1,0,"[[""a"", ""p""]]",1.441
power,c20_noise0,218,9030218,V6,1,1,1,0,"[[""a"", ""p""]]",0.75
power,c20_noise0,218,9030218,V5,1,1,1,0,"[[""a"", ""p""]]",1.387
power,c20_noise0,219,9030219,V6,1,1,1,0,"[[""a"", ""p""]]",0.761
power,c20_noise0,219,9030219,V5,1,1,1,0,"[[""a"", ""p""]]",1.475
power,c20_noise0,220,9030220,V6,0,0,0,0,[],0.732
power,c20_noise0,220,9030220,V5,0,0,0,0,[],1.44
power,c20_noise0,221,9030221,V6,0,0,0,0,[],0.744
power,c20_noise0,221,9030221,V5,0,0,0,0,[],1.485
power,c20_noise0,222,9030222,V6,1,1,1,0,"[[""a"", ""p""]]",0.783
power,c20_noise0,222,9030222,V5,1,1,1,0,"[[""a"", ""p""]]",1.405
power,c20_noise0,223,9030223,V6,0,0,0,0,[],0.782
power,c20_noise0,223,9030223,V5,0,0,0,0,[],1.458
power,c20_noise0,224,9030224,V6,1,1,1,0,"[[""a"", ""p""]]",0.769
power,c20_noise0,224,9030224,V5,1,1,1,0,"[[""a"", ""p""]]",1.484
power,c20_noise0,225,9030225,V6,1,1,1,0,"[[""a"", ""p""]]",0.757
power,c20_noise0,225,9030225,V5,1,1,1,0,"[[""a"", ""p""]]",1.466
power,c20_noise0,226,9030226,V6,0,0,0,0,[],0.735
power,c20_noise0,226,9030226,V5,0,0,0,0,[],1.464
power,c20_noise0,227,9030227,V6,0,0,0,0,[],0.732
power,c20_noise0,227,9030227,V5,0,0,0,0,[],1.452
power,c20_noise0,228,9030228,V6,1,1,1,0,"[[""a"", ""p""]]",0.758
power,c20_noise0,228,9030228,V5,1,1,1,0,"[[""a"", ""p""]]",1.532
power,c20_noise0,229,9030229,V6,1,1,1,0,"[[""a"", ""p""]]",0.749
power,c20_noise0,229,9030229,V5,1,1,1,0,"[[""a"", ""p""]]",1.582
power,c20_noise0,230,9030230,V6,0,0,0,0,[],0.763
power,c20_noise0,230,9030230,V5,0,0,0,0,[],1.504
power,c20_noise0,231,9030231,V6,0,0,0,0,[],0.742
power,c20_noise0,231,9030231,V5,0,0,0,0,[],1.532
power,c20_noise0,232,9030232,V6,0,0,0,0,[],0.85
power,c20_noise0,232,9030232,V5,0,0,0,0,[],1.519
power,c20_noise0,233,9030233,V6,1,1,1,0,"[[""a"", ""p""]]",0.821
power,c20_noise0,233,9030233,V5,1,1,1,0,"[[""a"", ""p""]]",1.473
power,c20_noise0,234,9030234,V6,0,0,0,0,[],0.801
power,c20_noise0,234,9030234,V5,0,0,0,0,[],1.492
power,c20_noise0,235,9030235,V6,1,1,1,0,"[[""a"", ""p""]]",0.843
power,c20_noise0,235,9030235,V5,1,1,1,0,"[[""a"", ""p""]]",1.436
power,c20_noise0,236,9030236,V6,1,1,1,0,"[[""a"", ""p""]]",0.817
power,c20_noise0,236,9030236,V5,0,0,0,0,[],1.412
power,c20_noise0,237,9030237,V6,1,1,1,0,"[[""a"", ""p""]]",0.815
power,c20_noise0,237,9030237,V5,1,1,1,0,"[[""a"", ""p""]]",1.446
power,c20_noise0,238,9030238,V6,0,0,0,0,[],0.782
power,c20_noise0,238,9030238,V5,0,0,0,0,[],1.449
power,c20_noise0,239,9030239,V6,1,1,1,0,"[[""a"", ""p""]]",0.791
power,c20_noise0,239,9030239,V5,1,1,1,0,"[[""a"", ""p""]]",1.419
power,c20_noise0,240,9030240,V6,1,1,1,0,"[[""a"", ""p""]]",0.76
power,c20_noise0,240,9030240,V5,1,1,1,0,"[[""a"", ""p""]]",1.426
power,c20_noise0,241,9030241,V6,0,0,0,0,[],0.776
power,c20_noise0,241,9030241,V5,1,1,1,0,"[[""a"", ""p""]]",1.38
power,c20_noise0,242,9030242,V6,1,1,1,0,"[[""a"", ""p""]]",0.769
power,c20_noise0,242,9030242,V5,0,0,0,0,[],1.366
power,c20_noise0,243,9030243,V6,0,0,0,0,[],0.755
power,c20_noise0,243,9030243,V5,0,0,0,0,[],1.383
power,c20_noise0,244,9030244,V6,0,0,0,0,[],0.732
power,c20_noise0,244,9030244,V5,0,0,0,0,[],1.343
power,c20_noise0,245,9030245,V6,0,0,0,0,[],0.714
power,c20_noise0,245,9030245,V5,0,0,0,0,[],1.354
power,c20_noise0,246,9030246,V6,0,0,0,0,[],0.728
power,c20_noise0,246,9030246,V5,0,0,0,0,[],1.303
power,c20_noise0,247,9030247,V6,1,1,1,0,"[[""a"", ""p""]]",0.701
power,c20_noise0,247,9030247,V5,1,1,1,0,"[[""a"", ""p""]]",1.311
power,c20_noise0,248,9030248,V6,1,1,1,0,"[[""a"", ""p""]]",0.722
power,c20_noise0,248,9030248,V5,1,1,1,0,"[[""a"", ""p""]]",1.391
power,c20_noise0,249,9030249,V6,0,0,0,0,[],0.704
power,c20_noise0,249,9030249,V5,0,0,0,0,[],1.317
power,c20_noise0,250,9030250,V6,0,0,0,0,[],0.725
power,c20_noise0,250,9030250,V5,0,0,0,0,[],1.469
power,c20_noise0,251,9030251,V6,1,2,1,1,"[[""x4""], [""a"", ""p""]]",0.735
power,c20_noise0,251,9030251,V5,1,2,1,1,"[[""x4""], [""a"", ""p""]]",1.47
power,c20_noise0,252,9030252,V6,0,0,0,0,[],0.722
power,c20_noise0,252,9030252,V5,0,0,0,0,[],1.518
power,c20_noise0,253,9030253,V6,1,1,1,0,"[[""a"", ""p""]]",0.701
power,c20_noise0,253,9030253,V5,0,0,0,0,[],1.504
power,c20_noise0,254,9030254,V6,0,0,0,0,[],0.775
power,c20_noise0,254,9030254,V5,0,0,0,0,[],1.474
power,c20_noise0,255,9030255,V6,1,1,1,0,"[[""a"", ""p""]]",0.828
power,c20_noise0,255,9030255,V5,1,1,1,0,"[[""a"", ""p""]]",1.429
power,c20_noise0,256,9030256,V6,1,1,1,0,"[[""a"", ""p""]]",0.819
power,c20_noise0,256,9030256,V5,1,1,1,0,"[[""a"", ""p""]]",1.408
power,c20_noise0,257,9030257,V6,0,0,0,0,[],0.839
power,c20_noise0,257,9030257,V5,0,0,0,0,[],1.429
power,c20_noise0,258,9030258,V6,1,1,1,0,"[[""a"", ""p""]]",0.903
power,c20_noise0,258,9030258,V5,1,1,1,0,"[[""a"", ""p""]]",1.358
power,c20_noise0,259,9030259,V6,1,1,1,0,"[[""a"", ""p""]]",0.851
power,c20_noise0,259,9030259,V5,1,1,1,0,"[[""a"", ""p""]]",1.479
power,c20_noise0,260,9030260,V6,0,0,0,0,[],0.764
power,c20_noise0,260,9030260,V5,0,0,0,0,[],1.455
power,c20_noise0,261,9030261,V6,0,0,0,0,[],0.731
power,c20_noise0,261,9030261,V5,0,0,0,0,[],1.45
power,c20_noise0,262,9030262,V6,0,0,0,0,[],0.738
power,c20_noise0,262,9030262,V5,0,0,0,0,[],1.43
power,c20_noise0,263,9030263,V6,0,0,0,0,[],0.807
power,c20_noise0,263,9030263,V5,0,0,0,0,[],1.374
power,c20_noise0,264,9030264,V6,1,2,1,1,"[[""z1""], [""a"", ""p""]]",0.823
power,c20_noise0,264,9030264,V5,1,2,1,1,"[[""z1""], [""a"", ""p""]]",1.318
power,c20_noise0,265,9030265,V6,1,1,1,0,"[[""a"", ""p""]]",0.808
power,c20_noise0,265,9030265,V5,1,1,1,0,"[[""a"", ""p""]]",1.335
power,c20_noise0,266,9030266,V6,0,0,0,0,[],0.784
power,c20_noise0,266,9030266,V5,0,0,0,0,[],1.35
power,c20_noise0,267,9030267,V6,1,1,1,0,"[[""a"", ""p""]]",0.779
power,c20_noise0,267,9030267,V5,1,1,1,0,"[[""a"", ""p""]]",1.333
power,c20_noise0,268,9030268,V6,1,1,1,0,"[[""a"", ""p""]]",0.808
power,c20_noise0,268,9030268,V5,1,1,1,0,"[[""a"", ""p""]]",1.348
power,c20_noise0,269,9030269,V6,0,0,0,0,[],0.723
power,c20_noise0,269,9030269,V5,0,0,0,0,[],1.37
power,c20_noise0,270,9030270,V6,1,1,1,0,"[[""a"", ""p""]]",0.735
power,c20_noise0,270,9030270,V5,1,1,1,0,"[[""a"", ""p""]]",1.485
power,c20_noise0,271,9030271,V6,0,0,0,0,[],0.693
power,c20_noise0,271,9030271,V5,0,0,0,0,[],1.538
power,c20_noise0,272,9030272,V6,1,1,1,0,"[[""a"", ""p""]]",0.726
power,c20_noise0,272,9030272,V5,1,1,1,0,"[[""a"", ""p""]]",1.636
power,c20_noise0,273,9030273,V6,0,0,0,0,[],0.794
power,c20_noise0,273,9030273,V5,0,0,0,0,[],1.533
power,c20_noise0,274,9030274,V6,0,0,0,0,[],0.818
power,c20_noise0,274,9030274,V5,1,1,1,0,"[[""a"", ""p""]]",1.583
power,c20_noise0,275,9030275,V6,0,0,0,0,[],0.805
power,c20_noise0,275,9030275,V5,0,0,0,0,[],1.524
power,c20_noise0,276,9030276,V6,0,0,0,0,[],0.794
power,c20_noise0,276,9030276,V5,0,0,0,0,[],1.575
power,c20_noise0,277,9030277,V6,0,0,0,0,[],0.844
power,c20_noise0,277,9030277,V5,0,0,0,0,[],1.548
power,c20_noise0,278,9030278,V6,1,1,1,0,"[[""a"", ""p""]]",0.859
power,c20_noise0,278,9030278,V5,1,1,1,0,"[[""a"", ""p""]]",1.518
power,c20_noise0,279,9030279,V6,0,0,0,0,[],0.901
power,c20_noise0,279,9030279,V5,0,0,0,0,[],1.41
power,c20_noise0,280,9030280,V6,1,2,1,1,"[[""a"", ""p""], [""z3""]]",0.853
power,c20_noise0,280,9030280,V5,1,1,1,0,"[[""a"", ""p""]]",1.482
power,c20_noise0,281,9030281,V6,0,0,0,0,[],0.842
power,c20_noise0,281,9030281,V5,0,0,0,0,[],1.447
power,c20_noise0,282,9030282,V6,1,1,1,0,"[[""a"", ""p""]]",0.734
power,c20_noise0,282,9030282,V5,1,1,1,0,"[[""a"", ""p""]]",1.482
power,c20_noise0,283,9030283,V6,0,0,0,0,[],0.745
power,c20_noise0,283,9030283,V5,0,0,0,0,[],1.457
power,c20_noise0,284,9030284,V6,0,0,0,0,[],0.707
power,c20_noise0,284,9030284,V5,1,1,1,0,"[[""a"", ""p""]]",1.467
power,c20_noise0,285,9030285,V6,1,1,1,0,"[[""a"", ""p""]]",0.74
power,c20_noise0,285,9030285,V5,1,1,1,0,"[[""a"", ""p""]]",1.491
power,c20_noise0,286,9030286,V6,0,0,0,0,[],0.747
power,c20_noise0,286,9030286,V5,0,0,0,0,[],1.451
power,c20_noise0,287,9030287,V6,0,0,0,0,[],0.7
power,c20_noise0,287,9030287,V5,0,0,0,0,[],1.43
power,c20_noise0,288,9030288,V6,1,1,1,0,"[[""a"", ""p""]]",0.832
power,c20_noise0,288,9030288,V5,1,1,1,0,"[[""a"", ""p""]]",1.386
power,c20_noise0,289,9030289,V6,1,1,1,0,"[[""a"", ""p""]]",0.814
power,c20_noise0,289,9030289,V5,1,1,1,0,"[[""a"", ""p""]]",1.45
power,c20_noise0,290,9030290,V6,1,1,1,0,"[[""a"", ""p""]]",0.723
power,c20_noise0,290,9030290,V5,1,1,1,0,"[[""a"", ""p""]]",1.457
power,c20_noise0,291,9030291,V6,0,0,0,0,[],0.7
power,c20_noise0,291,9030291,V5,1,1,1,0,"[[""a"", ""p""]]",1.423
power,c20_noise0,292,9030292,V6,0,0,0,0,[],0.751
power,c20_noise0,292,9030292,V5,0,0,0,0,[],1.4
power,c20_noise0,293,9030293,V6,1,1,1,0,"[[""a"", ""p""]]",0.778
power,c20_noise0,293,9030293,V5,1,1,1,0,"[[""a"", ""p""]]",1.332
power,c20_noise0,294,9030294,V6,1,1,1,0,"[[""a"", ""p""]]",0.771
power,c20_noise0,294,9030294,V5,1,1,1,0,"[[""a"", ""p""]]",1.403
power,c20_noise0,295,9030295,V6,0,0,0,0,[],0.756
power,c20_noise0,295,9030295,V5,0,0,0,0,[],1.368
power,c20_noise0,296,9030296,V6,0,0,0,0,[],0.764
power,c20_noise0,296,9030296,V5,0,0,0,0,[],1.359
power,c20_noise0,297,9030297,V6,1,1,1,0,"[[""a"", ""p""]]",0.722
power,c20_noise0,297,9030297,V5,1,1,1,0,"[[""a"", ""p""]]",1.386
power,c20_noise0,298,9030298,V6,0,0,0,0,[],0.731
power,c20_noise0,298,9030298,V5,0,0,0,0,[],1.391
power,c20_noise0,299,9030299,V6,0,0,0,0,[],0.706
power,c20_noise0,299,9030299,V5,0,0,0,0,[],1.369
power,c20_noise0,300,9030300,V6,1,1,1,0,"[[""a"", ""p""]]",0.721
power,c20_noise0,300,9030300,V5,1,1,1,0,"[[""a"", ""p""]]",1.368
power,c20_noise0,301,9030301,V6,0,0,0,0,[],0.722
power,c20_noise0,301,9030301,V5,0,0,0,0,[],1.377
power,c20_noise0,302,9030302,V6,1,1,1,0,"[[""a"", ""p""]]",0.733
power,c20_noise0,302,9030302,V5,1,1,1,0,"[[""a"", ""p""]]",1.356
power,c20_noise0,303,9030303,V6,0,0,0,0,[],0.777
power,c20_noise0,303,9030303,V5,0,0,0,0,[],1.449
power,c20_noise0,304,9030304,V6,0,0,0,0,[],0.714
power,c20_noise0,304,9030304,V5,0,0,0,0,[],1.475
power,c20_noise0,305,9030305,V6,1,1,1,0,"[[""a"", ""p""]]",0.708
power,c20_noise0,305,9030305,V5,1,1,1,0,"[[""a"", ""p""]]",1.442
power,c20_noise0,306,9030306,V6,0,0,0,0,[],0.719
power,c20_noise0,306,9030306,V5,0,0,0,0,[],1.428
power,c20_noise0,307,9030307,V6,0,0,0,0,[],0.705
power,c20_noise0,307,9030307,V5,0,0,0,0,[],1.452
power,c20_noise0,308,9030308,V6,0,0,0,0,[],0.728
power,c20_noise0,308,9030308,V5,0,0,0,0,[],1.452
power,c20_noise0,309,9030309,V6,1,1,1,0,"[[""a"", ""p""]]",0.71
power,c20_noise0,309,9030309,V5,1,1,1,0,"[[""a"", ""p""]]",1.464
power,c20_noise0,310,9030310,V6,0,0,0,0,[],0.841
power,c20_noise0,310,9030310,V5,1,1,1,0,"[[""a"", ""p""]]",1.358
power,c20_noise0,311,9030311,V6,0,0,0,0,[],0.821
power,c20_noise0,311,9030311,V5,0,0,0,0,[],1.374
power,c20_noise0,312,9030312,V6,0,0,0,0,[],0.806
power,c20_noise0,312,9030312,V5,0,0,0,0,[],1.459
power,c20_noise0,313,9030313,V6,0,0,0,0,[],0.7
power,c20_noise0,313,9030313,V5,0,0,0,0,[],1.467
power,c20_noise0,314,9030314,V6,0,0,0,0,[],0.715
power,c20_noise0,314,9030314,V5,0,0,0,0,[],1.523
power,c20_noise0,315,9030315,V6,1,1,1,0,"[[""a"", ""p""]]",0.723
power,c20_noise0,315,9030315,V5,1,1,1,0,"[[""a"", ""p""]]",1.488
power,c20_noise0,316,9030316,V6,1,1,1,0,"[[""a"", ""p""]]",0.706
power,c20_noise0,316,9030316,V5,1,1,1,0,"[[""a"", ""p""]]",1.469
power,c20_noise0,317,9030317,V6,1,1,1,0,"[[""a"", ""p""]]",0.742
power,c20_noise0,317,9030317,V5,1,1,1,0,"[[""a"", ""p""]]",1.457
power,c20_noise0,318,9030318,V6,0,0,0,0,[],0.737
power,c20_noise0,318,9030318,V5,0,0,0,0,[],1.512
power,c20_noise0,319,9030319,V6,1,1,1,0,"[[""a"", ""p""]]",0.735
power,c20_noise0,319,9030319,V5,1,1,1,0,"[[""a"", ""p""]]",1.54
power,c20_noise0,320,9030320,V6,0,0,0,0,[],0.81
power,c20_noise0,320,9030320,V5,0,0,0,0,[],1.456
power,c20_noise0,321,9030321,V6,0,0,0,0,[],0.813
power,c20_noise0,321,9030321,V5,0,0,0,0,[],1.455
power,c20_noise0,322,9030322,V6,1,1,1,0,"[[""a"", ""p""]]",0.808
power,c20_noise0,322,9030322,V5,1,1,1,0,"[[""a"", ""p""]]",1.448
power,c20_noise0,323,9030323,V6,1,1,1,0,"[[""a"", ""p""]]",0.804
power,c20_noise0,323,9030323,V5,1,1,1,0,"[[""a"", ""p""]]",1.44
power,c20_noise0,324,9030324,V6,0,0,0,0,[],0.815
power,c20_noise0,324,9030324,V5,0,0,0,0,[],1.449
power,c20_noise0,325,9030325,V6,1,1,1,0,"[[""a"", ""p""]]",0.791
power,c20_noise0,325,9030325,V5,1,1,1,0,"[[""a"", ""p""]]",1.4
power,c20_noise0,326,9030326,V6,1,1,1,0,"[[""a"", ""p""]]",0.795
power,c20_noise0,326,9030326,V5,1,1,1,0,"[[""a"", ""p""]]",1.408
power,c20_noise0,327,9030327,V6,1,1,1,0,"[[""a"", ""p""]]",0.799
power,c20_noise0,327,9030327,V5,1,1,1,0,"[[""a"", ""p""]]",1.454
power,c20_noise0,328,9030328,V6,0,0,0,0,[],0.778
power,c20_noise0,328,9030328,V5,0,0,0,0,[],1.488
power,c20_noise0,329,9030329,V6,1,1,1,0,"[[""a"", ""p""]]",0.741
power,c20_noise0,329,9030329,V5,1,1,1,0,"[[""a"", ""p""]]",1.553
power,c20_noise0,330,9030330,V6,0,0,0,0,[],0.737
power,c20_noise0,330,9030330,V5,1,1,1,0,"[[""a"", ""p""]]",1.493
power,c20_noise0,331,9030331,V6,1,1,1,0,"[[""a"", ""p""]]",0.724
power,c20_noise0,331,9030331,V5,1,1,1,0,"[[""a"", ""p""]]",1.464
power,c20_noise0,332,9030332,V6,0,0,0,0,[],0.822
power,c20_noise0,332,9030332,V5,0,0,0,0,[],1.437
power,c20_noise0,333,9030333,V6,0,0,0,0,[],0.834
power,c20_noise0,333,9030333,V5,0,0,0,0,[],1.344
power,c20_noise0,334,9030334,V6,1,1,1,0,"[[""a"", ""p""]]",0.769
power,c20_noise0,334,9030334,V5,1,1,1,0,"[[""a"", ""p""]]",1.34
power,c20_noise0,335,9030335,V6,1,1,1,0,"[[""a"", ""p""]]",0.71
power,c20_noise0,335,9030335,V5,1,1,1,0,"[[""a"", ""p""]]",1.341
power,c20_noise0,336,9030336,V6,1,1,1,0,"[[""a"", ""p""]]",0.706
power,c20_noise0,336,9030336,V5,1,1,1,0,"[[""a"", ""p""]]",1.344
power,c20_noise0,337,9030337,V6,1,1,1,0,"[[""a"", ""p""]]",0.742
power,c20_noise0,337,9030337,V5,1,1,1,0,"[[""a"", ""p""]]",1.355
power,c20_noise0,338,9030338,V6,1,1,1,0,"[[""a"", ""p""]]",0.739
power,c20_noise0,338,9030338,V5,1,1,1,0,"[[""a"", ""p""]]",1.405
power,c20_noise0,339,9030339,V6,0,0,0,0,[],0.71
power,c20_noise0,339,9030339,V5,0,0,0,0,[],1.476
power,c20_noise0,340,9030340,V6,0,0,0,0,[],0.751
power,c20_noise0,340,9030340,V5,0,0,0,0,[],1.426
power,c20_noise0,341,9030341,V6,0,0,0,0,[],0.721
power,c20_noise0,341,9030341,V5,0,0,0,0,[],1.424
power,c20_noise0,342,9030342,V6,1,1,1,0,"[[""a"", ""p""]]",0.732
power,c20_noise0,342,9030342,V5,1,1,1,0,"[[""a"", ""p""]]",1.453
power,c20_noise0,343,9030343,V6,1,1,1,0,"[[""a"", ""p""]]",0.778
power,c20_noise0,343,9030343,V5,1,1,1,0,"[[""a"", ""p""]]",1.409
power,c20_noise0,344,9030344,V6,1,1,1,0,"[[""a"", ""p""]]",0.767
power,c20_noise0,344,9030344,V5,1,1,1,0,"[[""a"", ""p""]]",1.373
power,c20_noise0,345,9030345,V6,0,0,0,0,[],0.78
power,c20_noise0,345,9030345,V5,1,1,1,0,"[[""a"", ""p""]]",1.402
power,c20_noise0,346,9030346,V6,1,1,1,0,"[[""a"", ""p""]]",0.768
power,c20_noise0,346,9030346,V5,1,1,1,0,"[[""a"", ""p""]]",1.396
power,c20_noise0,347,9030347,V6,1,2,1,1,"[[""a"", ""p""], [""x1""]]",0.784
power,c20_noise0,347,9030347,V5,0,0,0,0,[],1.388
power,c20_noise0,348,9030348,V6,1,1,1,0,"[[""a"", ""p""]]",0.738
power,c20_noise0,348,9030348,V5,0,0,0,0,[],1.464
power,c20_noise0,349,9030349,V6,0,0,0,0,[],0.722
power,c20_noise0,349,9030349,V5,0,0,0,0,[],1.72
power,c20_noise0,350,9030350,V6,0,0,0,0,[],0.737
power,c20_noise0,350,9030350,V5,1,1,1,0,"[[""a"", ""p""]]",1.923
power,c20_noise0,351,9030351,V6,0,0,0,0,[],0.729
power,c20_noise0,351,9030351,V5,0,0,0,0,[],1.883
power,c20_noise0,352,9030352,V6,1,1,1,0,"[[""a"", ""p""]]",0.855
power,c20_noise0,352,9030352,V5,1,1,1,0,"[[""a"", ""p""]]",1.965
power,c20_noise0,353,9030353,V6,0,0,0,0,[],1.059
power,c20_noise0,353,9030353,V5,0,0,0,0,[],1.772
power,c20_noise0,354,9030354,V6,1,1,1,0,"[[""a"", ""p""]]",1.084
power,c20_noise0,354,9030354,V5,1,1,1,0,"[[""a"", ""p""]]",1.757
power,c20_noise0,355,9030355,V6,0,0,0,0,[],1.09
power,c20_noise0,355,9030355,V5,0,0,0,0,[],1.752
power,c20_noise0,356,9030356,V6,0,0,0,0,[],1.057
power,c20_noise0,356,9030356,V5,0,0,0,0,[],1.726
power,c20_noise0,357,9030357,V6,1,1,1,0,"[[""a"", ""p""]]",1.092
power,c20_noise0,357,9030357,V5,0,0,0,0,[],1.712
power,c20_noise0,358,9030358,V6,1,1,1,0,"[[""a"", ""p""]]",1.251
power,c20_noise0,358,9030358,V5,1,1,1,0,"[[""a"", ""p""]]",1.498
power,c20_noise0,359,9030359,V6,0,0,0,0,[],1.03
power,c20_noise0,359,9030359,V5,0,0,0,0,[],1.413
power,c20_noise0,360,9030360,V6,1,1,1,0,"[[""a"", ""p""]]",0.896
power,c20_noise0,360,9030360,V5,1,1,1,0,"[[""a"", ""p""]]",1.306
power,c20_noise0,361,9030361,V6,0,0,0,0,[],0.859
power,c20_noise0,361,9030361,V5,1,1,1,0,"[[""a"", ""p""]]",1.384
power,c20_noise0,362,9030362,V6,1,1,1,0,"[[""a"", ""p""]]",0.701
power,c20_noise0,362,9030362,V5,1,1,1,0,"[[""a"", ""p""]]",1.435
power,c20_noise0,363,9030363,V6,0,0,0,0,[],0.723
power,c20_noise0,363,9030363,V5,0,0,0,0,[],1.422
power,c20_noise0,364,9030364,V6,1,1,1,0,"[[""a"", ""p""]]",0.722
power,c20_noise0,364,9030364,V5,1,1,1,0,"[[""a"", ""p""]]",1.399
power,c20_noise0,365,9030365,V6,0,0,0,0,[],0.71
power,c20_noise0,365,9030365,V5,0,0,0,0,[],1.362
power,c20_noise0,366,9030366,V6,0,0,0,0,[],0.717
power,c20_noise0,366,9030366,V5,0,0,0,0,[],1.428
power,c20_noise0,367,9030367,V6,1,1,1,0,"[[""a"", ""p""]]",0.738
power,c20_noise0,367,9030367,V5,1,1,1,0,"[[""a"", ""p""]]",1.457
power,c20_noise0,368,9030368,V6,1,2,1,1,"[[""a"", ""p""], [""z3""]]",0.688
power,c20_noise0,368,9030368,V5,1,2,1,1,"[[""z3""], [""a"", ""p""]]",1.451
power,c20_noise0,369,9030369,V6,1,1,1,0,"[[""a"", ""p""]]",0.731
power,c20_noise0,369,9030369,V5,1,1,1,0,"[[""a"", ""p""]]",1.477
power,c20_noise0,370,9030370,V6,1,1,1,0,"[[""a"", ""p""]]",0.788
power,c20_noise0,370,9030370,V5,1,1,1,0,"[[""a"", ""p""]]",1.428
power,c20_noise0,371,9030371,V6,1,1,1,0,"[[""a"", ""p""]]",0.783
power,c20_noise0,371,9030371,V5,1,1,1,0,"[[""a"", ""p""]]",1.427
power,c20_noise0,372,9030372,V6,0,0,0,0,[],0.775
power,c20_noise0,372,9030372,V5,0,0,0,0,[],1.466
power,c20_noise0,373,9030373,V6,1,1,1,0,"[[""a"", ""p""]]",0.801
power,c20_noise0,373,9030373,V5,1,1,1,0,"[[""a"", ""p""]]",1.378
power,c20_noise0,374,9030374,V6,0,0,0,0,[],0.771
power,c20_noise0,374,9030374,V5,0,0,0,0,[],1.443
power,c20_noise0,375,9030375,V6,0,0,0,0,[],0.787
power,c20_noise0,375,9030375,V5,0,0,0,0,[],1.389
power,c20_noise0,376,9030376,V6,0,0,0,0,[],0.763
power,c20_noise0,376,9030376,V5,1,1,1,0,"[[""a"", ""p""]]",1.395
power,c20_noise0,377,9030377,V6,0,0,0,0,[],0.796
power,c20_noise0,377,9030377,V5,0,0,0,0,[],1.441
power,c20_noise0,378,9030378,V6,0,0,0,0,[],0.749
power,c20_noise0,378,9030378,V5,0,0,0,0,[],1.461
power,c20_noise0,379,9030379,V6,0,0,0,0,[],0.76
power,c20_noise0,379,9030379,V5,0,0,0,0,[],1.415
power,c20_noise0,380,9030380,V6,0,0,0,0,[],0.777
power,c20_noise0,380,9030380,V5,0,0,0,0,[],1.396
power,c20_noise0,381,9030381,V6,0,0,0,0,[],0.768
power,c20_noise0,381,9030381,V5,0,0,0,0,[],1.377
power,c20_noise0,382,9030382,V6,0,0,0,0,[],0.738
power,c20_noise0,382,9030382,V5,0,0,0,0,[],1.402
power,c20_noise0,383,9030383,V6,0,0,0,0,[],0.743
power,c20_noise0,383,9030383,V5,0,0,0,0,[],1.396
power,c20_noise0,384,9030384,V6,1,1,1,0,"[[""a"", ""p""]]",0.748
power,c20_noise0,384,9030384,V5,0,0,0,0,[],1.341
power,c20_noise0,385,9030385,V6,1,1,1,0,"[[""a"", ""p""]]",0.739
power,c20_noise0,385,9030385,V5,1,1,1,0,"[[""a"", ""p""]]",1.401
power,c20_noise0,386,9030386,V6,1,1,1,0,"[[""a"", ""p""]]",0.735
power,c20_noise0,386,9030386,V5,1,1,1,0,"[[""a"", ""p""]]",1.419
power,c20_noise0,387,9030387,V6,0,0,0,0,[],0.725
power,c20_noise0,387,9030387,V5,0,0,0,0,[],1.408
power,c20_noise0,388,9030388,V6,0,0,0,0,[],0.743
power,c20_noise0,388,9030388,V5,0,0,0,0,[],1.47
power,c20_noise0,389,9030389,V6,0,0,0,0,[],0.75
power,c20_noise0,389,9030389,V5,0,0,0,0,[],1.463
power,c20_noise0,390,9030390,V6,0,0,0,0,[],0.753
power,c20_noise0,390,9030390,V5,0,0,0,0,[],1.472
power,c20_noise0,391,9030391,V6,0,0,0,0,[],0.749
power,c20_noise0,391,9030391,V5,1,1,1,0,"[[""a"", ""p""]]",1.523
power,c20_noise0,392,9030392,V6,1,1,1,0,"[[""a"", ""p""]]",0.769
power,c20_noise0,392,9030392,V5,1,1,1,0,"[[""a"", ""p""]]",1.451
power,c20_noise0,393,9030393,V6,1,1,1,0,"[[""a"", ""p""]]",0.774
power,c20_noise0,393,9030393,V5,1,1,1,0,"[[""a"", ""p""]]",1.435
power,c20_noise0,394,9030394,V6,1,1,1,0,"[[""a"", ""p""]]",0.772
power,c20_noise0,394,9030394,V5,1,1,1,0,"[[""a"", ""p""]]",1.508
power,c20_noise0,395,9030395,V6,1,1,1,0,"[[""a"", ""p""]]",0.818
power,c20_noise0,395,9030395,V5,1,1,1,0,"[[""a"", ""p""]]",1.455
power,c20_noise0,396,9030396,V6,1,1,1,0,"[[""a"", ""p""]]",0.774
power,c20_noise0,396,9030396,V5,1,1,1,0,"[[""a"", ""p""]]",1.497
power,c20_noise0,397,9030397,V6,0,0,0,0,[],0.817
power,c20_noise0,397,9030397,V5,0,0,0,0,[],1.5
power,c20_noise0,398,9030398,V6,0,0,0,0,[],0.792
power,c20_noise0,398,9030398,V5,0,0,0,0,[],1.418
power,c20_noise0,399,9030399,V6,0,0,0,0,[],0.765
power,c20_noise0,399,9030399,V5,0,0,0,0,[],1.433
power,c20_noise0,400,9030400,V6,1,1,1,0,"[[""a"", ""p""]]",0.748
power,c20_noise0,400,9030400,V5,1,1,1,0,"[[""a"", ""p""]]",1.423
power,c20_noise0,401,9030401,V6,0,0,0,0,[],0.752
power,c20_noise0,401,9030401,V5,0,0,0,0,[],1.458
power,c20_noise0,402,9030402,V6,1,1,1,0,"[[""a"", ""p""]]",0.798
power,c20_noise0,402,9030402,V5,1,1,1,0,"[[""a"", ""p""]]",1.55
power,c20_noise0,403,9030403,V6,1,1,1,0,"[[""a"", ""p""]]",0.724
power,c20_noise0,403,9030403,V5,1,1,1,0,"[[""a"", ""p""]]",1.568
power,c20_noise0,404,9030404,V6,0,0,0,0,[],0.687
power,c20_noise0,404,9030404,V5,0,0,0,0,[],1.61
power,c20_noise0,405,9030405,V6,1,1,1,0,"[[""a"", ""p""]]",0.7
power,c20_noise0,405,9030405,V5,1,1,1,0,"[[""a"", ""p""]]",1.676
power,c20_noise0,406,9030406,V6,1,1,1,0,"[[""a"", ""p""]]",0.71
power,c20_noise0,406,9030406,V5,1,1,1,0,"[[""a"", ""p""]]",1.706
power,c20_noise0,407,9030407,V6,1,1,1,0,"[[""a"", ""p""]]",0.785
power,c20_noise0,407,9030407,V5,1,1,1,0,"[[""a"", ""p""]]",1.808
power,c20_noise0,408,9030408,V6,0,0,0,0,[],0.764
power,c20_noise0,408,9030408,V5,0,0,0,0,[],1.942
power,c20_noise0,409,9030409,V6,0,0,0,0,[],0.801
power,c20_noise0,409,9030409,V5,1,1,1,0,"[[""a"", ""p""]]",1.928
power,c20_noise0,410,9030410,V6,1,1,1,0,"[[""a"", ""p""]]",0.867
power,c20_noise0,410,9030410,V5,1,1,1,0,"[[""a"", ""p""]]",1.961
power,c20_noise0,411,9030411,V6,0,0,0,0,[],0.956
power,c20_noise0,411,9030411,V5,0,0,0,0,[],1.902
power,c20_noise0,412,9030412,V6,1,1,1,0,"[[""a"", ""p""]]",1.114
power,c20_noise0,412,9030412,V5,1,1,1,0,"[[""a"", ""p""]]",1.613
power,c20_noise0,413,9030413,V6,0,0,0,0,[],1.049
power,c20_noise0,413,9030413,V5,0,0,0,0,[],1.549
power,c20_noise0,414,9030414,V6,0,0,0,0,[],1.083
power,c20_noise0,414,9030414,V5,0,0,0,0,[],1.601
power,c20_noise0,415,9030415,V6,0,0,0,0,[],1.011
power,c20_noise0,415,9030415,V5,0,0,0,0,[],1.527
power,c20_noise0,416,9030416,V6,0,0,0,0,[],1.053
power,c20_noise0,416,9030416,V5,1,1,1,0,"[[""a"", ""p""]]",1.576
power,c20_noise0,417,9030417,V6,0,0,0,0,[],0.999
power,c20_noise0,417,9030417,V5,0,0,0,0,[],1.478
power,c20_noise0,418,9030418,V6,0,0,0,0,[],0.962
power,c20_noise0,418,9030418,V5,0,0,0,0,[],1.48
power,c20_noise0,419,9030419,V6,0,0,0,0,[],0.831
power,c20_noise0,419,9030419,V5,0,0,0,0,[],1.543
power,c20_noise0,420,9030420,V6,0,0,0,0,[],0.75
power,c20_noise0,420,9030420,V5,0,0,0,0,[],1.546
power,c20_noise0,421,9030421,V6,1,1,1,0,"[[""a"", ""p""]]",0.754
power,c20_noise0,421,9030421,V5,1,1,1,0,"[[""a"", ""p""]]",1.506
power,c20_noise0,422,9030422,V6,0,0,0,0,[],0.788
power,c20_noise0,422,9030422,V5,0,0,0,0,[],1.427
power,c20_noise0,423,9030423,V6,1,1,1,0,"[[""a"", ""p""]]",0.761
power,c20_noise0,423,9030423,V5,1,1,1,0,"[[""a"", ""p""]]",1.375
power,c20_noise0,424,9030424,V6,0,0,0,0,[],0.79
power,c20_noise0,424,9030424,V5,0,0,0,0,[],1.427
power,c20_noise0,425,9030425,V6,1,1,1,0,"[[""a"", ""p""]]",0.783
power,c20_noise0,425,9030425,V5,1,1,1,0,"[[""a"", ""p""]]",1.386
power,c20_noise0,426,9030426,V6,0,0,0,0,[],0.837
power,c20_noise0,426,9030426,V5,0,0,0,0,[],1.36
power,c20_noise0,427,9030427,V6,0,0,0,0,[],0.841
power,c20_noise0,427,9030427,V5,0,0,0,0,[],1.332
power,c20_noise0,428,9030428,V6,0,0,0,0,[],0.778
power,c20_noise0,428,9030428,V5,1,2,1,1,"[[""x5""], [""a"", ""p""]]",1.386
power,c20_noise0,429,9030429,V6,0,0,0,0,[],0.703
power,c20_noise0,429,9030429,V5,1,1,1,0,"[[""a"", ""p""]]",1.352
power,c20_noise0,430,9030430,V6,1,1,1,0,"[[""a"", ""p""]]",0.68
power,c20_noise0,430,9030430,V5,1,1,1,0,"[[""a"", ""p""]]",1.36
power,c20_noise0,431,9030431,V6,0,0,0,0,[],0.693
power,c20_noise0,431,9030431,V5,0,0,0,0,[],1.366
power,c20_noise0,432,9030432,V6,0,0,0,0,[],0.71
power,c20_noise0,432,9030432,V5,0,0,0,0,[],1.41
power,c20_noise0,433,9030433,V6,1,1,1,0,"[[""a"", ""p""]]",0.738
power,c20_noise0,433,9030433,V5,1,1,1,0,"[[""a"", ""p""]]",1.421
power,c20_noise0,434,9030434,V6,1,1,1,0,"[[""a"", ""p""]]",0.699
power,c20_noise0,434,9030434,V5,0,0,0,0,[],1.399
power,c20_noise0,435,9030435,V6,0,0,0,0,[],0.73
power,c20_noise0,435,9030435,V5,0,0,0,0,[],1.358
power,c20_noise0,436,9030436,V6,0,0,0,0,[],0.723
power,c20_noise0,436,9030436,V5,0,0,0,0,[],1.394
power,c20_noise0,437,9030437,V6,0,0,0,0,[],0.778
power,c20_noise0,437,9030437,V5,0,0,0,0,[],1.416
power,c20_noise0,438,9030438,V6,1,1,1,0,"[[""a"", ""p""]]",0.77
power,c20_noise0,438,9030438,V5,1,1,1,0,"[[""a"", ""p""]]",1.443
power,c20_noise0,439,9030439,V6,0,0,0,0,[],0.775
power,c20_noise0,439,9030439,V5,0,0,0,0,[],1.495
power,c20_noise0,440,9030440,V6,0,0,0,0,[],0.716
power,c20_noise0,440,9030440,V5,0,0,0,0,[],1.478
power,c20_noise0,441,9030441,V6,1,1,1,0,"[[""a"", ""p""]]",0.744
power,c20_noise0,441,9030441,V5,1,1,1,0,"[[""a"", ""p""]]",1.437
power,c20_noise0,442,9030442,V6,0,0,0,0,[],0.761
power,c20_noise0,442,9030442,V5,0,0,0,0,[],1.383
power,c20_noise0,443,9030443,V6,1,1,1,0,"[[""a"", ""p""]]",0.834
power,c20_noise0,443,9030443,V5,1,1,1,0,"[[""a"", ""p""]]",1.456
power,c20_noise0,444,9030444,V6,0,0,0,0,[],0.815
power,c20_noise0,444,9030444,V5,0,0,0,0,[],1.409
power,c20_noise0,445,9030445,V6,0,0,0,0,[],0.796
power,c20_noise0,445,9030445,V5,1,1,1,0,"[[""a"", ""p""]]",1.44
power,c20_noise0,446,9030446,V6,1,1,1,0,"[[""a"", ""p""]]",0.829
power,c20_noise0,446,9030446,V5,1,1,1,0,"[[""a"", ""p""]]",1.448
power,c20_noise0,447,9030447,V6,0,0,0,0,[],0.825
power,c20_noise0,447,9030447,V5,0,0,0,0,[],1.443
power,c20_noise0,448,9030448,V6,1,1,1,0,"[[""a"", ""p""]]",0.706
power,c20_noise0,448,9030448,V5,1,1,1,0,"[[""a"", ""p""]]",1.609
power,c20_noise0,449,9030449,V6,0,0,0,0,[],0.745
power,c20_noise0,449,9030449,V5,0,0,0,0,[],1.564
power,c20_noise0,450,9030450,V6,1,1,1,0,"[[""a"", ""p""]]",0.773
power,c20_noise0,450,9030450,V5,1,1,1,0,"[[""a"", ""p""]]",1.494
power,c20_noise0,451,9030451,V6,1,1,1,0,"[[""a"", ""p""]]",0.824
power,c20_noise0,451,9030451,V5,1,1,1,0,"[[""a"", ""p""]]",1.46
power,c20_noise0,452,9030452,V6,0,0,0,0,[],0.829
power,c20_noise0,452,9030452,V5,1,2,1,1,"[[""z2""], [""a"", ""p""]]",1.499
power,c20_noise0,453,9030453,V6,1,1,1,0,"[[""a"", ""p""]]",0.796
power,c20_noise0,453,9030453,V5,1,1,1,0,"[[""a"", ""p""]]",1.525
power,c20_noise0,454,9030454,V6,0,0,0,0,[],0.8
power,c20_noise0,454,9030454,V5,0,0,0,0,[],1.499
power,c20_noise0,455,9030455,V6,1,1,1,0,"[[""a"", ""p""]]",0.775
power,c20_noise0,455,9030455,V5,1,1,1,0,"[[""a"", ""p""]]",1.499
power,c20_noise0,456,9030456,V6,0,0,0,0,[],0.834
power,c20_noise0,456,9030456,V5,0,0,0,0,[],1.468
power,c20_noise0,457,9030457,V6,1,1,1,0,"[[""a"", ""p""]]",0.773
power,c20_noise0,457,9030457,V5,1,1,1,0,"[[""a"", ""p""]]",1.495
power,c20_noise0,458,9030458,V6,0,0,0,0,[],0.783
power,c20_noise0,458,9030458,V5,1,1,1,0,"[[""a"", ""p""]]",1.583
power,c20_noise0,459,9030459,V6,0,0,0,0,[],0.765
power,c20_noise0,459,9030459,V5,0,0,0,0,[],1.645
power,c20_noise0,460,9030460,V6,1,2,1,1,"[[""a"", ""p""], [""z2""]]",0.809
power,c20_noise0,460,9030460,V5,1,1,1,0,"[[""a"", ""p""]]",1.625
power,c20_noise0,461,9030461,V6,1,1,1,0,"[[""a"", ""p""]]",0.868
power,c20_noise0,461,9030461,V5,1,1,1,0,"[[""a"", ""p""]]",1.642
power,c20_noise0,462,9030462,V6,0,0,0,0,[],0.788
power,c20_noise0,462,9030462,V5,0,0,0,0,[],1.678
power,c20_noise0,463,9030463,V6,0,0,0,0,[],0.738
power,c20_noise0,463,9030463,V5,0,0,0,0,[],1.641
power,c20_noise0,464,9030464,V6,0,0,0,0,[],0.776
power,c20_noise0,464,9030464,V5,1,1,1,0,"[[""a"", ""p""]]",1.63
power,c20_noise0,465,9030465,V6,1,1,1,0,"[[""a"", ""p""]]",0.819
power,c20_noise0,465,9030465,V5,1,1,1,0,"[[""a"", ""p""]]",1.612
power,c20_noise0,466,9030466,V6,1,1,1,0,"[[""a"", ""p""]]",0.898
power,c20_noise0,466,9030466,V5,1,1,1,0,"[[""a"", ""p""]]",1.505
power,c20_noise0,467,9030467,V6,1,1,1,0,"[[""a"", ""p""]]",0.946
power,c20_noise0,467,9030467,V5,0,0,0,0,[],1.474
power,c20_noise0,468,9030468,V6,1,1,1,0,"[[""a"", ""p""]]",0.898
power,c20_noise0,468,9030468,V5,0,0,0,0,[],1.375
power,c20_noise0,469,9030469,V6,0,0,0,0,[],0.878
power,c20_noise0,469,9030469,V5,0,0,0,0,[],1.291
power,c20_noise0,470,9030470,V6,0,0,0,0,[],0.871
power,c20_noise0,470,9030470,V5,0,0,0,0,[],1.293
power,c20_noise0,471,9030471,V6,0,0,0,0,[],0.811
power,c20_noise0,471,9030471,V5,0,0,0,0,[],1.293
power,c20_noise0,472,9030472,V6,1,1,1,0,"[[""a"", ""p""]]",0.683
power,c20_noise0,472,9030472,V5,1,1,1,0,"[[""a"", ""p""]]",1.394
power,c20_noise0,473,9030473,V6,0,0,0,0,[],0.68
power,c20_noise0,473,9030473,V5,0,0,0,0,[],1.311
power,c20_noise0,474,9030474,V6,0,0,0,0,[],0.695
power,c20_noise0,474,9030474,V5,0,0,0,0,[],1.325
power,c20_noise0,475,9030475,V6,0,0,0,0,[],0.682
power,c20_noise0,475,9030475,V5,0,0,0,0,[],1.345
power,c20_noise0,476,9030476,V6,1,1,1,0,"[[""a"", ""p""]]",0.71
power,c20_noise0,476,9030476,V5,1,1,1,0,"[[""a"", ""p""]]",1.379
power,c20_noise0,477,9030477,V6,0,0,0,0,[],0.666
power,c20_noise0,477,9030477,V5,0,0,0,0,[],1.429
power,c20_noise0,478,9030478,V6,0,0,0,0,[],0.682
power,c20_noise0,478,9030478,V5,0,0,0,0,[],1.436
power,c20_noise0,479,9030479,V6,1,1,1,0,"[[""a"", ""p""]]",0.716
power,c20_noise0,479,9030479,V5,1,1,1,0,"[[""a"", ""p""]]",1.433
power,c20_noise0,480,9030480,V6,1,1,1,0,"[[""a"", ""p""]]",0.713
power,c20_noise0,480,9030480,V5,1,1,1,0,"[[""a"", ""p""]]",1.44
power,c20_noise0,481,9030481,V6,1,1,1,0,"[[""a"", ""p""]]",0.737
power,c20_noise0,481,9030481,V5,1,1,1,0,"[[""a"", ""p""]]",1.469
power,c20_noise0,482,9030482,V6,1,1,1,0,"[[""a"", ""p""]]",0.792
power,c20_noise0,482,9030482,V5,1,1,1,0,"[[""a"", ""p""]]",1.59
power,c20_noise0,483,9030483,V6,0,0,0,0,[],0.761
power,c20_noise0,483,9030483,V5,0,0,0,0,[],1.61
power,c20_noise0,484,9030484,V6,0,0,0,0,[],0.759
power,c20_noise0,484,9030484,V5,0,0,0,0,[],1.581
power,c20_noise0,485,9030485,V6,1,1,1,0,"[[""a"", ""p""]]",0.756
power,c20_noise0,485,9030485,V5,1,1,1,0,"[[""a"", ""p""]]",1.612
power,c20_noise0,486,9030486,V6,1,1,1,0,"[[""a"", ""p""]]",0.801
power,c20_noise0,486,9030486,V5,1,1,1,0,"[[""a"", ""p""]]",1.671
power,c20_noise0,487,9030487,V6,0,0,0,0,[],0.706
power,c20_noise0,487,9030487,V5,0,0,0,0,[],1.804
power,c20_noise0,488,9030488,V6,0,0,0,0,[],0.871
power,c20_noise0,488,9030488,V5,1,1,1,0,"[[""a"", ""p""]]",1.813
power,c20_noise0,489,9030489,V6,1,2,1,1,"[[""a"", ""p""], [""x1""]]",0.911
power,c20_noise0,489,9030489,V5,1,1,1,0,"[[""a"", ""p""]]",1.647
power,c20_noise0,490,9030490,V6,0,0,0,0,[],0.938
power,c20_noise0,490,9030490,V5,0,0,0,0,[],1.592
power,c20_noise0,491,9030491,V6,1,1,1,0,"[[""a"", ""p""]]",0.937
power,c20_noise0,491,9030491,V5,1,1,1,0,"[[""a"", ""p""]]",1.574
power,c20_noise0,492,9030492,V6,0,0,0,0,[],0.934
power,c20_noise0,492,9030492,V5,0,0,0,0,[],1.415
power,c20_noise0,493,9030493,V6,1,1,1,0,"[[""a"", ""p""]]",0.966
power,c20_noise0,493,9030493,V5,0,0,0,0,[],1.387
power,c20_noise0,494,9030494,V6,1,1,1,0,"[[""a"", ""p""]]",0.993
power,c20_noise0,494,9030494,V5,1,1,1,0,"[[""a"", ""p""]]",1.409
power,c20_noise0,495,9030495,V6,1,1,1,0,"[[""a"", ""p""]]",0.955
power,c20_noise0,495,9030495,V5,1,1,1,0,"[[""a"", ""p""]]",1.436
power,c20_noise0,496,9030496,V6,0,0,0,0,[],0.889
power,c20_noise0,496,9030496,V5,0,0,0,0,[],1.39
power,c20_noise0,497,9030497,V6,0,0,0,0,[],0.778
power,c20_noise0,497,9030497,V5,0,0,0,0,[],1.42
power,c20_noise0,498,9030498,V6,0,0,0,0,[],0.743
power,c20_noise0,498,9030498,V5,0,0,0,0,[],1.481
power,c20_noise0,499,9030499,V6,1,1,1,0,"[[""a"", ""p""]]",0.762
power,c20_noise0,499,9030499,V5,1,1,1,0,"[[""a"", ""p""]]",1.46
power,c20_noise10,0,9040000,V6,0,0,0,0,[],0.76
power,c20_noise10,0,9040000,V5,1,1,1,0,"[[""a"", ""p""]]",1.547
power,c20_noise10,1,9040001,V6,1,1,1,0,"[[""a"", ""p""]]",0.778
power,c20_noise10,1,9040001,V5,0,0,0,0,[],1.528
power,c20_noise10,2,9040002,V6,0,0,0,0,[],0.709
power,c20_noise10,2,9040002,V5,0,0,0,0,[],1.624
power,c20_noise10,3,9040003,V6,1,1,1,0,"[[""a"", ""p""]]",0.69
power,c20_noise10,3,9040003,V5,1,1,1,0,"[[""a"", ""p""]]",1.614
power,c20_noise10,4,9040004,V6,0,0,0,0,[],0.741
power,c20_noise10,4,9040004,V5,1,1,1,0,"[[""a"", ""p""]]",1.612
power,c20_noise10,5,9040005,V6,0,0,0,0,[],0.755
power,c20_noise10,5,9040005,V5,0,0,0,0,[],1.556
power,c20_noise10,6,9040006,V6,1,1,1,0,"[[""a"", ""p""]]",0.852
power,c20_noise10,6,9040006,V5,0,0,0,0,[],1.559
power,c20_noise10,7,9040007,V6,1,1,1,0,"[[""a"", ""p""]]",0.892
power,c20_noise10,7,9040007,V5,1,1,1,0,"[[""a"", ""p""]]",1.555
power,c20_noise10,8,9040008,V6,0,0,0,0,[],0.891
power,c20_noise10,8,9040008,V5,0,0,0,0,[],1.644
power,c20_noise10,9,9040009,V6,0,0,0,0,[],0.843
power,c20_noise10,9,9040009,V5,0,0,0,0,[],1.583
power,c20_noise10,10,9040010,V6,0,0,0,0,[],0.813
power,c20_noise10,10,9040010,V5,0,0,0,0,[],1.672
power,c20_noise10,11,9040011,V6,1,1,1,0,"[[""a"", ""p""]]",0.789
power,c20_noise10,11,9040011,V5,0,0,0,0,[],1.618
power,c20_noise10,12,9040012,V6,1,1,1,0,"[[""a"", ""p""]]",0.838
power,c20_noise10,12,9040012,V5,1,1,1,0,"[[""a"", ""p""]]",1.558
power,c20_noise10,13,9040013,V6,1,1,0,1,"[[""z3""]]",0.786
power,c20_noise10,13,9040013,V5,0,0,0,0,[],1.582
power,c20_noise10,14,9040014,V6,0,0,0,0,[],0.893
power,c20_noise10,14,9040014,V5,1,1,1,0,"[[""a"", ""p""]]",1.614
power,c20_noise10,15,9040015,V6,1,1,1,0,"[[""a"", ""p""]]",0.881
power,c20_noise10,15,9040015,V5,1,1,1,0,"[[""a"", ""p""]]",1.582
power,c20_noise10,16,9040016,V6,0,0,0,0,[],0.87
power,c20_noise10,16,9040016,V5,0,0,0,0,[],1.586
power,c20_noise10,17,9040017,V6,1,1,1,0,"[[""a"", ""p""]]",0.865
power,c20_noise10,17,9040017,V5,1,1,1,0,"[[""a"", ""p""]]",1.534
power,c20_noise10,18,9040018,V6,1,1,1,0,"[[""a"", ""p""]]",0.821
power,c20_noise10,18,9040018,V5,0,0,0,0,[],1.464
power,c20_noise10,19,9040019,V6,1,1,1,0,"[[""a"", ""p""]]",0.836
power,c20_noise10,19,9040019,V5,0,0,0,0,[],1.551
power,c20_noise10,20,9040020,V6,0,0,0,0,[],0.777
power,c20_noise10,20,9040020,V5,0,0,0,0,[],1.508
power,c20_noise10,21,9040021,V6,1,1,1,0,"[[""a"", ""p""]]",0.759
power,c20_noise10,21,9040021,V5,1,1,1,0,"[[""a"", ""p""]]",1.511
power,c20_noise10,22,9040022,V6,0,0,0,0,[],0.788
power,c20_noise10,22,9040022,V5,0,0,0,0,[],1.501
power,c20_noise10,23,9040023,V6,1,1,1,0,"[[""a"", ""p""]]",0.762
power,c20_noise10,23,9040023,V5,1,1,1,0,"[[""a"", ""p""]]",1.506
power,c20_noise10,24,9040024,V6,0,0,0,0,[],0.789
power,c20_noise10,24,9040024,V5,0,0,0,0,[],1.503
power,c20_noise10,25,9040025,V6,0,0,0,0,[],0.798
power,c20_noise10,25,9040025,V5,0,0,0,0,[],1.488
power,c20_noise10,26,9040026,V6,0,0,0,0,[],0.811
power,c20_noise10,26,9040026,V5,1,1,1,0,"[[""a"", ""p""]]",1.422
power,c20_noise10,27,9040027,V6,0,0,0,0,[],0.783
power,c20_noise10,27,9040027,V5,0,0,0,0,[],1.492
power,c20_noise10,28,9040028,V6,0,0,0,0,[],0.771
power,c20_noise10,28,9040028,V5,0,0,0,0,[],1.47
power,c20_noise10,29,9040029,V6,1,1,1,0,"[[""a"", ""p""]]",0.758
power,c20_noise10,29,9040029,V5,0,0,0,0,[],1.406
power,c20_noise10,30,9040030,V6,0,0,0,0,[],0.769
power,c20_noise10,30,9040030,V5,0,0,0,0,[],1.457
power,c20_noise10,31,9040031,V6,0,0,0,0,[],0.754
power,c20_noise10,31,9040031,V5,0,0,0,0,[],1.428
power,c20_noise10,32,9040032,V6,1,1,1,0,"[[""a"", ""p""]]",0.768
power,c20_noise10,32,9040032,V5,1,1,1,0,"[[""a"", ""p""]]",1.515
power,c20_noise10,33,9040033,V6,0,0,0,0,[],0.794
power,c20_noise10,33,9040033,V5,0,0,0,0,[],1.455
power,c20_noise10,34,9040034,V6,0,0,0,0,[],0.777
power,c20_noise10,34,9040034,V5,0,0,0,0,[],1.457
power,c20_noise10,35,9040035,V6,1,1,1,0,"[[""a"", ""p""]]",0.815
power,c20_noise10,35,9040035,V5,1,1,1,0,"[[""a"", ""p""]]",1.454
power,c20_noise10,36,9040036,V6,0,0,0,0,[],0.797
power,c20_noise10,36,9040036,V5,0,0,0,0,[],1.489
power,c20_noise10,37,9040037,V6,1,1,1,0,"[[""a"", ""p""]]",0.768
power,c20_noise10,37,9040037,V5,1,1,1,0,"[[""a"", ""p""]]",1.465
power,c20_noise10,38,9040038,V6,0,0,0,0,[],0.786
power,c20_noise10,38,9040038,V5,0,0,0,0,[],1.421
power,c20_noise10,39,9040039,V6,0,0,0,0,[],0.816
power,c20_noise10,39,9040039,V5,0,0,0,0,[],1.462
power,c20_noise10,40,9040040,V6,0,0,0,0,[],0.778
power,c20_noise10,40,9040040,V5,0,0,0,0,[],1.401
power,c20_noise10,41,9040041,V6,0,0,0,0,[],0.811
power,c20_noise10,41,9040041,V5,0,0,0,0,[],1.409
power,c20_noise10,42,9040042,V6,0,0,0,0,[],0.718
power,c20_noise10,42,9040042,V5,0,0,0,0,[],1.423
power,c20_noise10,43,9040043,V6,1,1,1,0,"[[""a"", ""p""]]",0.752
power,c20_noise10,43,9040043,V5,1,1,1,0,"[[""a"", ""p""]]",1.384
power,c20_noise10,44,9040044,V6,1,1,1,0,"[[""a"", ""p""]]",0.775
power,c20_noise10,44,9040044,V5,0,0,0,0,[],1.418
power,c20_noise10,45,9040045,V6,0,0,0,0,[],0.775
power,c20_noise10,45,9040045,V5,0,0,0,0,[],1.397
power,c20_noise10,46,9040046,V6,1,1,1,0,"[[""a"", ""p""]]",0.744
power,c20_noise10,46,9040046,V5,1,1,1,0,"[[""a"", ""p""]]",1.402
power,c20_noise10,47,9040047,V6,1,1,1,0,"[[""a"", ""p""]]",0.737
power,c20_noise10,47,9040047,V5,1,1,1,0,"[[""a"", ""p""]]",1.382
power,c20_noise10,48,9040048,V6,0,0,0,0,[],0.744
power,c20_noise10,48,9040048,V5,0,0,0,0,[],1.493
power,c20_noise10,49,9040049,V6,1,1,1,0,"[[""a"", ""p""]]",0.745
power,c20_noise10,49,9040049,V5,1,1,1,0,"[[""a"", ""p""]]",1.487
power,c20_noise10,50,9040050,V6,1,1,1,0,"[[""a"", ""p""]]",0.725
power,c20_noise10,50,9040050,V5,0,0,0,0,[],1.46
power,c20_noise10,51,9040051,V6,1,1,1,0,"[[""a"", ""p""]]",0.756
power,c20_noise10,51,9040051,V5,0,0,0,0,[],1.498
power,c20_noise10,52,9040052,V6,1,1,1,0,"[[""a"", ""p""]]",0.795
power,c20_noise10,52,9040052,V5,1,1,1,0,"[[""a"", ""p""]]",1.54
power,c20_noise10,53,9040053,V6,1,1,1,0,"[[""a"", ""p""]]",0.78
power,c20_noise10,53,9040053,V5,1,1,1,0,"[[""a"", ""p""]]",1.581
power,c20_noise10,54,9040054,V6,0,0,0,0,[],0.822
power,c20_noise10,54,9040054,V5,0,0,0,0,[],1.552
power,c20_noise10,55,9040055,V6,0,0,0,0,[],0.812
power,c20_noise10,55,9040055,V5,0,0,0,0,[],1.582
power,c20_noise10,56,9040056,V6,1,1,1,0,"[[""a"", ""p""]]",0.852
power,c20_noise10,56,9040056,V5,1,1,1,0,"[[""a"", ""p""]]",1.49
power,c20_noise10,57,9040057,V6,1,1,1,0,"[[""a"", ""p""]]",0.766
power,c20_noise10,57,9040057,V5,1,1,1,0,"[[""a"", ""p""]]",1.532
power,c20_noise10,58,9040058,V6,0,0,0,0,[],0.771
power,c20_noise10,58,9040058,V5,0,0,0,0,[],1.513
power,c20_noise10,59,9040059,V6,0,0,0,0,[],0.754
power,c20_noise10,59,9040059,V5,0,0,0,0,[],1.551
power,c20_noise10,60,9040060,V6,1,1,1,0,"[[""a"", ""p""]]",0.857
power,c20_noise10,60,9040060,V5,1,1,1,0,"[[""a"", ""p""]]",1.425
power,c20_noise10,61,9040061,V6,1,1,1,0,"[[""a"", ""p""]]",0.859
power,c20_noise10,61,9040061,V5,1,1,1,0,"[[""a"", ""p""]]",1.469
power,c20_noise10,62,9040062,V6,1,1,1,0,"[[""a"", ""p""]]",0.738
power,c20_noise10,62,9040062,V5,1,1,1,0,"[[""a"", ""p""]]",1.447
power,c20_noise10,63,9040063,V6,0,0,0,0,[],0.713
power,c20_noise10,63,9040063,V5,0,0,0,0,[],1.44
power,c20_noise10,64,9040064,V6,0,0,0,0,[],0.736
power,c20_noise10,64,9040064,V5,0,0,0,0,[],1.483
power,c20_noise10,65,9040065,V6,1,1,1,0,"[[""a"", ""p""]]",0.789
power,c20_noise10,65,9040065,V5,1,1,1,0,"[[""a"", ""p""]]",1.43
power,c20_noise10,66,9040066,V6,0,0,0,0,[],0.782
power,c20_noise10,66,9040066,V5,0,0,0,0,[],1.573
power,c20_noise10,67,9040067,V6,1,1,1,0,"[[""a"", ""p""]]",0.766
power,c20_noise10,67,9040067,V5,1,1,1,0,"[[""a"", ""p""]]",1.647
power,c20_noise10,68,9040068,V6,0,0,0,0,[],0.713
power,c20_noise10,68,9040068,V5,0,0,0,0,[],1.708
power,c20_noise10,69,9040069,V6,0,0,0,0,[],0.719
power,c20_noise10,69,9040069,V5,0,0,0,0,[],1.708
power,c20_noise10,70,9040070,V6,1,1,1,0,"[[""a"", ""p""]]",0.732
power,c20_noise10,70,9040070,V5,1,1,1,0,"[[""a"", ""p""]]",1.695
power,c20_noise10,71,9040071,V6,1,1,1,0,"[[""a"", ""p""]]",0.783
power,c20_noise10,71,9040071,V5,1,1,1,0,"[[""a"", ""p""]]",1.738
power,c20_noise10,72,9040072,V6,0,0,0,0,[],0.971
power,c20_noise10,72,9040072,V5,0,0,0,0,[],1.686
power,c20_noise10,73,9040073,V6,0,0,0,0,[],0.948
power,c20_noise10,73,9040073,V5,0,0,0,0,[],1.597
power,c20_noise10,74,9040074,V6,0,0,0,0,[],0.968
power,c20_noise10,74,9040074,V5,0,0,0,0,[],1.699
power,c20_noise10,75,9040075,V6,0,0,0,0,[],0.961
power,c20_noise10,75,9040075,V5,0,0,0,0,[],1.599
power,c20_noise10,76,9040076,V6,1,1,1,0,"[[""a"", ""p""]]",0.865
power,c20_noise10,76,9040076,V5,0,0,0,0,[],1.657
power,c20_noise10,77,9040077,V6,1,1,1,0,"[[""a"", ""p""]]",0.899
power,c20_noise10,77,9040077,V5,1,2,1,1,"[[""z1""], [""a"", ""p""]]",1.623
power,c20_noise10,78,9040078,V6,0,0,0,0,[],0.889
power,c20_noise10,78,9040078,V5,1,1,1,0,"[[""a"", ""p""]]",1.656
power,c20_noise10,79,9040079,V6,1,1,1,0,"[[""a"", ""p""]]",0.842
power,c20_noise10,79,9040079,V5,1,1,1,0,"[[""a"", ""p""]]",1.683
power,c20_noise10,80,9040080,V6,1,1,1,0,"[[""a"", ""p""]]",0.844
power,c20_noise10,80,9040080,V5,1,1,1,0,"[[""a"", ""p""]]",1.683
power,c20_noise10,81,9040081,V6,0,0,0,0,[],0.851
power,c20_noise10,81,9040081,V5,1,1,1,0,"[[""a"", ""p""]]",1.652
power,c20_noise10,82,9040082,V6,0,0,0,0,[],0.884
power,c20_noise10,82,9040082,V5,0,0,0,0,[],1.603
power,c20_noise10,83,9040083,V6,0,0,0,0,[],0.862
power,c20_noise10,83,9040083,V5,0,0,0,0,[],1.549
power,c20_noise10,84,9040084,V6,0,0,0,0,[],0.942
power,c20_noise10,84,9040084,V5,0,0,0,0,[],1.534
power,c20_noise10,85,9040085,V6,1,1,1,0,"[[""a"", ""p""]]",0.923
power,c20_noise10,85,9040085,V5,0,0,0,0,[],1.511
power,c20_noise10,86,9040086,V6,0,0,0,0,[],0.923
power,c20_noise10,86,9040086,V5,0,0,0,0,[],1.53
power,c20_noise10,87,9040087,V6,0,0,0,0,[],0.86
power,c20_noise10,87,9040087,V5,0,0,0,0,[],1.595
power,c20_noise10,88,9040088,V6,0,0,0,0,[],0.819
power,c20_noise10,88,9040088,V5,0,0,0,0,[],1.545
power,c20_noise10,89,9040089,V6,0,0,0,0,[],0.806
power,c20_noise10,89,9040089,V5,0,0,0,0,[],1.557
power,c20_noise10,90,9040090,V6,1,2,1,1,"[[""a"", ""p""], [""x2""]]",0.783
power,c20_noise10,90,9040090,V5,1,2,1,1,"[[""x2""], [""a"", ""p""]]",1.541
power,c20_noise10,91,9040091,V6,0,0,0,0,[],0.815
power,c20_noise10,91,9040091,V5,0,0,0,0,[],1.595
power,c20_noise10,92,9040092,V6,0,0,0,0,[],0.874
power,c20_noise10,92,9040092,V5,0,0,0,0,[],1.414
power,c20_noise10,93,9040093,V6,0,0,0,0,[],0.869
power,c20_noise10,93,9040093,V5,0,0,0,0,[],1.464
power,c20_noise10,94,9040094,V6,1,1,1,0,"[[""a"", ""p""]]",0.888
power,c20_noise10,94,9040094,V5,1,1,1,0,"[[""a"", ""p""]]",1.493
power,c20_noise10,95,9040095,V6,1,1,1,0,"[[""a"", ""p""]]",0.891
power,c20_noise10,95,9040095,V5,1,1,1,0,"[[""a"", ""p""]]",1.444
power,c20_noise10,96,9040096,V6,0,0,0,0,[],0.867
power,c20_noise10,96,9040096,V5,0,0,0,0,[],1.402
power,c20_noise10,97,9040097,V6,0,0,0,0,[],0.813
power,c20_noise10,97,9040097,V5,0,0,0,0,[],1.411
power,c20_noise10,98,9040098,V6,1,1,1,0,"[[""a"", ""p""]]",0.738
power,c20_noise10,98,9040098,V5,1,1,1,0,"[[""a"", ""p""]]",1.424
power,c20_noise10,99,9040099,V6,1,1,1,0,"[[""a"", ""p""]]",0.717
power,c20_noise10,99,9040099,V5,1,1,1,0,"[[""a"", ""p""]]",1.422
power,c20_noise10,100,9040100,V6,0,0,0,0,[],0.715
power,c20_noise10,100,9040100,V5,0,0,0,0,[],1.447
power,c20_noise10,101,9040101,V6,0,0,0,0,[],0.771
power,c20_noise10,101,9040101,V5,0,0,0,0,[],1.437
power,c20_noise10,102,9040102,V6,1,1,1,0,"[[""a"", ""p""]]",0.778
power,c20_noise10,102,9040102,V5,1,1,1,0,"[[""a"", ""p""]]",1.417
power,c20_noise10,103,9040103,V6,0,0,0,0,[],0.794
power,c20_noise10,103,9040103,V5,0,0,0,0,[],1.418
power,c20_noise10,104,9040104,V6,1,1,1,0,"[[""a"", ""p""]]",0.729
power,c20_noise10,104,9040104,V5,1,1,1,0,"[[""a"", ""p""]]",1.404
power,c20_noise10,105,9040105,V6,0,0,0,0,[],0.73
power,c20_noise10,105,9040105,V5,0,0,0,0,[],1.385
power,c20_noise10,106,9040106,V6,0,0,0,0,[],0.748
power,c20_noise10,106,9040106,V5,0,0,0,0,[],1.368
power,c20_noise10,107,9040107,V6,1,1,1,0,"[[""a"", ""p""]]",0.737
power,c20_noise10,107,9040107,V5,1,1,1,0,"[[""a"", ""p""]]",1.399
power,c20_noise10,108,9040108,V6,0,0,0,0,[],0.726
power,c20_noise10,108,9040108,V5,0,0,0,0,[],1.522
power,c20_noise10,109,9040109,V6,0,0,0,0,[],0.722
power,c20_noise10,109,9040109,V5,0,0,0,0,[],1.45
power,c20_noise10,110,9040110,V6,1,1,1,0,"[[""a"", ""p""]]",0.728
power,c20_noise10,110,9040110,V5,1,1,1,0,"[[""a"", ""p""]]",1.428
power,c20_noise10,111,9040111,V6,1,1,1,0,"[[""a"", ""p""]]",0.785
power,c20_noise10,111,9040111,V5,1,1,1,0,"[[""a"", ""p""]]",1.435
power,c20_noise10,112,9040112,V6,1,1,1,0,"[[""a"", ""p""]]",0.72
power,c20_noise10,112,9040112,V5,1,1,1,0,"[[""a"", ""p""]]",1.52
power,c20_noise10,113,9040113,V6,1,1,1,0,"[[""a"", ""p""]]",0.717
power,c20_noise10,113,9040113,V5,1,1,1,0,"[[""a"", ""p""]]",1.537
power,c20_noise10,114,9040114,V6,1,1,1,0,"[[""a"", ""p""]]",0.833
power,c20_noise10,114,9040114,V5,1,1,1,0,"[[""a"", ""p""]]",1.415
power,c20_noise10,115,9040115,V6,1,1,1,0,"[[""a"", ""p""]]",0.817
power,c20_noise10,115,9040115,V5,1,1,1,0,"[[""a"", ""p""]]",1.455
power,c20_noise10,116,9040116,V6,0,0,0,0,[],0.803
power,c20_noise10,116,9040116,V5,0,0,0,0,[],1.391
power,c20_noise10,117,9040117,V6,0,0,0,0,[],0.844
power,c20_noise10,117,9040117,V5,0,0,0,0,[],1.481
power,c20_noise10,118,9040118,V6,1,1,1,0,"[[""a"", ""p""]]",0.726
power,c20_noise10,118,9040118,V5,1,1,1,0,"[[""a"", ""p""]]",1.57
power,c20_noise10,119,9040119,V6,0,0,0,0,[],0.716
power,c20_noise10,119,9040119,V5,0,0,0,0,[],1.593
power,c20_noise10,120,9040120,V6,0,0,0,0,[],0.732
power,c20_noise10,120,9040120,V5,0,0,0,0,[],1.582
power,c20_noise10,121,9040121,V6,0,0,0,0,[],0.784
power,c20_noise10,121,9040121,V5,0,0,0,0,[],1.653
power,c20_noise10,122,9040122,V6,0,0,0,0,[],0.79
power,c20_noise10,122,9040122,V5,0,0,0,0,[],1.608
power,c20_noise10,123,9040123,V6,1,1,1,0,"[[""a"", ""p""]]",0.863
power,c20_noise10,123,9040123,V5,1,1,1,0,"[[""a"", ""p""]]",1.458
power,c20_noise10,124,9040124,V6,1,1,1,0,"[[""a"", ""p""]]",0.889
power,c20_noise10,124,9040124,V5,0,0,0,0,[],1.291
power,c20_noise10,125,9040125,V6,1,1,1,0,"[[""a"", ""p""]]",0.923
power,c20_noise10,125,9040125,V5,1,1,1,0,"[[""a"", ""p""]]",1.234
power,c20_noise10,126,9040126,V6,0,0,0,0,[],0.92
power,c20_noise10,126,9040126,V5,0,0,0,0,[],1.17
power,c20_noise10,127,9040127,V6,0,0,0,0,[],0.904
power,c20_noise10,127,9040127,V5,1,1,1,0,"[[""a"", ""p""]]",0.974
power,c20_noise10,128,9040128,V6,1,1,1,0,"[[""a"", ""p""]]",0.805
power,c20_noise10,128,9040128,V5,1,1,1,0,"[[""a"", ""p""]]",0.749
power,c20_noise10,129,9040129,V6,0,0,0,0,[],0.784
power,c20_noise10,129,9040129,V5,0,0,0,0,[],0.722
power,c20_noise10,130,9040130,V6,1,1,1,0,"[[""a"", ""p""]]",0.788
power,c20_noise10,130,9040130,V5,1,1,1,0,"[[""a"", ""p""]]",0.731
power,c20_noise10,131,9040131,V6,0,0,0,0,[],0.618
power,c20_noise10,131,9040131,V5,0,0,0,0,[],0.604
power,c20_noise10,132,9040132,V6,0,0,0,0,[],0.364
power,c20_noise10,132,9040132,V5,0,0,0,0,[],0.582
power,c20_noise10,133,9040133,V6,0,0,0,0,[],0.36
power,c20_noise10,133,9040133,V5,0,0,0,0,[],0.69
power,c20_noise10,134,9040134,V6,1,1,1,0,"[[""a"", ""p""]]",0.301
power,c20_noise10,134,9040134,V5,1,1,1,0,"[[""a"", ""p""]]",0.672
power,c20_noise10,135,9040135,V6,1,1,1,0,"[[""a"", ""p""]]",0.32
power,c20_noise10,135,9040135,V5,1,1,1,0,"[[""a"", ""p""]]",0.624
power,c20_noise10,136,9040136,V6,1,1,0,1,"[[""x3""]]",0.326
power,c20_noise10,136,9040136,V5,1,1,0,1,"[[""x3""]]",0.615
power,c20_noise10,137,9040137,V6,0,0,0,0,[],0.298
power,c20_noise10,137,9040137,V5,0,0,0,0,[],0.62
power,c20_noise10,138,9040138,V6,1,1,1,0,"[[""a"", ""p""]]",0.327
power,c20_noise10,138,9040138,V5,0,0,0,0,[],0.545
power,c20_noise10,139,9040139,V6,1,1,1,0,"[[""a"", ""p""]]",0.34
power,c20_noise10,139,9040139,V5,1,1,1,0,"[[""a"", ""p""]]",0.561
power,c20_noise10,140,9040140,V6,0,0,0,0,[],0.32
power,c20_noise10,140,9040140,V5,0,0,0,0,[],0.589
power,c20_noise10,141,9040141,V6,0,0,0,0,[],0.3
power,c20_noise10,141,9040141,V5,0,0,0,0,[],0.569
power,c20_noise10,142,9040142,V6,1,1,1,0,"[[""a"", ""p""]]",0.28
power,c20_noise10,142,9040142,V5,1,1,1,0,"[[""a"", ""p""]]",0.686
power,c20_noise10,143,9040143,V6,1,1,1,0,"[[""a"", ""p""]]",0.299
power,c20_noise10,143,9040143,V5,1,1,1,0,"[[""a"", ""p""]]",0.603
power,c20_noise10,144,9040144,V6,0,0,0,0,[],0.275
power,c20_noise10,144,9040144,V5,0,0,0,0,[],0.601
power,c20_noise10,145,9040145,V6,0,0,0,0,[],0.309
power,c20_noise10,145,9040145,V5,0,0,0,0,[],0.604
power,c20_noise10,146,9040146,V6,0,0,0,0,[],0.312
power,c20_noise10,146,9040146,V5,0,0,0,0,[],0.634
power,c20_noise10,147,9040147,V6,0,0,0,0,[],0.278
power,c20_noise10,147,9040147,V5,0,0,0,0,[],0.577
power,c20_noise10,148,9040148,V6,1,1,1,0,"[[""a"", ""p""]]",0.305
power,c20_noise10,148,9040148,V5,0,0,0,0,[],0.691
power,c20_noise10,149,9040149,V6,0,0,0,0,[],0.327
power,c20_noise10,149,9040149,V5,0,0,0,0,[],0.719
power,c20_noise10,150,9040150,V6,0,0,0,0,[],0.239
power,c20_noise10,150,9040150,V5,1,1,1,0,"[[""a"", ""p""]]",0.612
power,c20_noise10,151,9040151,V6,0,0,0,0,[],0.343
power,c20_noise10,151,9040151,V5,0,0,0,0,[],0.719
power,c20_noise10,152,9040152,V6,0,0,0,0,[],0.367
power,c20_noise10,152,9040152,V5,0,0,0,0,[],0.753
power,c20_noise10,153,9040153,V6,0,0,0,0,[],0.309
power,c20_noise10,153,9040153,V5,0,0,0,0,[],0.757
power,c20_noise10,154,9040154,V6,1,1,1,0,"[[""a"", ""p""]]",0.365
power,c20_noise10,154,9040154,V5,1,1,1,0,"[[""a"", ""p""]]",0.715
power,c20_noise10,155,9040155,V6,0,0,0,0,[],0.408
power,c20_noise10,155,9040155,V5,0,0,0,0,[],0.686
power,c20_noise10,156,9040156,V6,1,1,1,0,"[[""a"", ""p""]]",0.393
power,c20_noise10,156,9040156,V5,1,2,1,1,"[[""x5""], [""a"", ""p""]]",0.669
power,c20_noise10,157,9040157,V6,1,1,1,0,"[[""a"", ""p""]]",0.364
power,c20_noise10,157,9040157,V5,1,1,1,0,"[[""a"", ""p""]]",0.655
power,c20_noise10,158,9040158,V6,0,0,0,0,[],0.353
power,c20_noise10,158,9040158,V5,0,0,0,0,[],0.587
power,c20_noise10,159,9040159,V6,1,1,1,0,"[[""a"", ""p""]]",0.385
power,c20_noise10,159,9040159,V5,1,1,1,0,"[[""a"", ""p""]]",0.612
power,c20_noise10,160,9040160,V6,0,0,0,0,[],0.41
power,c20_noise10,160,9040160,V5,0,0,0,0,[],0.609
power,c20_noise10,161,9040161,V6,0,0,0,0,[],0.298
power,c20_noise10,161,9040161,V5,0,0,0,0,[],0.566
power,c20_noise10,162,9040162,V6,1,1,1,0,"[[""a"", ""p""]]",0.239
power,c20_noise10,162,9040162,V5,1,1,1,0,"[[""a"", ""p""]]",0.581
power,c20_noise10,163,9040163,V6,1,1,1,0,"[[""a"", ""p""]]",0.272
power,c20_noise10,163,9040163,V5,1,1,1,0,"[[""a"", ""p""]]",0.583
power,c20_noise10,164,9040164,V6,1,1,1,0,"[[""a"", ""p""]]",0.233
power,c20_noise10,164,9040164,V5,1,1,1,0,"[[""a"", ""p""]]",0.628
power,c20_noise10,165,9040165,V6,1,1,1,0,"[[""a"", ""p""]]",0.284
power,c20_noise10,165,9040165,V5,1,1,1,0,"[[""a"", ""p""]]",0.524
power,c20_noise10,166,9040166,V6,1,1,1,0,"[[""a"", ""p""]]",0.33
power,c20_noise10,166,9040166,V5,0,0,0,0,[],0.511
power,c20_noise10,167,9040167,V6,0,0,0,0,[],0.304
power,c20_noise10,167,9040167,V5,0,0,0,0,[],0.524
power,c20_noise10,168,9040168,V6,0,0,0,0,[],0.346
power,c20_noise10,168,9040168,V5,0,0,0,0,[],0.498
power,c20_noise10,169,9040169,V6,0,0,0,0,[],0.35
power,c20_noise10,169,9040169,V5,0,0,0,0,[],0.453
power,c20_noise10,170,9040170,V6,1,1,1,0,"[[""a"", ""p""]]",0.295
power,c20_noise10,170,9040170,V5,1,1,1,0,"[[""a"", ""p""]]",0.458
power,c20_noise10,171,9040171,V6,1,1,1,0,"[[""a"", ""p""]]",0.266
power,c20_noise10,171,9040171,V5,1,1,1,0,"[[""a"", ""p""]]",0.455
power,c20_noise10,172,9040172,V6,1,1,1,0,"[[""a"", ""p""]]",0.212
power,c20_noise10,172,9040172,V5,1,1,1,0,"[[""a"", ""p""]]",0.482
power,c20_noise10,173,9040173,V6,0,0,0,0,[],0.286
power,c20_noise10,173,9040173,V5,0,0,0,0,[],0.492
power,c20_noise10,174,9040174,V6,0,0,0,0,[],0.278
power,c20_noise10,174,9040174,V5,0,0,0,0,[],0.484
power,c20_noise10,175,9040175,V6,1,2,1,1,"[[""a"", ""p""], [""x5""]]",0.226
power,c20_noise10,175,9040175,V5,1,2,1,1,"[[""x5""], [""a"", ""p""]]",0.443
power,c20_noise10,176,9040176,V6,1,1,1,0,"[[""a"", ""p""]]",0.25
power,c20_noise10,176,9040176,V5,1,1,1,0,"[[""a"", ""p""]]",0.487
power,c20_noise10,177,9040177,V6,0,0,0,0,[],0.285
power,c20_noise10,177,9040177,V5,0,0,0,0,[],0.471
power,c20_noise10,178,9040178,V6,1,1,1,0,"[[""a"", ""p""]]",0.248
power,c20_noise10,178,9040178,V5,1,1,1,0,"[[""a"", ""p""]]",0.469
power,c20_noise10,179,9040179,V6,0,0,0,0,[],0.266
power,c20_noise10,179,9040179,V5,0,0,0,0,[],0.458
power,c20_noise10,180,9040180,V6,1,1,1,0,"[[""a"", ""p""]]",0.258
power,c20_noise10,180,9040180,V5,1,1,1,0,"[[""a"", ""p""]]",0.461
power,c20_noise10,181,9040181,V6,0,0,0,0,[],0.202
power,c20_noise10,181,9040181,V5,0,0,0,0,[],0.491
power,c20_noise10,182,9040182,V6,0,0,0,0,[],0.202
power,c20_noise10,182,9040182,V5,0,0,0,0,[],0.437
power,c20_noise10,183,9040183,V6,0,0,0,0,[],0.24
power,c20_noise10,183,9040183,V5,0,0,0,0,[],0.477
power,c20_noise10,184,9040184,V6,0,0,0,0,[],0.312
power,c20_noise10,184,9040184,V5,0,0,0,0,[],0.697
power,c20_noise10,185,9040185,V6,0,0,0,0,[],0.293
power,c20_noise10,185,9040185,V5,0,0,0,0,[],0.664
power,c20_noise10,186,9040186,V6,0,0,0,0,[],0.216
power,c20_noise10,186,9040186,V5,0,0,0,0,[],0.481
power,c20_noise10,187,9040187,V6,0,0,0,0,[],0.3
power,c20_noise10,187,9040187,V5,0,0,0,0,[],0.67
power,c20_noise10,188,9040188,V6,0,0,0,0,[],0.276
power,c20_noise10,188,9040188,V5,0,0,0,0,[],0.517
power,c20_noise10,189,9040189,V6,1,1,1,0,"[[""a"", ""p""]]",0.262
power,c20_noise10,189,9040189,V5,1,1,1,0,"[[""a"", ""p""]]",0.489
power,c20_noise10,190,9040190,V6,1,1,1,0,"[[""a"", ""p""]]",0.29
power,c20_noise10,190,9040190,V5,0,0,0,0,[],0.413
power,c20_noise10,191,9040191,V6,0,0,0,0,[],0.3
power,c20_noise10,191,9040191,V5,0,0,0,0,[],0.443
power,c20_noise10,192,9040192,V6,0,0,0,0,[],0.222
power,c20_noise10,192,9040192,V5,0,0,0,0,[],0.427
power,c20_noise10,193,9040193,V6,1,1,1,0,"[[""a"", ""p""]]",0.239
power,c20_noise10,193,9040193,V5,0,0,0,0,[],0.413
power,c20_noise10,194,9040194,V6,0,0,0,0,[],0.216
power,c20_noise10,194,9040194,V5,0,0,0,0,[],0.436
power,c20_noise10,195,9040195,V6,0,0,0,0,[],0.22
power,c20_noise10,195,9040195,V5,1,1,1,0,"[[""a"", ""p""]]",0.537
power,c20_noise10,196,9040196,V6,0,0,0,0,[],0.238
power,c20_noise10,196,9040196,V5,0,0,0,0,[],0.534
power,c20_noise10,197,9040197,V6,0,0,0,0,[],0.274
power,c20_noise10,197,9040197,V5,0,0,0,0,[],0.535
power,c20_noise10,198,9040198,V6,0,0,0,0,[],0.297
power,c20_noise10,198,9040198,V5,0,0,0,0,[],0.542
power,c20_noise10,199,9040199,V6,1,1,1,0,"[[""a"", ""p""]]",0.204
power,c20_noise10,199,9040199,V5,1,1,1,0,"[[""a"", ""p""]]",0.528
power,c20_noise10,200,9040200,V6,0,0,0,0,[],0.289
power,c20_noise10,200,9040200,V5,0,0,0,0,[],0.527
power,c20_noise10,201,9040201,V6,0,0,0,0,[],0.192
power,c20_noise10,201,9040201,V5,0,0,0,0,[],0.563
power,c20_noise10,202,9040202,V6,0,0,0,0,[],0.253
power,c20_noise10,202,9040202,V5,0,0,0,0,[],0.534
power,c20_noise10,203,9040203,V6,0,0,0,0,[],0.293
power,c20_noise10,203,9040203,V5,0,0,0,0,[],0.484
power,c20_noise10,204,9040204,V6,0,0,0,0,[],0.243
power,c20_noise10,204,9040204,V5,0,0,0,0,[],0.528
power,c20_noise10,205,9040205,V6,1,1,1,0,"[[""a"", ""p""]]",0.244
power,c20_noise10,205,9040205,V5,1,1,1,0,"[[""a"", ""p""]]",0.471
power,c20_noise10,206,9040206,V6,1,1,1,0,"[[""a"", ""p""]]",0.269
power,c20_noise10,206,9040206,V5,1,1,1,0,"[[""a"", ""p""]]",0.484
power,c20_noise10,207,9040207,V6,0,0,0,0,[],0.28
power,c20_noise10,207,9040207,V5,0,0,0,0,[],0.447
power,c20_noise10,208,9040208,V6,0,0,0,0,[],0.249
power,c20_noise10,208,9040208,V5,0,0,0,0,[],0.481
power,c20_noise10,209,9040209,V6,1,1,1,0,"[[""a"", ""p""]]",0.274
power,c20_noise10,209,9040209,V5,0,0,0,0,[],0.446
power,c20_noise10,210,9040210,V6,1,1,1,0,"[[""a"", ""p""]]",0.268
power,c20_noise10,210,9040210,V5,1,1,1,0,"[[""a"", ""p""]]",0.42
power,c20_noise10,211,9040211,V6,1,1,1,0,"[[""a"", ""p""]]",0.265
power,c20_noise10,211,9040211,V5,1,1,1,0,"[[""a"", ""p""]]",0.517
power,c20_noise10,212,9040212,V6,0,0,0,0,[],0.25
power,c20_noise10,212,9040212,V5,0,0,0,0,[],0.515
power,c20_noise10,213,9040213,V6,0,0,0,0,[],0.262
power,c20_noise10,213,9040213,V5,0,0,0,0,[],0.393
power,c20_noise10,214,9040214,V6,0,0,0,0,[],0.21
power,c20_noise10,214,9040214,V5,0,0,0,0,[],0.416
power,c20_noise10,215,9040215,V6,0,0,0,0,[],0.207
power,c20_noise10,215,9040215,V5,0,0,0,0,[],0.421
power,c20_noise10,216,9040216,V6,0,0,0,0,[],0.191
power,c20_noise10,216,9040216,V5,0,0,0,0,[],0.504
power,c20_noise10,217,9040217,V6,0,0,0,0,[],0.188
power,c20_noise10,217,9040217,V5,0,0,0,0,[],0.485
power,c20_noise10,218,9040218,V6,1,2,1,1,"[[""a"", ""p""], [""x4""]]",0.27
power,c20_noise10,218,9040218,V5,1,1,1,0,"[[""a"", ""p""]]",0.491
power,c20_noise10,219,9040219,V6,0,0,0,0,[],0.209
power,c20_noise10,219,9040219,V5,0,0,0,0,[],0.441
power,c20_noise10,220,9040220,V6,0,0,0,0,[],0.195
power,c20_noise10,220,9040220,V5,0,0,0,0,[],0.465
power,c20_noise10,221,9040221,V6,1,1,0,1,"[[""x3""]]",0.252
power,c20_noise10,221,9040221,V5,0,0,0,0,[],0.519
power,c20_noise10,222,9040222,V6,0,0,0,0,[],0.251
power,c20_noise10,222,9040222,V5,0,0,0,0,[],0.539
power,c20_noise10,223,9040223,V6,0,0,0,0,[],0.213
power,c20_noise10,223,9040223,V5,0,0,0,0,[],0.499
power,c20_noise10,224,9040224,V6,0,0,0,0,[],0.228
power,c20_noise10,224,9040224,V5,0,0,0,0,[],0.493
power,c20_noise10,225,9040225,V6,1,1,1,0,"[[""a"", ""p""]]",0.252
power,c20_noise10,225,9040225,V5,1,1,1,0,"[[""a"", ""p""]]",0.479
power,c20_noise10,226,9040226,V6,1,1,1,0,"[[""a"", ""p""]]",0.253
power,c20_noise10,226,9040226,V5,1,1,1,0,"[[""a"", ""p""]]",0.492
power,c20_noise10,227,9040227,V6,1,1,1,0,"[[""a"", ""p""]]",0.305
power,c20_noise10,227,9040227,V5,0,0,0,0,[],0.45
power,c20_noise10,228,9040228,V6,0,0,0,0,[],0.26
power,c20_noise10,228,9040228,V5,0,0,0,0,[],0.497
power,c20_noise10,229,9040229,V6,1,1,1,0,"[[""a"", ""p""]]",0.27
power,c20_noise10,229,9040229,V5,1,1,1,0,"[[""a"", ""p""]]",0.489
power,c20_noise10,230,9040230,V6,1,1,1,0,"[[""a"", ""p""]]",0.25
power,c20_noise10,230,9040230,V5,1,1,1,0,"[[""a"", ""p""]]",0.479
power,c20_noise10,231,9040231,V6,1,1,1,0,"[[""a"", ""p""]]",0.218
power,c20_noise10,231,9040231,V5,0,0,0,0,[],0.446
power,c20_noise10,232,9040232,V6,0,0,0,0,[],0.272
power,c20_noise10,232,9040232,V5,0,0,0,0,[],0.508
power,c20_noise10,233,9040233,V6,0,0,0,0,[],0.23
power,c20_noise10,233,9040233,V5,0,0,0,0,[],0.472
power,c20_noise10,234,9040234,V6,1,1,1,0,"[[""a"", ""p""]]",0.216
power,c20_noise10,234,9040234,V5,1,1,1,0,"[[""a"", ""p""]]",0.476
power,c20_noise10,235,9040235,V6,1,1,1,0,"[[""a"", ""p""]]",0.181
power,c20_noise10,235,9040235,V5,1,1,1,0,"[[""a"", ""p""]]",0.486
power,c20_noise10,236,9040236,V6,0,0,0,0,[],0.246
power,c20_noise10,236,9040236,V5,0,0,0,0,[],0.483
power,c20_noise10,237,9040237,V6,0,0,0,0,[],0.255
power,c20_noise10,237,9040237,V5,0,0,0,0,[],0.565
power,c20_noise10,238,9040238,V6,1,1,1,0,"[[""a"", ""p""]]",0.273
power,c20_noise10,238,9040238,V5,1,1,1,0,"[[""a"", ""p""]]",0.524
power,c20_noise10,239,9040239,V6,0,0,0,0,[],0.236
power,c20_noise10,239,9040239,V5,1,1,1,0,"[[""a"", ""p""]]",0.48
power,c20_noise10,240,9040240,V6,0,0,0,0,[],0.252
power,c20_noise10,240,9040240,V5,0,0,0,0,[],0.581
power,c20_noise10,241,9040241,V6,1,1,1,0,"[[""a"", ""p""]]",0.266
power,c20_noise10,241,9040241,V5,1,1,1,0,"[[""a"", ""p""]]",0.467
power,c20_noise10,242,9040242,V6,0,0,0,0,[],0.278
power,c20_noise10,242,9040242,V5,0,0,0,0,[],0.46
power,c20_noise10,243,9040243,V6,0,0,0,0,[],0.253
power,c20_noise10,243,9040243,V5,0,0,0,0,[],0.525
power,c20_noise10,244,9040244,V6,0,0,0,0,[],0.261
power,c20_noise10,244,9040244,V5,0,0,0,0,[],0.474
power,c20_noise10,245,9040245,V6,0,0,0,0,[],0.224
power,c20_noise10,245,9040245,V5,0,0,0,0,[],0.468
power,c20_noise10,246,9040246,V6,1,1,1,0,"[[""a"", ""p""]]",0.247
power,c20_noise10,246,9040246,V5,0,0,0,0,[],0.576
power,c20_noise10,247,9040247,V6,0,0,0,0,[],0.252
power,c20_noise10,247,9040247,V5,0,0,0,0,[],0.491
power,c20_noise10,248,9040248,V6,0,0,0,0,[],0.238
power,c20_noise10,248,9040248,V5,0,0,0,0,[],0.516
power,c20_noise10,249,9040249,V6,1,1,0,1,"[[""x1""]]",0.268
power,c20_noise10,249,9040249,V5,1,2,1,1,"[[""x1""], [""a"", ""p""]]",0.571
power,c20_noise10,250,9040250,V6,0,0,0,0,[],0.254
power,c20_noise10,250,9040250,V5,0,0,0,0,[],0.529
power,c20_noise10,251,9040251,V6,0,0,0,0,[],0.27
power,c20_noise10,251,9040251,V5,1,1,1,0,"[[""a"", ""p""]]",0.612
power,c20_noise10,252,9040252,V6,0,0,0,0,[],0.258
power,c20_noise10,252,9040252,V5,0,0,0,0,[],0.577
power,c20_noise10,253,9040253,V6,0,0,0,0,[],0.276
power,c20_noise10,253,9040253,V5,0,0,0,0,[],0.561
power,c20_noise10,254,9040254,V6,0,0,0,0,[],0.292
power,c20_noise10,254,9040254,V5,0,0,0,0,[],0.507
power,c20_noise10,255,9040255,V6,1,1,1,0,"[[""a"", ""p""]]",0.253
power,c20_noise10,255,9040255,V5,1,1,1,0,"[[""a"", ""p""]]",0.592
power,c20_noise10,256,9040256,V6,0,0,0,0,[],0.301
power,c20_noise10,256,9040256,V5,0,0,0,0,[],0.54
power,c20_noise10,257,9040257,V6,1,1,1,0,"[[""a"", ""p""]]",0.245
power,c20_noise10,257,9040257,V5,1,1,1,0,"[[""a"", ""p""]]",0.473
power,c20_noise10,258,9040258,V6,1,1,1,0,"[[""a"", ""p""]]",0.288
power,c20_noise10,258,9040258,V5,1,1,1,0,"[[""a"", ""p""]]",0.477
power,c20_noise10,259,9040259,V6,1,1,1,0,"[[""a"", ""p""]]",0.271
power,c20_noise10,259,9040259,V5,1,1,1,0,"[[""a"", ""p""]]",0.533
power,c20_noise10,260,9040260,V6,1,1,1,0,"[[""a"", ""p""]]",0.251
power,c20_noise10,260,9040260,V5,1,1,1,0,"[[""a"", ""p""]]",0.47
power,c20_noise10,261,9040261,V6,0,0,0,0,[],0.259
power,c20_noise10,261,9040261,V5,0,0,0,0,[],0.521
power,c20_noise10,262,9040262,V6,0,0,0,0,[],0.322
power,c20_noise10,262,9040262,V5,0,0,0,0,[],0.553
power,c20_noise10,263,9040263,V6,1,1,1,0,"[[""a"", ""p""]]",0.283
power,c20_noise10,263,9040263,V5,1,1,1,0,"[[""a"", ""p""]]",0.555
power,c20_noise10,264,9040264,V6,0,0,0,0,[],0.249
power,c20_noise10,264,9040264,V5,1,1,1,0,"[[""a"", ""p""]]",0.473
power,c20_noise10,265,9040265,V6,0,0,0,0,[],0.278
power,c20_noise10,265,9040265,V5,1,1,0,1,"[[""z5""]]",0.573
power,c20_noise10,266,9040266,V6,0,0,0,0,[],0.232
power,c20_noise10,266,9040266,V5,0,0,0,0,[],0.461
power,c20_noise10,267,9040267,V6,1,1,1,0,"[[""a"", ""p""]]",0.237
power,c20_noise10,267,9040267,V5,1,1,1,0,"[[""a"", ""p""]]",0.376
power,c20_noise10,268,9040268,V6,0,0,0,0,[],0.213
power,c20_noise10,268,9040268,V5,0,0,0,0,[],0.53
power,c20_noise10,269,9040269,V6,1,1,1,0,"[[""a"", ""p""]]",0.222
power,c20_noise10,269,9040269,V5,1,1,1,0,"[[""a"", ""p""]]",0.451
power,c20_noise10,270,9040270,V6,1,1,1,0,"[[""a"", ""p""]]",0.23
power,c20_noise10,270,9040270,V5,1,1,1,0,"[[""a"", ""p""]]",0.562
power,c20_noise10,271,9040271,V6,0,0,0,0,[],0.222
power,c20_noise10,271,9040271,V5,0,0,0,0,[],0.524
power,c20_noise10,272,9040272,V6,0,0,0,0,[],0.21
power,c20_noise10,272,9040272,V5,0,0,0,0,[],0.576
power,c20_noise10,273,9040273,V6,0,0,0,0,[],0.305
power,c20_noise10,273,9040273,V5,0,0,0,0,[],0.505
power,c20_noise10,274,9040274,V6,1,1,1,0,"[[""a"", ""p""]]",0.336
power,c20_noise10,274,9040274,V5,1,1,1,0,"[[""a"", ""p""]]",0.494
power,c20_noise10,275,9040275,V6,0,0,0,0,[],0.433
power,c20_noise10,275,9040275,V5,0,0,0,0,[],0.449
power,c20_noise10,276,9040276,V6,1,1,1,0,"[[""a"", ""p""]]",0.367
power,c20_noise10,276,9040276,V5,1,1,1,0,"[[""a"", ""p""]]",0.492
power,c20_noise10,277,9040277,V6,0,0,0,0,[],0.359
power,c20_noise10,277,9040277,V5,0,0,0,0,[],0.481
power,c20_noise10,278,9040278,V6,1,1,1,0,"[[""a"", ""p""]]",0.333
power,c20_noise10,278,9040278,V5,1,1,1,0,"[[""a"", ""p""]]",0.547
power,c20_noise10,279,9040279,V6,0,0,0,0,[],0.264
power,c20_noise10,279,9040279,V5,0,0,0,0,[],0.485
power,c20_noise10,280,9040280,V6,1,1,1,0,"[[""a"", ""p""]]",0.242
power,c20_noise10,280,9040280,V5,1,1,1,0,"[[""a"", ""p""]]",0.451
power,c20_noise10,281,9040281,V6,1,1,1,0,"[[""a"", ""p""]]",0.224
power,c20_noise10,281,9040281,V5,1,1,1,0,"[[""a"", ""p""]]",0.465
power,c20_noise10,282,9040282,V6,0,0,0,0,[],0.232
power,c20_noise10,282,9040282,V5,0,0,0,0,[],0.472
power,c20_noise10,283,9040283,V6,1,1,1,0,"[[""a"", ""p""]]",0.259
power,c20_noise10,283,9040283,V5,1,1,1,0,"[[""a"", ""p""]]",0.42
power,c20_noise10,284,9040284,V6,1,1,1,0,"[[""a"", ""p""]]",0.248
power,c20_noise10,284,9040284,V5,1,1,1,0,"[[""a"", ""p""]]",0.444
power,c20_noise10,285,9040285,V6,1,1,1,0,"[[""a"", ""p""]]",0.235
power,c20_noise10,285,9040285,V5,1,1,1,0,"[[""a"", ""p""]]",0.45
power,c20_noise10,286,9040286,V6,1,1,1,0,"[[""a"", ""p""]]",0.234
power,c20_noise10,286,9040286,V5,1,1,1,0,"[[""a"", ""p""]]",0.435
power,c20_noise10,287,9040287,V6,0,0,0,0,[],0.226
power,c20_noise10,287,9040287,V5,0,0,0,0,[],0.453
power,c20_noise10,288,9040288,V6,0,0,0,0,[],0.218
power,c20_noise10,288,9040288,V5,0,0,0,0,[],0.447
power,c20_noise10,289,9040289,V6,1,1,1,0,"[[""a"", ""p""]]",0.216
power,c20_noise10,289,9040289,V5,1,1,1,0,"[[""a"", ""p""]]",0.434
power,c20_noise10,290,9040290,V6,1,1,1,0,"[[""a"", ""p""]]",0.194
power,c20_noise10,290,9040290,V5,1,1,1,0,"[[""a"", ""p""]]",0.42
power,c20_noise10,291,9040291,V6,0,0,0,0,[],0.232
power,c20_noise10,291,9040291,V5,0,0,0,0,[],0.477
power,c20_noise10,292,9040292,V6,1,1,1,0,"[[""a"", ""p""]]",0.22
power,c20_noise10,292,9040292,V5,1,1,1,0,"[[""a"", ""p""]]",0.467
power,c20_noise10,293,9040293,V6,0,0,0,0,[],0.23
power,c20_noise10,293,9040293,V5,0,0,0,0,[],0.438
power,c20_noise10,294,9040294,V6,0,0,0,0,[],0.209
power,c20_noise10,294,9040294,V5,1,1,1,0,"[[""a"", ""p""]]",0.427
power,c20_noise10,295,9040295,V6,1,1,1,0,"[[""a"", ""p""]]",0.24
power,c20_noise10,295,9040295,V5,1,1,1,0,"[[""a"", ""p""]]",0.455
power,c20_noise10,296,9040296,V6,1,1,1,0,"[[""a"", ""p""]]",0.251
power,c20_noise10,296,9040296,V5,1,1,1,0,"[[""a"", ""p""]]",0.458
power,c20_noise10,297,9040297,V6,0,0,0,0,[],0.241
power,c20_noise10,297,9040297,V5,0,0,0,0,[],0.397
power,c20_noise10,298,9040298,V6,1,1,1,0,"[[""a"", ""p""]]",0.264
power,c20_noise10,298,9040298,V5,1,1,1,0,"[[""a"", ""p""]]",0.443
power,c20_noise10,299,9040299,V6,1,1,1,0,"[[""a"", ""p""]]",0.236
power,c20_noise10,299,9040299,V5,1,1,1,0,"[[""a"", ""p""]]",0.422
power,c20_noise10,300,9040300,V6,0,0,0,0,[],0.194
power,c20_noise10,300,9040300,V5,0,0,0,0,[],0.404
power,c20_noise10,301,9040301,V6,1,1,1,0,"[[""a"", ""p""]]",0.22
power,c20_noise10,301,9040301,V5,1,1,1,0,"[[""a"", ""p""]]",0.42
power,c20_noise10,302,9040302,V6,1,1,1,0,"[[""a"", ""p""]]",0.2
power,c20_noise10,302,9040302,V5,1,1,1,0,"[[""a"", ""p""]]",0.37
power,c20_noise10,303,9040303,V6,1,1,1,0,"[[""a"", ""p""]]",0.204
power,c20_noise10,303,9040303,V5,1,1,1,0,"[[""a"", ""p""]]",0.384
power,c20_noise10,304,9040304,V6,1,1,1,0,"[[""a"", ""p""]]",0.217
power,c20_noise10,304,9040304,V5,0,0,0,0,[],0.382
power,c20_noise10,305,9040305,V6,0,0,0,0,[],0.184
power,c20_noise10,305,9040305,V5,0,0,0,0,[],0.41
power,c20_noise10,306,9040306,V6,1,1,1,0,"[[""a"", ""p""]]",0.199
power,c20_noise10,306,9040306,V5,1,1,1,0,"[[""a"", ""p""]]",0.414
power,c20_noise10,307,9040307,V6,1,2,1,1,"[[""z2""], [""a"", ""p""]]",0.227
power,c20_noise10,307,9040307,V5,1,2,1,1,"[[""z2""], [""a"", ""p""]]",0.44
power,c20_noise10,308,9040308,V6,1,1,1,0,"[[""a"", ""p""]]",0.186
power,c20_noise10,308,9040308,V5,1,1,1,0,"[[""a"", ""p""]]",0.382
power,c20_noise10,309,9040309,V6,1,1,1,0,"[[""a"", ""p""]]",0.235
power,c20_noise10,309,9040309,V5,1,1,1,0,"[[""a"", ""p""]]",0.438
power,c20_noise10,310,9040310,V6,1,1,1,0,"[[""a"", ""p""]]",0.195
power,c20_noise10,310,9040310,V5,1,1,1,0,"[[""a"", ""p""]]",0.424
power,c20_noise10,311,9040311,V6,0,0,0,0,[],0.229
power,c20_noise10,311,9040311,V5,0,0,0,0,[],0.425
power,c20_noise10,312,9040312,V6,1,1,1,0,"[[""a"", ""p""]]",0.214
power,c20_noise10,312,9040312,V5,1,1,1,0,"[[""a"", ""p""]]",0.505
power,c20_noise10,313,9040313,V6,1,1,1,0,"[[""a"", ""p""]]",0.203
power,c20_noise10,313,9040313,V5,1,1,1,0,"[[""a"", ""p""]]",0.489
power,c20_noise10,314,9040314,V6,1,1,1,0,"[[""a"", ""p""]]",0.254
power,c20_noise10,314,9040314,V5,1,1,1,0,"[[""a"", ""p""]]",0.484
power,c20_noise10,315,9040315,V6,1,1,1,0,"[[""a"", ""p""]]",0.269
power,c20_noise10,315,9040315,V5,1,1,1,0,"[[""a"", ""p""]]",0.494
power,c20_noise10,316,9040316,V6,0,0,0,0,[],0.326
power,c20_noise10,316,9040316,V5,0,0,0,0,[],0.426
power,c20_noise10,317,9040317,V6,1,1,1,0,"[[""a"", ""p""]]",0.297
power,c20_noise10,317,9040317,V5,0,0,0,0,[],0.439
power,c20_noise10,318,9040318,V6,0,0,0,0,[],0.257
power,c20_noise10,318,9040318,V5,0,0,0,0,[],0.461
power,c20_noise10,319,9040319,V6,0,0,0,0,[],0.285
power,c20_noise10,319,9040319,V5,0,0,0,0,[],0.426
power,c20_noise10,320,9040320,V6,0,0,0,0,[],0.256
power,c20_noise10,320,9040320,V5,0,0,0,0,[],0.44
power,c20_noise10,321,9040321,V6,0,0,0,0,[],0.245
power,c20_noise10,321,9040321,V5,0,0,0,0,[],0.452
power,c20_noise10,322,9040322,V6,0,0,0,0,[],0.211
power,c20_noise10,322,9040322,V5,0,0,0,0,[],0.447
power,c20_noise10,323,9040323,V6,1,1,1,0,"[[""a"", ""p""]]",0.186
power,c20_noise10,323,9040323,V5,0,0,0,0,[],0.434
power,c20_noise10,324,9040324,V6,0,0,0,0,[],0.197
power,c20_noise10,324,9040324,V5,0,0,0,0,[],0.493
power,c20_noise10,325,9040325,V6,0,0,0,0,[],0.27
power,c20_noise10,325,9040325,V5,0,0,0,0,[],0.439
power,c20_noise10,326,9040326,V6,0,0,0,0,[],0.254
power,c20_noise10,326,9040326,V5,0,0,0,0,[],0.426
power,c20_noise10,327,9040327,V6,1,1,1,0,"[[""a"", ""p""]]",0.302
power,c20_noise10,327,9040327,V5,1,1,1,0,"[[""a"", ""p""]]",0.441
power,c20_noise10,328,9040328,V6,1,1,1,0,"[[""a"", ""p""]]",0.233
power,c20_noise10,328,9040328,V5,1,1,1,0,"[[""a"", ""p""]]",0.447
power,c20_noise10,329,9040329,V6,0,0,0,0,[],0.248
power,c20_noise10,329,9040329,V5,0,0,0,0,[],0.463
power,c20_noise10,330,9040330,V6,1,1,1,0,"[[""a"", ""p""]]",0.244
power,c20_noise10,330,9040330,V5,1,1,1,0,"[[""a"", ""p""]]",0.448
power,c20_noise10,331,9040331,V6,1,1,1,0,"[[""a"", ""p""]]",0.242
power,c20_noise10,331,9040331,V5,1,1,1,0,"[[""a"", ""p""]]",0.45
power,c20_noise10,332,9040332,V6,0,0,0,0,[],0.234
power,c20_noise10,332,9040332,V5,1,1,1,0,"[[""a"", ""p""]]",0.42
power,c20_noise10,333,9040333,V6,0,0,0,0,[],0.247
power,c20_noise10,333,9040333,V5,0,0,0,0,[],0.391
power,c20_noise10,334,9040334,V6,0,0,0,0,[],0.246
power,c20_noise10,334,9040334,V5,0,0,0,0,[],0.415
power,c20_noise10,335,9040335,V6,0,0,0,0,[],0.183
power,c20_noise10,335,9040335,V5,0,0,0,0,[],0.445
power,c20_noise10,336,9040336,V6,0,0,0,0,[],0.237
power,c20_noise10,336,9040336,V5,0,0,0,0,[],0.455
power,c20_noise10,337,9040337,V6,0,0,0,0,[],0.203
power,c20_noise10,337,9040337,V5,0,0,0,0,[],0.456
power,c20_noise10,338,9040338,V6,1,1,1,0,"[[""a"", ""p""]]",0.184
power,c20_noise10,338,9040338,V5,1,1,1,0,"[[""a"", ""p""]]",0.414
power,c20_noise10,339,9040339,V6,1,1,1,0,"[[""a"", ""p""]]",0.217
power,c20_noise10,339,9040339,V5,1,1,1,0,"[[""a"", ""p""]]",0.425
power,c20_noise10,340,9040340,V6,0,0,0,0,[],0.225
power,c20_noise10,340,9040340,V5,0,0,0,0,[],0.402
power,c20_noise10,341,9040341,V6,1,1,1,0,"[[""a"", ""p""]]",0.244
power,c20_noise10,341,9040341,V5,1,1,1,0,"[[""a"", ""p""]]",0.461
power,c20_noise10,342,9040342,V6,1,1,1,0,"[[""a"", ""p""]]",0.233
power,c20_noise10,342,9040342,V5,0,0,0,0,[],0.459
power,c20_noise10,343,9040343,V6,0,0,0,0,[],0.221
power,c20_noise10,343,9040343,V5,0,0,0,0,[],0.455
power,c20_noise10,344,9040344,V6,1,1,1,0,"[[""a"", ""p""]]",0.187
power,c20_noise10,344,9040344,V5,0,0,0,0,[],0.455
power,c20_noise10,345,9040345,V6,0,0,0,0,[],0.231
power,c20_noise10,345,9040345,V5,0,0,0,0,[],0.491
power,c20_noise10,346,9040346,V6,1,1,1,0,"[[""a"", ""p""]]",0.251
power,c20_noise10,346,9040346,V5,1,1,1,0,"[[""a"", ""p""]]",0.457
power,c20_noise10,347,9040347,V6,0,0,0,0,[],0.211
power,c20_noise10,347,9040347,V5,0,0,0,0,[],0.46
power,c20_noise10,348,9040348,V6,1,1,1,0,"[[""a"", ""p""]]",0.239
power,c20_noise10,348,9040348,V5,1,1,1,0,"[[""a"", ""p""]]",0.439
power,c20_noise10,349,9040349,V6,0,0,0,0,[],0.222
power,c20_noise10,349,9040349,V5,0,0,0,0,[],0.454
power,c20_noise10,350,9040350,V6,1,1,1,0,"[[""a"", ""p""]]",0.244
power,c20_noise10,350,9040350,V5,0,0,0,0,[],0.489
power,c20_noise10,351,9040351,V6,1,1,1,0,"[[""a"", ""p""]]",0.258
power,c20_noise10,351,9040351,V5,0,0,0,0,[],0.43
power,c20_noise10,352,9040352,V6,0,0,0,0,[],0.248
power,c20_noise10,352,9040352,V5,0,0,0,0,[],0.404
power,c20_noise10,353,9040353,V6,0,0,0,0,[],0.222
power,c20_noise10,353,9040353,V5,0,0,0,0,[],0.414
power,c20_noise10,354,9040354,V6,1,1,1,0,"[[""a"", ""p""]]",0.205
power,c20_noise10,354,9040354,V5,1,1,1,0,"[[""a"", ""p""]]",0.445
power,c20_noise10,355,9040355,V6,0,0,0,0,[],0.193
power,c20_noise10,355,9040355,V5,0,0,0,0,[],0.422
power,c20_noise10,356,9040356,V6,1,1,1,0,"[[""a"", ""p""]]",0.207
power,c20_noise10,356,9040356,V5,1,1,1,0,"[[""a"", ""p""]]",0.44
power,c20_noise10,357,9040357,V6,1,1,1,0,"[[""a"", ""p""]]",0.246
power,c20_noise10,357,9040357,V5,1,1,1,0,"[[""a"", ""p""]]",0.476
power,c20_noise10,358,9040358,V6,0,0,0,0,[],0.242
power,c20_noise10,358,9040358,V5,0,0,0,0,[],0.398
power,c20_noise10,359,9040359,V6,0,0,0,0,[],0.201
power,c20_noise10,359,9040359,V5,0,0,0,0,[],0.421
power,c20_noise10,360,9040360,V6,1,2,1,1,"[[""a"", ""p""], [""x1""]]",0.243
power,c20_noise10,360,9040360,V5,1,1,1,0,"[[""a"", ""p""]]",0.497
power,c20_noise10,361,9040361,V6,1,1,1,0,"[[""a"", ""p""]]",0.199
power,c20_noise10,361,9040361,V5,1,1,1,0,"[[""a"", ""p""]]",0.422
power,c20_noise10,362,9040362,V6,0,0,0,0,[],0.195
power,c20_noise10,362,9040362,V5,1,1,1,0,"[[""a"", ""p""]]",0.465
power,c20_noise10,363,9040363,V6,0,0,0,0,[],0.281
power,c20_noise10,363,9040363,V5,0,0,0,0,[],0.441
power,c20_noise10,364,9040364,V6,1,1,1,0,"[[""a"", ""p""]]",0.191
power,c20_noise10,364,9040364,V5,1,1,1,0,"[[""a"", ""p""]]",0.461
power,c20_noise10,365,9040365,V6,0,0,0,0,[],0.249
power,c20_noise10,365,9040365,V5,0,0,0,0,[],0.487
power,c20_noise10,366,9040366,V6,1,1,1,0,"[[""a"", ""p""]]",0.252
power,c20_noise10,366,9040366,V5,1,1,1,0,"[[""a"", ""p""]]",0.516
power,c20_noise10,367,9040367,V6,0,0,0,0,[],0.255
power,c20_noise10,367,9040367,V5,1,1,1,0,"[[""a"", ""p""]]",0.51
power,c20_noise10,368,9040368,V6,1,1,1,0,"[[""a"", ""p""]]",0.259
power,c20_noise10,368,9040368,V5,1,1,1,0,"[[""a"", ""p""]]",0.438
power,c20_noise10,369,9040369,V6,0,0,0,0,[],0.216
power,c20_noise10,369,9040369,V5,0,0,0,0,[],0.468
power,c20_noise10,370,9040370,V6,0,0,0,0,[],0.242
power,c20_noise10,370,9040370,V5,0,0,0,0,[],0.453
power,c20_noise10,371,9040371,V6,1,1,1,0,"[[""a"", ""p""]]",0.27
power,c20_noise10,371,9040371,V5,0,0,0,0,[],0.515
power,c20_noise10,372,9040372,V6,0,0,0,0,[],0.309
power,c20_noise10,372,9040372,V5,0,0,0,0,[],0.403
power,c20_noise10,373,9040373,V6,1,1,1,0,"[[""a"", ""p""]]",0.26
power,c20_noise10,373,9040373,V5,1,1,1,0,"[[""a"", ""p""]]",0.458
power,c20_noise10,374,9040374,V6,0,0,0,0,[],0.193
power,c20_noise10,374,9040374,V5,0,0,0,0,[],0.457
power,c20_noise10,375,9040375,V6,1,1,1,0,"[[""a"", ""p""]]",0.283
power,c20_noise10,375,9040375,V5,0,0,0,0,[],0.566
power,c20_noise10,376,9040376,V6,0,0,0,0,[],0.236
power,c20_noise10,376,9040376,V5,0,0,0,0,[],0.532
power,c20_noise10,377,9040377,V6,1,1,1,0,"[[""a"", ""p""]]",0.261
power,c20_noise10,377,9040377,V5,1,1,1,0,"[[""a"", ""p""]]",0.402
power,c20_noise10,378,9040378,V6,1,1,1,0,"[[""a"", ""p""]]",0.275
power,c20_noise10,378,9040378,V5,1,1,1,0,"[[""a"", ""p""]]",0.362
power,c20_noise10,379,9040379,V6,0,0,0,0,[],0.228
power,c20_noise10,379,9040379,V5,0,0,0,0,[],0.424
power,c20_noise10,380,9040380,V6,0,0,0,0,[],0.219
power,c20_noise10,380,9040380,V5,0,0,0,0,[],0.396
power,c20_noise10,381,9040381,V6,1,1,1,0,"[[""a"", ""p""]]",0.22
power,c20_noise10,381,9040381,V5,1,1,1,0,"[[""a"", ""p""]]",0.592
power,c20_noise10,382,9040382,V6,0,0,0,0,[],0.219
power,c20_noise10,382,9040382,V5,0,0,0,0,[],0.53
power,c20_noise10,383,9040383,V6,0,0,0,0,[],0.245
power,c20_noise10,383,9040383,V5,0,0,0,0,[],0.529
power,c20_noise10,384,9040384,V6,0,0,0,0,[],0.229
power,c20_noise10,384,9040384,V5,1,2,1,1,"[[""z4""], [""a"", ""p""]]",0.519
power,c20_noise10,385,9040385,V6,1,1,1,0,"[[""a"", ""p""]]",0.28
power,c20_noise10,385,9040385,V5,0,0,0,0,[],0.527
power,c20_noise10,386,9040386,V6,1,1,1,0,"[[""a"", ""p""]]",0.35
power,c20_noise10,386,9040386,V5,1,1,1,0,"[[""a"", ""p""]]",0.491
power,c20_noise10,387,9040387,V6,1,1,1,0,"[[""a"", ""p""]]",0.309
power,c20_noise10,387,9040387,V5,1,1,1,0,"[[""a"", ""p""]]",0.405
power,c20_noise10,388,9040388,V6,0,0,0,0,[],0.308
power,c20_noise10,388,9040388,V5,0,0,0,0,[],0.395
power,c20_noise10,389,9040389,V6,0,0,0,0,[],0.331
power,c20_noise10,389,9040389,V5,0,0,0,0,[],0.482
power,c20_noise10,390,9040390,V6,1,1,1,0,"[[""a"", ""p""]]",0.367
power,c20_noise10,390,9040390,V5,0,0,0,0,[],0.478
power,c20_noise10,391,9040391,V6,1,1,1,0,"[[""a"", ""p""]]",0.208
power,c20_noise10,391,9040391,V5,0,0,0,0,[],0.479
power,c20_noise10,392,9040392,V6,1,1,1,0,"[[""a"", ""p""]]",0.229
power,c20_noise10,392,9040392,V5,1,1,1,0,"[[""a"", ""p""]]",0.412
power,c20_noise10,393,9040393,V6,0,0,0,0,[],0.244
power,c20_noise10,393,9040393,V5,0,0,0,0,[],0.376
power,c20_noise10,394,9040394,V6,0,0,0,0,[],0.225
power,c20_noise10,394,9040394,V5,0,0,0,0,[],0.366
power,c20_noise10,395,9040395,V6,0,0,0,0,[],0.199
power,c20_noise10,395,9040395,V5,0,0,0,0,[],0.433
power,c20_noise10,396,9040396,V6,0,0,0,0,[],0.214
power,c20_noise10,396,9040396,V5,0,0,0,0,[],0.471
power,c20_noise10,397,9040397,V6,0,0,0,0,[],0.22
power,c20_noise10,397,9040397,V5,0,0,0,0,[],0.494
power,c20_noise10,398,9040398,V6,0,0,0,0,[],0.222
power,c20_noise10,398,9040398,V5,0,0,0,0,[],0.45
power,c20_noise10,399,9040399,V6,0,0,0,0,[],0.214
power,c20_noise10,399,9040399,V5,0,0,0,0,[],0.509
power,c20_noise10,400,9040400,V6,0,0,0,0,[],0.197
power,c20_noise10,400,9040400,V5,0,0,0,0,[],0.46
power,c20_noise10,401,9040401,V6,0,0,0,0,[],0.183
power,c20_noise10,401,9040401,V5,0,0,0,0,[],0.449
power,c20_noise10,402,9040402,V6,0,0,0,0,[],0.246
power,c20_noise10,402,9040402,V5,0,0,0,0,[],0.502
power,c20_noise10,403,9040403,V6,0,0,0,0,[],0.222
power,c20_noise10,403,9040403,V5,0,0,0,0,[],0.449
power,c20_noise10,404,9040404,V6,1,1,1,0,"[[""a"", ""p""]]",0.258
power,c20_noise10,404,9040404,V5,0,0,0,0,[],0.504
power,c20_noise10,405,9040405,V6,1,1,1,0,"[[""a"", ""p""]]",0.256
power,c20_noise10,405,9040405,V5,1,1,1,0,"[[""a"", ""p""]]",0.463
power,c20_noise10,406,9040406,V6,1,1,1,0,"[[""a"", ""p""]]",0.214
power,c20_noise10,406,9040406,V5,0,0,0,0,[],0.544
power,c20_noise10,407,9040407,V6,0,0,0,0,[],0.271
power,c20_noise10,407,9040407,V5,0,0,0,0,[],0.491
power,c20_noise10,408,9040408,V6,1,1,1,0,"[[""a"", ""p""]]",0.278
power,c20_noise10,408,9040408,V5,1,1,1,0,"[[""a"", ""p""]]",0.507
power,c20_noise10,409,9040409,V6,0,0,0,0,[],0.237
power,c20_noise10,409,9040409,V5,0,0,0,0,[],0.468
power,c20_noise10,410,9040410,V6,1,1,1,0,"[[""a"", ""p""]]",0.245
power,c20_noise10,410,9040410,V5,1,1,1,0,"[[""a"", ""p""]]",0.462
power,c20_noise10,411,9040411,V6,0,0,0,0,[],0.27
power,c20_noise10,411,9040411,V5,0,0,0,0,[],0.499
power,c20_noise10,412,9040412,V6,0,0,0,0,[],0.281
power,c20_noise10,412,9040412,V5,0,0,0,0,[],0.454
power,c20_noise10,413,9040413,V6,0,0,0,0,[],0.257
power,c20_noise10,413,9040413,V5,0,0,0,0,[],0.438
power,c20_noise10,414,9040414,V6,0,0,0,0,[],0.225
power,c20_noise10,414,9040414,V5,1,1,1,0,"[[""a"", ""p""]]",0.505
power,c20_noise10,415,9040415,V6,0,0,0,0,[],0.29
power,c20_noise10,415,9040415,V5,0,0,0,0,[],0.435
power,c20_noise10,416,9040416,V6,1,1,1,0,"[[""a"", ""p""]]",0.275
power,c20_noise10,416,9040416,V5,1,1,1,0,"[[""a"", ""p""]]",0.48
power,c20_noise10,417,9040417,V6,1,1,1,0,"[[""a"", ""p""]]",0.24
power,c20_noise10,417,9040417,V5,1,1,1,0,"[[""a"", ""p""]]",0.39
power,c20_noise10,418,9040418,V6,1,2,1,1,"[[""a"", ""p""], [""x4""]]",0.264
power,c20_noise10,418,9040418,V5,0,0,0,0,[],0.384
power,c20_noise10,419,9040419,V6,0,0,0,0,[],0.247
power,c20_noise10,419,9040419,V5,0,0,0,0,[],0.403
power,c20_noise10,420,9040420,V6,1,1,1,0,"[[""a"", ""p""]]",0.251
power,c20_noise10,420,9040420,V5,1,1,1,0,"[[""a"", ""p""]]",0.436
power,c20_noise10,421,9040421,V6,1,1,1,0,"[[""a"", ""p""]]",0.238
power,c20_noise10,421,9040421,V5,0,0,0,0,[],0.491
power,c20_noise10,422,9040422,V6,0,0,0,0,[],0.207
power,c20_noise10,422,9040422,V5,0,0,0,0,[],0.374
power,c20_noise10,423,9040423,V6,1,1,1,0,"[[""a"", ""p""]]",0.24
power,c20_noise10,423,9040423,V5,1,1,1,0,"[[""a"", ""p""]]",0.462
power,c20_noise10,424,9040424,V6,0,0,0,0,[],0.226
power,c20_noise10,424,9040424,V5,0,0,0,0,[],0.382
power,c20_noise10,425,9040425,V6,1,1,1,0,"[[""a"", ""p""]]",0.174
power,c20_noise10,425,9040425,V5,1,1,1,0,"[[""a"", ""p""]]",0.454
power,c20_noise10,426,9040426,V6,0,0,0,0,[],0.201
power,c20_noise10,426,9040426,V5,0,0,0,0,[],0.477
power,c20_noise10,427,9040427,V6,1,1,1,0,"[[""a"", ""p""]]",0.206
power,c20_noise10,427,9040427,V5,1,1,1,0,"[[""a"", ""p""]]",0.463
power,c20_noise10,428,9040428,V6,0,0,0,0,[],0.194
power,c20_noise10,428,9040428,V5,0,0,0,0,[],0.434
power,c20_noise10,429,9040429,V6,0,0,0,0,[],0.226
power,c20_noise10,429,9040429,V5,0,0,0,0,[],0.485
power,c20_noise10,430,9040430,V6,1,1,1,0,"[[""a"", ""p""]]",0.197
power,c20_noise10,430,9040430,V5,1,1,1,0,"[[""a"", ""p""]]",0.453
power,c20_noise10,431,9040431,V6,0,0,0,0,[],0.196
power,c20_noise10,431,9040431,V5,0,0,0,0,[],0.485
power,c20_noise10,432,9040432,V6,0,0,0,0,[],0.25
power,c20_noise10,432,9040432,V5,0,0,0,0,[],0.44
power,c20_noise10,433,9040433,V6,1,1,1,0,"[[""a"", ""p""]]",0.242
power,c20_noise10,433,9040433,V5,1,1,1,0,"[[""a"", ""p""]]",0.433
power,c20_noise10,434,9040434,V6,0,0,0,0,[],0.231
power,c20_noise10,434,9040434,V5,0,0,0,0,[],0.458
power,c20_noise10,435,9040435,V6,0,0,0,0,[],0.209
power,c20_noise10,435,9040435,V5,0,0,0,0,[],0.421
power,c20_noise10,436,9040436,V6,0,0,0,0,[],0.204
power,c20_noise10,436,9040436,V5,0,0,0,0,[],0.49
power,c20_noise10,437,9040437,V6,0,0,0,0,[],0.233
power,c20_noise10,437,9040437,V5,0,0,0,0,[],0.467
power,c20_noise10,438,9040438,V6,0,0,0,0,[],0.233
power,c20_noise10,438,9040438,V5,0,0,0,0,[],0.443
power,c20_noise10,439,9040439,V6,0,0,0,0,[],0.237
power,c20_noise10,439,9040439,V5,0,0,0,0,[],0.436
power,c20_noise10,440,9040440,V6,0,0,0,0,[],0.237
power,c20_noise10,440,9040440,V5,0,0,0,0,[],0.466
power,c20_noise10,441,9040441,V6,0,0,0,0,[],0.26
power,c20_noise10,441,9040441,V5,0,0,0,0,[],0.432
power,c20_noise10,442,9040442,V6,0,0,0,0,[],0.269
power,c20_noise10,442,9040442,V5,0,0,0,0,[],0.457
power,c20_noise10,443,9040443,V6,1,1,1,0,"[[""a"", ""p""]]",0.21
power,c20_noise10,443,9040443,V5,1,1,1,0,"[[""a"", ""p""]]",0.428
power,c20_noise10,444,9040444,V6,1,1,1,0,"[[""a"", ""p""]]",0.266
power,c20_noise10,444,9040444,V5,1,2,1,1,"[[""z3""], [""a"", ""p""]]",0.397
power,c20_noise10,445,9040445,V6,0,0,0,0,[],0.224
power,c20_noise10,445,9040445,V5,0,0,0,0,[],0.572
power,c20_noise10,446,9040446,V6,0,0,0,0,[],0.222
power,c20_noise10,446,9040446,V5,0,0,0,0,[],0.474
power,c20_noise10,447,9040447,V6,0,0,0,0,[],0.278
power,c20_noise10,447,9040447,V5,0,0,0,0,[],0.516
power,c20_noise10,448,9040448,V6,1,2,1,1,"[[""x4""], [""a"", ""p""]]",0.229
power,c20_noise10,448,9040448,V5,1,2,1,1,"[[""x4""], [""a"", ""p""]]",0.455
power,c20_noise10,449,9040449,V6,0,0,0,0,[],0.203
power,c20_noise10,449,9040449,V5,1,1,1,0,"[[""a"", ""p""]]",0.52
power,c20_noise10,450,9040450,V6,1,1,1,0,"[[""a"", ""p""]]",0.25
power,c20_noise10,450,9040450,V5,1,1,1,0,"[[""a"", ""p""]]",0.564
power,c20_noise10,451,9040451,V6,0,0,0,0,[],0.188
power,c20_noise10,451,9040451,V5,0,0,0,0,[],0.564
power,c20_noise10,452,9040452,V6,0,0,0,0,[],0.207
power,c20_noise10,452,9040452,V5,0,0,0,0,[],0.544
power,c20_noise10,453,9040453,V6,0,0,0,0,[],0.222
power,c20_noise10,453,9040453,V5,0,0,0,0,[],0.479
power,c20_noise10,454,9040454,V6,1,1,1,0,"[[""a"", ""p""]]",0.288
power,c20_noise10,454,9040454,V5,1,1,1,0,"[[""a"", ""p""]]",0.471
power,c20_noise10,455,9040455,V6,0,0,0,0,[],0.269
power,c20_noise10,455,9040455,V5,0,0,0,0,[],0.526
power,c20_noise10,456,9040456,V6,1,1,1,0,"[[""a"", ""p""]]",0.179
power,c20_noise10,456,9040456,V5,1,1,1,0,"[[""a"", ""p""]]",0.491
power,c20_noise10,457,9040457,V6,0,0,0,0,[],0.218
power,c20_noise10,457,9040457,V5,0,0,0,0,[],0.551
power,c20_noise10,458,9040458,V6,0,0,0,0,[],0.198
power,c20_noise10,458,9040458,V5,0,0,0,0,[],0.44
power,c20_noise10,459,9040459,V6,0,0,0,0,[],0.248
power,c20_noise10,459,9040459,V5,1,1,1,0,"[[""a"", ""p""]]",0.536
power,c20_noise10,460,9040460,V6,0,0,0,0,[],0.321
power,c20_noise10,460,9040460,V5,0,0,0,0,[],0.5
power,c20_noise10,461,9040461,V6,1,1,1,0,"[[""a"", ""p""]]",0.306
power,c20_noise10,461,9040461,V5,1,1,1,0,"[[""a"", ""p""]]",0.539
power,c20_noise10,462,9040462,V6,1,1,1,0,"[[""a"", ""p""]]",0.256
power,c20_noise10,462,9040462,V5,1,1,1,0,"[[""a"", ""p""]]",0.491
power,c20_noise10,463,9040463,V6,1,1,1,0,"[[""a"", ""p""]]",0.213
power,c20_noise10,463,9040463,V5,0,0,0,0,[],0.476
power,c20_noise10,464,9040464,V6,0,0,0,0,[],0.249
power,c20_noise10,464,9040464,V5,0,0,0,0,[],0.505
power,c20_noise10,465,9040465,V6,1,1,1,0,"[[""a"", ""p""]]",0.228
power,c20_noise10,465,9040465,V5,1,1,1,0,"[[""a"", ""p""]]",0.427
power,c20_noise10,466,9040466,V6,1,1,1,0,"[[""a"", ""p""]]",0.218
power,c20_noise10,466,9040466,V5,1,1,1,0,"[[""a"", ""p""]]",0.386
power,c20_noise10,467,9040467,V6,0,0,0,0,[],0.208
power,c20_noise10,467,9040467,V5,0,0,0,0,[],0.378
power,c20_noise10,468,9040468,V6,0,0,0,0,[],0.216
power,c20_noise10,468,9040468,V5,0,0,0,0,[],0.427
power,c20_noise10,469,9040469,V6,1,1,0,1,"[[""z2""]]",0.207
power,c20_noise10,469,9040469,V5,1,1,0,1,"[[""z2""]]",0.428
power,c20_noise10,470,9040470,V6,0,0,0,0,[],0.264
power,c20_noise10,470,9040470,V5,0,0,0,0,[],0.416
power,c20_noise10,471,9040471,V6,0,0,0,0,[],0.218
power,c20_noise10,471,9040471,V5,1,1,1,0,"[[""a"", ""p""]]",0.47
power,c20_noise10,472,9040472,V6,0,0,0,0,[],0.176
power,c20_noise10,472,9040472,V5,0,0,0,0,[],0.406
power,c20_noise10,473,9040473,V6,1,1,1,0,"[[""a"", ""p""]]",0.258
power,c20_noise10,473,9040473,V5,1,1,1,0,"[[""a"", ""p""]]",0.511
power,c20_noise10,474,9040474,V6,0,0,0,0,[],0.255
power,c20_noise10,474,9040474,V5,0,0,0,0,[],0.493
power,c20_noise10,475,9040475,V6,0,0,0,0,[],0.225
power,c20_noise10,475,9040475,V5,1,1,1,0,"[[""a"", ""p""]]",0.567
power,c20_noise10,476,9040476,V6,1,1,1,0,"[[""a"", ""p""]]",0.248
power,c20_noise10,476,9040476,V5,1,1,1,0,"[[""a"", ""p""]]",0.486
power,c20_noise10,477,9040477,V6,1,1,1,0,"[[""a"", ""p""]]",0.191
power,c20_noise10,477,9040477,V5,1,1,1,0,"[[""a"", ""p""]]",0.594
power,c20_noise10,478,9040478,V6,0,0,0,0,[],0.218
power,c20_noise10,478,9040478,V5,0,0,0,0,[],0.532
power,c20_noise10,479,9040479,V6,1,1,1,0,"[[""a"", ""p""]]",0.301
power,c20_noise10,479,9040479,V5,1,1,1,0,"[[""a"", ""p""]]",0.421
power,c20_noise10,480,9040480,V6,1,1,1,0,"[[""a"", ""p""]]",0.313
power,c20_noise10,480,9040480,V5,1,1,1,0,"[[""a"", ""p""]]",0.467
power,c20_noise10,481,9040481,V6,0,0,0,0,[],0.348
power,c20_noise10,481,9040481,V5,0,0,0,0,[],0.43
power,c20_noise10,482,9040482,V6,0,0,0,0,[],0.246
power,c20_noise10,482,9040482,V5,0,0,0,0,[],0.459
power,c20_noise10,483,9040483,V6,1,1,1,0,"[[""a"", ""p""]]",0.24
power,c20_noise10,483,9040483,V5,1,1,1,0,"[[""a"", ""p""]]",0.382
power,c20_noise10,484,9040484,V6,1,1,1,0,"[[""a"", ""p""]]",0.208
power,c20_noise10,484,9040484,V5,1,1,1,0,"[[""a"", ""p""]]",0.402
power,c20_noise10,485,9040485,V6,0,0,0,0,[],0.192
power,c20_noise10,485,9040485,V5,0,0,0,0,[],0.389
power,c20_noise10,486,9040486,V6,0,0,0,0,[],0.229
power,c20_noise10,486,9040486,V5,0,0,0,0,[],0.419
power,c20_noise10,487,9040487,V6,0,0,0,0,[],0.239
power,c20_noise10,487,9040487,V5,0,0,0,0,[],0.46
power,c20_noise10,488,9040488,V6,0,0,0,0,[],0.214
power,c20_noise10,488,9040488,V5,0,0,0,0,[],0.515
power,c20_noise10,489,9040489,V6,1,1,1,0,"[[""a"", ""p""]]",0.205
power,c20_noise10,489,9040489,V5,1,1,1,0,"[[""a"", ""p""]]",0.402
power,c20_noise10,490,9040490,V6,1,1,1,0,"[[""a"", ""p""]]",0.265
power,c20_noise10,490,9040490,V5,1,1,1,0,"[[""a"", ""p""]]",0.401
power,c20_noise10,491,9040491,V6,1,1,1,0,"[[""a"", ""p""]]",0.214
power,c20_noise10,491,9040491,V5,1,1,1,0,"[[""a"", ""p""]]",0.487
power,c20_noise10,492,9040492,V6,0,0,0,0,[],0.203
power,c20_noise10,492,9040492,V5,0,0,0,0,[],0.414
power,c20_noise10,493,9040493,V6,1,1,1,0,"[[""a"", ""p""]]",0.19
power,c20_noise10,493,9040493,V5,1,1,1,0,"[[""a"", ""p""]]",0.52
power,c20_noise10,494,9040494,V6,0,0,0,0,[],0.228
power,c20_noise10,494,9040494,V5,0,0,0,0,[],0.425
power,c20_noise10,495,9040495,V6,1,1,1,0,"[[""a"", ""p""]]",0.177
power,c20_noise10,495,9040495,V5,1,1,1,0,"[[""a"", ""p""]]",0.389
power,c20_noise10,496,9040496,V6,0,0,0,0,[],0.198
power,c20_noise10,496,9040496,V5,0,0,0,0,[],0.492
power,c20_noise10,497,9040497,V6,0,0,0,0,[],0.213
power,c20_noise10,497,9040497,V5,0,0,0,0,[],0.42
power,c20_noise10,498,9040498,V6,1,1,1,0,"[[""a"", ""p""]]",0.181
power,c20_noise10,498,9040498,V5,1,1,1,0,"[[""a"", ""p""]]",0.464
power,c20_noise10,499,9040499,V6,1,1,1,0,"[[""a"", ""p""]]",0.273
power,c20_noise10,499,9040499,V5,1,1,1,0,"[[""a"", ""p""]]",0.485
power,c20_noise30,0,9050000,V6,0,0,0,0,[],0.245
power,c20_noise30,0,9050000,V5,0,0,0,0,[],0.536
power,c20_noise30,1,9050001,V6,1,1,1,0,"[[""a""]]",0.248
power,c20_noise30,1,9050001,V5,1,1,1,0,"[[""a""]]",0.517
power,c20_noise30,2,9050002,V6,0,0,0,0,[],0.221
power,c20_noise30,2,9050002,V5,1,1,1,0,"[[""a""]]",0.44
power,c20_noise30,3,9050003,V6,0,0,0,0,[],0.207
power,c20_noise30,3,9050003,V5,0,0,0,0,[],0.485
power,c20_noise30,4,9050004,V6,1,1,1,0,"[[""a""]]",0.256
power,c20_noise30,4,9050004,V5,0,0,0,0,[],0.564
power,c20_noise30,5,9050005,V6,0,0,0,0,[],0.243
power,c20_noise30,5,9050005,V5,0,0,0,0,[],0.505
power,c20_noise30,6,9050006,V6,1,2,1,1,"[[""a""], [""p""]]",0.236
power,c20_noise30,6,9050006,V5,1,2,1,1,"[[""a""], [""p""]]",0.517
power,c20_noise30,7,9050007,V6,0,0,0,0,[],0.221
power,c20_noise30,7,9050007,V5,0,0,0,0,[],0.476
power,c20_noise30,8,9050008,V6,1,1,1,0,"[[""a""]]",0.235
power,c20_noise30,8,9050008,V5,0,0,0,0,[],0.421
power,c20_noise30,9,9050009,V6,1,1,1,0,"[[""a""]]",0.31
power,c20_noise30,9,9050009,V5,1,1,1,0,"[[""a""]]",0.422
power,c20_noise30,10,9050010,V6,0,0,0,0,[],0.214
power,c20_noise30,10,9050010,V5,0,0,0,0,[],0.462
power,c20_noise30,11,9050011,V6,1,2,1,1,"[[""a""], [""p""]]",0.19
power,c20_noise30,11,9050011,V5,1,2,1,1,"[[""a""], [""p""]]",0.472
power,c20_noise30,12,9050012,V6,1,1,1,0,"[[""a""]]",0.208
power,c20_noise30,12,9050012,V5,1,1,1,0,"[[""a""]]",0.426
power,c20_noise30,13,9050013,V6,0,0,0,0,[],0.199
power,c20_noise30,13,9050013,V5,0,0,0,0,[],0.472
power,c20_noise30,14,9050014,V6,0,0,0,0,[],0.239
power,c20_noise30,14,9050014,V5,0,0,0,0,[],0.446
power,c20_noise30,15,9050015,V6,1,2,1,1,"[[""a""], [""p""]]",0.203
power,c20_noise30,15,9050015,V5,1,1,1,0,"[[""a""]]",0.419
power,c20_noise30,16,9050016,V6,1,1,1,0,"[[""a""]]",0.226
power,c20_noise30,16,9050016,V5,1,1,1,0,"[[""a""]]",0.487
power,c20_noise30,17,9050017,V6,1,1,1,0,"[[""a""]]",0.228
power,c20_noise30,17,9050017,V5,1,1,1,0,"[[""a""]]",0.459
power,c20_noise30,18,9050018,V6,1,1,1,0,"[[""a""]]",0.249
power,c20_noise30,18,9050018,V5,1,1,1,0,"[[""a""]]",0.508
power,c20_noise30,19,9050019,V6,0,0,0,0,[],0.216
power,c20_noise30,19,9050019,V5,0,0,0,0,[],0.43
power,c20_noise30,20,9050020,V6,1,1,1,0,"[[""a""]]",0.235
power,c20_noise30,20,9050020,V5,1,1,1,0,"[[""a""]]",0.452
power,c20_noise30,21,9050021,V6,0,0,0,0,[],0.219
power,c20_noise30,21,9050021,V5,0,0,0,0,[],0.423
power,c20_noise30,22,9050022,V6,0,0,0,0,[],0.288
power,c20_noise30,22,9050022,V5,0,0,0,0,[],0.409
power,c20_noise30,23,9050023,V6,1,1,1,0,"[[""a""]]",0.247
power,c20_noise30,23,9050023,V5,1,1,1,0,"[[""a""]]",0.428
power,c20_noise30,24,9050024,V6,1,1,1,0,"[[""a""]]",0.262
power,c20_noise30,24,9050024,V5,1,2,1,1,"[[""a""], [""z2""]]",0.433
power,c20_noise30,25,9050025,V6,1,1,1,0,"[[""a""]]",0.203
power,c20_noise30,25,9050025,V5,1,1,1,0,"[[""a""]]",0.456
power,c20_noise30,26,9050026,V6,1,1,1,0,"[[""a""]]",0.222
power,c20_noise30,26,9050026,V5,1,1,1,0,"[[""a""]]",0.441
power,c20_noise30,27,9050027,V6,1,1,1,0,"[[""a""]]",0.249
power,c20_noise30,27,9050027,V5,1,1,1,0,"[[""a""]]",0.401
power,c20_noise30,28,9050028,V6,0,0,0,0,[],0.266
power,c20_noise30,28,9050028,V5,0,0,0,0,[],0.46
power,c20_noise30,29,9050029,V6,1,1,1,0,"[[""a""]]",0.192
power,c20_noise30,29,9050029,V5,1,1,1,0,"[[""a""]]",0.43
power,c20_noise30,30,9050030,V6,0,0,0,0,[],0.159
power,c20_noise30,30,9050030,V5,0,0,0,0,[],0.402
power,c20_noise30,31,9050031,V6,0,0,0,0,[],0.206
power,c20_noise30,31,9050031,V5,0,0,0,0,[],0.389
power,c20_noise30,32,9050032,V6,1,1,1,0,"[[""a""]]",0.215
power,c20_noise30,32,9050032,V5,1,1,1,0,"[[""a""]]",0.362
power,c20_noise30,33,9050033,V6,1,1,1,0,"[[""a""]]",0.191
power,c20_noise30,33,9050033,V5,0,0,0,0,[],0.388
power,c20_noise30,34,9050034,V6,1,1,1,0,"[[""a""]]",0.185
power,c20_noise30,34,9050034,V5,1,1,1,0,"[[""a""]]",0.477
power,c20_noise30,35,9050035,V6,1,1,1,0,"[[""a""]]",0.226
power,c20_noise30,35,9050035,V5,1,1,1,0,"[[""a""]]",0.367
power,c20_noise30,36,9050036,V6,0,0,0,0,[],0.159
power,c20_noise30,36,9050036,V5,0,0,0,0,[],0.428
power,c20_noise30,37,9050037,V6,1,1,1,0,"[[""a""]]",0.235
power,c20_noise30,37,9050037,V5,1,1,1,0,"[[""a""]]",0.418
power,c20_noise30,38,9050038,V6,1,1,1,0,"[[""a""]]",0.186
power,c20_noise30,38,9050038,V5,1,1,1,0,"[[""a""]]",0.417
power,c20_noise30,39,9050039,V6,1,1,1,0,"[[""a""]]",0.271
power,c20_noise30,39,9050039,V5,1,1,1,0,"[[""a""]]",0.508
power,c20_noise30,40,9050040,V6,0,0,0,0,[],0.282
power,c20_noise30,40,9050040,V5,0,0,0,0,[],0.501
power,c20_noise30,41,9050041,V6,0,0,0,0,[],0.195
power,c20_noise30,41,9050041,V5,0,0,0,0,[],0.454
power,c20_noise30,42,9050042,V6,0,0,0,0,[],0.206
power,c20_noise30,42,9050042,V5,0,0,0,0,[],0.518
power,c20_noise30,43,9050043,V6,1,2,1,1,"[[""a""], [""p""]]",0.221
power,c20_noise30,43,9050043,V5,1,2,1,1,"[[""a""], [""p""]]",0.586
power,c20_noise30,44,9050044,V6,1,1,1,0,"[[""a""]]",0.213
power,c20_noise30,44,9050044,V5,1,1,1,0,"[[""a""]]",0.506
power,c20_noise30,45,9050045,V6,1,1,1,0,"[[""a""]]",0.265
power,c20_noise30,45,9050045,V5,1,1,1,0,"[[""a""]]",0.524
power,c20_noise30,46,9050046,V6,0,0,0,0,[],0.255
power,c20_noise30,46,9050046,V5,1,1,1,0,"[[""a""]]",0.528
power,c20_noise30,47,9050047,V6,1,1,1,0,"[[""a""]]",0.263
power,c20_noise30,47,9050047,V5,1,1,1,0,"[[""a""]]",0.473
power,c20_noise30,48,9050048,V6,1,1,1,0,"[[""a""]]",0.302
power,c20_noise30,48,9050048,V5,1,2,1,1,"[[""x3""], [""a""]]",0.518
power,c20_noise30,49,9050049,V6,0,0,0,0,[],0.237
power,c20_noise30,49,9050049,V5,0,0,0,0,[],0.512
power,c20_noise30,50,9050050,V6,0,0,0,0,[],0.258
power,c20_noise30,50,9050050,V5,0,0,0,0,[],0.457
power,c20_noise30,51,9050051,V6,1,1,1,0,"[[""a""]]",0.199
power,c20_noise30,51,9050051,V5,1,1,1,0,"[[""a""]]",0.511
power,c20_noise30,52,9050052,V6,0,0,0,0,[],0.212
power,c20_noise30,52,9050052,V5,0,0,0,0,[],0.462
power,c20_noise30,53,9050053,V6,1,1,1,0,"[[""a""]]",0.223
power,c20_noise30,53,9050053,V5,0,0,0,0,[],0.52
power,c20_noise30,54,9050054,V6,1,1,1,0,"[[""a""]]",0.251
power,c20_noise30,54,9050054,V5,1,1,1,0,"[[""a""]]",0.477
power,c20_noise30,55,9050055,V6,1,1,1,0,"[[""a""]]",0.234
power,c20_noise30,55,9050055,V5,1,1,1,0,"[[""a""]]",0.495
power,c20_noise30,56,9050056,V6,1,1,1,0,"[[""a""]]",0.236
power,c20_noise30,56,9050056,V5,0,0,0,0,[],0.456
power,c20_noise30,57,9050057,V6,0,0,0,0,[],0.225
power,c20_noise30,57,9050057,V5,0,0,0,0,[],0.514
power,c20_noise30,58,9050058,V6,0,0,0,0,[],0.241
power,c20_noise30,58,9050058,V5,0,0,0,0,[],0.496
power,c20_noise30,59,9050059,V6,0,0,0,0,[],0.245
power,c20_noise30,59,9050059,V5,0,0,0,0,[],0.487
power,c20_noise30,60,9050060,V6,0,0,0,0,[],0.278
power,c20_noise30,60,9050060,V5,0,0,0,0,[],0.497
power,c20_noise30,61,9050061,V6,1,1,1,0,"[[""a""]]",0.253
power,c20_noise30,61,9050061,V5,1,1,1,0,"[[""a""]]",0.55
power,c20_noise30,62,9050062,V6,1,1,1,0,"[[""a""]]",0.251
power,c20_noise30,62,9050062,V5,0,0,0,0,[],0.536
power,c20_noise30,63,9050063,V6,1,1,1,0,"[[""a""]]",0.347
power,c20_noise30,63,9050063,V5,1,1,1,0,"[[""a""]]",0.366
power,c20_noise30,64,9050064,V6,0,0,0,0,[],0.245
power,c20_noise30,64,9050064,V5,1,1,1,0,"[[""a""]]",0.41
power,c20_noise30,65,9050065,V6,1,1,1,0,"[[""a""]]",0.229
power,c20_noise30,65,9050065,V5,1,1,1,0,"[[""a""]]",0.38
power,c20_noise30,66,9050066,V6,0,0,0,0,[],0.204
power,c20_noise30,66,9050066,V5,0,0,0,0,[],0.351
power,c20_noise30,67,9050067,V6,1,1,1,0,"[[""a""]]",0.188
power,c20_noise30,67,9050067,V5,1,1,1,0,"[[""a""]]",0.466
power,c20_noise30,68,9050068,V6,0,0,0,0,[],0.183
power,c20_noise30,68,9050068,V5,0,0,0,0,[],0.547
power,c20_noise30,69,9050069,V6,0,0,0,0,[],0.186
power,c20_noise30,69,9050069,V5,0,0,0,0,[],0.524
power,c20_noise30,70,9050070,V6,1,2,1,1,"[[""p""], [""a""]]",0.199
power,c20_noise30,70,9050070,V5,1,1,1,0,"[[""a""]]",0.551
power,c20_noise30,71,9050071,V6,1,1,1,0,"[[""a""]]",0.254
power,c20_noise30,71,9050071,V5,1,1,1,0,"[[""a""]]",0.484
power,c20_noise30,72,9050072,V6,1,1,1,0,"[[""a""]]",0.254
power,c20_noise30,72,9050072,V5,0,0,0,0,[],0.518
power,c20_noise30,73,9050073,V6,1,2,1,1,"[[""a""], [""p""]]",0.251
power,c20_noise30,73,9050073,V5,1,2,1,1,"[[""a""], [""p""]]",0.485
power,c20_noise30,74,9050074,V6,1,1,1,0,"[[""a""]]",0.217
power,c20_noise30,74,9050074,V5,0,0,0,0,[],0.472
power,c20_noise30,75,9050075,V6,1,1,1,0,"[[""a""]]",0.28
power,c20_noise30,75,9050075,V5,1,1,1,0,"[[""a""]]",0.496
power,c20_noise30,76,9050076,V6,0,0,0,0,[],0.331
power,c20_noise30,76,9050076,V5,0,0,0,0,[],0.412
power,c20_noise30,77,9050077,V6,1,1,1,0,"[[""a""]]",0.244
power,c20_noise30,77,9050077,V5,1,1,1,0,"[[""a""]]",0.471
power,c20_noise30,78,9050078,V6,0,0,0,0,[],0.178
power,c20_noise30,78,9050078,V5,0,0,0,0,[],0.446
power,c20_noise30,79,9050079,V6,0,0,0,0,[],0.238
power,c20_noise30,79,9050079,V5,0,0,0,0,[],0.416
power,c20_noise30,80,9050080,V6,0,0,0,0,[],0.207
power,c20_noise30,80,9050080,V5,0,0,0,0,[],0.411
power,c20_noise30,81,9050081,V6,0,0,0,0,[],0.241
power,c20_noise30,81,9050081,V5,0,0,0,0,[],0.404
power,c20_noise30,82,9050082,V6,1,1,1,0,"[[""a""]]",0.196
power,c20_noise30,82,9050082,V5,1,1,1,0,"[[""a""]]",0.429
power,c20_noise30,83,9050083,V6,0,0,0,0,[],0.231
power,c20_noise30,83,9050083,V5,0,0,0,0,[],0.476
power,c20_noise30,84,9050084,V6,0,0,0,0,[],0.202
power,c20_noise30,84,9050084,V5,0,0,0,0,[],0.423
power,c20_noise30,85,9050085,V6,0,0,0,0,[],0.21
power,c20_noise30,85,9050085,V5,0,0,0,0,[],0.398
power,c20_noise30,86,9050086,V6,0,0,0,0,[],0.18
power,c20_noise30,86,9050086,V5,0,0,0,0,[],0.513
power,c20_noise30,87,9050087,V6,1,1,1,0,"[[""a""]]",0.231
power,c20_noise30,87,9050087,V5,1,1,1,0,"[[""a""]]",0.563
power,c20_noise30,88,9050088,V6,0,0,0,0,[],0.204
power,c20_noise30,88,9050088,V5,0,0,0,0,[],0.544
power,c20_noise30,89,9050089,V6,0,0,0,0,[],0.222
power,c20_noise30,89,9050089,V5,0,0,0,0,[],0.579
power,c20_noise30,90,9050090,V6,0,0,0,0,[],0.25
power,c20_noise30,90,9050090,V5,0,0,0,0,[],0.48
power,c20_noise30,91,9050091,V6,0,0,0,0,[],0.299
power,c20_noise30,91,9050091,V5,0,0,0,0,[],0.463
power,c20_noise30,92,9050092,V6,0,0,0,0,[],0.298
power,c20_noise30,92,9050092,V5,0,0,0,0,[],0.575
power,c20_noise30,93,9050093,V6,0,0,0,0,[],0.269
power,c20_noise30,93,9050093,V5,0,0,0,0,[],0.549
power,c20_noise30,94,9050094,V6,1,1,1,0,"[[""a""]]",0.267
power,c20_noise30,94,9050094,V5,0,0,0,0,[],0.588
power,c20_noise30,95,9050095,V6,1,1,1,0,"[[""a""]]",0.23
power,c20_noise30,95,9050095,V5,1,1,1,0,"[[""a""]]",0.493
power,c20_noise30,96,9050096,V6,0,0,0,0,[],0.366
power,c20_noise30,96,9050096,V5,0,0,0,0,[],0.526
power,c20_noise30,97,9050097,V6,0,0,0,0,[],0.249
power,c20_noise30,97,9050097,V5,0,0,0,0,[],0.532
power,c20_noise30,98,9050098,V6,1,1,1,0,"[[""a""]]",0.295
power,c20_noise30,98,9050098,V5,1,1,1,0,"[[""a""]]",0.533
power,c20_noise30,99,9050099,V6,0,0,0,0,[],0.272
power,c20_noise30,99,9050099,V5,0,0,0,0,[],0.456
power,c20_noise30,100,9050100,V6,0,0,0,0,[],0.265
power,c20_noise30,100,9050100,V5,0,0,0,0,[],0.504
power,c20_noise30,101,9050101,V6,1,1,1,0,"[[""a""]]",0.225
power,c20_noise30,101,9050101,V5,1,1,1,0,"[[""a""]]",0.427
power,c20_noise30,102,9050102,V6,0,0,0,0,[],0.243
power,c20_noise30,102,9050102,V5,0,0,0,0,[],0.492
power,c20_noise30,103,9050103,V6,0,0,0,0,[],0.205
power,c20_noise30,103,9050103,V5,0,0,0,0,[],0.534
power,c20_noise30,104,9050104,V6,0,0,0,0,[],0.201
power,c20_noise30,104,9050104,V5,0,0,0,0,[],0.448
power,c20_noise30,105,9050105,V6,1,1,1,0,"[[""a""]]",0.204
power,c20_noise30,105,9050105,V5,1,1,1,0,"[[""a""]]",0.555
power,c20_noise30,106,9050106,V6,1,1,1,0,"[[""a""]]",0.259
power,c20_noise30,106,9050106,V5,0,0,0,0,[],0.506
power,c20_noise30,107,9050107,V6,0,0,0,0,[],0.267
power,c20_noise30,107,9050107,V5,0,0,0,0,[],0.48
power,c20_noise30,108,9050108,V6,0,0,0,0,[],0.28
power,c20_noise30,108,9050108,V5,0,0,0,0,[],0.469
power,c20_noise30,109,9050109,V6,0,0,0,0,[],0.292
power,c20_noise30,109,9050109,V5,0,0,0,0,[],0.469
power,c20_noise30,110,9050110,V6,0,0,0,0,[],0.251
power,c20_noise30,110,9050110,V5,0,0,0,0,[],0.499
power,c20_noise30,111,9050111,V6,0,0,0,0,[],0.244
power,c20_noise30,111,9050111,V5,0,0,0,0,[],0.463
power,c20_noise30,112,9050112,V6,1,1,1,0,"[[""a""]]",0.204
power,c20_noise30,112,9050112,V5,1,2,1,1,"[[""a""], [""x3""]]",0.438
power,c20_noise30,113,9050113,V6,0,0,0,0,[],0.225
power,c20_noise30,113,9050113,V5,0,0,0,0,[],0.496
power,c20_noise30,114,9050114,V6,1,1,1,0,"[[""a""]]",0.235
power,c20_noise30,114,9050114,V5,0,0,0,0,[],0.509
power,c20_noise30,115,9050115,V6,0,0,0,0,[],0.25
power,c20_noise30,115,9050115,V5,0,0,0,0,[],0.453
power,c20_noise30,116,9050116,V6,0,0,0,0,[],0.195
power,c20_noise30,116,9050116,V5,1,1,1,0,"[[""a""]]",0.512
power,c20_noise30,117,9050117,V6,0,0,0,0,[],0.242
power,c20_noise30,117,9050117,V5,0,0,0,0,[],0.385
power,c20_noise30,118,9050118,V6,0,0,0,0,[],0.235
power,c20_noise30,118,9050118,V5,0,0,0,0,[],0.503
power,c20_noise30,119,9050119,V6,0,0,0,0,[],0.265
power,c20_noise30,119,9050119,V5,0,0,0,0,[],0.559
power,c20_noise30,120,9050120,V6,1,1,1,0,"[[""a""]]",0.238
power,c20_noise30,120,9050120,V5,1,1,1,0,"[[""a""]]",0.549
power,c20_noise30,121,9050121,V6,0,0,0,0,[],0.232
power,c20_noise30,121,9050121,V5,0,0,0,0,[],0.558
power,c20_noise30,122,9050122,V6,0,0,0,0,[],0.24
power,c20_noise30,122,9050122,V5,0,0,0,0,[],0.594
power,c20_noise30,123,9050123,V6,1,1,1,0,"[[""a""]]",0.251
power,c20_noise30,123,9050123,V5,0,0,0,0,[],0.522
power,c20_noise30,124,9050124,V6,1,1,1,0,"[[""a""]]",0.209
power,c20_noise30,124,9050124,V5,1,1,1,0,"[[""a""]]",0.518
power,c20_noise30,125,9050125,V6,0,0,0,0,[],0.22
power,c20_noise30,125,9050125,V5,0,0,0,0,[],0.52
power,c20_noise30,126,9050126,V6,0,0,0,0,[],0.334
power,c20_noise30,126,9050126,V5,0,0,0,0,[],0.452
power,c20_noise30,127,9050127,V6,1,1,1,0,"[[""a""]]",0.316
power,c20_noise30,127,9050127,V5,1,1,1,0,"[[""a""]]",0.403
power,c20_noise30,128,9050128,V6,0,0,0,0,[],0.227
power,c20_noise30,128,9050128,V5,0,0,0,0,[],0.452
power,c20_noise30,129,9050129,V6,1,1,1,0,"[[""a""]]",0.247
power,c20_noise30,129,9050129,V5,1,1,1,0,"[[""a""]]",0.528
power,c20_noise30,130,9050130,V6,0,0,0,0,[],0.209
power,c20_noise30,130,9050130,V5,0,0,0,0,[],0.458
power,c20_noise30,131,9050131,V6,1,1,1,0,"[[""a""]]",0.169
power,c20_noise30,131,9050131,V5,1,1,1,0,"[[""a""]]",0.398
power,c20_noise30,132,9050132,V6,0,0,0,0,[],0.213
power,c20_noise30,132,9050132,V5,0,0,0,0,[],0.48
power,c20_noise30,133,9050133,V6,0,0,0,0,[],0.212
power,c20_noise30,133,9050133,V5,0,0,0,0,[],0.405
power,c20_noise30,134,9050134,V6,1,1,1,0,"[[""a""]]",0.231
power,c20_noise30,134,9050134,V5,1,1,1,0,"[[""a""]]",0.43
power,c20_noise30,135,9050135,V6,1,1,1,0,"[[""a""]]",0.236
power,c20_noise30,135,9050135,V5,0,0,0,0,[],0.406
power,c20_noise30,136,9050136,V6,0,0,0,0,[],0.207
power,c20_noise30,136,9050136,V5,0,0,0,0,[],0.342
power,c20_noise30,137,9050137,V6,1,1,1,0,"[[""a""]]",0.172
power,c20_noise30,137,9050137,V5,0,0,0,0,[],0.355
power,c20_noise30,138,9050138,V6,0,0,0,0,[],0.164
power,c20_noise30,138,9050138,V5,0,0,0,0,[],0.365
power,c20_noise30,139,9050139,V6,1,1,1,0,"[[""a""]]",0.189
power,c20_noise30,139,9050139,V5,1,1,1,0,"[[""a""]]",0.403
power,c20_noise30,140,9050140,V6,1,1,1,0,"[[""a""]]",0.227
power,c20_noise30,140,9050140,V5,1,1,1,0,"[[""a""]]",0.469
power,c20_noise30,141,9050141,V6,1,1,1,0,"[[""a""]]",0.193
power,c20_noise30,141,9050141,V5,1,1,1,0,"[[""a""]]",0.449
power,c20_noise30,142,9050142,V6,0,0,0,0,[],0.169
power,c20_noise30,142,9050142,V5,0,0,0,0,[],0.462
power,c20_noise30,143,9050143,V6,1,2,1,1,"[[""z4""], [""a""]]",0.207
power,c20_noise30,143,9050143,V5,1,2,1,1,"[[""z4""], [""a""]]",0.543
power,c20_noise30,144,9050144,V6,0,0,0,0,[],0.189
power,c20_noise30,144,9050144,V5,0,0,0,0,[],0.443
power,c20_noise30,145,9050145,V6,1,2,1,1,"[[""x4""], [""a""]]",0.207
power,c20_noise30,145,9050145,V5,1,2,1,1,"[[""x4""], [""a""]]",0.48
power,c20_noise30,146,9050146,V6,1,1,1,0,"[[""a""]]",0.213
power,c20_noise30,146,9050146,V5,1,1,1,0,"[[""a""]]",0.473
power,c20_noise30,147,9050147,V6,0,0,0,0,[],0.174
power,c20_noise30,147,9050147,V5,0,0,0,0,[],0.48
power,c20_noise30,148,9050148,V6,0,0,0,0,[],0.222
power,c20_noise30,148,9050148,V5,0,0,0,0,[],0.447
power,c20_noise30,149,9050149,V6,0,0,0,0,[],0.178
power,c20_noise30,149,9050149,V5,0,0,0,0,[],0.432
power,c20_noise30,150,9050150,V6,0,0,0,0,[],0.186
power,c20_noise30,150,9050150,V5,0,0,0,0,[],0.435
power,c20_noise30,151,9050151,V6,0,0,0,0,[],0.217
power,c20_noise30,151,9050151,V5,0,0,0,0,[],0.379
power,c20_noise30,152,9050152,V6,0,0,0,0,[],0.204
power,c20_noise30,152,9050152,V5,0,0,0,0,[],0.359
power,c20_noise30,153,9050153,V6,1,1,1,0,"[[""a""]]",0.181
power,c20_noise30,153,9050153,V5,0,0,0,0,[],0.427
power,c20_noise30,154,9050154,V6,1,1,1,0,"[[""a""]]",0.193
power,c20_noise30,154,9050154,V5,1,1,1,0,"[[""a""]]",0.5
power,c20_noise30,155,9050155,V6,0,0,0,0,[],0.314
power,c20_noise30,155,9050155,V5,1,1,1,0,"[[""a""]]",0.397
power,c20_noise30,156,9050156,V6,0,0,0,0,[],0.27
power,c20_noise30,156,9050156,V5,0,0,0,0,[],0.451
power,c20_noise30,157,9050157,V6,0,0,0,0,[],0.181
power,c20_noise30,157,9050157,V5,0,0,0,0,[],0.42
power,c20_noise30,158,9050158,V6,0,0,0,0,[],0.195
power,c20_noise30,158,9050158,V5,0,0,0,0,[],0.412
power,c20_noise30,159,9050159,V6,0,0,0,0,[],0.193
power,c20_noise30,159,9050159,V5,0,0,0,0,[],0.459
power,c20_noise30,160,9050160,V6,0,0,0,0,[],0.181
power,c20_noise30,160,9050160,V5,0,0,0,0,[],0.497
power,c20_noise30,161,9050161,V6,0,0,0,0,[],0.25
power,c20_noise30,161,9050161,V5,0,0,0,0,[],0.463
power,c20_noise30,162,9050162,V6,0,0,0,0,[],0.183
power,c20_noise30,162,9050162,V5,0,0,0,0,[],0.472
power,c20_noise30,163,9050163,V6,1,1,1,0,"[[""a""]]",0.172
power,c20_noise30,163,9050163,V5,1,1,1,0,"[[""a""]]",0.407
power,c20_noise30,164,9050164,V6,1,1,1,0,"[[""a""]]",0.175
power,c20_noise30,164,9050164,V5,0,0,0,0,[],0.45
power,c20_noise30,165,9050165,V6,0,0,0,0,[],0.266
power,c20_noise30,165,9050165,V5,0,0,0,0,[],0.406
power,c20_noise30,166,9050166,V6,0,0,0,0,[],0.192
power,c20_noise30,166,9050166,V5,0,0,0,0,[],0.473
power,c20_noise30,167,9050167,V6,1,1,1,0,"[[""a""]]",0.228
power,c20_noise30,167,9050167,V5,1,1,1,0,"[[""a""]]",0.418
power,c20_noise30,168,9050168,V6,1,1,1,0,"[[""a""]]",0.182
power,c20_noise30,168,9050168,V5,0,0,0,0,[],0.433
power,c20_noise30,169,9050169,V6,1,1,1,0,"[[""a""]]",0.24
power,c20_noise30,169,9050169,V5,1,1,1,0,"[[""a""]]",0.451
power,c20_noise30,170,9050170,V6,0,0,0,0,[],0.195
power,c20_noise30,170,9050170,V5,0,0,0,0,[],0.436
power,c20_noise30,171,9050171,V6,0,0,0,0,[],0.223
power,c20_noise30,171,9050171,V5,0,0,0,0,[],0.477
power,c20_noise30,172,9050172,V6,1,1,1,0,"[[""a""]]",0.191
power,c20_noise30,172,9050172,V5,1,1,1,0,"[[""a""]]",0.479
power,c20_noise30,173,9050173,V6,0,0,0,0,[],0.184
power,c20_noise30,173,9050173,V5,0,0,0,0,[],0.461
power,c20_noise30,174,9050174,V6,0,0,0,0,[],0.201
power,c20_noise30,174,9050174,V5,0,0,0,0,[],0.488
power,c20_noise30,175,9050175,V6,1,1,1,0,"[[""a""]]",0.254
power,c20_noise30,175,9050175,V5,1,1,1,0,"[[""a""]]",0.452
power,c20_noise30,176,9050176,V6,0,0,0,0,[],0.217
power,c20_noise30,176,9050176,V5,0,0,0,0,[],0.456
power,c20_noise30,177,9050177,V6,1,1,1,0,"[[""a""]]",0.249
power,c20_noise30,177,9050177,V5,1,1,1,0,"[[""a""]]",0.445
power,c20_noise30,178,9050178,V6,1,1,1,0,"[[""a""]]",0.271
power,c20_noise30,178,9050178,V5,1,1,1,0,"[[""a""]]",0.466
power,c20_noise30,179,9050179,V6,1,1,1,0,"[[""a""]]",0.201
power,c20_noise30,179,9050179,V5,1,1,1,0,"[[""a""]]",0.471
power,c20_noise30,180,9050180,V6,1,1,1,0,"[[""a""]]",0.231
power,c20_noise30,180,9050180,V5,1,1,1,0,"[[""a""]]",0.411
power,c20_noise30,181,9050181,V6,0,0,0,0,[],0.205
power,c20_noise30,181,9050181,V5,0,0,0,0,[],0.372
power,c20_noise30,182,9050182,V6,1,1,1,0,"[[""a""]]",0.235
power,c20_noise30,182,9050182,V5,1,1,1,0,"[[""a""]]",0.403
power,c20_noise30,183,9050183,V6,0,0,0,0,[],0.21
power,c20_noise30,183,9050183,V5,0,0,0,0,[],0.422
power,c20_noise30,184,9050184,V6,0,0,0,0,[],0.183
power,c20_noise30,184,9050184,V5,0,0,0,0,[],0.402
power,c20_noise30,185,9050185,V6,1,1,1,0,"[[""a""]]",0.203
power,c20_noise30,185,9050185,V5,1,1,1,0,"[[""a""]]",0.441
power,c20_noise30,186,9050186,V6,0,0,0,0,[],0.18
power,c20_noise30,186,9050186,V5,0,0,0,0,[],0.432
power,c20_noise30,187,9050187,V6,1,1,1,0,"[[""a""]]",0.195
power,c20_noise30,187,9050187,V5,1,1,1,0,"[[""a""]]",0.417
power,c20_noise30,188,9050188,V6,0,0,0,0,[],0.183
power,c20_noise30,188,9050188,V5,0,0,0,0,[],0.418
power,c20_noise30,189,9050189,V6,1,1,1,0,"[[""a""]]",0.179
power,c20_noise30,189,9050189,V5,1,1,1,0,"[[""a""]]",0.427
power,c20_noise30,190,9050190,V6,0,0,0,0,[],0.237
power,c20_noise30,190,9050190,V5,0,0,0,0,[],0.438
power,c20_noise30,191,9050191,V6,1,1,1,0,"[[""a""]]",0.215
power,c20_noise30,191,9050191,V5,0,0,0,0,[],0.415
power,c20_noise30,192,9050192,V6,0,0,0,0,[],0.207
power,c20_noise30,192,9050192,V5,0,0,0,0,[],0.399
power,c20_noise30,193,9050193,V6,0,0,0,0,[],0.218
power,c20_noise30,193,9050193,V5,0,0,0,0,[],0.447
power,c20_noise30,194,9050194,V6,1,1,1,0,"[[""a""]]",0.25
power,c20_noise30,194,9050194,V5,1,1,1,0,"[[""a""]]",0.43
power,c20_noise30,195,9050195,V6,1,2,1,1,"[[""p""], [""a""]]",0.194
power,c20_noise30,195,9050195,V5,0,0,0,0,[],0.429
power,c20_noise30,196,9050196,V6,1,1,0,1,"[[""x4""]]",0.215
power,c20_noise30,196,9050196,V5,1,1,0,1,"[[""x4""]]",0.364
power,c20_noise30,197,9050197,V6,1,2,1,1,"[[""a""], [""p""]]",0.21
power,c20_noise30,197,9050197,V5,1,2,1,1,"[[""a""], [""p""]]",0.392
power,c20_noise30,198,9050198,V6,1,1,1,0,"[[""a""]]",0.153
power,c20_noise30,198,9050198,V5,1,1,1,0,"[[""a""]]",0.347
power,c20_noise30,199,9050199,V6,0,0,0,0,[],0.212
power,c20_noise30,199,9050199,V5,0,0,0,0,[],0.411
power,c20_noise30,200,9050200,V6,0,0,0,0,[],0.225
power,c20_noise30,200,9050200,V5,0,0,0,0,[],0.417
power,c20_noise30,201,9050201,V6,1,1,1,0,"[[""a""]]",0.198
power,c20_noise30,201,9050201,V5,1,1,1,0,"[[""a""]]",0.427
power,c20_noise30,202,9050202,V6,1,1,1,0,"[[""a""]]",0.194
power,c20_noise30,202,9050202,V5,0,0,0,0,[],0.398
power,c20_noise30,203,9050203,V6,0,0,0,0,[],0.197
power,c20_noise30,203,9050203,V5,0,0,0,0,[],0.422
power,c20_noise30,204,9050204,V6,0,0,0,0,[],0.216
power,c20_noise30,204,9050204,V5,0,0,0,0,[],0.446
power,c20_noise30,205,9050205,V6,0,0,0,0,[],0.234
power,c20_noise30,205,9050205,V5,0,0,0,0,[],0.399
power,c20_noise30,206,9050206,V6,0,0,0,0,[],0.195
power,c20_noise30,206,9050206,V5,0,0,0,0,[],0.471
power,c20_noise30,207,9050207,V6,0,0,0,0,[],0.173
power,c20_noise30,207,9050207,V5,0,0,0,0,[],0.425
power,c20_noise30,208,9050208,V6,0,0,0,0,[],0.203
power,c20_noise30,208,9050208,V5,0,0,0,0,[],0.425
power,c20_noise30,209,9050209,V6,0,0,0,0,[],0.236
power,c20_noise30,209,9050209,V5,0,0,0,0,[],0.457
power,c20_noise30,210,9050210,V6,1,1,1,0,"[[""a""]]",0.253
power,c20_noise30,210,9050210,V5,1,1,1,0,"[[""a""]]",0.402
power,c20_noise30,211,9050211,V6,0,0,0,0,[],0.193
power,c20_noise30,211,9050211,V5,0,0,0,0,[],0.467
power,c20_noise30,212,9050212,V6,1,1,1,0,"[[""a""]]",0.25
power,c20_noise30,212,9050212,V5,1,1,1,0,"[[""a""]]",0.441
power,c20_noise30,213,9050213,V6,0,0,0,0,[],0.181
power,c20_noise30,213,9050213,V5,0,0,0,0,[],0.427
power,c20_noise30,214,9050214,V6,1,2,1,1,"[[""a""], [""x1""]]",0.213
power,c20_noise30,214,9050214,V5,1,2,1,1,"[[""x1""], [""a""]]",0.518
power,c20_noise30,215,9050215,V6,0,0,0,0,[],0.199
power,c20_noise30,215,9050215,V5,0,0,0,0,[],0.51
power,c20_noise30,216,9050216,V6,1,1,1,0,"[[""a""]]",0.205
power,c20_noise30,216,9050216,V5,1,1,1,0,"[[""a""]]",0.559
power,c20_noise30,217,9050217,V6,1,1,1,0,"[[""a""]]",0.211
power,c20_noise30,217,9050217,V5,0,0,0,0,[],0.622
power,c20_noise30,218,9050218,V6,0,0,0,0,[],0.25
power,c20_noise30,218,9050218,V5,0,0,0,0,[],0.619
power,c20_noise30,219,9050219,V6,1,3,1,1,"[[""a""], [""p""], [""z5""]]",0.231
power,c20_noise30,219,9050219,V5,1,3,1,1,"[[""a""], [""z5""], [""p""]]",0.592
power,c20_noise30,220,9050220,V6,0,0,0,0,[],0.221
power,c20_noise30,220,9050220,V5,0,0,0,0,[],0.587
power,c20_noise30,221,9050221,V6,1,1,1,0,"[[""a""]]",0.303
power,c20_noise30,221,9050221,V5,1,2,1,1,"[[""z2""], [""a""]]",0.521
power,c20_noise30,222,9050222,V6,1,1,1,0,"[[""a""]]",0.281
power,c20_noise30,222,9050222,V5,0,0,0,0,[],0.549
power,c20_noise30,223,9050223,V6,1,1,1,0,"[[""a""]]",0.264
power,c20_noise30,223,9050223,V5,1,1,1,0,"[[""a""]]",0.537
power,c20_noise30,224,9050224,V6,1,1,1,0,"[[""a""]]",0.311
power,c20_noise30,224,9050224,V5,1,1,1,0,"[[""a""]]",0.53
power,c20_noise30,225,9050225,V6,0,0,0,0,[],0.267
power,c20_noise30,225,9050225,V5,0,0,0,0,[],0.44
power,c20_noise30,226,9050226,V6,0,0,0,0,[],0.262
power,c20_noise30,226,9050226,V5,0,0,0,0,[],0.492
power,c20_noise30,227,9050227,V6,1,1,1,0,"[[""a""]]",0.216
power,c20_noise30,227,9050227,V5,1,1,1,0,"[[""a""]]",0.407
power,c20_noise30,228,9050228,V6,0,0,0,0,[],0.266
power,c20_noise30,228,9050228,V5,0,0,0,0,[],0.462
power,c20_noise30,229,9050229,V6,0,0,0,0,[],0.247
power,c20_noise30,229,9050229,V5,0,0,0,0,[],0.458
power,c20_noise30,230,9050230,V6,0,0,0,0,[],0.258
power,c20_noise30,230,9050230,V5,0,0,0,0,[],0.426
power,c20_noise30,231,9050231,V6,1,1,1,0,"[[""a""]]",0.224
power,c20_noise30,231,9050231,V5,1,1,1,0,"[[""a""]]",0.417
power,c20_noise30,232,9050232,V6,0,0,0,0,[],0.209
power,c20_noise30,232,9050232,V5,0,0,0,0,[],0.425
power,c20_noise30,233,9050233,V6,0,0,0,0,[],0.203
power,c20_noise30,233,9050233,V5,0,0,0,0,[],0.388
power,c20_noise30,234,9050234,V6,1,1,1,0,"[[""a""]]",0.174
power,c20_noise30,234,9050234,V5,0,0,0,0,[],0.597
power,c20_noise30,235,9050235,V6,1,1,1,0,"[[""a""]]",0.213
power,c20_noise30,235,9050235,V5,1,1,1,0,"[[""a""]]",0.947
power,c20_noise30,236,9050236,V6,0,0,0,0,[],0.16
power,c20_noise30,236,9050236,V5,0,0,0,0,[],0.687
power,c20_noise30,237,9050237,V6,1,1,1,0,"[[""a""]]",0.166
power,c20_noise30,237,9050237,V5,1,1,1,0,"[[""a""]]",0.708
power,c20_noise30,238,9050238,V6,0,0,0,0,[],0.236
power,c20_noise30,238,9050238,V5,0,0,0,0,[],1.384
power,c20_noise30,239,9050239,V6,1,1,1,0,"[[""a""]]",0.249
power,c20_noise30,239,9050239,V5,1,1,1,0,"[[""a""]]",1.588
power,c20_noise30,240,9050240,V6,0,0,0,0,[],0.255
power,c20_noise30,240,9050240,V5,0,0,0,0,[],1.619
power,c20_noise30,241,9050241,V6,1,1,1,0,"[[""a""]]",0.246
power,c20_noise30,241,9050241,V5,0,0,0,0,[],1.568
power,c20_noise30,242,9050242,V6,1,1,1,0,"[[""a""]]",0.38
power,c20_noise30,242,9050242,V5,0,0,0,0,[],1.543
power,c20_noise30,243,9050243,V6,0,0,0,0,[],0.29
power,c20_noise30,243,9050243,V5,0,0,0,0,[],1.531
power,c20_noise30,244,9050244,V6,0,0,0,0,[],0.828
power,c20_noise30,244,9050244,V5,1,1,1,0,"[[""a""]]",1.548
power,c20_noise30,245,9050245,V6,0,0,0,0,[],0.844
power,c20_noise30,245,9050245,V5,0,0,0,0,[],1.511
power,c20_noise30,246,9050246,V6,1,1,1,0,"[[""a""]]",0.819
power,c20_noise30,246,9050246,V5,1,1,1,0,"[[""a""]]",1.493
power,c20_noise30,247,9050247,V6,0,0,0,0,[],0.827
power,c20_noise30,247,9050247,V5,0,0,0,0,[],1.591
power,c20_noise30,248,9050248,V6,1,1,0,1,"[[""x2""]]",0.776
power,c20_noise30,248,9050248,V5,1,1,0,1,"[[""x2""]]",1.513
power,c20_noise30,249,9050249,V6,0,0,0,0,[],0.793
power,c20_noise30,249,9050249,V5,0,0,0,0,[],1.535
power,c20_noise30,250,9050250,V6,1,1,1,0,"[[""a""]]",0.773
power,c20_noise30,250,9050250,V5,1,1,1,0,"[[""a""]]",1.531
power,c20_noise30,251,9050251,V6,0,0,0,0,[],0.771
power,c20_noise30,251,9050251,V5,0,0,0,0,[],1.541
power,c20_noise30,252,9050252,V6,0,0,0,0,[],0.813
power,c20_noise30,252,9050252,V5,0,0,0,0,[],1.605
power,c20_noise30,253,9050253,V6,0,0,0,0,[],0.765
power,c20_noise30,253,9050253,V5,0,0,0,0,[],1.633
power,c20_noise30,254,9050254,V6,0,0,0,0,[],0.767
power,c20_noise30,254,9050254,V5,0,0,0,0,[],1.738
power,c20_noise30,255,9050255,V6,1,1,1,0,"[[""a""]]",0.764
power,c20_noise30,255,9050255,V5,1,1,1,0,"[[""a""]]",1.653
power,c20_noise30,256,9050256,V6,1,1,1,0,"[[""a""]]",0.775
power,c20_noise30,256,9050256,V5,0,0,0,0,[],1.681
power,c20_noise30,257,9050257,V6,1,1,1,0,"[[""a""]]",0.841
power,c20_noise30,257,9050257,V5,1,1,1,0,"[[""a""]]",1.622
power,c20_noise30,258,9050258,V6,0,0,0,0,[],0.921
power,c20_noise30,258,9050258,V5,0,0,0,0,[],1.605
power,c20_noise30,259,9050259,V6,1,1,1,0,"[[""a""]]",0.874
power,c20_noise30,259,9050259,V5,1,1,1,0,"[[""a""]]",1.846
power,c20_noise30,260,9050260,V6,1,1,1,0,"[[""a""]]",0.863
power,c20_noise30,260,9050260,V5,1,1,1,0,"[[""a""]]",1.787
power,c20_noise30,261,9050261,V6,1,1,1,0,"[[""a""]]",0.881
power,c20_noise30,261,9050261,V5,0,0,0,0,[],1.838
power,c20_noise30,262,9050262,V6,0,0,0,0,[],0.88
power,c20_noise30,262,9050262,V5,0,0,0,0,[],1.872
power,c20_noise30,263,9050263,V6,1,1,1,0,"[[""a""]]",0.883
power,c20_noise30,263,9050263,V5,1,1,1,0,"[[""a""]]",1.844
power,c20_noise30,264,9050264,V6,1,1,1,0,"[[""a""]]",0.808
power,c20_noise30,264,9050264,V5,1,1,1,0,"[[""a""]]",1.884
power,c20_noise30,265,9050265,V6,0,0,0,0,[],0.824
power,c20_noise30,265,9050265,V5,0,0,0,0,[],1.821
power,c20_noise30,266,9050266,V6,1,1,1,0,"[[""a""]]",0.809
power,c20_noise30,266,9050266,V5,1,1,1,0,"[[""a""]]",1.873
power,c20_noise30,267,9050267,V6,1,1,1,0,"[[""a""]]",1.154
power,c20_noise30,267,9050267,V5,1,1,1,0,"[[""a""]]",1.53
power,c20_noise30,268,9050268,V6,0,0,0,0,[],1.135
power,c20_noise30,268,9050268,V5,0,0,0,0,[],1.549
power,c20_noise30,269,9050269,V6,0,0,0,0,[],0.834
power,c20_noise30,269,9050269,V5,0,0,0,0,[],1.55
power,c20_noise30,270,9050270,V6,1,1,0,1,"[[""x2""]]",0.822
power,c20_noise30,270,9050270,V5,1,1,0,1,"[[""x2""]]",1.555
power,c20_noise30,271,9050271,V6,1,1,1,0,"[[""a""]]",0.811
power,c20_noise30,271,9050271,V5,1,1,1,0,"[[""a""]]",1.545
power,c20_noise30,272,9050272,V6,1,1,1,0,"[[""a""]]",0.77
power,c20_noise30,272,9050272,V5,0,0,0,0,[],1.564
power,c20_noise30,273,9050273,V6,1,1,1,0,"[[""a""]]",0.768
power,c20_noise30,273,9050273,V5,1,1,1,0,"[[""a""]]",1.579
power,c20_noise30,274,9050274,V6,0,0,0,0,[],0.758
power,c20_noise30,274,9050274,V5,0,0,0,0,[],1.71
power,c20_noise30,275,9050275,V6,0,0,0,0,[],0.763
power,c20_noise30,275,9050275,V5,0,0,0,0,[],1.708
power,c20_noise30,276,9050276,V6,0,0,0,0,[],0.748
power,c20_noise30,276,9050276,V5,0,0,0,0,[],1.711
power,c20_noise30,277,9050277,V6,0,0,0,0,[],0.812
power,c20_noise30,277,9050277,V5,0,0,0,0,[],1.648
power,c20_noise30,278,9050278,V6,0,0,0,0,[],0.877
power,c20_noise30,278,9050278,V5,0,0,0,0,[],1.629
power,c20_noise30,279,9050279,V6,0,0,0,0,[],0.901
power,c20_noise30,279,9050279,V5,0,0,0,0,[],1.588
power,c20_noise30,280,9050280,V6,0,0,0,0,[],0.905
power,c20_noise30,280,9050280,V5,0,0,0,0,[],1.593
power,c20_noise30,281,9050281,V6,1,1,1,0,"[[""a""]]",0.934
power,c20_noise30,281,9050281,V5,0,0,0,0,[],1.589
power,c20_noise30,282,9050282,V6,0,0,0,0,[],0.902
power,c20_noise30,282,9050282,V5,0,0,0,0,[],1.53
power,c20_noise30,283,9050283,V6,1,1,1,0,"[[""a""]]",0.887
power,c20_noise30,283,9050283,V5,1,1,1,0,"[[""a""]]",1.571
power,c20_noise30,284,9050284,V6,1,1,1,0,"[[""a""]]",0.775
power,c20_noise30,284,9050284,V5,0,0,0,0,[],1.62
power,c20_noise30,285,9050285,V6,0,0,0,0,[],0.816
power,c20_noise30,285,9050285,V5,0,0,0,0,[],1.626
power,c20_noise30,286,9050286,V6,0,0,0,0,[],0.805
power,c20_noise30,286,9050286,V5,0,0,0,0,[],1.637
power,c20_noise30,287,9050287,V6,0,0,0,0,[],0.819
power,c20_noise30,287,9050287,V5,0,0,0,0,[],1.588
power,c20_noise30,288,9050288,V6,1,1,1,0,"[[""a""]]",0.815
power,c20_noise30,288,9050288,V5,1,1,1,0,"[[""a""]]",1.666
power,c20_noise30,289,9050289,V6,1,1,1,0,"[[""a""]]",0.799
power,c20_noise30,289,9050289,V5,1,1,1,0,"[[""a""]]",1.706
power,c20_noise30,290,9050290,V6,0,0,0,0,[],0.787
power,c20_noise30,290,9050290,V5,0,0,0,0,[],1.713
power,c20_noise30,291,9050291,V6,1,1,1,0,"[[""a""]]",0.797
power,c20_noise30,291,9050291,V5,1,1,1,0,"[[""a""]]",1.695
power,c20_noise30,292,9050292,V6,0,0,0,0,[],0.798
power,c20_noise30,292,9050292,V5,0,0,0,0,[],1.75
power,c20_noise30,293,9050293,V6,0,0,0,0,[],0.859
power,c20_noise30,293,9050293,V5,0,0,0,0,[],1.716
power,c20_noise30,294,9050294,V6,1,1,1,0,"[[""a""]]",0.812
power,c20_noise30,294,9050294,V5,0,0,0,0,[],1.796
power,c20_noise30,295,9050295,V6,1,1,1,0,"[[""a""]]",0.851
power,c20_noise30,295,9050295,V5,1,1,1,0,"[[""a""]]",1.801
power,c20_noise30,296,9050296,V6,1,1,1,0,"[[""a""]]",0.902
power,c20_noise30,296,9050296,V5,1,1,1,0,"[[""a""]]",1.732
power,c20_noise30,297,9050297,V6,0,0,0,0,[],0.982
power,c20_noise30,297,9050297,V5,0,0,0,0,[],1.577
power,c20_noise30,298,9050298,V6,1,1,1,0,"[[""a""]]",0.955
power,c20_noise30,298,9050298,V5,0,0,0,0,[],1.522
power,c20_noise30,299,9050299,V6,0,0,0,0,[],0.88
power,c20_noise30,299,9050299,V5,0,0,0,0,[],1.499
power,c20_noise30,300,9050300,V6,1,1,1,0,"[[""a""]]",0.846
power,c20_noise30,300,9050300,V5,1,1,1,0,"[[""a""]]",1.482
power,c20_noise30,301,9050301,V6,1,1,1,0,"[[""a""]]",0.813
power,c20_noise30,301,9050301,V5,1,1,1,0,"[[""a""]]",1.502
power,c20_noise30,302,9050302,V6,0,0,0,0,[],0.825
power,c20_noise30,302,9050302,V5,0,0,0,0,[],1.464
power,c20_noise30,303,9050303,V6,1,1,1,0,"[[""a""]]",0.833
power,c20_noise30,303,9050303,V5,0,0,0,0,[],1.518
power,c20_noise30,304,9050304,V6,1,1,1,0,"[[""a""]]",0.766
power,c20_noise30,304,9050304,V5,1,1,1,0,"[[""a""]]",1.548
power,c20_noise30,305,9050305,V6,1,1,1,0,"[[""a""]]",0.763
power,c20_noise30,305,9050305,V5,1,1,1,0,"[[""a""]]",1.51
power,c20_noise30,306,9050306,V6,1,1,1,0,"[[""a""]]",0.776
power,c20_noise30,306,9050306,V5,1,1,1,0,"[[""a""]]",1.566
power,c20_noise30,307,9050307,V6,1,1,1,0,"[[""a""]]",0.789
power,c20_noise30,307,9050307,V5,1,1,1,0,"[[""a""]]",1.559
power,c20_noise30,308,9050308,V6,1,1,1,0,"[[""a""]]",0.829
power,c20_noise30,308,9050308,V5,0,0,0,0,[],1.269
power,c20_noise30,309,9050309,V6,1,1,1,0,"[[""a""]]",0.806
power,c20_noise30,309,9050309,V5,0,0,0,0,[],1.22
power,c20_noise30,310,9050310,V6,0,0,0,0,[],0.815
power,c20_noise30,310,9050310,V5,0,0,0,0,[],1.177
power,c20_noise30,311,9050311,V6,1,1,1,0,"[[""a""]]",0.827
power,c20_noise30,311,9050311,V5,0,0,0,0,[],1.162
power,c20_noise30,312,9050312,V6,0,0,0,0,[],0.814
power,c20_noise30,312,9050312,V5,0,0,0,0,[],1.179
power,c20_noise30,313,9050313,V6,1,1,1,0,"[[""a""]]",0.829
power,c20_noise30,313,9050313,V5,1,1,1,0,"[[""a""]]",1.033
power,c20_noise30,314,9050314,V6,0,0,0,0,[],0.638
power,c20_noise30,314,9050314,V5,0,0,0,0,[],0.625
power,c20_noise30,315,9050315,V6,1,1,1,0,"[[""a""]]",0.625
power,c20_noise30,315,9050315,V5,1,1,1,0,"[[""a""]]",0.537
power,c20_noise30,316,9050316,V6,1,1,1,0,"[[""a""]]",0.511
power,c20_noise30,316,9050316,V5,1,1,1,0,"[[""a""]]",0.563
power,c20_noise30,317,9050317,V6,1,1,1,0,"[[""a""]]",0.367
power,c20_noise30,317,9050317,V5,1,1,1,0,"[[""a""]]",0.445
power,c20_noise30,318,9050318,V6,1,1,1,0,"[[""a""]]",0.221
power,c20_noise30,318,9050318,V5,0,0,0,0,[],0.475
power,c20_noise30,319,9050319,V6,0,0,0,0,[],0.289
power,c20_noise30,319,9050319,V5,0,0,0,0,[],0.498
power,c20_noise30,320,9050320,V6,1,1,1,0,"[[""a""]]",0.248
power,c20_noise30,320,9050320,V5,0,0,0,0,[],0.409
power,c20_noise30,321,9050321,V6,0,0,0,0,[],0.207
power,c20_noise30,321,9050321,V5,0,0,0,0,[],0.422
power,c20_noise30,322,9050322,V6,0,0,0,0,[],0.228
power,c20_noise30,322,9050322,V5,0,0,0,0,[],0.45
power,c20_noise30,323,9050323,V6,0,0,0,0,[],0.276
power,c20_noise30,323,9050323,V5,0,0,0,0,[],0.459
power,c20_noise30,324,9050324,V6,0,0,0,0,[],0.22
power,c20_noise30,324,9050324,V5,0,0,0,0,[],0.416
power,c20_noise30,325,9050325,V6,0,0,0,0,[],0.209
power,c20_noise30,325,9050325,V5,0,0,0,0,[],0.399
power,c20_noise30,326,9050326,V6,0,0,0,0,[],0.216
power,c20_noise30,326,9050326,V5,0,0,0,0,[],0.448
power,c20_noise30,327,9050327,V6,1,2,1,1,"[[""a""], [""z5""]]",0.206
power,c20_noise30,327,9050327,V5,1,1,1,0,"[[""a""]]",0.402
power,c20_noise30,328,9050328,V6,1,1,1,0,"[[""a""]]",0.207
power,c20_noise30,328,9050328,V5,1,1,1,0,"[[""a""]]",0.404
power,c20_noise30,329,9050329,V6,1,1,1,0,"[[""a""]]",0.21
power,c20_noise30,329,9050329,V5,1,1,1,0,"[[""a""]]",0.39
power,c20_noise30,330,9050330,V6,1,1,1,0,"[[""a""]]",0.217
power,c20_noise30,330,9050330,V5,1,1,1,0,"[[""a""]]",0.391
power,c20_noise30,331,9050331,V6,1,1,1,0,"[[""a""]]",0.208
power,c20_noise30,331,9050331,V5,1,1,1,0,"[[""a""]]",0.411
power,c20_noise30,332,9050332,V6,0,0,0,0,[],0.242
power,c20_noise30,332,9050332,V5,0,0,0,0,[],0.501
power,c20_noise30,333,9050333,V6,1,1,1,0,"[[""a""]]",0.24
power,c20_noise30,333,9050333,V5,1,1,1,0,"[[""a""]]",0.515
power,c20_noise30,334,9050334,V6,1,1,1,0,"[[""a""]]",0.178
power,c20_noise30,334,9050334,V5,1,1,1,0,"[[""a""]]",0.521
power,c20_noise30,335,9050335,V6,0,0,0,0,[],0.183
power,c20_noise30,335,9050335,V5,0,0,0,0,[],0.567
power,c20_noise30,336,9050336,V6,1,1,1,0,"[[""a""]]",0.196
power,c20_noise30,336,9050336,V5,0,0,0,0,[],0.567
power,c20_noise30,337,9050337,V6,0,0,0,0,[],0.194
power,c20_noise30,337,9050337,V5,0,0,0,0,[],0.501
power,c20_noise30,338,9050338,V6,0,0,0,0,[],0.271
power,c20_noise30,338,9050338,V5,0,0,0,0,[],0.552
power,c20_noise30,339,9050339,V6,0,0,0,0,[],0.28
power,c20_noise30,339,9050339,V5,0,0,0,0,[],0.598
power,c20_noise30,340,9050340,V6,0,0,0,0,[],0.271
power,c20_noise30,340,9050340,V5,0,0,0,0,[],0.562
power,c20_noise30,341,9050341,V6,1,1,1,0,"[[""a""]]",0.33
power,c20_noise30,341,9050341,V5,1,1,1,0,"[[""a""]]",0.618
power,c20_noise30,342,9050342,V6,0,0,0,0,[],0.343
power,c20_noise30,342,9050342,V5,0,0,0,0,[],0.544
power,c20_noise30,343,9050343,V6,0,0,0,0,[],0.314
power,c20_noise30,343,9050343,V5,0,0,0,0,[],0.499
power,c20_noise30,344,9050344,V6,1,2,1,1,"[[""a""], [""p""]]",0.331
power,c20_noise30,344,9050344,V5,1,2,1,1,"[[""a""], [""p""]]",0.486
power,c20_noise30,345,9050345,V6,0,0,0,0,[],0.287
power,c20_noise30,345,9050345,V5,0,0,0,0,[],0.476
power,c20_noise30,346,9050346,V6,1,1,1,0,"[[""a""]]",0.26
power,c20_noise30,346,9050346,V5,1,1,1,0,"[[""a""]]",0.512
power,c20_noise30,347,9050347,V6,0,0,0,0,[],0.252
power,c20_noise30,347,9050347,V5,0,0,0,0,[],0.499
power,c20_noise30,348,9050348,V6,1,1,1,0,"[[""a""]]",0.278
power,c20_noise30,348,9050348,V5,1,1,1,0,"[[""a""]]",0.477
power,c20_noise30,349,9050349,V6,0,0,0,0,[],0.264
power,c20_noise30,349,9050349,V5,0,0,0,0,[],0.46
power,c20_noise30,350,9050350,V6,0,0,0,0,[],0.205
power,c20_noise30,350,9050350,V5,0,0,0,0,[],0.491
power,c20_noise30,351,9050351,V6,1,1,1,0,"[[""a""]]",0.286
power,c20_noise30,351,9050351,V5,0,0,0,0,[],0.459
power,c20_noise30,352,9050352,V6,0,0,0,0,[],0.266
power,c20_noise30,352,9050352,V5,0,0,0,0,[],0.484
power,c20_noise30,353,9050353,V6,0,0,0,0,[],0.238
power,c20_noise30,353,9050353,V5,0,0,0,0,[],0.496
power,c20_noise30,354,9050354,V6,1,2,1,1,"[[""a""], [""p""]]",0.212
power,c20_noise30,354,9050354,V5,1,1,1,0,"[[""a""]]",0.5
power,c20_noise30,355,9050355,V6,0,0,0,0,[],0.233
power,c20_noise30,355,9050355,V5,0,0,0,0,[],0.443
power,c20_noise30,356,9050356,V6,1,1,1,0,"[[""a""]]",0.216
power,c20_noise30,356,9050356,V5,1,1,1,0,"[[""a""]]",0.491
power,c20_noise30,357,9050357,V6,0,0,0,0,[],0.245
power,c20_noise30,357,9050357,V5,0,0,0,0,[],0.493
power,c20_noise30,358,9050358,V6,0,0,0,0,[],0.262
power,c20_noise30,358,9050358,V5,0,0,0,0,[],0.48
power,c20_noise30,359,9050359,V6,0,0,0,0,[],0.241
power,c20_noise30,359,9050359,V5,0,0,0,0,[],0.47
power,c20_noise30,360,9050360,V6,1,1,1,0,"[[""a""]]",0.245
power,c20_noise30,360,9050360,V5,1,1,1,0,"[[""a""]]",0.493
power,c20_noise30,361,9050361,V6,0,0,0,0,[],0.23
power,c20_noise30,361,9050361,V5,0,0,0,0,[],0.56
power,c20_noise30,362,9050362,V6,1,1,1,0,"[[""a""]]",0.188
power,c20_noise30,362,9050362,V5,0,0,0,0,[],0.478
power,c20_noise30,363,9050363,V6,1,1,1,0,"[[""a""]]",0.242
power,c20_noise30,363,9050363,V5,1,1,1,0,"[[""a""]]",0.489
power,c20_noise30,364,9050364,V6,0,0,0,0,[],0.197
power,c20_noise30,364,9050364,V5,0,0,0,0,[],0.549
power,c20_noise30,365,9050365,V6,0,0,0,0,[],0.221
power,c20_noise30,365,9050365,V5,0,0,0,0,[],0.512
power,c20_noise30,366,9050366,V6,0,0,0,0,[],0.235
power,c20_noise30,366,9050366,V5,0,0,0,0,[],0.477
power,c20_noise30,367,9050367,V6,0,0,0,0,[],0.261
power,c20_noise30,367,9050367,V5,0,0,0,0,[],0.477
power,c20_noise30,368,9050368,V6,0,0,0,0,[],0.242
power,c20_noise30,368,9050368,V5,0,0,0,0,[],0.458
power,c20_noise30,369,9050369,V6,0,0,0,0,[],0.312
power,c20_noise30,369,9050369,V5,0,0,0,0,[],0.399
power,c20_noise30,370,9050370,V6,0,0,0,0,[],0.285
power,c20_noise30,370,9050370,V5,0,0,0,0,[],0.383
power,c20_noise30,371,9050371,V6,1,1,1,0,"[[""a""]]",0.24
power,c20_noise30,371,9050371,V5,1,1,1,0,"[[""a""]]",0.483
power,c20_noise30,372,9050372,V6,0,0,0,0,[],0.194
power,c20_noise30,372,9050372,V5,0,0,0,0,[],0.438
power,c20_noise30,373,9050373,V6,0,0,0,0,[],0.237
power,c20_noise30,373,9050373,V5,0,0,0,0,[],0.504
power,c20_noise30,374,9050374,V6,1,1,1,0,"[[""a""]]",0.19
power,c20_noise30,374,9050374,V5,1,1,1,0,"[[""a""]]",0.492
power,c20_noise30,375,9050375,V6,0,0,0,0,[],0.182
power,c20_noise30,375,9050375,V5,0,0,0,0,[],0.495
power,c20_noise30,376,9050376,V6,0,0,0,0,[],0.185
power,c20_noise30,376,9050376,V5,0,0,0,0,[],0.427
power,c20_noise30,377,9050377,V6,1,1,1,0,"[[""a""]]",0.193
power,c20_noise30,377,9050377,V5,1,1,1,0,"[[""a""]]",0.502
power,c20_noise30,378,9050378,V6,0,0,0,0,[],0.212
power,c20_noise30,378,9050378,V5,0,0,0,0,[],0.513
power,c20_noise30,379,9050379,V6,0,0,0,0,[],0.244
power,c20_noise30,379,9050379,V5,0,0,0,0,[],0.528
power,c20_noise30,380,9050380,V6,0,0,0,0,[],0.216
power,c20_noise30,380,9050380,V5,0,0,0,0,[],0.523
power,c20_noise30,381,9050381,V6,0,0,0,0,[],0.253
power,c20_noise30,381,9050381,V5,0,0,0,0,[],0.542
power,c20_noise30,382,9050382,V6,0,0,0,0,[],0.301
power,c20_noise30,382,9050382,V5,0,0,0,0,[],0.528
power,c20_noise30,383,9050383,V6,0,0,0,0,[],0.255
power,c20_noise30,383,9050383,V5,0,0,0,0,[],0.521
power,c20_noise30,384,9050384,V6,0,0,0,0,[],0.276
power,c20_noise30,384,9050384,V5,0,0,0,0,[],0.545
power,c20_noise30,385,9050385,V6,1,1,1,0,"[[""a""]]",0.238
power,c20_noise30,385,9050385,V5,1,1,1,0,"[[""a""]]",0.564
power,c20_noise30,386,9050386,V6,0,0,0,0,[],0.263
power,c20_noise30,386,9050386,V5,0,0,0,0,[],0.519
power,c20_noise30,387,9050387,V6,0,0,0,0,[],0.284
power,c20_noise30,387,9050387,V5,0,0,0,0,[],0.485
power,c20_noise30,388,9050388,V6,1,1,1,0,"[[""a""]]",0.277
power,c20_noise30,388,9050388,V5,1,1,1,0,"[[""a""]]",0.538
power,c20_noise30,389,9050389,V6,0,0,0,0,[],0.243
power,c20_noise30,389,9050389,V5,0,0,0,0,[],0.431
power,c20_noise30,390,9050390,V6,1,1,1,0,"[[""a""]]",0.263
power,c20_noise30,390,9050390,V5,1,1,1,0,"[[""a""]]",0.423
power,c20_noise30,391,9050391,V6,1,1,1,0,"[[""a""]]",0.237
power,c20_noise30,391,9050391,V5,1,1,1,0,"[[""a""]]",0.391
power,c20_noise30,392,9050392,V6,1,1,1,0,"[[""a""]]",0.207
power,c20_noise30,392,9050392,V5,1,1,1,0,"[[""a""]]",0.437
power,c20_noise30,393,9050393,V6,0,0,0,0,[],0.285
power,c20_noise30,393,9050393,V5,0,0,0,0,[],0.417
power,c20_noise30,394,9050394,V6,0,0,0,0,[],0.205
power,c20_noise30,394,9050394,V5,0,0,0,0,[],0.452
power,c20_noise30,395,9050395,V6,1,1,1,0,"[[""a""]]",0.197
power,c20_noise30,395,9050395,V5,1,1,1,0,"[[""a""]]",0.362
power,c20_noise30,396,9050396,V6,1,1,1,0,"[[""a""]]",0.154
power,c20_noise30,396,9050396,V5,0,0,0,0,[],0.439
power,c20_noise30,397,9050397,V6,0,0,0,0,[],0.183
power,c20_noise30,397,9050397,V5,0,0,0,0,[],0.403
power,c20_noise30,398,9050398,V6,0,0,0,0,[],0.197
power,c20_noise30,398,9050398,V5,0,0,0,0,[],0.397
power,c20_noise30,399,9050399,V6,0,0,0,0,[],0.189
power,c20_noise30,399,9050399,V5,0,0,0,0,[],0.41
power,c20_noise30,400,9050400,V6,0,0,0,0,[],0.192
power,c20_noise30,400,9050400,V5,0,0,0,0,[],0.458
power,c20_noise30,401,9050401,V6,0,0,0,0,[],0.172
power,c20_noise30,401,9050401,V5,0,0,0,0,[],0.437
power,c20_noise30,402,9050402,V6,1,1,1,0,"[[""a""]]",0.169
power,c20_noise30,402,9050402,V5,1,2,1,1,"[[""a""], [""p""]]",0.474
power,c20_noise30,403,9050403,V6,1,1,1,0,"[[""a""]]",0.189
power,c20_noise30,403,9050403,V5,1,1,1,0,"[[""a""]]",0.514
power,c20_noise30,404,9050404,V6,0,0,0,0,[],0.196
power,c20_noise30,404,9050404,V5,0,0,0,0,[],0.505
power,c20_noise30,405,9050405,V6,0,0,0,0,[],0.194
power,c20_noise30,405,9050405,V5,0,0,0,0,[],0.566
power,c20_noise30,406,9050406,V6,1,1,1,0,"[[""a""]]",0.299
power,c20_noise30,406,9050406,V5,1,1,1,0,"[[""a""]]",0.508
power,c20_noise30,407,9050407,V6,0,0,0,0,[],0.311
power,c20_noise30,407,9050407,V5,1,1,1,0,"[[""a""]]",0.422
power,c20_noise30,408,9050408,V6,1,1,1,0,"[[""a""]]",0.296
power,c20_noise30,408,9050408,V5,1,1,1,0,"[[""a""]]",0.397
power,c20_noise30,409,9050409,V6,1,2,1,1,"[[""a""], [""x5""]]",0.291
power,c20_noise30,409,9050409,V5,1,2,1,1,"[[""x5""], [""a""]]",0.412
power,c20_noise30,410,9050410,V6,0,0,0,0,[],0.235
power,c20_noise30,410,9050410,V5,0,0,0,0,[],0.373
power,c20_noise30,411,9050411,V6,1,1,1,0,"[[""a""]]",0.239
power,c20_noise30,411,9050411,V5,1,1,1,0,"[[""a""]]",0.471
power,c20_noise30,412,9050412,V6,0,0,0,0,[],0.203
power,c20_noise30,412,9050412,V5,0,0,0,0,[],0.444
power,c20_noise30,413,9050413,V6,0,0,0,0,[],0.24
power,c20_noise30,413,9050413,V5,0,0,0,0,[],0.46
power,c20_noise30,414,9050414,V6,0,0,0,0,[],0.222
power,c20_noise30,414,9050414,V5,0,0,0,0,[],0.394
power,c20_noise30,415,9050415,V6,0,0,0,0,[],0.223
power,c20_noise30,415,9050415,V5,0,0,0,0,[],0.441
power,c20_noise30,416,9050416,V6,1,1,1,0,"[[""a""]]",0.174
power,c20_noise30,416,9050416,V5,1,1,1,0,"[[""a""]]",0.38
power,c20_noise30,417,9050417,V6,1,1,1,0,"[[""a""]]",0.216
power,c20_noise30,417,9050417,V5,1,1,1,0,"[[""a""]]",0.417
power,c20_noise30,418,9050418,V6,1,2,1,1,"[[""a""], [""p""]]",0.205
power,c20_noise30,418,9050418,V5,1,2,1,1,"[[""a""], [""p""]]",0.403
power,c20_noise30,419,9050419,V6,1,1,1,0,"[[""a""]]",0.213
power,c20_noise30,419,9050419,V5,0,0,0,0,[],0.41
power,c20_noise30,420,9050420,V6,0,0,0,0,[],0.203
power,c20_noise30,420,9050420,V5,0,0,0,0,[],0.407
power,c20_noise30,421,9050421,V6,0,0,0,0,[],0.252
power,c20_noise30,421,9050421,V5,0,0,0,0,[],0.469
power,c20_noise30,422,9050422,V6,0,0,0,0,[],0.222
power,c20_noise30,422,9050422,V5,0,0,0,0,[],0.43
power,c20_noise30,423,9050423,V6,0,0,0,0,[],0.173
power,c20_noise30,423,9050423,V5,0,0,0,0,[],0.412
power,c20_noise30,424,9050424,V6,0,0,0,0,[],0.203
power,c20_noise30,424,9050424,V5,0,0,0,0,[],0.48
power,c20_noise30,425,9050425,V6,1,1,1,0,"[[""a""]]",0.234
power,c20_noise30,425,9050425,V5,0,0,0,0,[],0.489
power,c20_noise30,426,9050426,V6,1,1,1,0,"[[""a""]]",0.216
power,c20_noise30,426,9050426,V5,1,1,1,0,"[[""a""]]",0.455
power,c20_noise30,427,9050427,V6,0,0,0,0,[],0.242
power,c20_noise30,427,9050427,V5,0,0,0,0,[],0.5
power,c20_noise30,428,9050428,V6,0,0,0,0,[],0.189
power,c20_noise30,428,9050428,V5,0,0,0,0,[],0.476
power,c20_noise30,429,9050429,V6,1,1,1,0,"[[""a""]]",0.205
power,c20_noise30,429,9050429,V5,1,1,1,0,"[[""a""]]",0.468
power,c20_noise30,430,9050430,V6,1,1,1,0,"[[""a""]]",0.25
power,c20_noise30,430,9050430,V5,1,1,1,0,"[[""a""]]",0.418
power,c20_noise30,431,9050431,V6,1,1,1,0,"[[""a""]]",0.237
power,c20_noise30,431,9050431,V5,0,0,0,0,[],0.481
power,c20_noise30,432,9050432,V6,0,0,0,0,[],0.227
power,c20_noise30,432,9050432,V5,0,0,0,0,[],0.47
power,c20_noise30,433,9050433,V6,0,0,0,0,[],0.263
power,c20_noise30,433,9050433,V5,0,0,0,0,[],0.479
power,c20_noise30,434,9050434,V6,0,0,0,0,[],0.222
power,c20_noise30,434,9050434,V5,0,0,0,0,[],0.432
power,c20_noise30,435,9050435,V6,1,1,1,0,"[[""a""]]",0.263
power,c20_noise30,435,9050435,V5,1,1,1,0,"[[""a""]]",0.442
power,c20_noise30,436,9050436,V6,1,1,1,0,"[[""a""]]",0.214
power,c20_noise30,436,9050436,V5,1,1,1,0,"[[""a""]]",0.488
power,c20_noise30,437,9050437,V6,1,1,1,0,"[[""a""]]",0.274
power,c20_noise30,437,9050437,V5,1,1,1,0,"[[""a""]]",0.462
power,c20_noise30,438,9050438,V6,1,1,1,0,"[[""a""]]",0.243
power,c20_noise30,438,9050438,V5,1,1,1,0,"[[""a""]]",0.477
power,c20_noise30,439,9050439,V6,1,1,1,0,"[[""a""]]",0.264
power,c20_noise30,439,9050439,V5,0,0,0,0,[],0.455
power,c20_noise30,440,9050440,V6,0,0,0,0,[],0.221
power,c20_noise30,440,9050440,V5,0,0,0,0,[],0.44
power,c20_noise30,441,9050441,V6,1,1,1,0,"[[""a""]]",0.203
power,c20_noise30,441,9050441,V5,1,1,1,0,"[[""a""]]",0.466
power,c20_noise30,442,9050442,V6,1,1,1,0,"[[""a""]]",0.195
power,c20_noise30,442,9050442,V5,0,0,0,0,[],0.454
power,c20_noise30,443,9050443,V6,0,0,0,0,[],0.241
power,c20_noise30,443,9050443,V5,0,0,0,0,[],0.497
power,c20_noise30,444,9050444,V6,0,0,0,0,[],0.234
power,c20_noise30,444,9050444,V5,0,0,0,0,[],0.451
power,c20_noise30,445,9050445,V6,1,2,1,1,"[[""a""], [""p""]]",0.161
power,c20_noise30,445,9050445,V5,1,2,1,1,"[[""a""], [""p""]]",0.455
power,c20_noise30,446,9050446,V6,1,1,1,0,"[[""a""]]",0.226
power,c20_noise30,446,9050446,V5,0,0,0,0,[],0.497
power,c20_noise30,447,9050447,V6,0,0,0,0,[],0.194
power,c20_noise30,447,9050447,V5,0,0,0,0,[],0.466
power,c20_noise30,448,9050448,V6,1,1,1,0,"[[""a""]]",0.188
power,c20_noise30,448,9050448,V5,1,1,1,0,"[[""a""]]",0.478
power,c20_noise30,449,9050449,V6,1,1,1,0,"[[""a""]]",0.189
power,c20_noise30,449,9050449,V5,1,1,1,0,"[[""a""]]",0.473
power,c20_noise30,450,9050450,V6,1,1,1,0,"[[""a""]]",0.204
power,c20_noise30,450,9050450,V5,0,0,0,0,[],0.481
power,c20_noise30,451,9050451,V6,0,0,0,0,[],0.224
power,c20_noise30,451,9050451,V5,0,0,0,0,[],0.485
power,c20_noise30,452,9050452,V6,1,1,1,0,"[[""a""]]",0.253
power,c20_noise30,452,9050452,V5,1,1,1,0,"[[""a""]]",0.534
power,c20_noise30,453,9050453,V6,0,0,0,0,[],0.197
power,c20_noise30,453,9050453,V5,0,0,0,0,[],0.418
power,c20_noise30,454,9050454,V6,1,1,1,0,"[[""a""]]",0.211
power,c20_noise30,454,9050454,V5,0,0,0,0,[],0.448
power,c20_noise30,455,9050455,V6,1,1,1,0,"[[""a""]]",0.228
power,c20_noise30,455,9050455,V5,0,0,0,0,[],0.436
power,c20_noise30,456,9050456,V6,1,1,1,0,"[[""a""]]",0.214
power,c20_noise30,456,9050456,V5,0,0,0,0,[],0.44
power,c20_noise30,457,9050457,V6,1,1,1,0,"[[""a""]]",0.23
power,c20_noise30,457,9050457,V5,1,1,1,0,"[[""a""]]",0.448
power,c20_noise30,458,9050458,V6,1,1,1,0,"[[""a""]]",0.254
power,c20_noise30,458,9050458,V5,1,1,1,0,"[[""a""]]",0.583
power,c20_noise30,459,9050459,V6,1,1,1,0,"[[""a""]]",0.225
power,c20_noise30,459,9050459,V5,1,1,1,0,"[[""a""]]",0.457
power,c20_noise30,460,9050460,V6,0,0,0,0,[],0.217
power,c20_noise30,460,9050460,V5,0,0,0,0,[],0.458
power,c20_noise30,461,9050461,V6,1,1,1,0,"[[""a""]]",0.285
power,c20_noise30,461,9050461,V5,1,1,1,0,"[[""a""]]",0.479
power,c20_noise30,462,9050462,V6,1,1,1,0,"[[""a""]]",0.247
power,c20_noise30,462,9050462,V5,0,0,0,0,[],0.462
power,c20_noise30,463,9050463,V6,0,0,0,0,[],0.295
power,c20_noise30,463,9050463,V5,0,0,0,0,[],0.47
power,c20_noise30,464,9050464,V6,1,1,1,0,"[[""a""]]",0.259
power,c20_noise30,464,9050464,V5,1,1,1,0,"[[""a""]]",0.448
power,c20_noise30,465,9050465,V6,1,2,1,1,"[[""a""], [""p""]]",0.272
power,c20_noise30,465,9050465,V5,1,2,1,1,"[[""a""], [""p""]]",0.502
power,c20_noise30,466,9050466,V6,1,1,1,0,"[[""a""]]",0.262
power,c20_noise30,466,9050466,V5,1,1,1,0,"[[""a""]]",0.445
power,c20_noise30,467,9050467,V6,1,1,1,0,"[[""a""]]",0.236
power,c20_noise30,467,9050467,V5,1,1,1,0,"[[""a""]]",0.509
power,c20_noise30,468,9050468,V6,1,1,1,0,"[[""a""]]",0.261
power,c20_noise30,468,9050468,V5,0,0,0,0,[],0.465
power,c20_noise30,469,9050469,V6,0,0,0,0,[],0.218
power,c20_noise30,469,9050469,V5,0,0,0,0,[],0.504
power,c20_noise30,470,9050470,V6,0,0,0,0,[],0.248
power,c20_noise30,470,9050470,V5,0,0,0,0,[],0.487
power,c20_noise30,471,9050471,V6,0,0,0,0,[],0.259
power,c20_noise30,471,9050471,V5,0,0,0,0,[],0.444
power,c20_noise30,472,9050472,V6,0,0,0,0,[],0.256
power,c20_noise30,472,9050472,V5,0,0,0,0,[],0.43
power,c20_noise30,473,9050473,V6,0,0,0,0,[],0.223
power,c20_noise30,473,9050473,V5,0,0,0,0,[],0.389
power,c20_noise30,474,9050474,V6,0,0,0,0,[],0.26
power,c20_noise30,474,9050474,V5,0,0,0,0,[],0.478
power,c20_noise30,475,9050475,V6,0,0,0,0,[],0.264
power,c20_noise30,475,9050475,V5,0,0,0,0,[],0.406
power,c20_noise30,476,9050476,V6,1,1,1,0,"[[""a""]]",0.236
power,c20_noise30,476,9050476,V5,0,0,0,0,[],0.444
power,c20_noise30,477,9050477,V6,1,1,1,0,"[[""a""]]",0.226
power,c20_noise30,477,9050477,V5,0,0,0,0,[],0.454
power,c20_noise30,478,9050478,V6,0,0,0,0,[],0.235
power,c20_noise30,478,9050478,V5,0,0,0,0,[],0.477
power,c20_noise30,479,9050479,V6,0,0,0,0,[],0.185
power,c20_noise30,479,9050479,V5,0,0,0,0,[],0.443
power,c20_noise30,480,9050480,V6,0,0,0,0,[],0.239
power,c20_noise30,480,9050480,V5,0,0,0,0,[],0.465
power,c20_noise30,481,9050481,V6,0,0,0,0,[],0.201
power,c20_noise30,481,9050481,V5,0,0,0,0,[],0.461
power,c20_noise30,482,9050482,V6,1,1,1,0,"[[""a""]]",0.266
power,c20_noise30,482,9050482,V5,1,1,1,0,"[[""a""]]",0.464
power,c20_noise30,483,9050483,V6,0,0,0,0,[],0.206
power,c20_noise30,483,9050483,V5,0,0,0,0,[],0.411
power,c20_noise30,484,9050484,V6,1,1,1,0,"[[""a""]]",0.236
power,c20_noise30,484,9050484,V5,0,0,0,0,[],0.436
power,c20_noise30,485,9050485,V6,1,1,1,0,"[[""a""]]",0.233
power,c20_noise30,485,9050485,V5,0,0,0,0,[],0.482
power,c20_noise30,486,9050486,V6,0,0,0,0,[],0.221
power,c20_noise30,486,9050486,V5,0,0,0,0,[],0.491
power,c20_noise30,487,9050487,V6,0,0,0,0,[],0.205
power,c20_noise30,487,9050487,V5,0,0,0,0,[],0.498
power,c20_noise30,488,9050488,V6,0,0,0,0,[],0.236
power,c20_noise30,488,9050488,V5,0,0,0,0,[],0.491
power,c20_noise30,489,9050489,V6,1,1,1,0,"[[""a""]]",0.219
power,c20_noise30,489,9050489,V5,1,1,1,0,"[[""a""]]",0.458
power,c20_noise30,490,9050490,V6,1,1,1,0,"[[""a""]]",0.188
power,c20_noise30,490,9050490,V5,1,1,1,0,"[[""a""]]",0.457
power,c20_noise30,491,9050491,V6,1,1,1,0,"[[""a""]]",0.212
power,c20_noise30,491,9050491,V5,0,0,0,0,[],0.484
power,c20_noise30,492,9050492,V6,0,0,0,0,[],0.253
power,c20_noise30,492,9050492,V5,0,0,0,0,[],0.47
power,c20_noise30,493,9050493,V6,0,0,0,0,[],0.275
power,c20_noise30,493,9050493,V5,0,0,0,0,[],0.431
power,c20_noise30,494,9050494,V6,0,0,0,0,[],0.236
power,c20_noise30,494,9050494,V5,0,0,0,0,[],0.466
power,c20_noise30,495,9050495,V6,0,0,0,0,[],0.214
power,c20_noise30,495,9050495,V5,0,0,0,0,[],0.461
power,c20_noise30,496,9050496,V6,1,1,1,0,"[[""a""]]",0.214
power,c20_noise30,496,9050496,V5,1,1,1,0,"[[""a""]]",0.455
power,c20_noise30,497,9050497,V6,0,0,0,0,[],0.266
power,c20_noise30,497,9050497,V5,0,0,0,0,[],0.476
power,c20_noise30,498,9050498,V6,1,1,1,0,"[[""a""]]",0.255
power,c20_noise30,498,9050498,V5,1,1,1,0,"[[""a""]]",0.482
power,c20_noise30,499,9050499,V6,0,0,0,0,[],0.185
power,c20_noise30,499,9050499,V5,0,0,0,0,[],0.434
power,c30_noise0,0,9060000,V6,1,1,1,0,"[[""a"", ""p""]]",0.174
power,c30_noise0,0,9060000,V5,1,1,1,0,"[[""a"", ""p""]]",0.418
power,c30_noise0,1,9060001,V6,1,1,1,0,"[[""a"", ""p""]]",0.194
power,c30_noise0,1,9060001,V5,1,1,1,0,"[[""a"", ""p""]]",0.493
power,c30_noise0,2,9060002,V6,1,2,1,1,"[[""a"", ""p""], [""z5""]]",0.218
power,c30_noise0,2,9060002,V5,1,1,1,0,"[[""a"", ""p""]]",0.421
power,c30_noise0,3,9060003,V6,1,1,1,0,"[[""a"", ""p""]]",0.271
power,c30_noise0,3,9060003,V5,1,1,1,0,"[[""a"", ""p""]]",0.421
power,c30_noise0,4,9060004,V6,1,1,1,0,"[[""a"", ""p""]]",0.238
power,c30_noise0,4,9060004,V5,1,1,1,0,"[[""a"", ""p""]]",0.469
power,c30_noise0,5,9060005,V6,1,1,1,0,"[[""a"", ""p""]]",0.206
power,c30_noise0,5,9060005,V5,1,1,1,0,"[[""a"", ""p""]]",0.471
power,c30_noise0,6,9060006,V6,1,1,1,0,"[[""a"", ""p""]]",0.253
power,c30_noise0,6,9060006,V5,1,1,1,0,"[[""a"", ""p""]]",0.405
power,c30_noise0,7,9060007,V6,1,1,1,0,"[[""a"", ""p""]]",0.297
power,c30_noise0,7,9060007,V5,1,1,1,0,"[[""a"", ""p""]]",0.394
power,c30_noise0,8,9060008,V6,1,1,1,0,"[[""a"", ""p""]]",0.262
power,c30_noise0,8,9060008,V5,1,1,1,0,"[[""a"", ""p""]]",0.489
power,c30_noise0,9,9060009,V6,0,0,0,0,[],0.25
power,c30_noise0,9,9060009,V5,0,0,0,0,[],0.424
power,c30_noise0,10,9060010,V6,1,1,1,0,"[[""a"", ""p""]]",0.218
power,c30_noise0,10,9060010,V5,1,1,1,0,"[[""a"", ""p""]]",0.458
power,c30_noise0,11,9060011,V6,1,1,1,0,"[[""a"", ""p""]]",0.234
power,c30_noise0,11,9060011,V5,1,1,1,0,"[[""a"", ""p""]]",0.546
power,c30_noise0,12,9060012,V6,1,1,1,0,"[[""a"", ""p""]]",0.233
power,c30_noise0,12,9060012,V5,1,1,1,0,"[[""a"", ""p""]]",0.504
power,c30_noise0,13,9060013,V6,1,1,1,0,"[[""a"", ""p""]]",0.208
power,c30_noise0,13,9060013,V5,1,1,1,0,"[[""a"", ""p""]]",0.531
power,c30_noise0,14,9060014,V6,1,1,1,0,"[[""a"", ""p""]]",0.227
power,c30_noise0,14,9060014,V5,1,1,1,0,"[[""a"", ""p""]]",0.604
power,c30_noise0,15,9060015,V6,1,1,1,0,"[[""a"", ""p""]]",0.207
power,c30_noise0,15,9060015,V5,1,1,1,0,"[[""a"", ""p""]]",0.571
power,c30_noise0,16,9060016,V6,1,1,1,0,"[[""a"", ""p""]]",0.179
power,c30_noise0,16,9060016,V5,1,1,1,0,"[[""a"", ""p""]]",0.544
power,c30_noise0,17,9060017,V6,1,1,1,0,"[[""a"", ""p""]]",0.24
power,c30_noise0,17,9060017,V5,1,1,1,0,"[[""a"", ""p""]]",0.656
power,c30_noise0,18,9060018,V6,0,0,0,0,[],0.283
power,c30_noise0,18,9060018,V5,1,1,1,0,"[[""a"", ""p""]]",0.549
power,c30_noise0,19,9060019,V6,1,1,1,0,"[[""a"", ""p""]]",0.295
power,c30_noise0,19,9060019,V5,1,1,1,0,"[[""a"", ""p""]]",0.67
power,c30_noise0,20,9060020,V6,1,1,1,0,"[[""a"", ""p""]]",0.273
power,c30_noise0,20,9060020,V5,1,1,1,0,"[[""a"", ""p""]]",0.597
power,c30_noise0,21,9060021,V6,1,1,1,0,"[[""a"", ""p""]]",0.276
power,c30_noise0,21,9060021,V5,1,1,1,0,"[[""a"", ""p""]]",0.598
power,c30_noise0,22,9060022,V6,1,1,1,0,"[[""a"", ""p""]]",0.443
power,c30_noise0,22,9060022,V5,1,1,1,0,"[[""a"", ""p""]]",0.511
power,c30_noise0,23,9060023,V6,1,1,1,0,"[[""a"", ""p""]]",0.411
power,c30_noise0,23,9060023,V5,1,1,1,0,"[[""a"", ""p""]]",0.553
power,c30_noise0,24,9060024,V6,1,1,1,0,"[[""a"", ""p""]]",0.37
power,c30_noise0,24,9060024,V5,1,1,1,0,"[[""a"", ""p""]]",0.481
power,c30_noise0,25,9060025,V6,1,1,1,0,"[[""a"", ""p""]]",0.383
power,c30_noise0,25,9060025,V5,1,2,1,1,"[[""a"", ""p""], [""z2""]]",0.537
power,c30_noise0,26,9060026,V6,1,1,1,0,"[[""a"", ""p""]]",0.377
power,c30_noise0,26,9060026,V5,1,1,1,0,"[[""a"", ""p""]]",0.562
power,c30_noise0,27,9060027,V6,1,1,1,0,"[[""a"", ""p""]]",0.275
power,c30_noise0,27,9060027,V5,1,1,1,0,"[[""a"", ""p""]]",0.514
power,c30_noise0,28,9060028,V6,1,1,1,0,"[[""a"", ""p""]]",0.236
power,c30_noise0,28,9060028,V5,1,1,1,0,"[[""a"", ""p""]]",0.485
power,c30_noise0,29,9060029,V6,1,1,1,0,"[[""a"", ""p""]]",0.223
power,c30_noise0,29,9060029,V5,1,1,1,0,"[[""a"", ""p""]]",0.485
power,c30_noise0,30,9060030,V6,1,1,1,0,"[[""a"", ""p""]]",0.308
power,c30_noise0,30,9060030,V5,1,1,1,0,"[[""a"", ""p""]]",0.502
power,c30_noise0,31,9060031,V6,1,1,1,0,"[[""a"", ""p""]]",0.253
power,c30_noise0,31,9060031,V5,1,1,1,0,"[[""a"", ""p""]]",0.376
power,c30_noise0,32,9060032,V6,1,1,1,0,"[[""a"", ""p""]]",0.265
power,c30_noise0,32,9060032,V5,1,1,1,0,"[[""a"", ""p""]]",0.381
power,c30_noise0,33,9060033,V6,0,0,0,0,[],0.215
power,c30_noise0,33,9060033,V5,1,1,1,0,"[[""a"", ""p""]]",0.379
power,c30_noise0,34,9060034,V6,1,1,1,0,"[[""a"", ""p""]]",0.18
power,c30_noise0,34,9060034,V5,1,1,1,0,"[[""a"", ""p""]]",0.347
power,c30_noise0,35,9060035,V6,1,1,1,0,"[[""a"", ""p""]]",0.195
power,c30_noise0,35,9060035,V5,1,1,1,0,"[[""a"", ""p""]]",0.38
power,c30_noise0,36,9060036,V6,1,1,1,0,"[[""a"", ""p""]]",0.227
power,c30_noise0,36,9060036,V5,1,1,1,0,"[[""a"", ""p""]]",0.372
power,c30_noise0,37,9060037,V6,1,1,1,0,"[[""a"", ""p""]]",0.204
power,c30_noise0,37,9060037,V5,1,1,1,0,"[[""a"", ""p""]]",0.417
power,c30_noise0,38,9060038,V6,0,0,0,0,[],0.238
power,c30_noise0,38,9060038,V5,1,1,1,0,"[[""a"", ""p""]]",0.439
power,c30_noise0,39,9060039,V6,1,1,1,0,"[[""a"", ""p""]]",0.196
power,c30_noise0,39,9060039,V5,1,1,1,0,"[[""a"", ""p""]]",0.405
power,c30_noise0,40,9060040,V6,1,1,1,0,"[[""a"", ""p""]]",0.224
power,c30_noise0,40,9060040,V5,1,1,1,0,"[[""a"", ""p""]]",0.37
power,c30_noise0,41,9060041,V6,1,1,1,0,"[[""a"", ""p""]]",0.184
power,c30_noise0,41,9060041,V5,1,1,1,0,"[[""a"", ""p""]]",0.516
power,c30_noise0,42,9060042,V6,1,1,1,0,"[[""a"", ""p""]]",0.178
power,c30_noise0,42,9060042,V5,1,1,1,0,"[[""a"", ""p""]]",0.632
power,c30_noise0,43,9060043,V6,1,1,1,0,"[[""a"", ""p""]]",0.201
power,c30_noise0,43,9060043,V5,1,1,1,0,"[[""a"", ""p""]]",0.997
power,c30_noise0,44,9060044,V6,1,1,1,0,"[[""a"", ""p""]]",0.191
power,c30_noise0,44,9060044,V5,1,1,1,0,"[[""a"", ""p""]]",0.758
power,c30_noise0,45,9060045,V6,1,1,1,0,"[[""a"", ""p""]]",0.19
power,c30_noise0,45,9060045,V5,1,1,1,0,"[[""a"", ""p""]]",1.037
power,c30_noise0,46,9060046,V6,1,1,1,0,"[[""a"", ""p""]]",0.199
power,c30_noise0,46,9060046,V5,1,1,1,0,"[[""a"", ""p""]]",1.364
power,c30_noise0,47,9060047,V6,1,1,1,0,"[[""a"", ""p""]]",0.371
power,c30_noise0,47,9060047,V5,1,1,1,0,"[[""a"", ""p""]]",1.557
power,c30_noise0,48,9060048,V6,1,1,1,0,"[[""a"", ""p""]]",0.173
power,c30_noise0,48,9060048,V5,1,1,1,0,"[[""a"", ""p""]]",1.357
power,c30_noise0,49,9060049,V6,1,1,1,0,"[[""a"", ""p""]]",0.435
power,c30_noise0,49,9060049,V5,1,1,1,0,"[[""a"", ""p""]]",1.522
power,c30_noise0,50,9060050,V6,1,1,1,0,"[[""a"", ""p""]]",0.767
power,c30_noise0,50,9060050,V5,1,1,1,0,"[[""a"", ""p""]]",1.678
power,c30_noise0,51,9060051,V6,1,1,1,0,"[[""a"", ""p""]]",0.84
power,c30_noise0,51,9060051,V5,1,1,1,0,"[[""a"", ""p""]]",1.716
power,c30_noise0,52,9060052,V6,1,1,1,0,"[[""a"", ""p""]]",0.829
power,c30_noise0,52,9060052,V5,1,1,1,0,"[[""a"", ""p""]]",1.737
power,c30_noise0,53,9060053,V6,1,1,0,1,"[[""x1""]]",0.846
power,c30_noise0,53,9060053,V5,0,0,0,0,[],1.996
power,c30_noise0,54,9060054,V6,1,1,1,0,"[[""a"", ""p""]]",0.808
power,c30_noise0,54,9060054,V5,1,1,1,0,"[[""a"", ""p""]]",2.029
power,c30_noise0,55,9060055,V6,1,1,1,0,"[[""a"", ""p""]]",0.822
power,c30_noise0,55,9060055,V5,1,1,1,0,"[[""a"", ""p""]]",2.283
power,c30_noise0,56,9060056,V6,1,1,1,0,"[[""a"", ""p""]]",0.839
power,c30_noise0,56,9060056,V5,1,1,1,0,"[[""a"", ""p""]]",2.231
power,c30_noise0,57,9060057,V6,1,1,1,0,"[[""a"", ""p""]]",0.888
power,c30_noise0,57,9060057,V5,1,1,1,0,"[[""a"", ""p""]]",2.32
power,c30_noise0,58,9060058,V6,1,1,1,0,"[[""a"", ""p""]]",1.034
power,c30_noise0,58,9060058,V5,1,1,1,0,"[[""a"", ""p""]]",2.187
power,c30_noise0,59,9060059,V6,1,1,1,0,"[[""a"", ""p""]]",1.022
power,c30_noise0,59,9060059,V5,1,1,1,0,"[[""a"", ""p""]]",2.157
power,c30_noise0,60,9060060,V6,1,1,1,0,"[[""a"", ""p""]]",1.404
power,c30_noise0,60,9060060,V5,1,1,1,0,"[[""a"", ""p""]]",1.691
power,c30_noise0,61,9060061,V6,1,2,1,1,"[[""a"", ""p""], [""x5""]]",1.428
power,c30_noise0,61,9060061,V5,1,1,1,0,"[[""a"", ""p""]]",1.593
power,c30_noise0,62,9060062,V6,1,1,1,0,"[[""a"", ""p""]]",1.39
power,c30_noise0,62,9060062,V5,1,1,1,0,"[[""a"", ""p""]]",1.571
power,c30_noise0,63,9060063,V6,1,1,1,0,"[[""a"", ""p""]]",1.219
power,c30_noise0,63,9060063,V5,1,1,1,0,"[[""a"", ""p""]]",1.496
power,c30_noise0,64,9060064,V6,1,1,1,0,"[[""a"", ""p""]]",1.088
power,c30_noise0,64,9060064,V5,1,1,1,0,"[[""a"", ""p""]]",1.446
power,c30_noise0,65,9060065,V6,1,1,1,0,"[[""a"", ""p""]]",0.864
power,c30_noise0,65,9060065,V5,1,1,1,0,"[[""a"", ""p""]]",1.55
power,c30_noise0,66,9060066,V6,1,1,1,0,"[[""a"", ""p""]]",0.777
power,c30_noise0,66,9060066,V5,1,1,1,0,"[[""a"", ""p""]]",1.549
power,c30_noise0,67,9060067,V6,1,1,1,0,"[[""a"", ""p""]]",0.778
power,c30_noise0,67,9060067,V5,1,1,1,0,"[[""a"", ""p""]]",1.566
power,c30_noise0,68,9060068,V6,0,0,0,0,[],0.823
power,c30_noise0,68,9060068,V5,0,0,0,0,[],1.558
power,c30_noise0,69,9060069,V6,0,0,0,0,[],0.827
power,c30_noise0,69,9060069,V5,0,0,0,0,[],1.546
power,c30_noise0,70,9060070,V6,1,1,1,0,"[[""a"", ""p""]]",0.82
power,c30_noise0,70,9060070,V5,1,1,1,0,"[[""a"", ""p""]]",1.552
power,c30_noise0,71,9060071,V6,1,1,1,0,"[[""a"", ""p""]]",0.827
power,c30_noise0,71,9060071,V5,1,1,1,0,"[[""a"", ""p""]]",1.547
power,c30_noise0,72,9060072,V6,0,0,0,0,[],0.814
power,c30_noise0,72,9060072,V5,0,0,0,0,[],1.525
power,c30_noise0,73,9060073,V6,1,1,1,0,"[[""a"", ""p""]]",0.824
power,c30_noise0,73,9060073,V5,1,1,1,0,"[[""a"", ""p""]]",1.52
power,c30_noise0,74,9060074,V6,1,1,1,0,"[[""a"", ""p""]]",0.816
power,c30_noise0,74,9060074,V5,1,1,1,0,"[[""a"", ""p""]]",1.537
power,c30_noise0,75,9060075,V6,1,1,1,0,"[[""a"", ""p""]]",0.846
power,c30_noise0,75,9060075,V5,1,2,1,1,"[[""a"", ""p""], [""z4""]]",1.586
power,c30_noise0,76,9060076,V6,1,1,1,0,"[[""a"", ""p""]]",0.851
power,c30_noise0,76,9060076,V5,1,1,1,0,"[[""a"", ""p""]]",1.644
power,c30_noise0,77,9060077,V6,1,1,1,0,"[[""a"", ""p""]]",0.844
power,c30_noise0,77,9060077,V5,1,1,1,0,"[[""a"", ""p""]]",1.622
power,c30_noise0,78,9060078,V6,1,1,1,0,"[[""a"", ""p""]]",0.83
power,c30_noise0,78,9060078,V5,1,1,1,0,"[[""a"", ""p""]]",1.654
power,c30_noise0,79,9060079,V6,1,1,1,0,"[[""a"", ""p""]]",0.83
power,c30_noise0,79,9060079,V5,1,1,1,0,"[[""a"", ""p""]]",1.703
power,c30_noise0,80,9060080,V6,1,1,1,0,"[[""a"", ""p""]]",0.849
power,c30_noise0,80,9060080,V5,1,1,1,0,"[[""a"", ""p""]]",1.641
power,c30_noise0,81,9060081,V6,1,1,1,0,"[[""a"", ""p""]]",0.949
power,c30_noise0,81,9060081,V5,1,1,1,0,"[[""a"", ""p""]]",1.639
power,c30_noise0,82,9060082,V6,1,1,1,0,"[[""a"", ""p""]]",0.934
power,c30_noise0,82,9060082,V5,1,1,1,0,"[[""a"", ""p""]]",1.59
power,c30_noise0,83,9060083,V6,1,1,1,0,"[[""a"", ""p""]]",0.965
power,c30_noise0,83,9060083,V5,1,1,1,0,"[[""a"", ""p""]]",1.412
power,c30_noise0,84,9060084,V6,1,2,1,1,"[[""a"", ""p""], [""z2""]]",0.95
power,c30_noise0,84,9060084,V5,1,2,1,1,"[[""a"", ""p""], [""z2""]]",1.389
power,c30_noise0,85,9060085,V6,1,1,1,0,"[[""a"", ""p""]]",0.87
power,c30_noise0,85,9060085,V5,1,1,1,0,"[[""a"", ""p""]]",1.218
power,c30_noise0,86,9060086,V6,1,1,1,0,"[[""a"", ""p""]]",0.843
power,c30_noise0,86,9060086,V5,1,1,1,0,"[[""a"", ""p""]]",1.083
power,c30_noise0,87,9060087,V6,1,1,1,0,"[[""a"", ""p""]]",0.895
power,c30_noise0,87,9060087,V5,1,1,1,0,"[[""a"", ""p""]]",0.929
power,c30_noise0,88,9060088,V6,1,1,1,0,"[[""a"", ""p""]]",0.885
power,c30_noise0,88,9060088,V5,1,1,1,0,"[[""a"", ""p""]]",0.633
power,c30_noise0,89,9060089,V6,1,1,1,0,"[[""a"", ""p""]]",0.89
power,c30_noise0,89,9060089,V5,1,1,1,0,"[[""a"", ""p""]]",0.505
power,c30_noise0,90,9060090,V6,1,1,1,0,"[[""a"", ""p""]]",0.564
power,c30_noise0,90,9060090,V5,1,1,1,0,"[[""a"", ""p""]]",0.461
power,c30_noise0,91,9060091,V6,1,1,1,0,"[[""a"", ""p""]]",0.35
power,c30_noise0,91,9060091,V5,0,0,0,0,[],0.468
power,c30_noise0,92,9060092,V6,1,1,1,0,"[[""a"", ""p""]]",0.333
power,c30_noise0,92,9060092,V5,1,1,1,0,"[[""a"", ""p""]]",0.453
power,c30_noise0,93,9060093,V6,1,2,1,1,"[[""a"", ""p""], [""z4""]]",0.302
power,c30_noise0,93,9060093,V5,1,1,1,0,"[[""a"", ""p""]]",0.489
power,c30_noise0,94,9060094,V6,1,1,1,0,"[[""a"", ""p""]]",0.298
power,c30_noise0,94,9060094,V5,1,1,1,0,"[[""a"", ""p""]]",0.483
power,c30_noise0,95,9060095,V6,1,1,1,0,"[[""a"", ""p""]]",0.27
power,c30_noise0,95,9060095,V5,1,1,1,0,"[[""a"", ""p""]]",0.463
power,c30_noise0,96,9060096,V6,1,1,1,0,"[[""a"", ""p""]]",0.273
power,c30_noise0,96,9060096,V5,1,1,1,0,"[[""a"", ""p""]]",0.487
power,c30_noise0,97,9060097,V6,1,1,1,0,"[[""a"", ""p""]]",0.249
power,c30_noise0,97,9060097,V5,1,1,1,0,"[[""a"", ""p""]]",0.433
power,c30_noise0,98,9060098,V6,1,1,1,0,"[[""a"", ""p""]]",0.22
power,c30_noise0,98,9060098,V5,1,1,1,0,"[[""a"", ""p""]]",0.445
power,c30_noise0,99,9060099,V6,1,1,1,0,"[[""a"", ""p""]]",0.216
power,c30_noise0,99,9060099,V5,1,1,1,0,"[[""a"", ""p""]]",0.476
power,c30_noise0,100,9060100,V6,1,1,1,0,"[[""a"", ""p""]]",0.237
power,c30_noise0,100,9060100,V5,1,1,1,0,"[[""a"", ""p""]]",0.492
power,c30_noise0,101,9060101,V6,1,1,1,0,"[[""a"", ""p""]]",0.256
power,c30_noise0,101,9060101,V5,1,1,1,0,"[[""a"", ""p""]]",0.473
power,c30_noise0,102,9060102,V6,0,0,0,0,[],0.32
power,c30_noise0,102,9060102,V5,0,0,0,0,[],0.428
power,c30_noise0,103,9060103,V6,1,1,1,0,"[[""a"", ""p""]]",0.272
power,c30_noise0,103,9060103,V5,1,1,1,0,"[[""a"", ""p""]]",0.417
power,c30_noise0,104,9060104,V6,1,1,1,0,"[[""a"", ""p""]]",0.227
power,c30_noise0,104,9060104,V5,1,1,1,0,"[[""a"", ""p""]]",0.438
power,c30_noise0,105,9060105,V6,0,0,0,0,[],0.234
power,c30_noise0,105,9060105,V5,0,0,0,0,[],0.456
power,c30_noise0,106,9060106,V6,0,0,0,0,[],0.199
power,c30_noise0,106,9060106,V5,1,1,1,0,"[[""a"", ""p""]]",0.452
power,c30_noise0,107,9060107,V6,1,1,1,0,"[[""a"", ""p""]]",0.256
power,c30_noise0,107,9060107,V5,1,1,1,0,"[[""a"", ""p""]]",0.397
power,c30_noise0,108,9060108,V6,0,0,0,0,[],0.238
power,c30_noise0,108,9060108,V5,0,0,0,0,[],0.491
power,c30_noise0,109,9060109,V6,1,1,1,0,"[[""a"", ""p""]]",0.229
power,c30_noise0,109,9060109,V5,1,1,1,0,"[[""a"", ""p""]]",0.41
power,c30_noise0,110,9060110,V6,1,1,1,0,"[[""a"", ""p""]]",0.207
power,c30_noise0,110,9060110,V5,1,1,1,0,"[[""a"", ""p""]]",0.393
power,c30_noise0,111,9060111,V6,0,0,0,0,[],0.214
power,c30_noise0,111,9060111,V5,0,0,0,0,[],0.449
power,c30_noise0,112,9060112,V6,1,1,1,0,"[[""a"", ""p""]]",0.195
power,c30_noise0,112,9060112,V5,1,1,1,0,"[[""a"", ""p""]]",0.494
power,c30_noise0,113,9060113,V6,1,1,1,0,"[[""a"", ""p""]]",0.178
power,c30_noise0,113,9060113,V5,1,2,1,1,"[[""a"", ""p""], [""z4""]]",0.53
power,c30_noise0,114,9060114,V6,1,1,1,0,"[[""a"", ""p""]]",0.198
power,c30_noise0,114,9060114,V5,1,1,1,0,"[[""a"", ""p""]]",0.464
power,c30_noise0,115,9060115,V6,1,1,1,0,"[[""a"", ""p""]]",0.278
power,c30_noise0,115,9060115,V5,1,1,1,0,"[[""a"", ""p""]]",0.506
power,c30_noise0,116,9060116,V6,1,1,1,0,"[[""a"", ""p""]]",0.217
power,c30_noise0,116,9060116,V5,1,1,1,0,"[[""a"", ""p""]]",0.443
power,c30_noise0,117,9060117,V6,1,1,1,0,"[[""a"", ""p""]]",0.242
power,c30_noise0,117,9060117,V5,1,1,1,0,"[[""a"", ""p""]]",0.489
power,c30_noise0,118,9060118,V6,0,0,0,0,[],0.255
power,c30_noise0,118,9060118,V5,0,0,0,0,[],0.512
power,c30_noise0,119,9060119,V6,1,1,1,0,"[[""a"", ""p""]]",0.305
power,c30_noise0,119,9060119,V5,1,1,1,0,"[[""a"", ""p""]]",0.569
power,c30_noise0,120,9060120,V6,1,1,1,0,"[[""a"", ""p""]]",0.249
power,c30_noise0,120,9060120,V5,1,1,1,0,"[[""a"", ""p""]]",0.507
power,c30_noise0,121,9060121,V6,1,1,1,0,"[[""a"", ""p""]]",0.238
power,c30_noise0,121,9060121,V5,1,1,1,0,"[[""a"", ""p""]]",0.546
power,c30_noise0,122,9060122,V6,0,0,0,0,[],0.182
power,c30_noise0,122,9060122,V5,0,0,0,0,[],0.521
power,c30_noise0,123,9060123,V6,1,1,1,0,"[[""a"", ""p""]]",0.231
power,c30_noise0,123,9060123,V5,1,1,1,0,"[[""a"", ""p""]]",0.506
power,c30_noise0,124,9060124,V6,1,1,1,0,"[[""a"", ""p""]]",0.2
power,c30_noise0,124,9060124,V5,1,1,1,0,"[[""a"", ""p""]]",0.502
power,c30_noise0,125,9060125,V6,1,1,1,0,"[[""a"", ""p""]]",0.305
power,c30_noise0,125,9060125,V5,1,1,1,0,"[[""a"", ""p""]]",0.594
power,c30_noise0,126,9060126,V6,1,1,1,0,"[[""a"", ""p""]]",0.286
power,c30_noise0,126,9060126,V5,1,1,1,0,"[[""a"", ""p""]]",0.574
power,c30_noise0,127,9060127,V6,1,1,1,0,"[[""a"", ""p""]]",0.322
power,c30_noise0,127,9060127,V5,1,1,1,0,"[[""a"", ""p""]]",0.788
power,c30_noise0,128,9060128,V6,1,1,1,0,"[[""a"", ""p""]]",0.33
power,c30_noise0,128,9060128,V5,1,1,1,0,"[[""a"", ""p""]]",1.405
power,c30_noise0,129,9060129,V6,1,1,1,0,"[[""a"", ""p""]]",0.214
power,c30_noise0,129,9060129,V5,1,1,1,0,"[[""a"", ""p""]]",1.271
power,c30_noise0,130,9060130,V6,1,1,1,0,"[[""a"", ""p""]]",0.2
power,c30_noise0,130,9060130,V5,1,1,1,0,"[[""a"", ""p""]]",1.409
power,c30_noise0,131,9060131,V6,1,1,1,0,"[[""a"", ""p""]]",0.55
power,c30_noise0,131,9060131,V5,1,1,1,0,"[[""a"", ""p""]]",1.502
power,c30_noise0,132,9060132,V6,1,1,1,0,"[[""a"", ""p""]]",0.439
power,c30_noise0,132,9060132,V5,1,1,1,0,"[[""a"", ""p""]]",1.463
power,c30_noise0,133,9060133,V6,1,1,1,0,"[[""a"", ""p""]]",0.623
power,c30_noise0,133,9060133,V5,1,1,1,0,"[[""a"", ""p""]]",1.499
power,c30_noise0,134,9060134,V6,1,1,1,0,"[[""a"", ""p""]]",0.531
power,c30_noise0,134,9060134,V5,1,1,1,0,"[[""a"", ""p""]]",1.543
power,c30_noise0,135,9060135,V6,1,1,1,0,"[[""a"", ""p""]]",0.839
power,c30_noise0,135,9060135,V5,1,1,1,0,"[[""a"", ""p""]]",1.342
power,c30_noise0,136,9060136,V6,1,1,1,0,"[[""a"", ""p""]]",0.815
power,c30_noise0,136,9060136,V5,1,1,1,0,"[[""a"", ""p""]]",1.328
power,c30_noise0,137,9060137,V6,1,1,1,0,"[[""a"", ""p""]]",0.791
power,c30_noise0,137,9060137,V5,1,1,1,0,"[[""a"", ""p""]]",1.149
power,c30_noise0,138,9060138,V6,1,1,1,0,"[[""a"", ""p""]]",0.823
power,c30_noise0,138,9060138,V5,1,1,1,0,"[[""a"", ""p""]]",0.655
power,c30_noise0,139,9060139,V6,0,0,0,0,[],0.816
power,c30_noise0,139,9060139,V5,0,0,0,0,[],0.622
power,c30_noise0,140,9060140,V6,1,1,1,0,"[[""a"", ""p""]]",0.854
power,c30_noise0,140,9060140,V5,1,1,1,0,"[[""a"", ""p""]]",0.517
power,c30_noise0,141,9060141,V6,1,2,1,1,"[[""a"", ""p""], [""x4""]]",0.615
power,c30_noise0,141,9060141,V5,1,3,1,1,"[[""x4""], [""x3""], [""a"", ""p""]]",0.468
power,c30_noise0,142,9060142,V6,1,1,1,0,"[[""a"", ""p""]]",0.542
power,c30_noise0,142,9060142,V5,1,1,1,0,"[[""a"", ""p""]]",0.46
power,c30_noise0,143,9060143,V6,1,1,1,0,"[[""a"", ""p""]]",0.463
power,c30_noise0,143,9060143,V5,1,1,1,0,"[[""a"", ""p""]]",0.405
power,c30_noise0,144,9060144,V6,1,1,1,0,"[[""a"", ""p""]]",0.384
power,c30_noise0,144,9060144,V5,1,1,1,0,"[[""a"", ""p""]]",0.415
power,c30_noise0,145,9060145,V6,1,1,1,0,"[[""a"", ""p""]]",0.234
power,c30_noise0,145,9060145,V5,1,1,1,0,"[[""a"", ""p""]]",0.43
power,c30_noise0,146,9060146,V6,1,1,1,0,"[[""a"", ""p""]]",0.249
power,c30_noise0,146,9060146,V5,1,1,1,0,"[[""a"", ""p""]]",0.39
power,c30_noise0,147,9060147,V6,1,1,1,0,"[[""a"", ""p""]]",0.219
power,c30_noise0,147,9060147,V5,1,1,1,0,"[[""a"", ""p""]]",0.378
power,c30_noise0,148,9060148,V6,1,1,1,0,"[[""a"", ""p""]]",0.195
power,c30_noise0,148,9060148,V5,1,1,1,0,"[[""a"", ""p""]]",0.415
power,c30_noise0,149,9060149,V6,1,1,1,0,"[[""a"", ""p""]]",0.198
power,c30_noise0,149,9060149,V5,1,1,1,0,"[[""a"", ""p""]]",0.452
power,c30_noise0,150,9060150,V6,1,1,1,0,"[[""a"", ""p""]]",0.216
power,c30_noise0,150,9060150,V5,1,1,1,0,"[[""a"", ""p""]]",0.437
power,c30_noise0,151,9060151,V6,0,0,0,0,[],0.199
power,c30_noise0,151,9060151,V5,1,1,1,0,"[[""a"", ""p""]]",0.343
power,c30_noise0,152,9060152,V6,1,1,1,0,"[[""a"", ""p""]]",0.192
power,c30_noise0,152,9060152,V5,1,1,1,0,"[[""a"", ""p""]]",0.406
power,c30_noise0,153,9060153,V6,1,1,1,0,"[[""a"", ""p""]]",0.205
power,c30_noise0,153,9060153,V5,1,1,1,0,"[[""a"", ""p""]]",0.423
power,c30_noise0,154,9060154,V6,1,1,1,0,"[[""a"", ""p""]]",0.237
power,c30_noise0,154,9060154,V5,1,1,1,0,"[[""a"", ""p""]]",0.39
power,c30_noise0,155,9060155,V6,1,1,1,0,"[[""a"", ""p""]]",0.178
power,c30_noise0,155,9060155,V5,1,1,1,0,"[[""a"", ""p""]]",0.353
power,c30_noise0,156,9060156,V6,0,0,0,0,[],0.23
power,c30_noise0,156,9060156,V5,0,0,0,0,[],0.408
power,c30_noise0,157,9060157,V6,0,0,0,0,[],0.177
power,c30_noise0,157,9060157,V5,0,0,0,0,[],0.385
power,c30_noise0,158,9060158,V6,1,1,1,0,"[[""a"", ""p""]]",0.196
power,c30_noise0,158,9060158,V5,1,1,1,0,"[[""a"", ""p""]]",0.478
power,c30_noise0,159,9060159,V6,1,1,1,0,"[[""a"", ""p""]]",0.169
power,c30_noise0,159,9060159,V5,1,1,1,0,"[[""a"", ""p""]]",0.389
power,c30_noise0,160,9060160,V6,1,1,1,0,"[[""a"", ""p""]]",0.19
power,c30_noise0,160,9060160,V5,1,1,1,0,"[[""a"", ""p""]]",0.429
power,c30_noise0,161,9060161,V6,1,1,1,0,"[[""a"", ""p""]]",0.21
power,c30_noise0,161,9060161,V5,1,1,1,0,"[[""a"", ""p""]]",0.394
power,c30_noise0,162,9060162,V6,1,1,1,0,"[[""a"", ""p""]]",0.2
power,c30_noise0,162,9060162,V5,1,1,1,0,"[[""a"", ""p""]]",0.413
power,c30_noise0,163,9060163,V6,1,1,1,0,"[[""a"", ""p""]]",0.203
power,c30_noise0,163,9060163,V5,1,1,1,0,"[[""a"", ""p""]]",0.4
power,c30_noise0,164,9060164,V6,1,1,1,0,"[[""a"", ""p""]]",0.205
power,c30_noise0,164,9060164,V5,1,1,1,0,"[[""a"", ""p""]]",0.438
power,c30_noise0,165,9060165,V6,1,1,1,0,"[[""a"", ""p""]]",0.201
power,c30_noise0,165,9060165,V5,1,1,1,0,"[[""a"", ""p""]]",0.464
power,c30_noise0,166,9060166,V6,0,0,0,0,[],0.185
power,c30_noise0,166,9060166,V5,0,0,0,0,[],0.363
power,c30_noise0,167,9060167,V6,1,1,1,0,"[[""a"", ""p""]]",0.199
power,c30_noise0,167,9060167,V5,1,1,1,0,"[[""a"", ""p""]]",0.389
power,c30_noise0,168,9060168,V6,1,1,1,0,"[[""a"", ""p""]]",0.211
power,c30_noise0,168,9060168,V5,1,1,1,0,"[[""a"", ""p""]]",0.399
power,c30_noise0,169,9060169,V6,1,1,1,0,"[[""a"", ""p""]]",0.223
power,c30_noise0,169,9060169,V5,1,1,1,0,"[[""a"", ""p""]]",0.38
power,c30_noise0,170,9060170,V6,0,0,0,0,[],0.189
power,c30_noise0,170,9060170,V5,0,0,0,0,[],0.395
power,c30_noise0,171,9060171,V6,1,1,1,0,"[[""a"", ""p""]]",0.209
power,c30_noise0,171,9060171,V5,1,1,1,0,"[[""a"", ""p""]]",0.384
power,c30_noise0,172,9060172,V6,1,1,1,0,"[[""a"", ""p""]]",0.211
power,c30_noise0,172,9060172,V5,1,1,1,0,"[[""a"", ""p""]]",0.386
power,c30_noise0,173,9060173,V6,1,1,1,0,"[[""a"", ""p""]]",0.242
power,c30_noise0,173,9060173,V5,1,1,1,0,"[[""a"", ""p""]]",0.502
power,c30_noise0,174,9060174,V6,1,1,1,0,"[[""a"", ""p""]]",0.193
power,c30_noise0,174,9060174,V5,1,1,1,0,"[[""a"", ""p""]]",0.36
power,c30_noise0,175,9060175,V6,1,2,1,1,"[[""a"", ""p""], [""z5""]]",0.195
power,c30_noise0,175,9060175,V5,1,1,1,0,"[[""a"", ""p""]]",0.386
power,c30_noise0,176,9060176,V6,1,1,1,0,"[[""a"", ""p""]]",0.298
power,c30_noise0,176,9060176,V5,1,1,1,0,"[[""a"", ""p""]]",0.463
power,c30_noise0,177,9060177,V6,1,1,1,0,"[[""a"", ""p""]]",0.189
power,c30_noise0,177,9060177,V5,1,1,1,0,"[[""a"", ""p""]]",0.422
power,c30_noise0,178,9060178,V6,1,1,1,0,"[[""a"", ""p""]]",0.219
power,c30_noise0,178,9060178,V5,1,1,1,0,"[[""a"", ""p""]]",0.412
power,c30_noise0,179,9060179,V6,1,1,1,0,"[[""a"", ""p""]]",0.183
power,c30_noise0,179,9060179,V5,1,1,1,0,"[[""a"", ""p""]]",0.362
power,c30_noise0,180,9060180,V6,1,1,1,0,"[[""a"", ""p""]]",0.174
power,c30_noise0,180,9060180,V5,1,1,1,0,"[[""a"", ""p""]]",0.373
power,c30_noise0,181,9060181,V6,1,1,1,0,"[[""a"", ""p""]]",0.173
power,c30_noise0,181,9060181,V5,1,1,1,0,"[[""a"", ""p""]]",0.419
power,c30_noise0,182,9060182,V6,1,1,1,0,"[[""a"", ""p""]]",0.202
power,c30_noise0,182,9060182,V5,1,1,1,0,"[[""a"", ""p""]]",0.361
power,c30_noise0,183,9060183,V6,1,1,1,0,"[[""a"", ""p""]]",0.181
power,c30_noise0,183,9060183,V5,1,1,1,0,"[[""a"", ""p""]]",0.363
power,c30_noise0,184,9060184,V6,1,1,1,0,"[[""a"", ""p""]]",0.17
power,c30_noise0,184,9060184,V5,1,1,1,0,"[[""a"", ""p""]]",0.385
power,c30_noise0,185,9060185,V6,1,2,1,1,"[[""a"", ""p""], [""z1""]]",0.231
power,c30_noise0,185,9060185,V5,1,2,1,1,"[[""a"", ""p""], [""z1""]]",0.364
power,c30_noise0,186,9060186,V6,1,1,1,0,"[[""a"", ""p""]]",0.249
power,c30_noise0,186,9060186,V5,1,1,1,0,"[[""a"", ""p""]]",0.422
power,c30_noise0,187,9060187,V6,1,1,1,0,"[[""a"", ""p""]]",0.219
power,c30_noise0,187,9060187,V5,1,1,1,0,"[[""a"", ""p""]]",0.376
power,c30_noise0,188,9060188,V6,1,1,1,0,"[[""a"", ""p""]]",0.196
power,c30_noise0,188,9060188,V5,1,1,1,0,"[[""a"", ""p""]]",0.351
power,c30_noise0,189,9060189,V6,1,1,1,0,"[[""a"", ""p""]]",0.206
power,c30_noise0,189,9060189,V5,1,1,1,0,"[[""a"", ""p""]]",0.358
power,c30_noise0,190,9060190,V6,1,1,1,0,"[[""a"", ""p""]]",0.236
power,c30_noise0,190,9060190,V5,1,1,1,0,"[[""a"", ""p""]]",0.398
power,c30_noise0,191,9060191,V6,1,1,1,0,"[[""a"", ""p""]]",0.217
power,c30_noise0,191,9060191,V5,1,1,1,0,"[[""a"", ""p""]]",0.459
power,c30_noise0,192,9060192,V6,1,1,1,0,"[[""a"", ""p""]]",0.175
power,c30_noise0,192,9060192,V5,1,1,1,0,"[[""a"", ""p""]]",0.442
power,c30_noise0,193,9060193,V6,1,1,1,0,"[[""a"", ""p""]]",0.209
power,c30_noise0,193,9060193,V5,1,1,1,0,"[[""a"", ""p""]]",0.414
power,c30_noise0,194,9060194,V6,1,2,1,1,"[[""a"", ""p""], [""z2""]]",0.207
power,c30_noise0,194,9060194,V5,1,1,1,0,"[[""a"", ""p""]]",0.407
power,c30_noise0,195,9060195,V6,1,1,1,0,"[[""a"", ""p""]]",0.248
power,c30_noise0,195,9060195,V5,1,1,1,0,"[[""a"", ""p""]]",0.449
power,c30_noise0,196,9060196,V6,1,1,1,0,"[[""a"", ""p""]]",0.213
power,c30_noise0,196,9060196,V5,1,1,1,0,"[[""a"", ""p""]]",0.383
power,c30_noise0,197,9060197,V6,1,1,1,0,"[[""a"", ""p""]]",0.193
power,c30_noise0,197,9060197,V5,1,1,1,0,"[[""a"", ""p""]]",0.357
power,c30_noise0,198,9060198,V6,1,1,1,0,"[[""a"", ""p""]]",0.216
power,c30_noise0,198,9060198,V5,1,1,1,0,"[[""a"", ""p""]]",0.385
power,c30_noise0,199,9060199,V6,1,1,1,0,"[[""a"", ""p""]]",0.166
power,c30_noise0,199,9060199,V5,1,1,1,0,"[[""a"", ""p""]]",0.436
power,c30_noise0,200,9060200,V6,1,1,1,0,"[[""a"", ""p""]]",0.176
power,c30_noise0,200,9060200,V5,1,1,1,0,"[[""a"", ""p""]]",0.39
power,c30_noise0,201,9060201,V6,1,2,1,1,"[[""a"", ""p""], [""z3""]]",0.182
power,c30_noise0,201,9060201,V5,1,2,1,1,"[[""a"", ""p""], [""z3""]]",0.368
power,c30_noise0,202,9060202,V6,1,1,1,0,"[[""a"", ""p""]]",0.243
power,c30_noise0,202,9060202,V5,1,1,1,0,"[[""a"", ""p""]]",0.45
power,c30_noise0,203,9060203,V6,1,1,1,0,"[[""a"", ""p""]]",0.189
power,c30_noise0,203,9060203,V5,1,1,1,0,"[[""a"", ""p""]]",0.442
power,c30_noise0,204,9060204,V6,0,0,0,0,[],0.172
power,c30_noise0,204,9060204,V5,0,0,0,0,[],0.393
power,c30_noise0,205,9060205,V6,1,1,1,0,"[[""a"", ""p""]]",0.226
power,c30_noise0,205,9060205,V5,1,1,1,0,"[[""a"", ""p""]]",0.413
power,c30_noise0,206,9060206,V6,1,1,1,0,"[[""a"", ""p""]]",0.187
power,c30_noise0,206,9060206,V5,1,1,1,0,"[[""a"", ""p""]]",0.4
power,c30_noise0,207,9060207,V6,1,1,1,0,"[[""a"", ""p""]]",0.182
power,c30_noise0,207,9060207,V5,1,1,1,0,"[[""a"", ""p""]]",0.452
power,c30_noise0,208,9060208,V6,1,1,1,0,"[[""a"", ""p""]]",0.23
power,c30_noise0,208,9060208,V5,1,1,1,0,"[[""a"", ""p""]]",0.469
power,c30_noise0,209,9060209,V6,1,1,1,0,"[[""a"", ""p""]]",0.198
power,c30_noise0,209,9060209,V5,1,2,1,1,"[[""a"", ""p""], [""z4""]]",0.428
power,c30_noise0,210,9060210,V6,1,1,1,0,"[[""a"", ""p""]]",0.191
power,c30_noise0,210,9060210,V5,1,1,1,0,"[[""a"", ""p""]]",0.413
power,c30_noise0,211,9060211,V6,1,1,1,0,"[[""a"", ""p""]]",0.202
power,c30_noise0,211,9060211,V5,1,1,1,0,"[[""a"", ""p""]]",0.407
power,c30_noise0,212,9060212,V6,1,1,1,0,"[[""a"", ""p""]]",0.238
power,c30_noise0,212,9060212,V5,1,1,1,0,"[[""a"", ""p""]]",0.429
power,c30_noise0,213,9060213,V6,1,1,1,0,"[[""a"", ""p""]]",0.239
power,c30_noise0,213,9060213,V5,1,1,1,0,"[[""a"", ""p""]]",0.41
power,c30_noise0,214,9060214,V6,0,0,0,0,[],0.239
power,c30_noise0,214,9060214,V5,0,0,0,0,[],0.464
power,c30_noise0,215,9060215,V6,1,1,1,0,"[[""a"", ""p""]]",0.259
power,c30_noise0,215,9060215,V5,1,1,1,0,"[[""a"", ""p""]]",0.456
power,c30_noise0,216,9060216,V6,1,1,1,0,"[[""a"", ""p""]]",0.24
power,c30_noise0,216,9060216,V5,1,1,1,0,"[[""a"", ""p""]]",0.461
power,c30_noise0,217,9060217,V6,0,0,0,0,[],0.234
power,c30_noise0,217,9060217,V5,0,0,0,0,[],0.417
power,c30_noise0,218,9060218,V6,1,1,1,0,"[[""a"", ""p""]]",0.212
power,c30_noise0,218,9060218,V5,1,1,1,0,"[[""a"", ""p""]]",0.473
power,c30_noise0,219,9060219,V6,0,0,0,0,[],0.228
power,c30_noise0,219,9060219,V5,0,0,0,0,[],0.463
power,c30_noise0,220,9060220,V6,1,1,1,0,"[[""a"", ""p""]]",0.207
power,c30_noise0,220,9060220,V5,1,1,1,0,"[[""a"", ""p""]]",0.429
power,c30_noise0,221,9060221,V6,1,1,1,0,"[[""a"", ""p""]]",0.205
power,c30_noise0,221,9060221,V5,1,1,1,0,"[[""a"", ""p""]]",0.442
power,c30_noise0,222,9060222,V6,0,0,0,0,[],0.196
power,c30_noise0,222,9060222,V5,1,1,1,0,"[[""a"", ""p""]]",0.413
power,c30_noise0,223,9060223,V6,0,0,0,0,[],0.204
power,c30_noise0,223,9060223,V5,1,1,1,0,"[[""a"", ""p""]]",0.424
power,c30_noise0,224,9060224,V6,1,1,1,0,"[[""a"", ""p""]]",0.245
power,c30_noise0,224,9060224,V5,1,1,1,0,"[[""a"", ""p""]]",0.45
power,c30_noise0,225,9060225,V6,1,1,1,0,"[[""a"", ""p""]]",0.265
power,c30_noise0,225,9060225,V5,1,1,1,0,"[[""a"", ""p""]]",0.464
power,c30_noise0,226,9060226,V6,1,1,1,0,"[[""a"", ""p""]]",0.239
power,c30_noise0,226,9060226,V5,1,1,1,0,"[[""a"", ""p""]]",0.422
power,c30_noise0,227,9060227,V6,1,1,1,0,"[[""a"", ""p""]]",0.217
power,c30_noise0,227,9060227,V5,1,1,1,0,"[[""a"", ""p""]]",0.382
power,c30_noise0,228,9060228,V6,0,0,0,0,[],0.203
power,c30_noise0,228,9060228,V5,1,1,1,0,"[[""a"", ""p""]]",0.439
power,c30_noise0,229,9060229,V6,1,1,1,0,"[[""a"", ""p""]]",0.169
power,c30_noise0,229,9060229,V5,1,1,1,0,"[[""a"", ""p""]]",0.366
power,c30_noise0,230,9060230,V6,1,1,1,0,"[[""a"", ""p""]]",0.172
power,c30_noise0,230,9060230,V5,1,1,1,0,"[[""a"", ""p""]]",0.381
power,c30_noise0,231,9060231,V6,1,2,1,1,"[[""a"", ""p""], [""x1""]]",0.211
power,c30_noise0,231,9060231,V5,1,2,1,1,"[[""a"", ""p""], [""x1""]]",0.425
power,c30_noise0,232,9060232,V6,1,1,1,0,"[[""a"", ""p""]]",0.196
power,c30_noise0,232,9060232,V5,0,0,0,0,[],0.442
power,c30_noise0,233,9060233,V6,1,1,1,0,"[[""a"", ""p""]]",0.204
power,c30_noise0,233,9060233,V5,1,1,1,0,"[[""a"", ""p""]]",0.374
power,c30_noise0,234,9060234,V6,1,3,1,1,"[[""a"", ""p""], [""x3""], [""x2""]]",0.188
power,c30_noise0,234,9060234,V5,1,1,1,0,"[[""a"", ""p""]]",0.378
power,c30_noise0,235,9060235,V6,1,1,1,0,"[[""a"", ""p""]]",0.156
power,c30_noise0,235,9060235,V5,1,1,1,0,"[[""a"", ""p""]]",0.37
power,c30_noise0,236,9060236,V6,1,1,1,0,"[[""a"", ""p""]]",0.185
power,c30_noise0,236,9060236,V5,1,1,1,0,"[[""a"", ""p""]]",0.364
power,c30_noise0,237,9060237,V6,1,1,1,0,"[[""a"", ""p""]]",0.184
power,c30_noise0,237,9060237,V5,1,1,1,0,"[[""a"", ""p""]]",0.389
power,c30_noise0,238,9060238,V6,1,1,1,0,"[[""a"", ""p""]]",0.226
power,c30_noise0,238,9060238,V5,1,1,1,0,"[[""a"", ""p""]]",0.394
power,c30_noise0,239,9060239,V6,1,1,1,0,"[[""a"", ""p""]]",0.182
power,c30_noise0,239,9060239,V5,1,1,1,0,"[[""a"", ""p""]]",0.38
power,c30_noise0,240,9060240,V6,1,1,1,0,"[[""a"", ""p""]]",0.242
power,c30_noise0,240,9060240,V5,1,1,1,0,"[[""a"", ""p""]]",0.491
power,c30_noise0,241,9060241,V6,1,1,1,0,"[[""a"", ""p""]]",0.162
power,c30_noise0,241,9060241,V5,1,1,1,0,"[[""a"", ""p""]]",0.363
power,c30_noise0,242,9060242,V6,1,1,1,0,"[[""a"", ""p""]]",0.198
power,c30_noise0,242,9060242,V5,1,1,1,0,"[[""a"", ""p""]]",0.41
power,c30_noise0,243,9060243,V6,0,0,0,0,[],0.271
power,c30_noise0,243,9060243,V5,0,0,0,0,[],0.459
power,c30_noise0,244,9060244,V6,1,1,1,0,"[[""a"", ""p""]]",0.193
power,c30_noise0,244,9060244,V5,1,1,1,0,"[[""a"", ""p""]]",0.373
power,c30_noise0,245,9060245,V6,0,0,0,0,[],0.2
power,c30_noise0,245,9060245,V5,0,0,0,0,[],0.373
power,c30_noise0,246,9060246,V6,1,1,1,0,"[[""a"", ""p""]]",0.204
power,c30_noise0,246,9060246,V5,1,1,1,0,"[[""a"", ""p""]]",0.356
power,c30_noise0,247,9060247,V6,1,1,1,0,"[[""a"", ""p""]]",0.21
power,c30_noise0,247,9060247,V5,1,1,1,0,"[[""a"", ""p""]]",0.371
power,c30_noise0,248,9060248,V6,1,1,1,0,"[[""a"", ""p""]]",0.203
power,c30_noise0,248,9060248,V5,1,1,1,0,"[[""a"", ""p""]]",0.42
power,c30_noise0,249,9060249,V6,1,1,1,0,"[[""a"", ""p""]]",0.172
power,c30_noise0,249,9060249,V5,1,1,1,0,"[[""a"", ""p""]]",0.346
power,c30_noise0,250,9060250,V6,1,1,1,0,"[[""a"", ""p""]]",0.166
power,c30_noise0,250,9060250,V5,1,1,1,0,"[[""a"", ""p""]]",0.364
power,c30_noise0,251,9060251,V6,1,1,1,0,"[[""a"", ""p""]]",0.188
power,c30_noise0,251,9060251,V5,1,1,1,0,"[[""a"", ""p""]]",0.397
power,c30_noise0,252,9060252,V6,1,1,1,0,"[[""a"", ""p""]]",0.241
power,c30_noise0,252,9060252,V5,1,1,1,0,"[[""a"", ""p""]]",0.393
power,c30_noise0,253,9060253,V6,1,1,1,0,"[[""a"", ""p""]]",0.208
power,c30_noise0,253,9060253,V5,1,1,1,0,"[[""a"", ""p""]]",0.354
power,c30_noise0,254,9060254,V6,1,1,1,0,"[[""a"", ""p""]]",0.234
power,c30_noise0,254,9060254,V5,1,1,1,0,"[[""a"", ""p""]]",0.398
power,c30_noise0,255,9060255,V6,1,1,1,0,"[[""a"", ""p""]]",0.196
power,c30_noise0,255,9060255,V5,1,1,1,0,"[[""a"", ""p""]]",0.429
power,c30_noise0,256,9060256,V6,1,1,1,0,"[[""a"", ""p""]]",0.178
power,c30_noise0,256,9060256,V5,1,1,1,0,"[[""a"", ""p""]]",0.372
power,c30_noise0,257,9060257,V6,1,1,1,0,"[[""a"", ""p""]]",0.19
power,c30_noise0,257,9060257,V5,1,1,1,0,"[[""a"", ""p""]]",0.399
power,c30_noise0,258,9060258,V6,0,0,0,0,[],0.178
power,c30_noise0,258,9060258,V5,0,0,0,0,[],0.35
power,c30_noise0,259,9060259,V6,1,1,1,0,"[[""a"", ""p""]]",0.204
power,c30_noise0,259,9060259,V5,1,1,1,0,"[[""a"", ""p""]]",0.405
power,c30_noise0,260,9060260,V6,1,1,1,0,"[[""a"", ""p""]]",0.217
power,c30_noise0,260,9060260,V5,1,1,1,0,"[[""a"", ""p""]]",0.403
power,c30_noise0,261,9060261,V6,0,0,0,0,[],0.196
power,c30_noise0,261,9060261,V5,0,0,0,0,[],0.415
power,c30_noise0,262,9060262,V6,1,1,1,0,"[[""a"", ""p""]]",0.175
power,c30_noise0,262,9060262,V5,1,1,1,0,"[[""a"", ""p""]]",0.387
power,c30_noise0,263,9060263,V6,1,1,1,0,"[[""a"", ""p""]]",0.188
power,c30_noise0,263,9060263,V5,1,1,1,0,"[[""a"", ""p""]]",0.381
power,c30_noise0,264,9060264,V6,1,1,1,0,"[[""a"", ""p""]]",0.196
power,c30_noise0,264,9060264,V5,1,1,1,0,"[[""a"", ""p""]]",0.45
power,c30_noise0,265,9060265,V6,1,1,1,0,"[[""a"", ""p""]]",0.189
power,c30_noise0,265,9060265,V5,1,2,1,1,"[[""a"", ""p""], [""x4""]]",0.378
power,c30_noise0,266,9060266,V6,1,1,1,0,"[[""a"", ""p""]]",0.208
power,c30_noise0,266,9060266,V5,1,1,1,0,"[[""a"", ""p""]]",0.381
power,c30_noise0,267,9060267,V6,0,0,0,0,[],0.174
power,c30_noise0,267,9060267,V5,0,0,0,0,[],0.367
power,c30_noise0,268,9060268,V6,1,1,1,0,"[[""a"", ""p""]]",0.224
power,c30_noise0,268,9060268,V5,1,1,1,0,"[[""a"", ""p""]]",0.366
power,c30_noise0,269,9060269,V6,1,1,1,0,"[[""a"", ""p""]]",0.162
power,c30_noise0,269,9060269,V5,1,1,1,0,"[[""a"", ""p""]]",0.447
power,c30_noise0,270,9060270,V6,1,1,1,0,"[[""a"", ""p""]]",0.216
power,c30_noise0,270,9060270,V5,1,1,1,0,"[[""a"", ""p""]]",0.404
power,c30_noise0,271,9060271,V6,1,1,1,0,"[[""a"", ""p""]]",0.198
power,c30_noise0,271,9060271,V5,1,1,1,0,"[[""a"", ""p""]]",0.397
power,c30_noise0,272,9060272,V6,1,1,1,0,"[[""a"", ""p""]]",0.197
power,c30_noise0,272,9060272,V5,1,1,1,0,"[[""a"", ""p""]]",0.366
power,c30_noise0,273,9060273,V6,1,1,1,0,"[[""a"", ""p""]]",0.174
power,c30_noise0,273,9060273,V5,1,1,1,0,"[[""a"", ""p""]]",0.369
power,c30_noise0,274,9060274,V6,1,1,1,0,"[[""a"", ""p""]]",0.191
power,c30_noise0,274,9060274,V5,1,1,1,0,"[[""a"", ""p""]]",0.422
power,c30_noise0,275,9060275,V6,1,1,1,0,"[[""a"", ""p""]]",0.18
power,c30_noise0,275,9060275,V5,1,1,1,0,"[[""a"", ""p""]]",0.443
power,c30_noise0,276,9060276,V6,1,1,1,0,"[[""a"", ""p""]]",0.177
power,c30_noise0,276,9060276,V5,1,1,1,0,"[[""a"", ""p""]]",0.369
power,c30_noise0,277,9060277,V6,1,1,1,0,"[[""a"", ""p""]]",0.238
power,c30_noise0,277,9060277,V5,1,1,1,0,"[[""a"", ""p""]]",0.377
power,c30_noise0,278,9060278,V6,1,1,1,0,"[[""a"", ""p""]]",0.208
power,c30_noise0,278,9060278,V5,1,1,1,0,"[[""a"", ""p""]]",0.392
power,c30_noise0,279,9060279,V6,1,1,1,0,"[[""a"", ""p""]]",0.23
power,c30_noise0,279,9060279,V5,1,1,1,0,"[[""a"", ""p""]]",0.387
power,c30_noise0,280,9060280,V6,1,1,1,0,"[[""a"", ""p""]]",0.167
power,c30_noise0,280,9060280,V5,1,1,1,0,"[[""a"", ""p""]]",0.372
power,c30_noise0,281,9060281,V6,0,0,0,0,[],0.174
power,c30_noise0,281,9060281,V5,0,0,0,0,[],0.36
power,c30_noise0,282,9060282,V6,1,1,1,0,"[[""a"", ""p""]]",0.165
power,c30_noise0,282,9060282,V5,1,1,1,0,"[[""a"", ""p""]]",0.39
power,c30_noise0,283,9060283,V6,1,1,1,0,"[[""a"", ""p""]]",0.166
power,c30_noise0,283,9060283,V5,1,1,1,0,"[[""a"", ""p""]]",0.409
power,c30_noise0,284,9060284,V6,1,1,1,0,"[[""a"", ""p""]]",0.21
power,c30_noise0,284,9060284,V5,1,1,1,0,"[[""a"", ""p""]]",0.367
power,c30_noise0,285,9060285,V6,1,1,1,0,"[[""a"", ""p""]]",0.194
power,c30_noise0,285,9060285,V5,1,1,1,0,"[[""a"", ""p""]]",0.382
power,c30_noise0,286,9060286,V6,1,1,1,0,"[[""a"", ""p""]]",0.213
power,c30_noise0,286,9060286,V5,1,1,1,0,"[[""a"", ""p""]]",0.406
power,c30_noise0,287,9060287,V6,1,2,1,1,"[[""x5""], [""a"", ""p""]]",0.181
power,c30_noise0,287,9060287,V5,1,2,1,1,"[[""x5""], [""a"", ""p""]]",0.385
power,c30_noise0,288,9060288,V6,1,1,1,0,"[[""a"", ""p""]]",0.187
power,c30_noise0,288,9060288,V5,1,1,1,0,"[[""a"", ""p""]]",0.361
power,c30_noise0,289,9060289,V6,1,1,1,0,"[[""a"", ""p""]]",0.218
power,c30_noise0,289,9060289,V5,1,1,1,0,"[[""a"", ""p""]]",0.398
power,c30_noise0,290,9060290,V6,1,2,1,1,"[[""a"", ""p""], [""x1""]]",0.195
power,c30_noise0,290,9060290,V5,1,1,1,0,"[[""a"", ""p""]]",0.403
power,c30_noise0,291,9060291,V6,0,0,0,0,[],0.19
power,c30_noise0,291,9060291,V5,1,1,1,0,"[[""a"", ""p""]]",0.399
power,c30_noise0,292,9060292,V6,1,1,1,0,"[[""a"", ""p""]]",0.181
power,c30_noise0,292,9060292,V5,1,1,1,0,"[[""a"", ""p""]]",0.42
power,c30_noise0,293,9060293,V6,1,1,1,0,"[[""a"", ""p""]]",0.155
power,c30_noise0,293,9060293,V5,1,1,1,0,"[[""a"", ""p""]]",0.367
power,c30_noise0,294,9060294,V6,0,0,0,0,[],0.184
power,c30_noise0,294,9060294,V5,1,1,1,0,"[[""a"", ""p""]]",0.418
power,c30_noise0,295,9060295,V6,1,1,1,0,"[[""a"", ""p""]]",0.185
power,c30_noise0,295,9060295,V5,1,1,1,0,"[[""a"", ""p""]]",0.424
power,c30_noise0,296,9060296,V6,1,1,1,0,"[[""a"", ""p""]]",0.194
power,c30_noise0,296,9060296,V5,1,1,1,0,"[[""a"", ""p""]]",0.439
power,c30_noise0,297,9060297,V6,1,1,1,0,"[[""a"", ""p""]]",0.225
power,c30_noise0,297,9060297,V5,1,1,1,0,"[[""a"", ""p""]]",0.416
power,c30_noise0,298,9060298,V6,1,1,1,0,"[[""a"", ""p""]]",0.187
power,c30_noise0,298,9060298,V5,1,1,1,0,"[[""a"", ""p""]]",0.396
power,c30_noise0,299,9060299,V6,1,1,1,0,"[[""a"", ""p""]]",0.24
power,c30_noise0,299,9060299,V5,1,1,1,0,"[[""a"", ""p""]]",0.402
power,c30_noise0,300,9060300,V6,0,0,0,0,[],0.226
power,c30_noise0,300,9060300,V5,1,1,1,0,"[[""a"", ""p""]]",0.433
power,c30_noise0,301,9060301,V6,1,1,1,0,"[[""a"", ""p""]]",0.204
power,c30_noise0,301,9060301,V5,1,1,1,0,"[[""a"", ""p""]]",0.409
power,c30_noise0,302,9060302,V6,1,1,1,0,"[[""a"", ""p""]]",0.249
power,c30_noise0,302,9060302,V5,1,1,1,0,"[[""a"", ""p""]]",0.408
power,c30_noise0,303,9060303,V6,1,1,1,0,"[[""a"", ""p""]]",0.22
power,c30_noise0,303,9060303,V5,1,1,1,0,"[[""a"", ""p""]]",0.424
power,c30_noise0,304,9060304,V6,1,1,1,0,"[[""a"", ""p""]]",0.206
power,c30_noise0,304,9060304,V5,1,1,1,0,"[[""a"", ""p""]]",0.404
power,c30_noise0,305,9060305,V6,1,1,1,0,"[[""a"", ""p""]]",0.19
power,c30_noise0,305,9060305,V5,1,1,1,0,"[[""a"", ""p""]]",0.41
power,c30_noise0,306,9060306,V6,1,1,1,0,"[[""a"", ""p""]]",0.187
power,c30_noise0,306,9060306,V5,1,1,1,0,"[[""a"", ""p""]]",0.43
power,c30_noise0,307,9060307,V6,1,1,1,0,"[[""a"", ""p""]]",0.207
power,c30_noise0,307,9060307,V5,1,1,1,0,"[[""a"", ""p""]]",0.4
power,c30_noise0,308,9060308,V6,1,1,1,0,"[[""a"", ""p""]]",0.193
power,c30_noise0,308,9060308,V5,1,1,1,0,"[[""a"", ""p""]]",0.404
power,c30_noise0,309,9060309,V6,1,2,1,1,"[[""a"", ""p""], [""x3""]]",0.245
power,c30_noise0,309,9060309,V5,1,2,1,1,"[[""x3""], [""a"", ""p""]]",0.352
power,c30_noise0,310,9060310,V6,1,1,1,0,"[[""a"", ""p""]]",0.199
power,c30_noise0,310,9060310,V5,1,1,1,0,"[[""a"", ""p""]]",0.427
power,c30_noise0,311,9060311,V6,0,0,0,0,[],0.228
power,c30_noise0,311,9060311,V5,1,1,1,0,"[[""a"", ""p""]]",0.389
power,c30_noise0,312,9060312,V6,1,1,1,0,"[[""a"", ""p""]]",0.208
power,c30_noise0,312,9060312,V5,1,1,1,0,"[[""a"", ""p""]]",0.397
power,c30_noise0,313,9060313,V6,1,1,1,0,"[[""a"", ""p""]]",0.23
power,c30_noise0,313,9060313,V5,1,1,1,0,"[[""a"", ""p""]]",0.353
power,c30_noise0,314,9060314,V6,1,1,1,0,"[[""a"", ""p""]]",0.23
power,c30_noise0,314,9060314,V5,1,1,1,0,"[[""a"", ""p""]]",0.354
power,c30_noise0,315,9060315,V6,1,1,1,0,"[[""a"", ""p""]]",0.195
power,c30_noise0,315,9060315,V5,1,1,1,0,"[[""a"", ""p""]]",0.374
power,c30_noise0,316,9060316,V6,1,1,1,0,"[[""a"", ""p""]]",0.173
power,c30_noise0,316,9060316,V5,1,1,1,0,"[[""a"", ""p""]]",0.362
power,c30_noise0,317,9060317,V6,0,0,0,0,[],0.211
power,c30_noise0,317,9060317,V5,0,0,0,0,[],0.347
power,c30_noise0,318,9060318,V6,1,1,1,0,"[[""a"", ""p""]]",0.183
power,c30_noise0,318,9060318,V5,1,1,1,0,"[[""a"", ""p""]]",0.385
power,c30_noise0,319,9060319,V6,1,1,1,0,"[[""a"", ""p""]]",0.159
power,c30_noise0,319,9060319,V5,1,1,1,0,"[[""a"", ""p""]]",0.383
power,c30_noise0,320,9060320,V6,1,1,1,0,"[[""a"", ""p""]]",0.203
power,c30_noise0,320,9060320,V5,1,1,1,0,"[[""a"", ""p""]]",0.358
power,c30_noise0,321,9060321,V6,1,1,1,0,"[[""a"", ""p""]]",0.185
power,c30_noise0,321,9060321,V5,1,1,1,0,"[[""a"", ""p""]]",0.387
power,c30_noise0,322,9060322,V6,1,1,1,0,"[[""a"", ""p""]]",0.201
power,c30_noise0,322,9060322,V5,1,1,1,0,"[[""a"", ""p""]]",0.398
power,c30_noise0,323,9060323,V6,1,1,1,0,"[[""a"", ""p""]]",0.19
power,c30_noise0,323,9060323,V5,1,1,1,0,"[[""a"", ""p""]]",0.359
power,c30_noise0,324,9060324,V6,1,1,1,0,"[[""a"", ""p""]]",0.178
power,c30_noise0,324,9060324,V5,1,1,1,0,"[[""a"", ""p""]]",0.373
power,c30_noise0,325,9060325,V6,1,1,1,0,"[[""a"", ""p""]]",0.216
power,c30_noise0,325,9060325,V5,1,2,1,1,"[[""a"", ""p""], [""x2""]]",0.368
power,c30_noise0,326,9060326,V6,1,1,1,0,"[[""a"", ""p""]]",0.186
power,c30_noise0,326,9060326,V5,1,1,1,0,"[[""a"", ""p""]]",0.389
power,c30_noise0,327,9060327,V6,1,1,1,0,"[[""a"", ""p""]]",0.197
power,c30_noise0,327,9060327,V5,1,1,1,0,"[[""a"", ""p""]]",0.352
power,c30_noise0,328,9060328,V6,1,1,1,0,"[[""a"", ""p""]]",0.202
power,c30_noise0,328,9060328,V5,1,1,1,0,"[[""a"", ""p""]]",0.372
power,c30_noise0,329,9060329,V6,1,1,1,0,"[[""a"", ""p""]]",0.213
power,c30_noise0,329,9060329,V5,1,1,1,0,"[[""a"", ""p""]]",0.347
power,c30_noise0,330,9060330,V6,1,1,1,0,"[[""a"", ""p""]]",0.184
power,c30_noise0,330,9060330,V5,1,1,1,0,"[[""a"", ""p""]]",0.381
power,c30_noise0,331,9060331,V6,1,1,1,0,"[[""a"", ""p""]]",0.191
power,c30_noise0,331,9060331,V5,1,1,1,0,"[[""a"", ""p""]]",0.365
power,c30_noise0,332,9060332,V6,1,1,1,0,"[[""a"", ""p""]]",0.205
power,c30_noise0,332,9060332,V5,1,1,1,0,"[[""a"", ""p""]]",0.389
power,c30_noise0,333,9060333,V6,1,1,1,0,"[[""a"", ""p""]]",0.188
power,c30_noise0,333,9060333,V5,1,1,1,0,"[[""a"", ""p""]]",0.376
power,c30_noise0,334,9060334,V6,1,1,1,0,"[[""a"", ""p""]]",0.162
power,c30_noise0,334,9060334,V5,1,1,1,0,"[[""a"", ""p""]]",0.375
power,c30_noise0,335,9060335,V6,1,1,1,0,"[[""a"", ""p""]]",0.202
power,c30_noise0,335,9060335,V5,1,1,1,0,"[[""a"", ""p""]]",0.384
power,c30_noise0,336,9060336,V6,1,1,1,0,"[[""a"", ""p""]]",0.202
power,c30_noise0,336,9060336,V5,1,1,1,0,"[[""a"", ""p""]]",0.354
power,c30_noise0,337,9060337,V6,1,1,1,0,"[[""a"", ""p""]]",0.231
power,c30_noise0,337,9060337,V5,1,1,1,0,"[[""a"", ""p""]]",0.391
power,c30_noise0,338,9060338,V6,1,1,1,0,"[[""a"", ""p""]]",0.191
power,c30_noise0,338,9060338,V5,1,1,1,0,"[[""a"", ""p""]]",0.352
power,c30_noise0,339,9060339,V6,1,1,1,0,"[[""a"", ""p""]]",0.191
power,c30_noise0,339,9060339,V5,1,1,1,0,"[[""a"", ""p""]]",0.44
power,c30_noise0,340,9060340,V6,1,1,1,0,"[[""a"", ""p""]]",0.188
power,c30_noise0,340,9060340,V5,1,1,1,0,"[[""a"", ""p""]]",0.354
power,c30_noise0,341,9060341,V6,1,1,1,0,"[[""a"", ""p""]]",0.168
power,c30_noise0,341,9060341,V5,1,1,1,0,"[[""a"", ""p""]]",0.467
power,c30_noise0,342,9060342,V6,1,1,1,0,"[[""a"", ""p""]]",0.202
power,c30_noise0,342,9060342,V5,1,1,1,0,"[[""a"", ""p""]]",0.369
power,c30_noise0,343,9060343,V6,1,1,1,0,"[[""a"", ""p""]]",0.197
power,c30_noise0,343,9060343,V5,1,1,1,0,"[[""a"", ""p""]]",0.423
power,c30_noise0,344,9060344,V6,1,1,1,0,"[[""a"", ""p""]]",0.177
power,c30_noise0,344,9060344,V5,1,1,1,0,"[[""a"", ""p""]]",0.425
power,c30_noise0,345,9060345,V6,1,1,1,0,"[[""a"", ""p""]]",0.242
power,c30_noise0,345,9060345,V5,1,1,1,0,"[[""a"", ""p""]]",0.407
power,c30_noise0,346,9060346,V6,1,1,1,0,"[[""a"", ""p""]]",0.176
power,c30_noise0,346,9060346,V5,1,1,1,0,"[[""a"", ""p""]]",0.394
power,c30_noise0,347,9060347,V6,0,0,0,0,[],0.202
power,c30_noise0,347,9060347,V5,0,0,0,0,[],0.392
power,c30_noise0,348,9060348,V6,1,1,1,0,"[[""a"", ""p""]]",0.191
power,c30_noise0,348,9060348,V5,1,1,1,0,"[[""a"", ""p""]]",0.375
power,c30_noise0,349,9060349,V6,1,1,1,0,"[[""a"", ""p""]]",0.223
power,c30_noise0,349,9060349,V5,1,1,1,0,"[[""a"", ""p""]]",0.376
power,c30_noise0,350,9060350,V6,1,1,1,0,"[[""a"", ""p""]]",0.222
power,c30_noise0,350,9060350,V5,1,1,1,0,"[[""a"", ""p""]]",0.381
power,c30_noise0,351,9060351,V6,1,1,1,0,"[[""a"", ""p""]]",0.216
power,c30_noise0,351,9060351,V5,1,1,1,0,"[[""a"", ""p""]]",0.386
power,c30_noise0,352,9060352,V6,1,1,1,0,"[[""a"", ""p""]]",0.183
power,c30_noise0,352,9060352,V5,1,1,1,0,"[[""a"", ""p""]]",0.328
power,c30_noise0,353,9060353,V6,1,1,1,0,"[[""a"", ""p""]]",0.196
power,c30_noise0,353,9060353,V5,1,1,1,0,"[[""a"", ""p""]]",0.361
power,c30_noise0,354,9060354,V6,1,1,1,0,"[[""a"", ""p""]]",0.21
power,c30_noise0,354,9060354,V5,1,1,1,0,"[[""a"", ""p""]]",0.374
power,c30_noise0,355,9060355,V6,1,1,1,0,"[[""a"", ""p""]]",0.173
power,c30_noise0,355,9060355,V5,1,1,1,0,"[[""a"", ""p""]]",0.407
power,c30_noise0,356,9060356,V6,1,1,1,0,"[[""a"", ""p""]]",0.185
power,c30_noise0,356,9060356,V5,1,1,1,0,"[[""a"", ""p""]]",0.401
power,c30_noise0,357,9060357,V6,1,1,1,0,"[[""a"", ""p""]]",0.166
power,c30_noise0,357,9060357,V5,1,1,1,0,"[[""a"", ""p""]]",0.391
power,c30_noise0,358,9060358,V6,1,1,1,0,"[[""a"", ""p""]]",0.142
power,c30_noise0,358,9060358,V5,1,1,1,0,"[[""a"", ""p""]]",0.388
power,c30_noise0,359,9060359,V6,1,1,1,0,"[[""a"", ""p""]]",0.203
power,c30_noise0,359,9060359,V5,1,1,1,0,"[[""a"", ""p""]]",0.359
power,c30_noise0,360,9060360,V6,0,0,0,0,[],0.2
power,c30_noise0,360,9060360,V5,0,0,0,0,[],0.386
power,c30_noise0,361,9060361,V6,1,1,1,0,"[[""a"", ""p""]]",0.175
power,c30_noise0,361,9060361,V5,1,1,1,0,"[[""a"", ""p""]]",0.383
power,c30_noise0,362,9060362,V6,1,1,1,0,"[[""a"", ""p""]]",0.199
power,c30_noise0,362,9060362,V5,1,1,1,0,"[[""a"", ""p""]]",0.402
power,c30_noise0,363,9060363,V6,1,1,1,0,"[[""a"", ""p""]]",0.164
power,c30_noise0,363,9060363,V5,1,1,1,0,"[[""a"", ""p""]]",0.339
power,c30_noise0,364,9060364,V6,1,1,1,0,"[[""a"", ""p""]]",0.188
power,c30_noise0,364,9060364,V5,1,1,1,0,"[[""a"", ""p""]]",0.339
power,c30_noise0,365,9060365,V6,1,1,1,0,"[[""a"", ""p""]]",0.206
power,c30_noise0,365,9060365,V5,1,1,1,0,"[[""a"", ""p""]]",0.396
power,c30_noise0,366,9060366,V6,1,1,1,0,"[[""a"", ""p""]]",0.171
power,c30_noise0,366,9060366,V5,1,1,1,0,"[[""a"", ""p""]]",0.359
power,c30_noise0,367,9060367,V6,1,2,1,1,"[[""a"", ""p""], [""z5""]]",0.196
power,c30_noise0,367,9060367,V5,1,2,1,1,"[[""z5""], [""a"", ""p""]]",0.423
power,c30_noise0,368,9060368,V6,1,1,1,0,"[[""a"", ""p""]]",0.202
power,c30_noise0,368,9060368,V5,1,1,1,0,"[[""a"", ""p""]]",0.38
power,c30_noise0,369,9060369,V6,1,1,1,0,"[[""a"", ""p""]]",0.207
power,c30_noise0,369,9060369,V5,1,1,1,0,"[[""a"", ""p""]]",0.423
power,c30_noise0,370,9060370,V6,1,1,1,0,"[[""a"", ""p""]]",0.158
power,c30_noise0,370,9060370,V5,1,1,1,0,"[[""a"", ""p""]]",0.369
power,c30_noise0,371,9060371,V6,1,1,1,0,"[[""a"", ""p""]]",0.185
power,c30_noise0,371,9060371,V5,1,1,1,0,"[[""a"", ""p""]]",0.36
power,c30_noise0,372,9060372,V6,1,1,1,0,"[[""a"", ""p""]]",0.225
power,c30_noise0,372,9060372,V5,1,1,1,0,"[[""a"", ""p""]]",0.396
power,c30_noise0,373,9060373,V6,1,1,1,0,"[[""a"", ""p""]]",0.198
power,c30_noise0,373,9060373,V5,1,1,1,0,"[[""a"", ""p""]]",0.343
power,c30_noise0,374,9060374,V6,1,1,1,0,"[[""a"", ""p""]]",0.229
power,c30_noise0,374,9060374,V5,1,1,1,0,"[[""a"", ""p""]]",0.405
power,c30_noise0,375,9060375,V6,0,0,0,0,[],0.193
power,c30_noise0,375,9060375,V5,0,0,0,0,[],0.41
power,c30_noise0,376,9060376,V6,1,1,1,0,"[[""a"", ""p""]]",0.171
power,c30_noise0,376,9060376,V5,1,1,1,0,"[[""a"", ""p""]]",0.369
power,c30_noise0,377,9060377,V6,1,1,1,0,"[[""a"", ""p""]]",0.191
power,c30_noise0,377,9060377,V5,1,1,1,0,"[[""a"", ""p""]]",0.404
power,c30_noise0,378,9060378,V6,1,1,1,0,"[[""a"", ""p""]]",0.23
power,c30_noise0,378,9060378,V5,1,1,1,0,"[[""a"", ""p""]]",0.43
power,c30_noise0,379,9060379,V6,1,1,1,0,"[[""a"", ""p""]]",0.201
power,c30_noise0,379,9060379,V5,1,1,1,0,"[[""a"", ""p""]]",0.398
power,c30_noise0,380,9060380,V6,1,1,1,0,"[[""a"", ""p""]]",0.182
power,c30_noise0,380,9060380,V5,1,1,1,0,"[[""a"", ""p""]]",0.446
power,c30_noise0,381,9060381,V6,1,1,1,0,"[[""a"", ""p""]]",0.215
power,c30_noise0,381,9060381,V5,1,1,1,0,"[[""a"", ""p""]]",0.431
power,c30_noise0,382,9060382,V6,1,1,1,0,"[[""a"", ""p""]]",0.24
power,c30_noise0,382,9060382,V5,1,1,1,0,"[[""a"", ""p""]]",0.426
power,c30_noise0,383,9060383,V6,1,1,1,0,"[[""a"", ""p""]]",0.187
power,c30_noise0,383,9060383,V5,1,1,1,0,"[[""a"", ""p""]]",0.415
power,c30_noise0,384,9060384,V6,0,0,0,0,[],0.206
power,c30_noise0,384,9060384,V5,0,0,0,0,[],0.415
power,c30_noise0,385,9060385,V6,1,1,1,0,"[[""a"", ""p""]]",0.205
power,c30_noise0,385,9060385,V5,1,1,1,0,"[[""a"", ""p""]]",0.42
power,c30_noise0,386,9060386,V6,1,1,1,0,"[[""a"", ""p""]]",0.221
power,c30_noise0,386,9060386,V5,1,1,1,0,"[[""a"", ""p""]]",0.445
power,c30_noise0,387,9060387,V6,1,1,1,0,"[[""a"", ""p""]]",0.203
power,c30_noise0,387,9060387,V5,1,1,1,0,"[[""a"", ""p""]]",0.436
power,c30_noise0,388,9060388,V6,0,0,0,0,[],0.243
power,c30_noise0,388,9060388,V5,0,0,0,0,[],0.498
power,c30_noise0,389,9060389,V6,1,2,1,1,"[[""a"", ""p""], [""x1""]]",0.219
power,c30_noise0,389,9060389,V5,1,1,1,0,"[[""a"", ""p""]]",0.441
power,c30_noise0,390,9060390,V6,0,0,0,0,[],0.231
power,c30_noise0,390,9060390,V5,0,0,0,0,[],0.441
power,c30_noise0,391,9060391,V6,0,0,0,0,[],0.217
power,c30_noise0,391,9060391,V5,0,0,0,0,[],0.387
power,c30_noise0,392,9060392,V6,1,1,1,0,"[[""a"", ""p""]]",0.24
power,c30_noise0,392,9060392,V5,1,1,1,0,"[[""a"", ""p""]]",0.387
power,c30_noise0,393,9060393,V6,0,0,0,0,[],0.248
power,c30_noise0,393,9060393,V5,0,0,0,0,[],0.457
power,c30_noise0,394,9060394,V6,1,1,1,0,"[[""a"", ""p""]]",0.222
power,c30_noise0,394,9060394,V5,1,1,1,0,"[[""a"", ""p""]]",0.411
power,c30_noise0,395,9060395,V6,0,0,0,0,[],0.263
power,c30_noise0,395,9060395,V5,0,0,0,0,[],0.429
power,c30_noise0,396,9060396,V6,1,1,1,0,"[[""a"", ""p""]]",0.23
power,c30_noise0,396,9060396,V5,1,1,1,0,"[[""a"", ""p""]]",0.426
power,c30_noise0,397,9060397,V6,1,1,1,0,"[[""a"", ""p""]]",0.205
power,c30_noise0,397,9060397,V5,1,1,1,0,"[[""a"", ""p""]]",0.411
power,c30_noise0,398,9060398,V6,1,1,1,0,"[[""a"", ""p""]]",0.191
power,c30_noise0,398,9060398,V5,1,1,1,0,"[[""a"", ""p""]]",0.394
power,c30_noise0,399,9060399,V6,1,1,1,0,"[[""a"", ""p""]]",0.176
power,c30_noise0,399,9060399,V5,1,1,1,0,"[[""a"", ""p""]]",0.446
power,c30_noise0,400,9060400,V6,1,1,1,0,"[[""a"", ""p""]]",0.219
power,c30_noise0,400,9060400,V5,1,1,1,0,"[[""a"", ""p""]]",0.429
power,c30_noise0,401,9060401,V6,1,1,1,0,"[[""a"", ""p""]]",0.208
power,c30_noise0,401,9060401,V5,1,2,1,1,"[[""a"", ""p""], [""x5""]]",0.387
power,c30_noise0,402,9060402,V6,1,1,1,0,"[[""a"", ""p""]]",0.231
power,c30_noise0,402,9060402,V5,1,1,1,0,"[[""a"", ""p""]]",0.377
power,c30_noise0,403,9060403,V6,1,1,1,0,"[[""a"", ""p""]]",0.201
power,c30_noise0,403,9060403,V5,1,1,1,0,"[[""a"", ""p""]]",0.408
power,c30_noise0,404,9060404,V6,1,1,1,0,"[[""a"", ""p""]]",0.188
power,c30_noise0,404,9060404,V5,1,1,1,0,"[[""a"", ""p""]]",0.391
power,c30_noise0,405,9060405,V6,1,1,1,0,"[[""a"", ""p""]]",0.166
power,c30_noise0,405,9060405,V5,1,1,1,0,"[[""a"", ""p""]]",0.405
power,c30_noise0,406,9060406,V6,1,1,1,0,"[[""a"", ""p""]]",0.196
power,c30_noise0,406,9060406,V5,1,1,1,0,"[[""a"", ""p""]]",0.383
power,c30_noise0,407,9060407,V6,1,1,1,0,"[[""a"", ""p""]]",0.24
power,c30_noise0,407,9060407,V5,1,1,1,0,"[[""a"", ""p""]]",0.406
power,c30_noise0,408,9060408,V6,0,0,0,0,[],0.173
power,c30_noise0,408,9060408,V5,0,0,0,0,[],0.381
power,c30_noise0,409,9060409,V6,1,1,1,0,"[[""a"", ""p""]]",0.192
power,c30_noise0,409,9060409,V5,1,1,1,0,"[[""a"", ""p""]]",0.375
power,c30_noise0,410,9060410,V6,1,1,1,0,"[[""a"", ""p""]]",0.184
power,c30_noise0,410,9060410,V5,1,1,1,0,"[[""a"", ""p""]]",0.403
power,c30_noise0,411,9060411,V6,1,1,1,0,"[[""a"", ""p""]]",0.199
power,c30_noise0,411,9060411,V5,1,1,1,0,"[[""a"", ""p""]]",0.368
power,c30_noise0,412,9060412,V6,1,1,1,0,"[[""a"", ""p""]]",0.223
power,c30_noise0,412,9060412,V5,1,1,1,0,"[[""a"", ""p""]]",0.355
power,c30_noise0,413,9060413,V6,0,0,0,0,[],0.173
power,c30_noise0,413,9060413,V5,0,0,0,0,[],0.345
power,c30_noise0,414,9060414,V6,1,1,1,0,"[[""a"", ""p""]]",0.212
power,c30_noise0,414,9060414,V5,0,0,0,0,[],0.418
power,c30_noise0,415,9060415,V6,1,1,1,0,"[[""a"", ""p""]]",0.191
power,c30_noise0,415,9060415,V5,1,1,1,0,"[[""a"", ""p""]]",0.342
power,c30_noise0,416,9060416,V6,1,1,1,0,"[[""a"", ""p""]]",0.178
power,c30_noise0,416,9060416,V5,1,1,1,0,"[[""a"", ""p""]]",0.394
power,c30_noise0,417,9060417,V6,1,1,1,0,"[[""a"", ""p""]]",0.179
power,c30_noise0,417,9060417,V5,1,1,1,0,"[[""a"", ""p""]]",0.502
power,c30_noise0,418,9060418,V6,1,1,1,0,"[[""a"", ""p""]]",0.186
power,c30_noise0,418,9060418,V5,1,1,1,0,"[[""a"", ""p""]]",0.426
power,c30_noise0,419,9060419,V6,1,1,1,0,"[[""a"", ""p""]]",0.231
power,c30_noise0,419,9060419,V5,1,1,1,0,"[[""a"", ""p""]]",0.494
power,c30_noise0,420,9060420,V6,1,1,1,0,"[[""a"", ""p""]]",0.209
power,c30_noise0,420,9060420,V5,1,1,1,0,"[[""a"", ""p""]]",0.446
power,c30_noise0,421,9060421,V6,1,1,1,0,"[[""a"", ""p""]]",0.223
power,c30_noise0,421,9060421,V5,1,1,1,0,"[[""a"", ""p""]]",0.397
power,c30_noise0,422,9060422,V6,1,1,1,0,"[[""a"", ""p""]]",0.234
power,c30_noise0,422,9060422,V5,1,1,1,0,"[[""a"", ""p""]]",0.439
power,c30_noise0,423,9060423,V6,1,1,1,0,"[[""a"", ""p""]]",0.225
power,c30_noise0,423,9060423,V5,1,1,1,0,"[[""a"", ""p""]]",0.435
power,c30_noise0,424,9060424,V6,1,1,1,0,"[[""a"", ""p""]]",0.273
power,c30_noise0,424,9060424,V5,1,1,1,0,"[[""a"", ""p""]]",0.397
power,c30_noise0,425,9060425,V6,1,1,1,0,"[[""a"", ""p""]]",0.265
power,c30_noise0,425,9060425,V5,1,1,1,0,"[[""a"", ""p""]]",0.398
power,c30_noise0,426,9060426,V6,1,1,1,0,"[[""a"", ""p""]]",0.276
power,c30_noise0,426,9060426,V5,1,1,1,0,"[[""a"", ""p""]]",0.474
power,c30_noise0,427,9060427,V6,1,1,1,0,"[[""a"", ""p""]]",0.251
power,c30_noise0,427,9060427,V5,1,1,1,0,"[[""a"", ""p""]]",0.463
power,c30_noise0,428,9060428,V6,1,1,1,0,"[[""a"", ""p""]]",0.258
power,c30_noise0,428,9060428,V5,1,1,1,0,"[[""a"", ""p""]]",0.445
power,c30_noise0,429,9060429,V6,1,1,1,0,"[[""a"", ""p""]]",0.215
power,c30_noise0,429,9060429,V5,1,1,1,0,"[[""a"", ""p""]]",0.548
power,c30_noise0,430,9060430,V6,1,1,1,0,"[[""a"", ""p""]]",0.156
power,c30_noise0,430,9060430,V5,1,1,1,0,"[[""a"", ""p""]]",0.507
power,c30_noise0,431,9060431,V6,1,1,1,0,"[[""a"", ""p""]]",0.183
power,c30_noise0,431,9060431,V5,1,1,1,0,"[[""a"", ""p""]]",0.481
power,c30_noise0,432,9060432,V6,1,1,1,0,"[[""a"", ""p""]]",0.151
power,c30_noise0,432,9060432,V5,1,1,1,0,"[[""a"", ""p""]]",0.504
power,c30_noise0,433,9060433,V6,1,2,1,1,"[[""a"", ""p""], [""z5""]]",0.252
power,c30_noise0,433,9060433,V5,1,2,1,1,"[[""z5""], [""a"", ""p""]]",0.535
power,c30_noise0,434,9060434,V6,1,1,1,0,"[[""a"", ""p""]]",0.27
power,c30_noise0,434,9060434,V5,1,1,1,0,"[[""a"", ""p""]]",0.479
power,c30_noise0,435,9060435,V6,1,1,1,0,"[[""a"", ""p""]]",0.263
power,c30_noise0,435,9060435,V5,1,1,1,0,"[[""a"", ""p""]]",0.429
power,c30_noise0,436,9060436,V6,1,1,1,0,"[[""a"", ""p""]]",0.271
power,c30_noise0,436,9060436,V5,1,1,1,0,"[[""a"", ""p""]]",0.445
power,c30_noise0,437,9060437,V6,1,1,1,0,"[[""a"", ""p""]]",0.258
power,c30_noise0,437,9060437,V5,1,1,1,0,"[[""a"", ""p""]]",0.493
power,c30_noise0,438,9060438,V6,1,1,1,0,"[[""a"", ""p""]]",0.217
power,c30_noise0,438,9060438,V5,1,1,1,0,"[[""a"", ""p""]]",0.452
power,c30_noise0,439,9060439,V6,1,1,1,0,"[[""a"", ""p""]]",0.254
power,c30_noise0,439,9060439,V5,1,1,1,0,"[[""a"", ""p""]]",0.495
power,c30_noise0,440,9060440,V6,0,0,0,0,[],0.263
power,c30_noise0,440,9060440,V5,0,0,0,0,[],0.455
power,c30_noise0,441,9060441,V6,1,1,1,0,"[[""a"", ""p""]]",0.255
power,c30_noise0,441,9060441,V5,1,1,1,0,"[[""a"", ""p""]]",0.387
power,c30_noise0,442,9060442,V6,1,1,1,0,"[[""a"", ""p""]]",0.223
power,c30_noise0,442,9060442,V5,1,1,1,0,"[[""a"", ""p""]]",0.48
power,c30_noise0,443,9060443,V6,1,1,1,0,"[[""a"", ""p""]]",0.256
power,c30_noise0,443,9060443,V5,1,1,1,0,"[[""a"", ""p""]]",0.439
power,c30_noise0,444,9060444,V6,0,0,0,0,[],0.242
power,c30_noise0,444,9060444,V5,0,0,0,0,[],0.464
power,c30_noise0,445,9060445,V6,1,1,1,0,"[[""a"", ""p""]]",0.236
power,c30_noise0,445,9060445,V5,1,1,1,0,"[[""a"", ""p""]]",0.5
power,c30_noise0,446,9060446,V6,1,1,1,0,"[[""a"", ""p""]]",0.29
power,c30_noise0,446,9060446,V5,1,1,1,0,"[[""a"", ""p""]]",0.436
power,c30_noise0,447,9060447,V6,1,1,1,0,"[[""a"", ""p""]]",0.249
power,c30_noise0,447,9060447,V5,1,1,1,0,"[[""a"", ""p""]]",0.384
power,c30_noise0,448,9060448,V6,1,1,1,0,"[[""a"", ""p""]]",0.24
power,c30_noise0,448,9060448,V5,1,1,1,0,"[[""a"", ""p""]]",0.39
power,c30_noise0,449,9060449,V6,1,1,1,0,"[[""a"", ""p""]]",0.257
power,c30_noise0,449,9060449,V5,1,1,1,0,"[[""a"", ""p""]]",0.434
power,c30_noise0,450,9060450,V6,1,1,1,0,"[[""a"", ""p""]]",0.216
power,c30_noise0,450,9060450,V5,1,1,1,0,"[[""a"", ""p""]]",0.361
power,c30_noise0,451,9060451,V6,1,1,1,0,"[[""a"", ""p""]]",0.227
power,c30_noise0,451,9060451,V5,1,1,1,0,"[[""a"", ""p""]]",0.412
power,c30_noise0,452,9060452,V6,1,1,1,0,"[[""a"", ""p""]]",0.201
power,c30_noise0,452,9060452,V5,1,1,1,0,"[[""a"", ""p""]]",0.405
power,c30_noise0,453,9060453,V6,1,1,1,0,"[[""a"", ""p""]]",0.18
power,c30_noise0,453,9060453,V5,1,1,1,0,"[[""a"", ""p""]]",0.381
power,c30_noise0,454,9060454,V6,1,1,1,0,"[[""a"", ""p""]]",0.2
power,c30_noise0,454,9060454,V5,1,1,1,0,"[[""a"", ""p""]]",0.391
power,c30_noise0,455,9060455,V6,1,1,1,0,"[[""a"", ""p""]]",0.24
power,c30_noise0,455,9060455,V5,1,1,1,0,"[[""a"", ""p""]]",0.474
power,c30_noise0,456,9060456,V6,0,0,0,0,[],0.24
power,c30_noise0,456,9060456,V5,0,0,0,0,[],0.509
power,c30_noise0,457,9060457,V6,1,1,1,0,"[[""a"", ""p""]]",0.183
power,c30_noise0,457,9060457,V5,1,1,1,0,"[[""a"", ""p""]]",0.448
power,c30_noise0,458,9060458,V6,0,0,0,0,[],0.198
power,c30_noise0,458,9060458,V5,0,0,0,0,[],0.487
power,c30_noise0,459,9060459,V6,1,1,1,0,"[[""a"", ""p""]]",0.209
power,c30_noise0,459,9060459,V5,1,1,1,0,"[[""a"", ""p""]]",0.483
power,c30_noise0,460,9060460,V6,1,1,1,0,"[[""a"", ""p""]]",0.234
power,c30_noise0,460,9060460,V5,1,1,1,0,"[[""a"", ""p""]]",0.487
power,c30_noise0,461,9060461,V6,1,1,1,0,"[[""a"", ""p""]]",0.212
power,c30_noise0,461,9060461,V5,1,1,1,0,"[[""a"", ""p""]]",0.46
power,c30_noise0,462,9060462,V6,1,1,1,0,"[[""a"", ""p""]]",0.26
power,c30_noise0,462,9060462,V5,1,1,1,0,"[[""a"", ""p""]]",0.47
power,c30_noise0,463,9060463,V6,1,1,1,0,"[[""a"", ""p""]]",0.269
power,c30_noise0,463,9060463,V5,1,1,1,0,"[[""a"", ""p""]]",0.468
power,c30_noise0,464,9060464,V6,1,1,1,0,"[[""a"", ""p""]]",0.314
power,c30_noise0,464,9060464,V5,1,1,1,0,"[[""a"", ""p""]]",0.438
power,c30_noise0,465,9060465,V6,0,0,0,0,[],0.241
power,c30_noise0,465,9060465,V5,0,0,0,0,[],0.407
power,c30_noise0,466,9060466,V6,0,0,0,0,[],0.265
power,c30_noise0,466,9060466,V5,1,1,1,0,"[[""a"", ""p""]]",0.449
power,c30_noise0,467,9060467,V6,1,1,1,0,"[[""a"", ""p""]]",0.24
power,c30_noise0,467,9060467,V5,1,1,1,0,"[[""a"", ""p""]]",0.438
power,c30_noise0,468,9060468,V6,1,1,1,0,"[[""a"", ""p""]]",0.185
power,c30_noise0,468,9060468,V5,1,1,1,0,"[[""a"", ""p""]]",0.458
power,c30_noise0,469,9060469,V6,1,1,1,0,"[[""a"", ""p""]]",0.215
power,c30_noise0,469,9060469,V5,1,1,1,0,"[[""a"", ""p""]]",0.419
power,c30_noise0,470,9060470,V6,0,0,0,0,[],0.211
power,c30_noise0,470,9060470,V5,1,1,1,0,"[[""a"", ""p""]]",0.489
power,c30_noise0,471,9060471,V6,1,1,1,0,"[[""a"", ""p""]]",0.231
power,c30_noise0,471,9060471,V5,1,1,1,0,"[[""a"", ""p""]]",0.434
power,c30_noise0,472,9060472,V6,1,1,1,0,"[[""a"", ""p""]]",0.244
power,c30_noise0,472,9060472,V5,1,1,1,0,"[[""a"", ""p""]]",0.447
power,c30_noise0,473,9060473,V6,1,1,1,0,"[[""a"", ""p""]]",0.258
power,c30_noise0,473,9060473,V5,1,1,1,0,"[[""a"", ""p""]]",0.449
power,c30_noise0,474,9060474,V6,1,1,1,0,"[[""a"", ""p""]]",0.213
power,c30_noise0,474,9060474,V5,1,1,1,0,"[[""a"", ""p""]]",0.426
power,c30_noise0,475,9060475,V6,0,0,0,0,[],0.243
power,c30_noise0,475,9060475,V5,1,1,1,0,"[[""a"", ""p""]]",0.438
power,c30_noise0,476,9060476,V6,1,2,1,1,"[[""a"", ""p""], [""x2""]]",0.218
power,c30_noise0,476,9060476,V5,1,3,1,1,"[[""a"", ""p""], [""x2""], [""z1""]]",0.41
power,c30_noise0,477,9060477,V6,1,1,1,0,"[[""a"", ""p""]]",0.266
power,c30_noise0,477,9060477,V5,1,1,1,0,"[[""a"", ""p""]]",0.425
power,c30_noise0,478,9060478,V6,1,1,1,0,"[[""a"", ""p""]]",0.208
power,c30_noise0,478,9060478,V5,1,1,1,0,"[[""a"", ""p""]]",0.411
power,c30_noise0,479,9060479,V6,1,1,1,0,"[[""a"", ""p""]]",0.198
power,c30_noise0,479,9060479,V5,1,1,1,0,"[[""a"", ""p""]]",0.429
power,c30_noise0,480,9060480,V6,1,1,1,0,"[[""a"", ""p""]]",0.17
power,c30_noise0,480,9060480,V5,1,1,1,0,"[[""a"", ""p""]]",0.483
power,c30_noise0,481,9060481,V6,1,2,1,1,"[[""a"", ""p""], [""x3""]]",0.222
power,c30_noise0,481,9060481,V5,1,2,1,1,"[[""x3""], [""a"", ""p""]]",0.384
power,c30_noise0,482,9060482,V6,0,0,0,0,[],0.197
power,c30_noise0,482,9060482,V5,0,0,0,0,[],0.444
power,c30_noise0,483,9060483,V6,0,0,0,0,[],0.187
power,c30_noise0,483,9060483,V5,1,1,1,0,"[[""a"", ""p""]]",0.424
power,c30_noise0,484,9060484,V6,1,1,1,0,"[[""a"", ""p""]]",0.213
power,c30_noise0,484,9060484,V5,1,1,1,0,"[[""a"", ""p""]]",0.405
power,c30_noise0,485,9060485,V6,1,1,1,0,"[[""a"", ""p""]]",0.241
power,c30_noise0,485,9060485,V5,1,1,1,0,"[[""a"", ""p""]]",0.421
power,c30_noise0,486,9060486,V6,1,1,1,0,"[[""a"", ""p""]]",0.235
power,c30_noise0,486,9060486,V5,0,0,0,0,[],0.349
power,c30_noise0,487,9060487,V6,1,1,1,0,"[[""a"", ""p""]]",0.243
power,c30_noise0,487,9060487,V5,1,1,1,0,"[[""a"", ""p""]]",0.377
power,c30_noise0,488,9060488,V6,1,1,1,0,"[[""a"", ""p""]]",0.22
power,c30_noise0,488,9060488,V5,1,1,1,0,"[[""a"", ""p""]]",0.433
power,c30_noise0,489,9060489,V6,1,1,1,0,"[[""a"", ""p""]]",0.193
power,c30_noise0,489,9060489,V5,1,1,1,0,"[[""a"", ""p""]]",0.399
power,c30_noise0,490,9060490,V6,1,1,1,0,"[[""a"", ""p""]]",0.193
power,c30_noise0,490,9060490,V5,1,1,1,0,"[[""a"", ""p""]]",0.448
power,c30_noise0,491,9060491,V6,1,1,1,0,"[[""a"", ""p""]]",0.19
power,c30_noise0,491,9060491,V5,1,1,1,0,"[[""a"", ""p""]]",0.403
power,c30_noise0,492,9060492,V6,1,1,1,0,"[[""a"", ""p""]]",0.159
power,c30_noise0,492,9060492,V5,1,1,1,0,"[[""a"", ""p""]]",0.435
power,c30_noise0,493,9060493,V6,1,1,1,0,"[[""a"", ""p""]]",0.219
power,c30_noise0,493,9060493,V5,1,1,1,0,"[[""a"", ""p""]]",0.431
power,c30_noise0,494,9060494,V6,1,1,1,0,"[[""a"", ""p""]]",0.21
power,c30_noise0,494,9060494,V5,1,1,1,0,"[[""a"", ""p""]]",0.406
power,c30_noise0,495,9060495,V6,1,1,1,0,"[[""a"", ""p""]]",0.249
power,c30_noise0,495,9060495,V5,0,0,0,0,[],0.416
power,c30_noise0,496,9060496,V6,1,1,1,0,"[[""a"", ""p""]]",0.202
power,c30_noise0,496,9060496,V5,1,1,1,0,"[[""a"", ""p""]]",0.441
power,c30_noise0,497,9060497,V6,1,1,1,0,"[[""a"", ""p""]]",0.224
power,c30_noise0,497,9060497,V5,1,1,1,0,"[[""a"", ""p""]]",0.424
power,c30_noise0,498,9060498,V6,1,1,1,0,"[[""a"", ""p""]]",0.23
power,c30_noise0,498,9060498,V5,1,1,1,0,"[[""a"", ""p""]]",0.377
power,c30_noise0,499,9060499,V6,1,1,1,0,"[[""a"", ""p""]]",0.183
power,c30_noise0,499,9060499,V5,1,1,1,0,"[[""a"", ""p""]]",0.39
power,c30_noise10,0,9070000,V6,0,0,0,0,[],0.231
power,c30_noise10,0,9070000,V5,0,0,0,0,[],0.384
power,c30_noise10,1,9070001,V6,1,1,1,0,"[[""a"", ""p""]]",0.229
power,c30_noise10,1,9070001,V5,1,1,1,0,"[[""a"", ""p""]]",0.38
power,c30_noise10,2,9070002,V6,1,1,1,0,"[[""a"", ""p""]]",0.23
power,c30_noise10,2,9070002,V5,1,1,1,0,"[[""a"", ""p""]]",0.463
power,c30_noise10,3,9070003,V6,1,1,1,0,"[[""a"", ""p""]]",0.185
power,c30_noise10,3,9070003,V5,1,1,1,0,"[[""a"", ""p""]]",0.377
power,c30_noise10,4,9070004,V6,1,1,1,0,"[[""a"", ""p""]]",0.245
power,c30_noise10,4,9070004,V5,1,1,1,0,"[[""a"", ""p""]]",0.374
power,c30_noise10,5,9070005,V6,1,1,1,0,"[[""a"", ""p""]]",0.173
power,c30_noise10,5,9070005,V5,1,1,1,0,"[[""a"", ""p""]]",0.368
power,c30_noise10,6,9070006,V6,1,1,1,0,"[[""a"", ""p""]]",0.241
power,c30_noise10,6,9070006,V5,1,1,1,0,"[[""a"", ""p""]]",0.424
power,c30_noise10,7,9070007,V6,1,1,1,0,"[[""a"", ""p""]]",0.175
power,c30_noise10,7,9070007,V5,1,1,1,0,"[[""a"", ""p""]]",0.371
power,c30_noise10,8,9070008,V6,1,1,1,0,"[[""a"", ""p""]]",0.245
power,c30_noise10,8,9070008,V5,1,1,1,0,"[[""a"", ""p""]]",0.512
power,c30_noise10,9,9070009,V6,1,1,1,0,"[[""a"", ""p""]]",0.187
power,c30_noise10,9,9070009,V5,1,1,1,0,"[[""a"", ""p""]]",0.421
power,c30_noise10,10,9070010,V6,0,0,0,0,[],0.164
power,c30_noise10,10,9070010,V5,0,0,0,0,[],0.426
power,c30_noise10,11,9070011,V6,1,1,1,0,"[[""a"", ""p""]]",0.189
power,c30_noise10,11,9070011,V5,0,0,0,0,[],0.394
power,c30_noise10,12,9070012,V6,1,1,1,0,"[[""a"", ""p""]]",0.199
power,c30_noise10,12,9070012,V5,1,1,1,0,"[[""a"", ""p""]]",0.382
power,c30_noise10,13,9070013,V6,1,1,1,0,"[[""a"", ""p""]]",0.191
power,c30_noise10,13,9070013,V5,1,1,1,0,"[[""a"", ""p""]]",0.38
power,c30_noise10,14,9070014,V6,1,1,1,0,"[[""a"", ""p""]]",0.195
power,c30_noise10,14,9070014,V5,1,1,1,0,"[[""a"", ""p""]]",0.363
power,c30_noise10,15,9070015,V6,1,1,1,0,"[[""a"", ""p""]]",0.206
power,c30_noise10,15,9070015,V5,1,1,1,0,"[[""a"", ""p""]]",0.364
power,c30_noise10,16,9070016,V6,1,1,1,0,"[[""a"", ""p""]]",0.193
power,c30_noise10,16,9070016,V5,1,1,1,0,"[[""a"", ""p""]]",0.383
power,c30_noise10,17,9070017,V6,1,1,1,0,"[[""a"", ""p""]]",0.21
power,c30_noise10,17,9070017,V5,1,1,1,0,"[[""a"", ""p""]]",0.381
power,c30_noise10,18,9070018,V6,1,2,1,1,"[[""a"", ""p""], [""x1""]]",0.274
power,c30_noise10,18,9070018,V5,1,1,1,0,"[[""a"", ""p""]]",0.542
power,c30_noise10,19,9070019,V6,1,1,1,0,"[[""a"", ""p""]]",0.185
power,c30_noise10,19,9070019,V5,1,1,1,0,"[[""a"", ""p""]]",0.385
power,c30_noise10,20,9070020,V6,1,1,1,0,"[[""a"", ""p""]]",0.177
power,c30_noise10,20,9070020,V5,1,1,1,0,"[[""a"", ""p""]]",0.445
power,c30_noise10,21,9070021,V6,1,1,1,0,"[[""a"", ""p""]]",0.29
power,c30_noise10,21,9070021,V5,1,1,1,0,"[[""a"", ""p""]]",0.489
power,c30_noise10,22,9070022,V6,1,1,1,0,"[[""a"", ""p""]]",0.181
power,c30_noise10,22,9070022,V5,1,1,1,0,"[[""a"", ""p""]]",0.416
power,c30_noise10,23,9070023,V6,1,1,1,0,"[[""a"", ""p""]]",0.178
power,c30_noise10,23,9070023,V5,1,1,1,0,"[[""a"", ""p""]]",0.481
power,c30_noise10,24,9070024,V6,1,1,1,0,"[[""a"", ""p""]]",0.177
power,c30_noise10,24,9070024,V5,1,1,1,0,"[[""a"", ""p""]]",0.491
power,c30_noise10,25,9070025,V6,1,1,1,0,"[[""a"", ""p""]]",0.198
power,c30_noise10,25,9070025,V5,1,1,1,0,"[[""a"", ""p""]]",0.494
power,c30_noise10,26,9070026,V6,1,1,1,0,"[[""a"", ""p""]]",0.22
power,c30_noise10,26,9070026,V5,1,1,1,0,"[[""a"", ""p""]]",0.452
power,c30_noise10,27,9070027,V6,1,1,1,0,"[[""a"", ""p""]]",0.213
power,c30_noise10,27,9070027,V5,1,1,1,0,"[[""a"", ""p""]]",0.456
power,c30_noise10,28,9070028,V6,1,1,1,0,"[[""a"", ""p""]]",0.292
power,c30_noise10,28,9070028,V5,1,1,1,0,"[[""a"", ""p""]]",0.458
power,c30_noise10,29,9070029,V6,0,0,0,0,[],0.234
power,c30_noise10,29,9070029,V5,0,0,0,0,[],0.452
power,c30_noise10,30,9070030,V6,1,1,1,0,"[[""a"", ""p""]]",0.234
power,c30_noise10,30,9070030,V5,1,1,1,0,"[[""a"", ""p""]]",0.46
power,c30_noise10,31,9070031,V6,1,1,1,0,"[[""a"", ""p""]]",0.182
power,c30_noise10,31,9070031,V5,1,1,1,0,"[[""a"", ""p""]]",0.42
power,c30_noise10,32,9070032,V6,1,1,1,0,"[[""a"", ""p""]]",0.228
power,c30_noise10,32,9070032,V5,1,1,1,0,"[[""a"", ""p""]]",0.422
power,c30_noise10,33,9070033,V6,1,1,1,0,"[[""a"", ""p""]]",0.24
power,c30_noise10,33,9070033,V5,1,1,1,0,"[[""a"", ""p""]]",0.453
power,c30_noise10,34,9070034,V6,1,1,1,0,"[[""a"", ""p""]]",0.275
power,c30_noise10,34,9070034,V5,1,1,1,0,"[[""a"", ""p""]]",0.419
power,c30_noise10,35,9070035,V6,1,1,1,0,"[[""a"", ""p""]]",0.217
power,c30_noise10,35,9070035,V5,1,1,1,0,"[[""a"", ""p""]]",0.47
power,c30_noise10,36,9070036,V6,1,1,1,0,"[[""a"", ""p""]]",0.238
power,c30_noise10,36,9070036,V5,1,1,1,0,"[[""a"", ""p""]]",0.421
power,c30_noise10,37,9070037,V6,1,1,1,0,"[[""a"", ""p""]]",0.213
power,c30_noise10,37,9070037,V5,1,1,1,0,"[[""a"", ""p""]]",0.424
power,c30_noise10,38,9070038,V6,1,1,1,0,"[[""a"", ""p""]]",0.235
power,c30_noise10,38,9070038,V5,1,1,1,0,"[[""a"", ""p""]]",0.474
power,c30_noise10,39,9070039,V6,1,1,1,0,"[[""a"", ""p""]]",0.196
power,c30_noise10,39,9070039,V5,1,1,1,0,"[[""a"", ""p""]]",0.468
power,c30_noise10,40,9070040,V6,1,1,1,0,"[[""a"", ""p""]]",0.163
power,c30_noise10,40,9070040,V5,1,1,1,0,"[[""a"", ""p""]]",0.449
power,c30_noise10,41,9070041,V6,1,1,1,0,"[[""a"", ""p""]]",0.184
power,c30_noise10,41,9070041,V5,1,1,1,0,"[[""a"", ""p""]]",0.497
power,c30_noise10,42,9070042,V6,1,1,1,0,"[[""a"", ""p""]]",0.208
power,c30_noise10,42,9070042,V5,1,1,1,0,"[[""a"", ""p""]]",0.457
power,c30_noise10,43,9070043,V6,1,1,1,0,"[[""a"", ""p""]]",0.185
power,c30_noise10,43,9070043,V5,1,1,1,0,"[[""a"", ""p""]]",0.445
power,c30_noise10,44,9070044,V6,1,1,1,0,"[[""a"", ""p""]]",0.238
power,c30_noise10,44,9070044,V5,1,1,1,0,"[[""a"", ""p""]]",0.48
power,c30_noise10,45,9070045,V6,1,1,1,0,"[[""a"", ""p""]]",0.255
power,c30_noise10,45,9070045,V5,1,1,1,0,"[[""a"", ""p""]]",0.385
power,c30_noise10,46,9070046,V6,1,1,1,0,"[[""a"", ""p""]]",0.235
power,c30_noise10,46,9070046,V5,1,1,1,0,"[[""a"", ""p""]]",0.39
power,c30_noise10,47,9070047,V6,0,0,0,0,[],0.267
power,c30_noise10,47,9070047,V5,0,0,0,0,[],0.538
power,c30_noise10,48,9070048,V6,1,1,1,0,"[[""a"", ""p""]]",0.232
power,c30_noise10,48,9070048,V5,1,1,1,0,"[[""a"", ""p""]]",0.555
power,c30_noise10,49,9070049,V6,1,1,1,0,"[[""a"", ""p""]]",0.191
power,c30_noise10,49,9070049,V5,1,1,1,0,"[[""a"", ""p""]]",0.486
power,c30_noise10,50,9070050,V6,1,1,1,0,"[[""a"", ""p""]]",0.214
power,c30_noise10,50,9070050,V5,1,1,1,0,"[[""a"", ""p""]]",0.533
power,c30_noise10,51,9070051,V6,1,1,1,0,"[[""a"", ""p""]]",0.226
power,c30_noise10,51,9070051,V5,1,1,1,0,"[[""a"", ""p""]]",0.538
power,c30_noise10,52,9070052,V6,1,1,1,0,"[[""a"", ""p""]]",0.199
power,c30_noise10,52,9070052,V5,1,1,1,0,"[[""a"", ""p""]]",0.626
power,c30_noise10,53,9070053,V6,0,0,0,0,[],0.19
power,c30_noise10,53,9070053,V5,0,0,0,0,[],0.57
power,c30_noise10,54,9070054,V6,1,1,1,0,"[[""a"", ""p""]]",0.312
power,c30_noise10,54,9070054,V5,0,0,0,0,[],0.639
power,c30_noise10,55,9070055,V6,1,1,1,0,"[[""a"", ""p""]]",0.299
power,c30_noise10,55,9070055,V5,1,1,1,0,"[[""a"", ""p""]]",0.534
power,c30_noise10,56,9070056,V6,1,1,1,0,"[[""a"", ""p""]]",0.312
power,c30_noise10,56,9070056,V5,1,1,1,0,"[[""a"", ""p""]]",0.517
power,c30_noise10,57,9070057,V6,1,1,1,0,"[[""a"", ""p""]]",0.331
power,c30_noise10,57,9070057,V5,1,1,1,0,"[[""a"", ""p""]]",0.559
power,c30_noise10,58,9070058,V6,0,0,0,0,[],0.295
power,c30_noise10,58,9070058,V5,0,0,0,0,[],0.457
power,c30_noise10,59,9070059,V6,1,1,1,0,"[[""a"", ""p""]]",0.3
power,c30_noise10,59,9070059,V5,1,1,1,0,"[[""a"", ""p""]]",0.582
power,c30_noise10,60,9070060,V6,1,1,1,0,"[[""a"", ""p""]]",0.274
power,c30_noise10,60,9070060,V5,1,1,1,0,"[[""a"", ""p""]]",0.457
power,c30_noise10,61,9070061,V6,1,1,1,0,"[[""a"", ""p""]]",0.263
power,c30_noise10,61,9070061,V5,1,1,1,0,"[[""a"", ""p""]]",0.443
power,c30_noise10,62,9070062,V6,1,1,1,0,"[[""a"", ""p""]]",0.263
power,c30_noise10,62,9070062,V5,1,1,1,0,"[[""a"", ""p""]]",0.446
power,c30_noise10,63,9070063,V6,1,1,1,0,"[[""a"", ""p""]]",0.22
power,c30_noise10,63,9070063,V5,1,1,1,0,"[[""a"", ""p""]]",0.492
power,c30_noise10,64,9070064,V6,1,1,1,0,"[[""a"", ""p""]]",0.228
power,c30_noise10,64,9070064,V5,1,1,1,0,"[[""a"", ""p""]]",0.412
power,c30_noise10,65,9070065,V6,1,1,1,0,"[[""a"", ""p""]]",0.29
power,c30_noise10,65,9070065,V5,1,1,1,0,"[[""a"", ""p""]]",0.397
power,c30_noise10,66,9070066,V6,1,1,1,0,"[[""a"", ""p""]]",0.219
power,c30_noise10,66,9070066,V5,1,1,1,0,"[[""a"", ""p""]]",0.367
power,c30_noise10,67,9070067,V6,1,1,1,0,"[[""a"", ""p""]]",0.206
power,c30_noise10,67,9070067,V5,1,1,1,0,"[[""a"", ""p""]]",0.468
power,c30_noise10,68,9070068,V6,1,1,1,0,"[[""a"", ""p""]]",0.222
power,c30_noise10,68,9070068,V5,1,1,1,0,"[[""a"", ""p""]]",0.38
power,c30_noise10,69,9070069,V6,1,1,1,0,"[[""a"", ""p""]]",0.214
power,c30_noise10,69,9070069,V5,1,1,1,0,"[[""a"", ""p""]]",0.387
power,c30_noise10,70,9070070,V6,1,1,1,0,"[[""a"", ""p""]]",0.196
power,c30_noise10,70,9070070,V5,1,1,1,0,"[[""a"", ""p""]]",0.369
power,c30_noise10,71,9070071,V6,1,1,1,0,"[[""a"", ""p""]]",0.214
power,c30_noise10,71,9070071,V5,1,1,1,0,"[[""a"", ""p""]]",0.388
power,c30_noise10,72,9070072,V6,1,1,1,0,"[[""a"", ""p""]]",0.181
power,c30_noise10,72,9070072,V5,1,1,1,0,"[[""a"", ""p""]]",0.364
power,c30_noise10,73,9070073,V6,1,1,1,0,"[[""a"", ""p""]]",0.261
power,c30_noise10,73,9070073,V5,1,1,1,0,"[[""a"", ""p""]]",0.356
power,c30_noise10,74,9070074,V6,1,1,1,0,"[[""a"", ""p""]]",0.184
power,c30_noise10,74,9070074,V5,1,1,1,0,"[[""a"", ""p""]]",0.39
power,c30_noise10,75,9070075,V6,1,2,1,1,"[[""a"", ""p""], [""x1""]]",0.178
power,c30_noise10,75,9070075,V5,1,2,1,1,"[[""a"", ""p""], [""x1""]]",0.411
power,c30_noise10,76,9070076,V6,1,1,1,0,"[[""a"", ""p""]]",0.17
power,c30_noise10,76,9070076,V5,1,1,1,0,"[[""a"", ""p""]]",0.382
power,c30_noise10,77,9070077,V6,1,1,1,0,"[[""a"", ""p""]]",0.186
power,c30_noise10,77,9070077,V5,1,1,1,0,"[[""a"", ""p""]]",0.401
power,c30_noise10,78,9070078,V6,1,1,1,0,"[[""a"", ""p""]]",0.198
power,c30_noise10,78,9070078,V5,1,1,1,0,"[[""a"", ""p""]]",0.428
power,c30_noise10,79,9070079,V6,0,0,0,0,[],0.208
power,c30_noise10,79,9070079,V5,0,0,0,0,[],0.501
power,c30_noise10,80,9070080,V6,1,1,1,0,"[[""a"", ""p""]]",0.207
power,c30_noise10,80,9070080,V5,1,1,1,0,"[[""a"", ""p""]]",0.455
power,c30_noise10,81,9070081,V6,1,1,1,0,"[[""a"", ""p""]]",0.202
power,c30_noise10,81,9070081,V5,1,1,1,0,"[[""a"", ""p""]]",0.425
power,c30_noise10,82,9070082,V6,1,1,1,0,"[[""a"", ""p""]]",0.172
power,c30_noise10,82,9070082,V5,1,1,1,0,"[[""a"", ""p""]]",0.392
power,c30_noise10,83,9070083,V6,1,1,1,0,"[[""a"", ""p""]]",0.218
power,c30_noise10,83,9070083,V5,1,1,1,0,"[[""a"", ""p""]]",0.39
power,c30_noise10,84,9070084,V6,1,1,1,0,"[[""a"", ""p""]]",0.249
power,c30_noise10,84,9070084,V5,1,1,1,0,"[[""a"", ""p""]]",0.475
power,c30_noise10,85,9070085,V6,1,1,1,0,"[[""a"", ""p""]]",0.245
power,c30_noise10,85,9070085,V5,1,1,1,0,"[[""a"", ""p""]]",0.486
power,c30_noise10,86,9070086,V6,1,1,1,0,"[[""a"", ""p""]]",0.21
power,c30_noise10,86,9070086,V5,1,1,1,0,"[[""a"", ""p""]]",0.437
power,c30_noise10,87,9070087,V6,1,1,1,0,"[[""a"", ""p""]]",0.2
power,c30_noise10,87,9070087,V5,1,1,1,0,"[[""a"", ""p""]]",0.407
power,c30_noise10,88,9070088,V6,1,1,1,0,"[[""a"", ""p""]]",0.235
power,c30_noise10,88,9070088,V5,1,1,1,0,"[[""a"", ""p""]]",0.416
power,c30_noise10,89,9070089,V6,0,0,0,0,[],0.196
power,c30_noise10,89,9070089,V5,1,1,1,0,"[[""a"", ""p""]]",0.399
power,c30_noise10,90,9070090,V6,1,1,1,0,"[[""a"", ""p""]]",0.206
power,c30_noise10,90,9070090,V5,1,1,1,0,"[[""a"", ""p""]]",0.406
power,c30_noise10,91,9070091,V6,1,2,1,1,"[[""a"", ""p""], [""x1""]]",0.204
power,c30_noise10,91,9070091,V5,1,2,1,1,"[[""a"", ""p""], [""x1""]]",0.371
power,c30_noise10,92,9070092,V6,1,1,1,0,"[[""a"", ""p""]]",0.258
power,c30_noise10,92,9070092,V5,1,1,1,0,"[[""a"", ""p""]]",0.375
power,c30_noise10,93,9070093,V6,0,0,0,0,[],0.218
power,c30_noise10,93,9070093,V5,0,0,0,0,[],0.395
power,c30_noise10,94,9070094,V6,0,0,0,0,[],0.181
power,c30_noise10,94,9070094,V5,0,0,0,0,[],0.428
power,c30_noise10,95,9070095,V6,1,1,1,0,"[[""a"", ""p""]]",0.207
power,c30_noise10,95,9070095,V5,1,1,1,0,"[[""a"", ""p""]]",0.39
power,c30_noise10,96,9070096,V6,1,1,1,0,"[[""a"", ""p""]]",0.19
power,c30_noise10,96,9070096,V5,1,1,1,0,"[[""a"", ""p""]]",0.415
power,c30_noise10,97,9070097,V6,1,1,1,0,"[[""a"", ""p""]]",0.196
power,c30_noise10,97,9070097,V5,1,1,1,0,"[[""a"", ""p""]]",0.388
power,c30_noise10,98,9070098,V6,1,1,1,0,"[[""a"", ""p""]]",0.181
power,c30_noise10,98,9070098,V5,1,1,1,0,"[[""a"", ""p""]]",0.375
power,c30_noise10,99,9070099,V6,1,1,1,0,"[[""a"", ""p""]]",0.207
power,c30_noise10,99,9070099,V5,1,1,1,0,"[[""a"", ""p""]]",0.397
power,c30_noise10,100,9070100,V6,1,1,1,0,"[[""a"", ""p""]]",0.216
power,c30_noise10,100,9070100,V5,1,1,1,0,"[[""a"", ""p""]]",0.385
power,c30_noise10,101,9070101,V6,0,0,0,0,[],0.209
power,c30_noise10,101,9070101,V5,0,0,0,0,[],0.379
power,c30_noise10,102,9070102,V6,1,1,1,0,"[[""a"", ""p""]]",0.184
power,c30_noise10,102,9070102,V5,1,1,1,0,"[[""a"", ""p""]]",0.375
power,c30_noise10,103,9070103,V6,1,1,1,0,"[[""a"", ""p""]]",0.205
power,c30_noise10,103,9070103,V5,1,1,1,0,"[[""a"", ""p""]]",0.373
power,c30_noise10,104,9070104,V6,1,1,1,0,"[[""a"", ""p""]]",0.207
power,c30_noise10,104,9070104,V5,1,1,1,0,"[[""a"", ""p""]]",0.388
power,c30_noise10,105,9070105,V6,1,1,1,0,"[[""a"", ""p""]]",0.187
power,c30_noise10,105,9070105,V5,1,1,1,0,"[[""a"", ""p""]]",0.394
power,c30_noise10,106,9070106,V6,1,1,1,0,"[[""a"", ""p""]]",0.23
power,c30_noise10,106,9070106,V5,1,1,1,0,"[[""a"", ""p""]]",0.405
power,c30_noise10,107,9070107,V6,1,1,1,0,"[[""a"", ""p""]]",0.183
power,c30_noise10,107,9070107,V5,1,1,1,0,"[[""a"", ""p""]]",0.335
power,c30_noise10,108,9070108,V6,1,1,1,0,"[[""a"", ""p""]]",0.196
power,c30_noise10,108,9070108,V5,1,1,1,0,"[[""a"", ""p""]]",0.387
power,c30_noise10,109,9070109,V6,1,1,1,0,"[[""a"", ""p""]]",0.209
power,c30_noise10,109,9070109,V5,1,1,1,0,"[[""a"", ""p""]]",0.384
power,c30_noise10,110,9070110,V6,1,1,1,0,"[[""a"", ""p""]]",0.181
power,c30_noise10,110,9070110,V5,1,1,1,0,"[[""a"", ""p""]]",0.353
power,c30_noise10,111,9070111,V6,1,1,1,0,"[[""a"", ""p""]]",0.176
power,c30_noise10,111,9070111,V5,1,1,1,0,"[[""a"", ""p""]]",0.362
power,c30_noise10,112,9070112,V6,1,1,1,0,"[[""a"", ""p""]]",0.192
power,c30_noise10,112,9070112,V5,1,1,1,0,"[[""a"", ""p""]]",0.409
power,c30_noise10,113,9070113,V6,0,0,0,0,[],0.197
power,c30_noise10,113,9070113,V5,0,0,0,0,[],0.411
power,c30_noise10,114,9070114,V6,0,0,0,0,[],0.158
power,c30_noise10,114,9070114,V5,0,0,0,0,[],0.379
power,c30_noise10,115,9070115,V6,1,1,1,0,"[[""a"", ""p""]]",0.182
power,c30_noise10,115,9070115,V5,1,1,1,0,"[[""a"", ""p""]]",0.414
power,c30_noise10,116,9070116,V6,1,1,1,0,"[[""a"", ""p""]]",0.211
power,c30_noise10,116,9070116,V5,1,1,1,0,"[[""a"", ""p""]]",0.349
power,c30_noise10,117,9070117,V6,1,1,1,0,"[[""a"", ""p""]]",0.201
power,c30_noise10,117,9070117,V5,1,1,1,0,"[[""a"", ""p""]]",0.378
power,c30_noise10,118,9070118,V6,1,1,1,0,"[[""a"", ""p""]]",0.178
power,c30_noise10,118,9070118,V5,1,1,1,0,"[[""a"", ""p""]]",0.355
power,c30_noise10,119,9070119,V6,1,1,1,0,"[[""a"", ""p""]]",0.193
power,c30_noise10,119,9070119,V5,1,1,1,0,"[[""a"", ""p""]]",0.416
power,c30_noise10,120,9070120,V6,1,1,1,0,"[[""a"", ""p""]]",0.19
power,c30_noise10,120,9070120,V5,1,1,1,0,"[[""a"", ""p""]]",0.447
power,c30_noise10,121,9070121,V6,1,1,1,0,"[[""a"", ""p""]]",0.215
power,c30_noise10,121,9070121,V5,1,1,1,0,"[[""a"", ""p""]]",0.359
power,c30_noise10,122,9070122,V6,1,1,1,0,"[[""a"", ""p""]]",0.194
power,c30_noise10,122,9070122,V5,1,1,1,0,"[[""a"", ""p""]]",0.346
power,c30_noise10,123,9070123,V6,1,1,1,0,"[[""a"", ""p""]]",0.185
power,c30_noise10,123,9070123,V5,1,1,1,0,"[[""a"", ""p""]]",0.399
power,c30_noise10,124,9070124,V6,1,1,1,0,"[[""a"", ""p""]]",0.205
power,c30_noise10,124,9070124,V5,1,1,1,0,"[[""a"", ""p""]]",0.355
power,c30_noise10,125,9070125,V6,1,1,1,0,"[[""a"", ""p""]]",0.2
power,c30_noise10,125,9070125,V5,1,1,1,0,"[[""a"", ""p""]]",0.368
power,c30_noise10,126,9070126,V6,1,1,1,0,"[[""a"", ""p""]]",0.231
power,c30_noise10,126,9070126,V5,1,1,1,0,"[[""a"", ""p""]]",0.359
power,c30_noise10,127,9070127,V6,1,1,1,0,"[[""a"", ""p""]]",0.183
power,c30_noise10,127,9070127,V5,1,1,1,0,"[[""a"", ""p""]]",0.361
power,c30_noise10,128,9070128,V6,1,2,1,1,"[[""a"", ""p""], [""z2""]]",0.221
power,c30_noise10,128,9070128,V5,1,2,1,1,"[[""a"", ""p""], [""z2""]]",0.382
power,c30_noise10,129,9070129,V6,1,2,1,1,"[[""x3""], [""a"", ""p""]]",0.197
power,c30_noise10,129,9070129,V5,1,2,1,1,"[[""x3""], [""a"", ""p""]]",0.409
power,c30_noise10,130,9070130,V6,1,1,1,0,"[[""a"", ""p""]]",0.228
power,c30_noise10,130,9070130,V5,1,2,1,1,"[[""x4""], [""a"", ""p""]]",0.343
power,c30_noise10,131,9070131,V6,1,1,1,0,"[[""a"", ""p""]]",0.188
power,c30_noise10,131,9070131,V5,1,1,1,0,"[[""a"", ""p""]]",0.383
power,c30_noise10,132,9070132,V6,1,1,1,0,"[[""a"", ""p""]]",0.199
power,c30_noise10,132,9070132,V5,1,1,1,0,"[[""a"", ""p""]]",0.381
power,c30_noise10,133,9070133,V6,1,1,1,0,"[[""a"", ""p""]]",0.168
power,c30_noise10,133,9070133,V5,1,1,1,0,"[[""a"", ""p""]]",0.399
power,c30_noise10,134,9070134,V6,1,1,1,0,"[[""a"", ""p""]]",0.193
power,c30_noise10,134,9070134,V5,1,1,1,0,"[[""a"", ""p""]]",0.393
power,c30_noise10,135,9070135,V6,1,1,1,0,"[[""a"", ""p""]]",0.203
power,c30_noise10,135,9070135,V5,1,1,1,0,"[[""a"", ""p""]]",0.396
power,c30_noise10,136,9070136,V6,1,1,1,0,"[[""a"", ""p""]]",0.228
power,c30_noise10,136,9070136,V5,1,1,1,0,"[[""a"", ""p""]]",0.383
power,c30_noise10,137,9070137,V6,1,1,1,0,"[[""a"", ""p""]]",0.209
power,c30_noise10,137,9070137,V5,1,1,1,0,"[[""a"", ""p""]]",0.389
power,c30_noise10,138,9070138,V6,1,1,1,0,"[[""a"", ""p""]]",0.23
power,c30_noise10,138,9070138,V5,1,1,1,0,"[[""a"", ""p""]]",0.379
power,c30_noise10,139,9070139,V6,1,1,1,0,"[[""a"", ""p""]]",0.194
power,c30_noise10,139,9070139,V5,1,1,1,0,"[[""a"", ""p""]]",0.375
power,c30_noise10,140,9070140,V6,1,1,1,0,"[[""a"", ""p""]]",0.234
power,c30_noise10,140,9070140,V5,1,1,1,0,"[[""a"", ""p""]]",0.376
power,c30_noise10,141,9070141,V6,1,1,1,0,"[[""a"", ""p""]]",0.22
power,c30_noise10,141,9070141,V5,1,1,1,0,"[[""a"", ""p""]]",0.341
power,c30_noise10,142,9070142,V6,1,1,1,0,"[[""a"", ""p""]]",0.21
power,c30_noise10,142,9070142,V5,1,1,1,0,"[[""a"", ""p""]]",0.365
power,c30_noise10,143,9070143,V6,0,0,0,0,[],0.214
power,c30_noise10,143,9070143,V5,0,0,0,0,[],0.397
power,c30_noise10,144,9070144,V6,1,1,1,0,"[[""a"", ""p""]]",0.174
power,c30_noise10,144,9070144,V5,1,1,1,0,"[[""a"", ""p""]]",0.377
power,c30_noise10,145,9070145,V6,1,1,1,0,"[[""a"", ""p""]]",0.164
power,c30_noise10,145,9070145,V5,1,1,1,0,"[[""a"", ""p""]]",0.38
power,c30_noise10,146,9070146,V6,0,0,0,0,[],0.197
power,c30_noise10,146,9070146,V5,0,0,0,0,[],0.328
power,c30_noise10,147,9070147,V6,1,1,1,0,"[[""a"", ""p""]]",0.2
power,c30_noise10,147,9070147,V5,1,1,1,0,"[[""a"", ""p""]]",0.389
power,c30_noise10,148,9070148,V6,1,1,1,0,"[[""a"", ""p""]]",0.206
power,c30_noise10,148,9070148,V5,1,1,1,0,"[[""a"", ""p""]]",0.334
power,c30_noise10,149,9070149,V6,1,1,1,0,"[[""a"", ""p""]]",0.151
power,c30_noise10,149,9070149,V5,1,1,1,0,"[[""a"", ""p""]]",0.388
power,c30_noise10,150,9070150,V6,1,1,1,0,"[[""a"", ""p""]]",0.17
power,c30_noise10,150,9070150,V5,1,1,1,0,"[[""a"", ""p""]]",0.416
power,c30_noise10,151,9070151,V6,1,1,1,0,"[[""a"", ""p""]]",0.188
power,c30_noise10,151,9070151,V5,1,1,1,0,"[[""a"", ""p""]]",0.377
power,c30_noise10,152,9070152,V6,1,1,1,0,"[[""a"", ""p""]]",0.207
power,c30_noise10,152,9070152,V5,1,1,1,0,"[[""a"", ""p""]]",0.405
power,c30_noise10,153,9070153,V6,1,1,1,0,"[[""a"", ""p""]]",0.212
power,c30_noise10,153,9070153,V5,1,1,1,0,"[[""a"", ""p""]]",0.393
power,c30_noise10,154,9070154,V6,1,1,1,0,"[[""a"", ""p""]]",0.182
power,c30_noise10,154,9070154,V5,1,1,1,0,"[[""a"", ""p""]]",0.383
power,c30_noise10,155,9070155,V6,1,1,1,0,"[[""a"", ""p""]]",0.181
power,c30_noise10,155,9070155,V5,1,1,1,0,"[[""a"", ""p""]]",0.371
power,c30_noise10,156,9070156,V6,1,1,1,0,"[[""a"", ""p""]]",0.169
power,c30_noise10,156,9070156,V5,1,1,1,0,"[[""a"", ""p""]]",0.382
power,c30_noise10,157,9070157,V6,1,1,1,0,"[[""a"", ""p""]]",0.225
power,c30_noise10,157,9070157,V5,1,1,1,0,"[[""a"", ""p""]]",0.404
power,c30_noise10,158,9070158,V6,1,1,1,0,"[[""a"", ""p""]]",0.16
power,c30_noise10,158,9070158,V5,1,1,1,0,"[[""a"", ""p""]]",0.384
power,c30_noise10,159,9070159,V6,1,1,1,0,"[[""a"", ""p""]]",0.166
power,c30_noise10,159,9070159,V5,1,1,1,0,"[[""a"", ""p""]]",0.377
power,c30_noise10,160,9070160,V6,1,1,1,0,"[[""a"", ""p""]]",0.186
power,c30_noise10,160,9070160,V5,1,1,1,0,"[[""a"", ""p""]]",0.391
power,c30_noise10,161,9070161,V6,1,1,1,0,"[[""a"", ""p""]]",0.172
power,c30_noise10,161,9070161,V5,1,2,1,1,"[[""a"", ""p""], [""x2""]]",0.336
power,c30_noise10,162,9070162,V6,0,0,0,0,[],0.221
power,c30_noise10,162,9070162,V5,0,0,0,0,[],0.372
power,c30_noise10,163,9070163,V6,1,1,1,0,"[[""a"", ""p""]]",0.211
power,c30_noise10,163,9070163,V5,1,1,1,0,"[[""a"", ""p""]]",0.33
power,c30_noise10,164,9070164,V6,1,1,1,0,"[[""a"", ""p""]]",0.148
power,c30_noise10,164,9070164,V5,1,1,1,0,"[[""a"", ""p""]]",0.377
power,c30_noise10,165,9070165,V6,1,1,1,0,"[[""a"", ""p""]]",0.166
power,c30_noise10,165,9070165,V5,1,1,1,0,"[[""a"", ""p""]]",0.369
power,c30_noise10,166,9070166,V6,0,0,0,0,[],0.187
power,c30_noise10,166,9070166,V5,0,0,0,0,[],0.358
power,c30_noise10,167,9070167,V6,1,1,1,0,"[[""a"", ""p""]]",0.159
power,c30_noise10,167,9070167,V5,1,1,1,0,"[[""a"", ""p""]]",0.409
power,c30_noise10,168,9070168,V6,1,1,1,0,"[[""a"", ""p""]]",0.171
power,c30_noise10,168,9070168,V5,1,1,1,0,"[[""a"", ""p""]]",0.345
power,c30_noise10,169,9070169,V6,1,1,1,0,"[[""a"", ""p""]]",0.168
power,c30_noise10,169,9070169,V5,1,1,1,0,"[[""a"", ""p""]]",0.361
power,c30_noise10,170,9070170,V6,1,1,1,0,"[[""a"", ""p""]]",0.152
power,c30_noise10,170,9070170,V5,1,1,1,0,"[[""a"", ""p""]]",0.348
power,c30_noise10,171,9070171,V6,1,1,1,0,"[[""a"", ""p""]]",0.228
power,c30_noise10,171,9070171,V5,1,1,1,0,"[[""a"", ""p""]]",0.352
power,c30_noise10,172,9070172,V6,1,1,1,0,"[[""a"", ""p""]]",0.17
power,c30_noise10,172,9070172,V5,1,1,1,0,"[[""a"", ""p""]]",0.369
power,c30_noise10,173,9070173,V6,1,1,1,0,"[[""a"", ""p""]]",0.232
power,c30_noise10,173,9070173,V5,1,1,1,0,"[[""a"", ""p""]]",0.404
power,c30_noise10,174,9070174,V6,1,1,1,0,"[[""a"", ""p""]]",0.193
power,c30_noise10,174,9070174,V5,1,1,1,0,"[[""a"", ""p""]]",0.342
power,c30_noise10,175,9070175,V6,1,1,1,0,"[[""a"", ""p""]]",0.182
power,c30_noise10,175,9070175,V5,1,1,1,0,"[[""a"", ""p""]]",0.384
power,c30_noise10,176,9070176,V6,1,1,1,0,"[[""a"", ""p""]]",0.182
power,c30_noise10,176,9070176,V5,1,1,1,0,"[[""a"", ""p""]]",0.381
power,c30_noise10,177,9070177,V6,1,1,1,0,"[[""a"", ""p""]]",0.206
power,c30_noise10,177,9070177,V5,1,1,1,0,"[[""a"", ""p""]]",0.38
power,c30_noise10,178,9070178,V6,1,1,1,0,"[[""a"", ""p""]]",0.177
power,c30_noise10,178,9070178,V5,1,1,1,0,"[[""a"", ""p""]]",0.349
power,c30_noise10,179,9070179,V6,1,1,1,0,"[[""a"", ""p""]]",0.197
power,c30_noise10,179,9070179,V5,1,1,1,0,"[[""a"", ""p""]]",0.367
power,c30_noise10,180,9070180,V6,1,2,1,1,"[[""z2""], [""a"", ""p""]]",0.225
power,c30_noise10,180,9070180,V5,1,2,1,1,"[[""z2""], [""a"", ""p""]]",0.38
power,c30_noise10,181,9070181,V6,1,1,1,0,"[[""a"", ""p""]]",0.184
power,c30_noise10,181,9070181,V5,1,1,1,0,"[[""a"", ""p""]]",0.331
power,c30_noise10,182,9070182,V6,0,0,0,0,[],0.17
power,c30_noise10,182,9070182,V5,0,0,0,0,[],0.379
power,c30_noise10,183,9070183,V6,1,1,1,0,"[[""a"", ""p""]]",0.159
power,c30_noise10,183,9070183,V5,0,0,0,0,[],0.358
power,c30_noise10,184,9070184,V6,1,1,1,0,"[[""a"", ""p""]]",0.166
power,c30_noise10,184,9070184,V5,1,1,1,0,"[[""a"", ""p""]]",0.346
power,c30_noise10,185,9070185,V6,1,1,1,0,"[[""a"", ""p""]]",0.181
power,c30_noise10,185,9070185,V5,1,1,1,0,"[[""a"", ""p""]]",0.39
power,c30_noise10,186,9070186,V6,1,1,1,0,"[[""a"", ""p""]]",0.167
power,c30_noise10,186,9070186,V5,1,1,1,0,"[[""a"", ""p""]]",0.356
power,c30_noise10,187,9070187,V6,1,1,1,0,"[[""a"", ""p""]]",0.197
power,c30_noise10,187,9070187,V5,1,1,1,0,"[[""a"", ""p""]]",0.372
power,c30_noise10,188,9070188,V6,1,1,1,0,"[[""a"", ""p""]]",0.173
power,c30_noise10,188,9070188,V5,1,1,1,0,"[[""a"", ""p""]]",0.383
power,c30_noise10,189,9070189,V6,1,1,1,0,"[[""a"", ""p""]]",0.196
power,c30_noise10,189,9070189,V5,1,1,1,0,"[[""a"", ""p""]]",0.386
power,c30_noise10,190,9070190,V6,1,1,1,0,"[[""a"", ""p""]]",0.168
power,c30_noise10,190,9070190,V5,1,1,1,0,"[[""a"", ""p""]]",0.412
power,c30_noise10,191,9070191,V6,1,1,1,0,"[[""a"", ""p""]]",0.197
power,c30_noise10,191,9070191,V5,1,1,1,0,"[[""a"", ""p""]]",0.398
power,c30_noise10,192,9070192,V6,1,1,1,0,"[[""a"", ""p""]]",0.179
power,c30_noise10,192,9070192,V5,1,1,1,0,"[[""a"", ""p""]]",0.35
power,c30_noise10,193,9070193,V6,0,0,0,0,[],0.184
power,c30_noise10,193,9070193,V5,0,0,0,0,[],0.444
power,c30_noise10,194,9070194,V6,1,1,1,0,"[[""a"", ""p""]]",0.21
power,c30_noise10,194,9070194,V5,1,1,1,0,"[[""a"", ""p""]]",0.394
power,c30_noise10,195,9070195,V6,1,1,1,0,"[[""a"", ""p""]]",0.189
power,c30_noise10,195,9070195,V5,1,1,1,0,"[[""a"", ""p""]]",0.428
power,c30_noise10,196,9070196,V6,1,1,1,0,"[[""a"", ""p""]]",0.221
power,c30_noise10,196,9070196,V5,1,1,1,0,"[[""a"", ""p""]]",0.366
power,c30_noise10,197,9070197,V6,1,1,1,0,"[[""a"", ""p""]]",0.196
power,c30_noise10,197,9070197,V5,1,1,1,0,"[[""a"", ""p""]]",0.407
power,c30_noise10,198,9070198,V6,1,1,1,0,"[[""a"", ""p""]]",0.202
power,c30_noise10,198,9070198,V5,1,1,1,0,"[[""a"", ""p""]]",0.37
power,c30_noise10,199,9070199,V6,1,1,1,0,"[[""a"", ""p""]]",0.26
power,c30_noise10,199,9070199,V5,1,1,1,0,"[[""a"", ""p""]]",0.397
power,c30_noise10,200,9070200,V6,1,1,1,0,"[[""a"", ""p""]]",0.196
power,c30_noise10,200,9070200,V5,1,1,1,0,"[[""a"", ""p""]]",0.426
power,c30_noise10,201,9070201,V6,1,1,1,0,"[[""a"", ""p""]]",0.198
power,c30_noise10,201,9070201,V5,1,1,1,0,"[[""a"", ""p""]]",0.376
power,c30_noise10,202,9070202,V6,0,0,0,0,[],0.178
power,c30_noise10,202,9070202,V5,0,0,0,0,[],0.397
power,c30_noise10,203,9070203,V6,1,1,1,0,"[[""a"", ""p""]]",0.232
power,c30_noise10,203,9070203,V5,1,1,1,0,"[[""a"", ""p""]]",0.417
power,c30_noise10,204,9070204,V6,1,1,1,0,"[[""a"", ""p""]]",0.205
power,c30_noise10,204,9070204,V5,1,1,1,0,"[[""a"", ""p""]]",0.423
power,c30_noise10,205,9070205,V6,1,1,1,0,"[[""a"", ""p""]]",0.201
power,c30_noise10,205,9070205,V5,1,1,1,0,"[[""a"", ""p""]]",0.367
power,c30_noise10,206,9070206,V6,1,1,1,0,"[[""a"", ""p""]]",0.224
power,c30_noise10,206,9070206,V5,1,1,1,0,"[[""a"", ""p""]]",0.364
power,c30_noise10,207,9070207,V6,1,1,1,0,"[[""a"", ""p""]]",0.226
power,c30_noise10,207,9070207,V5,1,1,1,0,"[[""a"", ""p""]]",0.352
power,c30_noise10,208,9070208,V6,1,1,1,0,"[[""a"", ""p""]]",0.252
power,c30_noise10,208,9070208,V5,1,1,1,0,"[[""a"", ""p""]]",0.371
power,c30_noise10,209,9070209,V6,1,1,1,0,"[[""a"", ""p""]]",0.201
power,c30_noise10,209,9070209,V5,1,1,1,0,"[[""a"", ""p""]]",0.419
power,c30_noise10,210,9070210,V6,0,0,0,0,[],0.198
power,c30_noise10,210,9070210,V5,0,0,0,0,[],0.361
power,c30_noise10,211,9070211,V6,1,1,1,0,"[[""a"", ""p""]]",0.21
power,c30_noise10,211,9070211,V5,1,1,1,0,"[[""a"", ""p""]]",0.357
power,c30_noise10,212,9070212,V6,1,1,1,0,"[[""a"", ""p""]]",0.186
power,c30_noise10,212,9070212,V5,1,1,1,0,"[[""a"", ""p""]]",0.369
power,c30_noise10,213,9070213,V6,1,1,1,0,"[[""a"", ""p""]]",0.165
power,c30_noise10,213,9070213,V5,1,1,1,0,"[[""a"", ""p""]]",0.353
power,c30_noise10,214,9070214,V6,1,1,1,0,"[[""a"", ""p""]]",0.178
power,c30_noise10,214,9070214,V5,1,1,1,0,"[[""a"", ""p""]]",0.426
power,c30_noise10,215,9070215,V6,1,1,1,0,"[[""a"", ""p""]]",0.198
power,c30_noise10,215,9070215,V5,0,0,0,0,[],0.421
power,c30_noise10,216,9070216,V6,1,1,1,0,"[[""a"", ""p""]]",0.173
power,c30_noise10,216,9070216,V5,1,1,1,0,"[[""a"", ""p""]]",0.446
power,c30_noise10,217,9070217,V6,1,2,1,1,"[[""a"", ""p""], [""x5""]]",0.175
power,c30_noise10,217,9070217,V5,1,2,1,1,"[[""x5""], [""a"", ""p""]]",0.412
power,c30_noise10,218,9070218,V6,1,1,1,0,"[[""a"", ""p""]]",0.17
power,c30_noise10,218,9070218,V5,1,1,1,0,"[[""a"", ""p""]]",0.454
power,c30_noise10,219,9070219,V6,1,1,1,0,"[[""a"", ""p""]]",0.227
power,c30_noise10,219,9070219,V5,1,1,1,0,"[[""a"", ""p""]]",0.404
power,c30_noise10,220,9070220,V6,1,1,1,0,"[[""a"", ""p""]]",0.233
power,c30_noise10,220,9070220,V5,1,1,1,0,"[[""a"", ""p""]]",0.416
power,c30_noise10,221,9070221,V6,1,1,1,0,"[[""a"", ""p""]]",0.239
power,c30_noise10,221,9070221,V5,0,0,0,0,[],0.405
power,c30_noise10,222,9070222,V6,1,1,1,0,"[[""a"", ""p""]]",0.22
power,c30_noise10,222,9070222,V5,1,1,1,0,"[[""a"", ""p""]]",0.46
power,c30_noise10,223,9070223,V6,1,1,1,0,"[[""a"", ""p""]]",0.251
power,c30_noise10,223,9070223,V5,1,1,1,0,"[[""a"", ""p""]]",0.408
power,c30_noise10,224,9070224,V6,1,1,1,0,"[[""a"", ""p""]]",0.219
power,c30_noise10,224,9070224,V5,1,1,1,0,"[[""a"", ""p""]]",0.397
power,c30_noise10,225,9070225,V6,1,1,1,0,"[[""a"", ""p""]]",0.182
power,c30_noise10,225,9070225,V5,1,1,1,0,"[[""a"", ""p""]]",0.395
power,c30_noise10,226,9070226,V6,1,1,1,0,"[[""a"", ""p""]]",0.192
power,c30_noise10,226,9070226,V5,1,1,1,0,"[[""a"", ""p""]]",0.394
power,c30_noise10,227,9070227,V6,1,1,1,0,"[[""a"", ""p""]]",0.219
power,c30_noise10,227,9070227,V5,1,1,1,0,"[[""a"", ""p""]]",0.386
power,c30_noise10,228,9070228,V6,1,1,1,0,"[[""a"", ""p""]]",0.216
power,c30_noise10,228,9070228,V5,1,1,1,0,"[[""a"", ""p""]]",0.413
power,c30_noise10,229,9070229,V6,1,1,1,0,"[[""a"", ""p""]]",0.158
power,c30_noise10,229,9070229,V5,0,0,0,0,[],0.432
power,c30_noise10,230,9070230,V6,1,1,1,0,"[[""a"", ""p""]]",0.216
power,c30_noise10,230,9070230,V5,1,1,1,0,"[[""a"", ""p""]]",0.459
power,c30_noise10,231,9070231,V6,1,1,1,0,"[[""a"", ""p""]]",0.204
power,c30_noise10,231,9070231,V5,0,0,0,0,[],0.427
power,c30_noise10,232,9070232,V6,1,1,1,0,"[[""a"", ""p""]]",0.231
power,c30_noise10,232,9070232,V5,1,1,1,0,"[[""a"", ""p""]]",0.456
power,c30_noise10,233,9070233,V6,1,1,1,0,"[[""a"", ""p""]]",0.22
power,c30_noise10,233,9070233,V5,1,1,1,0,"[[""a"", ""p""]]",0.447
power,c30_noise10,234,9070234,V6,1,3,1,1,"[[""a"", ""p""], [""x5""], [""x1""]]",0.218
power,c30_noise10,234,9070234,V5,1,3,1,1,"[[""x5""], [""x1""], [""a"", ""p""]]",0.423
power,c30_noise10,235,9070235,V6,1,1,1,0,"[[""a"", ""p""]]",0.207
power,c30_noise10,235,9070235,V5,1,1,1,0,"[[""a"", ""p""]]",0.413
power,c30_noise10,236,9070236,V6,1,1,1,0,"[[""a"", ""p""]]",0.227
power,c30_noise10,236,9070236,V5,1,1,1,0,"[[""a"", ""p""]]",0.411
power,c30_noise10,237,9070237,V6,1,1,1,0,"[[""a"", ""p""]]",0.207
power,c30_noise10,237,9070237,V5,1,1,1,0,"[[""a"", ""p""]]",0.445
power,c30_noise10,238,9070238,V6,1,1,1,0,"[[""a"", ""p""]]",0.245
power,c30_noise10,238,9070238,V5,1,1,1,0,"[[""a"", ""p""]]",0.418
power,c30_noise10,239,9070239,V6,1,1,1,0,"[[""a"", ""p""]]",0.257
power,c30_noise10,239,9070239,V5,1,1,1,0,"[[""a"", ""p""]]",0.415
power,c30_noise10,240,9070240,V6,1,1,1,0,"[[""a"", ""p""]]",0.175
power,c30_noise10,240,9070240,V5,1,1,1,0,"[[""a"", ""p""]]",0.385
power,c30_noise10,241,9070241,V6,1,2,1,1,"[[""a"", ""p""], [""x4""]]",0.19
power,c30_noise10,241,9070241,V5,1,1,1,0,"[[""a"", ""p""]]",0.396
power,c30_noise10,242,9070242,V6,1,1,1,0,"[[""a"", ""p""]]",0.177
power,c30_noise10,242,9070242,V5,1,1,1,0,"[[""a"", ""p""]]",0.375
power,c30_noise10,243,9070243,V6,1,1,1,0,"[[""a"", ""p""]]",0.195
power,c30_noise10,243,9070243,V5,1,1,1,0,"[[""a"", ""p""]]",0.423
power,c30_noise10,244,9070244,V6,1,1,1,0,"[[""a"", ""p""]]",0.212
power,c30_noise10,244,9070244,V5,1,1,1,0,"[[""a"", ""p""]]",0.447
power,c30_noise10,245,9070245,V6,0,0,0,0,[],0.231
power,c30_noise10,245,9070245,V5,0,0,0,0,[],0.383
power,c30_noise10,246,9070246,V6,1,1,1,0,"[[""a"", ""p""]]",0.207
power,c30_noise10,246,9070246,V5,1,1,1,0,"[[""a"", ""p""]]",0.418
power,c30_noise10,247,9070247,V6,1,1,1,0,"[[""a"", ""p""]]",0.184
power,c30_noise10,247,9070247,V5,1,1,1,0,"[[""a"", ""p""]]",0.587
power,c30_noise10,248,9070248,V6,1,1,1,0,"[[""a"", ""p""]]",0.186
power,c30_noise10,248,9070248,V5,1,1,1,0,"[[""a"", ""p""]]",0.537
power,c30_noise10,249,9070249,V6,1,1,1,0,"[[""a"", ""p""]]",0.184
power,c30_noise10,249,9070249,V5,1,1,1,0,"[[""a"", ""p""]]",0.568
power,c30_noise10,250,9070250,V6,1,1,1,0,"[[""a"", ""p""]]",0.21
power,c30_noise10,250,9070250,V5,1,1,1,0,"[[""a"", ""p""]]",0.481
power,c30_noise10,251,9070251,V6,1,1,1,0,"[[""a"", ""p""]]",0.248
power,c30_noise10,251,9070251,V5,1,1,1,0,"[[""a"", ""p""]]",0.52
power,c30_noise10,252,9070252,V6,1,1,1,0,"[[""a"", ""p""]]",0.223
power,c30_noise10,252,9070252,V5,1,1,1,0,"[[""a"", ""p""]]",0.497
power,c30_noise10,253,9070253,V6,1,1,1,0,"[[""a"", ""p""]]",0.29
power,c30_noise10,253,9070253,V5,1,1,1,0,"[[""a"", ""p""]]",0.451
power,c30_noise10,254,9070254,V6,1,1,1,0,"[[""a"", ""p""]]",0.279
power,c30_noise10,254,9070254,V5,1,1,1,0,"[[""a"", ""p""]]",0.42
power,c30_noise10,255,9070255,V6,1,1,1,0,"[[""a"", ""p""]]",0.396
power,c30_noise10,255,9070255,V5,1,1,1,0,"[[""a"", ""p""]]",0.395
power,c30_noise10,256,9070256,V6,1,1,1,0,"[[""a"", ""p""]]",0.366
power,c30_noise10,256,9070256,V5,1,1,1,0,"[[""a"", ""p""]]",0.405
power,c30_noise10,257,9070257,V6,1,1,1,0,"[[""a"", ""p""]]",0.237
power,c30_noise10,257,9070257,V5,1,1,1,0,"[[""a"", ""p""]]",0.438
power,c30_noise10,258,9070258,V6,1,1,1,0,"[[""a"", ""p""]]",0.177
power,c30_noise10,258,9070258,V5,1,1,1,0,"[[""a"", ""p""]]",0.398
power,c30_noise10,259,9070259,V6,0,0,0,0,[],0.201
power,c30_noise10,259,9070259,V5,0,0,0,0,[],0.466
power,c30_noise10,260,9070260,V6,1,2,1,1,"[[""a"", ""p""], [""x2""]]",0.171
power,c30_noise10,260,9070260,V5,1,1,1,0,"[[""a"", ""p""]]",0.397
power,c30_noise10,261,9070261,V6,1,1,1,0,"[[""a"", ""p""]]",0.191
power,c30_noise10,261,9070261,V5,1,1,1,0,"[[""a"", ""p""]]",0.447
power,c30_noise10,262,9070262,V6,1,2,1,1,"[[""a"", ""p""], [""x4""]]",0.191
power,c30_noise10,262,9070262,V5,1,2,1,1,"[[""x4""], [""a"", ""p""]]",0.4
power,c30_noise10,263,9070263,V6,1,1,1,0,"[[""a"", ""p""]]",0.231
power,c30_noise10,263,9070263,V5,1,1,1,0,"[[""a"", ""p""]]",0.398
power,c30_noise10,264,9070264,V6,1,1,1,0,"[[""a"", ""p""]]",0.218
power,c30_noise10,264,9070264,V5,1,1,1,0,"[[""a"", ""p""]]",0.454
power,c30_noise10,265,9070265,V6,1,1,1,0,"[[""a"", ""p""]]",0.219
power,c30_noise10,265,9070265,V5,1,1,1,0,"[[""a"", ""p""]]",0.383
power,c30_noise10,266,9070266,V6,1,1,1,0,"[[""a"", ""p""]]",0.251
power,c30_noise10,266,9070266,V5,1,1,1,0,"[[""a"", ""p""]]",0.414
power,c30_noise10,267,9070267,V6,0,0,0,0,[],0.235
power,c30_noise10,267,9070267,V5,0,0,0,0,[],0.393
power,c30_noise10,268,9070268,V6,0,0,0,0,[],0.238
power,c30_noise10,268,9070268,V5,0,0,0,0,[],0.386
power,c30_noise10,269,9070269,V6,1,1,1,0,"[[""a"", ""p""]]",0.199
power,c30_noise10,269,9070269,V5,1,1,1,0,"[[""a"", ""p""]]",0.363
power,c30_noise10,270,9070270,V6,1,1,1,0,"[[""a"", ""p""]]",0.226
power,c30_noise10,270,9070270,V5,1,1,1,0,"[[""a"", ""p""]]",0.391
power,c30_noise10,271,9070271,V6,1,1,1,0,"[[""a"", ""p""]]",0.227
power,c30_noise10,271,9070271,V5,1,1,1,0,"[[""a"", ""p""]]",0.438
power,c30_noise10,272,9070272,V6,1,1,1,0,"[[""a"", ""p""]]",0.218
power,c30_noise10,272,9070272,V5,1,1,1,0,"[[""a"", ""p""]]",0.396
power,c30_noise10,273,9070273,V6,1,1,1,0,"[[""a"", ""p""]]",0.199
power,c30_noise10,273,9070273,V5,1,1,1,0,"[[""a"", ""p""]]",0.417
power,c30_noise10,274,9070274,V6,1,1,1,0,"[[""a"", ""p""]]",0.204
power,c30_noise10,274,9070274,V5,1,1,1,0,"[[""a"", ""p""]]",0.387
power,c30_noise10,275,9070275,V6,0,0,0,0,[],0.188
power,c30_noise10,275,9070275,V5,0,0,0,0,[],0.418
power,c30_noise10,276,9070276,V6,1,1,1,0,"[[""a"", ""p""]]",0.198
power,c30_noise10,276,9070276,V5,1,1,1,0,"[[""a"", ""p""]]",0.418
power,c30_noise10,277,9070277,V6,1,1,1,0,"[[""a"", ""p""]]",0.171
power,c30_noise10,277,9070277,V5,1,1,1,0,"[[""a"", ""p""]]",0.449
power,c30_noise10,278,9070278,V6,1,1,1,0,"[[""a"", ""p""]]",0.168
power,c30_noise10,278,9070278,V5,1,1,1,0,"[[""a"", ""p""]]",0.457
power,c30_noise10,279,9070279,V6,1,1,1,0,"[[""a"", ""p""]]",0.196
power,c30_noise10,279,9070279,V5,1,1,1,0,"[[""a"", ""p""]]",0.434
power,c30_noise10,280,9070280,V6,1,1,1,0,"[[""a"", ""p""]]",0.216
power,c30_noise10,280,9070280,V5,1,1,1,0,"[[""a"", ""p""]]",0.446
power,c30_noise10,281,9070281,V6,1,2,1,1,"[[""a"", ""p""], [""z1""]]",0.233
power,c30_noise10,281,9070281,V5,1,1,1,0,"[[""a"", ""p""]]",0.401
power,c30_noise10,282,9070282,V6,1,1,1,0,"[[""a"", ""p""]]",0.26
power,c30_noise10,282,9070282,V5,1,1,1,0,"[[""a"", ""p""]]",0.411
power,c30_noise10,283,9070283,V6,1,1,1,0,"[[""a"", ""p""]]",0.211
power,c30_noise10,283,9070283,V5,1,1,1,0,"[[""a"", ""p""]]",0.401
power,c30_noise10,284,9070284,V6,0,0,0,0,[],0.216
power,c30_noise10,284,9070284,V5,0,0,0,0,[],0.419
power,c30_noise10,285,9070285,V6,1,1,1,0,"[[""a"", ""p""]]",0.255
power,c30_noise10,285,9070285,V5,1,1,1,0,"[[""a"", ""p""]]",0.402
power,c30_noise10,286,9070286,V6,1,1,1,0,"[[""a"", ""p""]]",0.252
power,c30_noise10,286,9070286,V5,1,1,1,0,"[[""a"", ""p""]]",0.416
power,c30_noise10,287,9070287,V6,1,1,1,0,"[[""a"", ""p""]]",0.22
power,c30_noise10,287,9070287,V5,1,1,1,0,"[[""a"", ""p""]]",0.419
power,c30_noise10,288,9070288,V6,1,1,1,0,"[[""a"", ""p""]]",0.203
power,c30_noise10,288,9070288,V5,1,1,1,0,"[[""a"", ""p""]]",0.416
power,c30_noise10,289,9070289,V6,1,1,1,0,"[[""a"", ""p""]]",0.222
power,c30_noise10,289,9070289,V5,1,1,1,0,"[[""a"", ""p""]]",0.398
power,c30_noise10,290,9070290,V6,1,1,1,0,"[[""a"", ""p""]]",0.179
power,c30_noise10,290,9070290,V5,1,1,1,0,"[[""a"", ""p""]]",0.448
power,c30_noise10,291,9070291,V6,1,1,1,0,"[[""a"", ""p""]]",0.192
power,c30_noise10,291,9070291,V5,1,1,1,0,"[[""a"", ""p""]]",0.412
power,c30_noise10,292,9070292,V6,1,1,1,0,"[[""a"", ""p""]]",0.221
power,c30_noise10,292,9070292,V5,1,1,1,0,"[[""a"", ""p""]]",0.46
power,c30_noise10,293,9070293,V6,1,1,1,0,"[[""a"", ""p""]]",0.239
power,c30_noise10,293,9070293,V5,1,1,1,0,"[[""a"", ""p""]]",0.417
power,c30_noise10,294,9070294,V6,1,1,1,0,"[[""a"", ""p""]]",0.226
power,c30_noise10,294,9070294,V5,1,1,1,0,"[[""a"", ""p""]]",0.484
power,c30_noise10,295,9070295,V6,1,1,1,0,"[[""a"", ""p""]]",0.275
power,c30_noise10,295,9070295,V5,0,0,0,0,[],0.481
power,c30_noise10,296,9070296,V6,1,1,1,0,"[[""a"", ""p""]]",0.229
power,c30_noise10,296,9070296,V5,1,1,1,0,"[[""a"", ""p""]]",0.473
power,c30_noise10,297,9070297,V6,1,1,1,0,"[[""a"", ""p""]]",0.239
power,c30_noise10,297,9070297,V5,1,1,1,0,"[[""a"", ""p""]]",0.461
power,c30_noise10,298,9070298,V6,1,1,1,0,"[[""a"", ""p""]]",0.191
power,c30_noise10,298,9070298,V5,1,1,1,0,"[[""a"", ""p""]]",0.379
power,c30_noise10,299,9070299,V6,1,1,1,0,"[[""a"", ""p""]]",0.213
power,c30_noise10,299,9070299,V5,1,1,1,0,"[[""a"", ""p""]]",0.423
power,c30_noise10,300,9070300,V6,1,1,1,0,"[[""a"", ""p""]]",0.226
power,c30_noise10,300,9070300,V5,1,1,1,0,"[[""a"", ""p""]]",0.448
power,c30_noise10,301,9070301,V6,1,1,1,0,"[[""a"", ""p""]]",0.243
power,c30_noise10,301,9070301,V5,1,1,1,0,"[[""a"", ""p""]]",0.416
power,c30_noise10,302,9070302,V6,1,1,1,0,"[[""a"", ""p""]]",0.224
power,c30_noise10,302,9070302,V5,1,1,1,0,"[[""a"", ""p""]]",0.424
power,c30_noise10,303,9070303,V6,1,1,1,0,"[[""a"", ""p""]]",0.184
power,c30_noise10,303,9070303,V5,1,1,1,0,"[[""a"", ""p""]]",0.399
power,c30_noise10,304,9070304,V6,1,1,1,0,"[[""a"", ""p""]]",0.194
power,c30_noise10,304,9070304,V5,1,1,1,0,"[[""a"", ""p""]]",0.391
power,c30_noise10,305,9070305,V6,1,1,1,0,"[[""a"", ""p""]]",0.23
power,c30_noise10,305,9070305,V5,1,1,1,0,"[[""a"", ""p""]]",0.449
power,c30_noise10,306,9070306,V6,1,1,1,0,"[[""a"", ""p""]]",0.204
power,c30_noise10,306,9070306,V5,1,2,1,1,"[[""z2""], [""a"", ""p""]]",0.469
power,c30_noise10,307,9070307,V6,1,1,1,0,"[[""a"", ""p""]]",0.226
power,c30_noise10,307,9070307,V5,1,1,1,0,"[[""a"", ""p""]]",0.405
power,c30_noise10,308,9070308,V6,0,0,0,0,[],0.252
power,c30_noise10,308,9070308,V5,0,0,0,0,[],0.456
power,c30_noise10,309,9070309,V6,1,1,1,0,"[[""a"", ""p""]]",0.224
power,c30_noise10,309,9070309,V5,1,1,1,0,"[[""a"", ""p""]]",0.471
power,c30_noise10,310,9070310,V6,1,1,1,0,"[[""a"", ""p""]]",0.225
power,c30_noise10,310,9070310,V5,1,1,1,0,"[[""a"", ""p""]]",0.461
power,c30_noise10,311,9070311,V6,0,0,0,0,[],0.278
power,c30_noise10,311,9070311,V5,0,0,0,0,[],0.453
power,c30_noise10,312,9070312,V6,1,1,1,0,"[[""a"", ""p""]]",0.258
power,c30_noise10,312,9070312,V5,1,1,1,0,"[[""a"", ""p""]]",0.442
power,c30_noise10,313,9070313,V6,1,1,1,0,"[[""a"", ""p""]]",0.188
power,c30_noise10,313,9070313,V5,1,1,1,0,"[[""a"", ""p""]]",0.439
power,c30_noise10,314,9070314,V6,1,1,1,0,"[[""a"", ""p""]]",0.308
power,c30_noise10,314,9070314,V5,1,1,1,0,"[[""a"", ""p""]]",0.396
power,c30_noise10,315,9070315,V6,1,1,1,0,"[[""a"", ""p""]]",0.228
power,c30_noise10,315,9070315,V5,1,1,1,0,"[[""a"", ""p""]]",0.402
power,c30_noise10,316,9070316,V6,1,1,1,0,"[[""a"", ""p""]]",0.214
power,c30_noise10,316,9070316,V5,1,1,1,0,"[[""a"", ""p""]]",0.387
power,c30_noise10,317,9070317,V6,0,0,0,0,[],0.191
power,c30_noise10,317,9070317,V5,0,0,0,0,[],0.386
power,c30_noise10,318,9070318,V6,1,1,1,0,"[[""a"", ""p""]]",0.231
power,c30_noise10,318,9070318,V5,1,1,1,0,"[[""a"", ""p""]]",0.396
power,c30_noise10,319,9070319,V6,1,1,1,0,"[[""a"", ""p""]]",0.21
power,c30_noise10,319,9070319,V5,1,1,1,0,"[[""a"", ""p""]]",0.375
power,c30_noise10,320,9070320,V6,1,1,1,0,"[[""a"", ""p""]]",0.184
power,c30_noise10,320,9070320,V5,1,1,1,0,"[[""a"", ""p""]]",0.427
power,c30_noise10,321,9070321,V6,1,1,1,0,"[[""a"", ""p""]]",0.2
power,c30_noise10,321,9070321,V5,1,1,1,0,"[[""a"", ""p""]]",0.507
power,c30_noise10,322,9070322,V6,1,1,1,0,"[[""a"", ""p""]]",0.178
power,c30_noise10,322,9070322,V5,1,1,1,0,"[[""a"", ""p""]]",0.466
power,c30_noise10,323,9070323,V6,1,1,1,0,"[[""a"", ""p""]]",0.227
power,c30_noise10,323,9070323,V5,1,1,1,0,"[[""a"", ""p""]]",0.554
power,c30_noise10,324,9070324,V6,1,1,1,0,"[[""a"", ""p""]]",0.207
power,c30_noise10,324,9070324,V5,1,1,1,0,"[[""a"", ""p""]]",0.448
power,c30_noise10,325,9070325,V6,0,0,0,0,[],0.209
power,c30_noise10,325,9070325,V5,0,0,0,0,[],0.474
power,c30_noise10,326,9070326,V6,0,0,0,0,[],0.238
power,c30_noise10,326,9070326,V5,0,0,0,0,[],0.513
power,c30_noise10,327,9070327,V6,1,1,1,0,"[[""a"", ""p""]]",0.254
power,c30_noise10,327,9070327,V5,1,1,1,0,"[[""a"", ""p""]]",0.541
power,c30_noise10,328,9070328,V6,1,1,1,0,"[[""a"", ""p""]]",0.252
power,c30_noise10,328,9070328,V5,1,1,1,0,"[[""a"", ""p""]]",0.455
power,c30_noise10,329,9070329,V6,1,1,1,0,"[[""a"", ""p""]]",0.323
power,c30_noise10,329,9070329,V5,1,1,1,0,"[[""a"", ""p""]]",0.458
power,c30_noise10,330,9070330,V6,1,1,1,0,"[[""a"", ""p""]]",0.256
power,c30_noise10,330,9070330,V5,1,1,1,0,"[[""a"", ""p""]]",0.438
power,c30_noise10,331,9070331,V6,1,1,1,0,"[[""a"", ""p""]]",0.225
power,c30_noise10,331,9070331,V5,1,1,1,0,"[[""a"", ""p""]]",0.422
power,c30_noise10,332,9070332,V6,1,1,1,0,"[[""a"", ""p""]]",0.251
power,c30_noise10,332,9070332,V5,1,1,1,0,"[[""a"", ""p""]]",0.44
power,c30_noise10,333,9070333,V6,1,1,1,0,"[[""a"", ""p""]]",0.229
power,c30_noise10,333,9070333,V5,1,2,1,1,"[[""a"", ""p""], [""x2""]]",0.45
power,c30_noise10,334,9070334,V6,1,1,1,0,"[[""a"", ""p""]]",0.17
power,c30_noise10,334,9070334,V5,1,1,1,0,"[[""a"", ""p""]]",0.403
power,c30_noise10,335,9070335,V6,1,1,1,0,"[[""a"", ""p""]]",0.208
power,c30_noise10,335,9070335,V5,1,1,1,0,"[[""a"", ""p""]]",0.484
power,c30_noise10,336,9070336,V6,1,1,1,0,"[[""a"", ""p""]]",0.247
power,c30_noise10,336,9070336,V5,0,0,0,0,[],0.408
power,c30_noise10,337,9070337,V6,1,1,1,0,"[[""a"", ""p""]]",0.188
power,c30_noise10,337,9070337,V5,1,1,1,0,"[[""a"", ""p""]]",0.487
power,c30_noise10,338,9070338,V6,1,1,1,0,"[[""a"", ""p""]]",0.225
power,c30_noise10,338,9070338,V5,1,1,1,0,"[[""a"", ""p""]]",0.5
power,c30_noise10,339,9070339,V6,1,1,1,0,"[[""a"", ""p""]]",0.257
power,c30_noise10,339,9070339,V5,1,1,1,0,"[[""a"", ""p""]]",0.438
power,c30_noise10,340,9070340,V6,1,1,1,0,"[[""a"", ""p""]]",0.212
power,c30_noise10,340,9070340,V5,1,1,1,0,"[[""a"", ""p""]]",0.464
power,c30_noise10,341,9070341,V6,1,1,1,0,"[[""a"", ""p""]]",0.246
power,c30_noise10,341,9070341,V5,1,1,1,0,"[[""a"", ""p""]]",0.44
power,c30_noise10,342,9070342,V6,1,1,1,0,"[[""a"", ""p""]]",0.268
power,c30_noise10,342,9070342,V5,1,1,1,0,"[[""a"", ""p""]]",0.382
power,c30_noise10,343,9070343,V6,1,1,1,0,"[[""a"", ""p""]]",0.239
power,c30_noise10,343,9070343,V5,1,1,1,0,"[[""a"", ""p""]]",0.452
power,c30_noise10,344,9070344,V6,1,1,1,0,"[[""a"", ""p""]]",0.267
power,c30_noise10,344,9070344,V5,1,1,1,0,"[[""a"", ""p""]]",0.438
power,c30_noise10,345,9070345,V6,1,2,1,1,"[[""a"", ""p""], [""x1""]]",0.222
power,c30_noise10,345,9070345,V5,1,2,1,1,"[[""a"", ""p""], [""x1""]]",0.382
power,c30_noise10,346,9070346,V6,1,1,1,0,"[[""a"", ""p""]]",0.227
power,c30_noise10,346,9070346,V5,1,1,1,0,"[[""a"", ""p""]]",0.457
power,c30_noise10,347,9070347,V6,1,1,1,0,"[[""a"", ""p""]]",0.199
power,c30_noise10,347,9070347,V5,1,1,1,0,"[[""a"", ""p""]]",0.446
power,c30_noise10,348,9070348,V6,1,1,1,0,"[[""a"", ""p""]]",0.211
power,c30_noise10,348,9070348,V5,1,1,1,0,"[[""a"", ""p""]]",0.466
power,c30_noise10,349,9070349,V6,1,1,1,0,"[[""a"", ""p""]]",0.239
power,c30_noise10,349,9070349,V5,1,1,1,0,"[[""a"", ""p""]]",0.42
power,c30_noise10,350,9070350,V6,1,1,1,0,"[[""a"", ""p""]]",0.218
power,c30_noise10,350,9070350,V5,1,1,1,0,"[[""a"", ""p""]]",0.461
power,c30_noise10,351,9070351,V6,1,1,1,0,"[[""a"", ""p""]]",0.247
power,c30_noise10,351,9070351,V5,1,1,1,0,"[[""a"", ""p""]]",0.409
power,c30_noise10,352,9070352,V6,1,1,1,0,"[[""a"", ""p""]]",0.249
power,c30_noise10,352,9070352,V5,1,1,1,0,"[[""a"", ""p""]]",0.407
power,c30_noise10,353,9070353,V6,1,1,1,0,"[[""a"", ""p""]]",0.242
power,c30_noise10,353,9070353,V5,1,1,1,0,"[[""a"", ""p""]]",0.388
power,c30_noise10,354,9070354,V6,1,1,1,0,"[[""a"", ""p""]]",0.224
power,c30_noise10,354,9070354,V5,1,1,1,0,"[[""a"", ""p""]]",0.433
power,c30_noise10,355,9070355,V6,1,1,1,0,"[[""a"", ""p""]]",0.207
power,c30_noise10,355,9070355,V5,1,1,1,0,"[[""a"", ""p""]]",0.457
power,c30_noise10,356,9070356,V6,1,1,1,0,"[[""a"", ""p""]]",0.255
power,c30_noise10,356,9070356,V5,1,1,1,0,"[[""a"", ""p""]]",0.36
power,c30_noise10,357,9070357,V6,1,1,1,0,"[[""a"", ""p""]]",0.207
power,c30_noise10,357,9070357,V5,1,1,1,0,"[[""a"", ""p""]]",0.412
power,c30_noise10,358,9070358,V6,1,1,1,0,"[[""a"", ""p""]]",0.162
power,c30_noise10,358,9070358,V5,1,1,1,0,"[[""a"", ""p""]]",0.397
power,c30_noise10,359,9070359,V6,1,1,1,0,"[[""a"", ""p""]]",0.168
power,c30_noise10,359,9070359,V5,1,1,1,0,"[[""a"", ""p""]]",0.389
power,c30_noise10,360,9070360,V6,1,1,1,0,"[[""a"", ""p""]]",0.212
power,c30_noise10,360,9070360,V5,1,1,1,0,"[[""a"", ""p""]]",0.368
power,c30_noise10,361,9070361,V6,1,1,1,0,"[[""a"", ""p""]]",0.215
power,c30_noise10,361,9070361,V5,1,1,1,0,"[[""a"", ""p""]]",0.424
power,c30_noise10,362,9070362,V6,1,1,1,0,"[[""a"", ""p""]]",0.187
power,c30_noise10,362,9070362,V5,1,1,1,0,"[[""a"", ""p""]]",0.384
power,c30_noise10,363,9070363,V6,1,1,1,0,"[[""a"", ""p""]]",0.227
power,c30_noise10,363,9070363,V5,1,1,1,0,"[[""a"", ""p""]]",0.401
power,c30_noise10,364,9070364,V6,1,1,1,0,"[[""a"", ""p""]]",0.217
power,c30_noise10,364,9070364,V5,1,1,1,0,"[[""a"", ""p""]]",0.377
power,c30_noise10,365,9070365,V6,1,1,1,0,"[[""a"", ""p""]]",0.199
power,c30_noise10,365,9070365,V5,1,1,1,0,"[[""a"", ""p""]]",0.404
power,c30_noise10,366,9070366,V6,1,1,1,0,"[[""a"", ""p""]]",0.192
power,c30_noise10,366,9070366,V5,1,1,1,0,"[[""a"", ""p""]]",0.45
power,c30_noise10,367,9070367,V6,1,1,1,0,"[[""a"", ""p""]]",0.224
power,c30_noise10,367,9070367,V5,1,1,1,0,"[[""a"", ""p""]]",0.421
power,c30_noise10,368,9070368,V6,0,0,0,0,[],0.208
power,c30_noise10,368,9070368,V5,0,0,0,0,[],0.424
power,c30_noise10,369,9070369,V6,1,1,1,0,"[[""a"", ""p""]]",0.209
power,c30_noise10,369,9070369,V5,1,1,1,0,"[[""a"", ""p""]]",0.401
power,c30_noise10,370,9070370,V6,1,1,1,0,"[[""a"", ""p""]]",0.24
power,c30_noise10,370,9070370,V5,1,1,1,0,"[[""a"", ""p""]]",0.444
power,c30_noise10,371,9070371,V6,1,1,1,0,"[[""a"", ""p""]]",0.219
power,c30_noise10,371,9070371,V5,1,1,1,0,"[[""a"", ""p""]]",0.4
power,c30_noise10,372,9070372,V6,1,1,1,0,"[[""a"", ""p""]]",0.237
power,c30_noise10,372,9070372,V5,1,1,1,0,"[[""a"", ""p""]]",0.378
power,c30_noise10,373,9070373,V6,1,1,1,0,"[[""a"", ""p""]]",0.189
power,c30_noise10,373,9070373,V5,1,1,1,0,"[[""a"", ""p""]]",0.398
power,c30_noise10,374,9070374,V6,1,1,1,0,"[[""a"", ""p""]]",0.229
power,c30_noise10,374,9070374,V5,1,1,1,0,"[[""a"", ""p""]]",0.445
power,c30_noise10,375,9070375,V6,1,1,1,0,"[[""a"", ""p""]]",0.198
power,c30_noise10,375,9070375,V5,1,1,1,0,"[[""a"", ""p""]]",0.487
power,c30_noise10,376,9070376,V6,1,1,1,0,"[[""a"", ""p""]]",0.188
power,c30_noise10,376,9070376,V5,1,1,1,0,"[[""a"", ""p""]]",0.619
power,c30_noise10,377,9070377,V6,1,1,1,0,"[[""a"", ""p""]]",0.192
power,c30_noise10,377,9070377,V5,1,1,1,0,"[[""a"", ""p""]]",0.44
power,c30_noise10,378,9070378,V6,1,1,1,0,"[[""a"", ""p""]]",0.178
power,c30_noise10,378,9070378,V5,1,1,1,0,"[[""a"", ""p""]]",0.464
power,c30_noise10,379,9070379,V6,0,0,0,0,[],0.188
power,c30_noise10,379,9070379,V5,0,0,0,0,[],0.635
power,c30_noise10,380,9070380,V6,1,1,1,0,"[[""a"", ""p""]]",0.239
power,c30_noise10,380,9070380,V5,1,1,1,0,"[[""a"", ""p""]]",0.484
power,c30_noise10,381,9070381,V6,1,1,1,0,"[[""a"", ""p""]]",0.212
power,c30_noise10,381,9070381,V5,1,1,1,0,"[[""a"", ""p""]]",0.49
power,c30_noise10,382,9070382,V6,1,2,1,1,"[[""a"", ""p""], [""x3""]]",0.233
power,c30_noise10,382,9070382,V5,1,1,1,0,"[[""a"", ""p""]]",0.501
power,c30_noise10,383,9070383,V6,1,1,1,0,"[[""a"", ""p""]]",0.216
power,c30_noise10,383,9070383,V5,1,1,1,0,"[[""a"", ""p""]]",0.455
power,c30_noise10,384,9070384,V6,1,1,1,0,"[[""a"", ""p""]]",0.386
power,c30_noise10,384,9070384,V5,1,1,1,0,"[[""a"", ""p""]]",0.425
power,c30_noise10,385,9070385,V6,1,1,1,0,"[[""a"", ""p""]]",0.337
power,c30_noise10,385,9070385,V5,1,1,1,0,"[[""a"", ""p""]]",0.433
power,c30_noise10,386,9070386,V6,1,1,1,0,"[[""a"", ""p""]]",0.27
power,c30_noise10,386,9070386,V5,1,1,1,0,"[[""a"", ""p""]]",0.374
power,c30_noise10,387,9070387,V6,0,0,0,0,[],0.264
power,c30_noise10,387,9070387,V5,0,0,0,0,[],0.339
power,c30_noise10,388,9070388,V6,1,1,1,0,"[[""a"", ""p""]]",0.277
power,c30_noise10,388,9070388,V5,1,1,1,0,"[[""a"", ""p""]]",0.382
power,c30_noise10,389,9070389,V6,1,1,1,0,"[[""a"", ""p""]]",0.185
power,c30_noise10,389,9070389,V5,0,0,0,0,[],0.39
power,c30_noise10,390,9070390,V6,1,2,1,1,"[[""a"", ""p""], [""z4""]]",0.173
power,c30_noise10,390,9070390,V5,1,1,1,0,"[[""a"", ""p""]]",0.378
power,c30_noise10,391,9070391,V6,1,1,1,0,"[[""a"", ""p""]]",0.206
power,c30_noise10,391,9070391,V5,1,1,1,0,"[[""a"", ""p""]]",0.416
power,c30_noise10,392,9070392,V6,1,1,1,0,"[[""a"", ""p""]]",0.175
power,c30_noise10,392,9070392,V5,1,1,1,0,"[[""a"", ""p""]]",0.375
power,c30_noise10,393,9070393,V6,0,0,0,0,[],0.155
power,c30_noise10,393,9070393,V5,0,0,0,0,[],0.382
power,c30_noise10,394,9070394,V6,0,0,0,0,[],0.188
power,c30_noise10,394,9070394,V5,0,0,0,0,[],0.46
power,c30_noise10,395,9070395,V6,1,1,1,0,"[[""a"", ""p""]]",0.187
power,c30_noise10,395,9070395,V5,1,1,1,0,"[[""a"", ""p""]]",0.451
power,c30_noise10,396,9070396,V6,1,1,1,0,"[[""a"", ""p""]]",0.18
power,c30_noise10,396,9070396,V5,1,1,1,0,"[[""a"", ""p""]]",0.445
power,c30_noise10,397,9070397,V6,1,1,1,0,"[[""a"", ""p""]]",0.187
power,c30_noise10,397,9070397,V5,1,1,1,0,"[[""a"", ""p""]]",0.482
power,c30_noise10,398,9070398,V6,1,1,1,0,"[[""a"", ""p""]]",0.289
power,c30_noise10,398,9070398,V5,1,1,1,0,"[[""a"", ""p""]]",0.44
power,c30_noise10,399,9070399,V6,1,1,1,0,"[[""a"", ""p""]]",0.252
power,c30_noise10,399,9070399,V5,1,1,1,0,"[[""a"", ""p""]]",0.42
power,c30_noise10,400,9070400,V6,1,1,1,0,"[[""a"", ""p""]]",0.263
power,c30_noise10,400,9070400,V5,1,1,1,0,"[[""a"", ""p""]]",0.464
power,c30_noise10,401,9070401,V6,0,0,0,0,[],0.263
power,c30_noise10,401,9070401,V5,1,1,1,0,"[[""a"", ""p""]]",0.423
power,c30_noise10,402,9070402,V6,1,1,1,0,"[[""a"", ""p""]]",0.285
power,c30_noise10,402,9070402,V5,1,1,1,0,"[[""a"", ""p""]]",0.415
power,c30_noise10,403,9070403,V6,1,2,1,1,"[[""a"", ""p""], [""z4""]]",0.235
power,c30_noise10,403,9070403,V5,1,1,1,0,"[[""a"", ""p""]]",0.372
power,c30_noise10,404,9070404,V6,1,1,1,0,"[[""a"", ""p""]]",0.205
power,c30_noise10,404,9070404,V5,1,1,1,0,"[[""a"", ""p""]]",0.36
power,c30_noise10,405,9070405,V6,0,0,0,0,[],0.194
power,c30_noise10,405,9070405,V5,0,0,0,0,[],0.362
power,c30_noise10,406,9070406,V6,0,0,0,0,[],0.266
power,c30_noise10,406,9070406,V5,0,0,0,0,[],0.432
power,c30_noise10,407,9070407,V6,1,1,1,0,"[[""a"", ""p""]]",0.217
power,c30_noise10,407,9070407,V5,1,1,1,0,"[[""a"", ""p""]]",0.379
power,c30_noise10,408,9070408,V6,1,1,1,0,"[[""a"", ""p""]]",0.206
power,c30_noise10,408,9070408,V5,1,1,1,0,"[[""a"", ""p""]]",0.399
power,c30_noise10,409,9070409,V6,1,1,1,0,"[[""a"", ""p""]]",0.172
power,c30_noise10,409,9070409,V5,1,1,1,0,"[[""a"", ""p""]]",0.424
power,c30_noise10,410,9070410,V6,1,1,1,0,"[[""a"", ""p""]]",0.198
power,c30_noise10,410,9070410,V5,1,1,1,0,"[[""a"", ""p""]]",0.435
power,c30_noise10,411,9070411,V6,1,1,1,0,"[[""a"", ""p""]]",0.179
power,c30_noise10,411,9070411,V5,1,1,1,0,"[[""a"", ""p""]]",0.409
power,c30_noise10,412,9070412,V6,1,1,1,0,"[[""a"", ""p""]]",0.2
power,c30_noise10,412,9070412,V5,1,1,1,0,"[[""a"", ""p""]]",0.44
power,c30_noise10,413,9070413,V6,1,1,1,0,"[[""a"", ""p""]]",0.178
power,c30_noise10,413,9070413,V5,1,1,1,0,"[[""a"", ""p""]]",0.402
power,c30_noise10,414,9070414,V6,1,1,1,0,"[[""a"", ""p""]]",0.225
power,c30_noise10,414,9070414,V5,1,1,1,0,"[[""a"", ""p""]]",0.44
power,c30_noise10,415,9070415,V6,1,1,1,0,"[[""a"", ""p""]]",0.214
power,c30_noise10,415,9070415,V5,1,1,1,0,"[[""a"", ""p""]]",0.414
power,c30_noise10,416,9070416,V6,1,1,1,0,"[[""a"", ""p""]]",0.197
power,c30_noise10,416,9070416,V5,1,1,1,0,"[[""a"", ""p""]]",0.433
power,c30_noise10,417,9070417,V6,1,2,1,1,"[[""a"", ""p""], [""z4""]]",0.206
power,c30_noise10,417,9070417,V5,1,1,1,0,"[[""a"", ""p""]]",0.405
power,c30_noise10,418,9070418,V6,1,1,1,0,"[[""a"", ""p""]]",0.222
power,c30_noise10,418,9070418,V5,1,1,1,0,"[[""a"", ""p""]]",0.431
power,c30_noise10,419,9070419,V6,0,0,0,0,[],0.175
power,c30_noise10,419,9070419,V5,0,0,0,0,[],0.451
power,c30_noise10,420,9070420,V6,1,1,1,0,"[[""a"", ""p""]]",0.165
power,c30_noise10,420,9070420,V5,1,1,1,0,"[[""a"", ""p""]]",0.449
power,c30_noise10,421,9070421,V6,1,1,1,0,"[[""a"", ""p""]]",0.191
power,c30_noise10,421,9070421,V5,1,1,1,0,"[[""a"", ""p""]]",0.463
power,c30_noise10,422,9070422,V6,1,1,1,0,"[[""a"", ""p""]]",0.199
power,c30_noise10,422,9070422,V5,1,1,1,0,"[[""a"", ""p""]]",0.454
power,c30_noise10,423,9070423,V6,1,1,1,0,"[[""a"", ""p""]]",0.226
power,c30_noise10,423,9070423,V5,1,1,1,0,"[[""a"", ""p""]]",0.375
power,c30_noise10,424,9070424,V6,1,1,1,0,"[[""a"", ""p""]]",0.238
power,c30_noise10,424,9070424,V5,1,1,1,0,"[[""a"", ""p""]]",0.416
power,c30_noise10,425,9070425,V6,1,1,1,0,"[[""a"", ""p""]]",0.211
power,c30_noise10,425,9070425,V5,1,1,1,0,"[[""a"", ""p""]]",0.422
power,c30_noise10,426,9070426,V6,1,1,1,0,"[[""a"", ""p""]]",0.206
power,c30_noise10,426,9070426,V5,1,1,1,0,"[[""a"", ""p""]]",0.369
power,c30_noise10,427,9070427,V6,1,1,1,0,"[[""a"", ""p""]]",0.191
power,c30_noise10,427,9070427,V5,1,1,1,0,"[[""a"", ""p""]]",0.368
power,c30_noise10,428,9070428,V6,1,1,1,0,"[[""a"", ""p""]]",0.193
power,c30_noise10,428,9070428,V5,1,1,1,0,"[[""a"", ""p""]]",0.411
power,c30_noise10,429,9070429,V6,1,1,1,0,"[[""a"", ""p""]]",0.176
power,c30_noise10,429,9070429,V5,1,1,1,0,"[[""a"", ""p""]]",0.383
power,c30_noise10,430,9070430,V6,1,1,1,0,"[[""a"", ""p""]]",0.219
power,c30_noise10,430,9070430,V5,1,1,1,0,"[[""a"", ""p""]]",0.42
power,c30_noise10,431,9070431,V6,1,1,1,0,"[[""a"", ""p""]]",0.184
power,c30_noise10,431,9070431,V5,1,1,1,0,"[[""a"", ""p""]]",0.435
power,c30_noise10,432,9070432,V6,1,1,1,0,"[[""a"", ""p""]]",0.2
power,c30_noise10,432,9070432,V5,1,1,1,0,"[[""a"", ""p""]]",0.417
power,c30_noise10,433,9070433,V6,1,1,1,0,"[[""a"", ""p""]]",0.187
power,c30_noise10,433,9070433,V5,1,1,1,0,"[[""a"", ""p""]]",0.426
power,c30_noise10,434,9070434,V6,1,1,1,0,"[[""a"", ""p""]]",0.251
power,c30_noise10,434,9070434,V5,1,1,1,0,"[[""a"", ""p""]]",0.457
power,c30_noise10,435,9070435,V6,1,1,1,0,"[[""a"", ""p""]]",0.19
power,c30_noise10,435,9070435,V5,1,1,1,0,"[[""a"", ""p""]]",0.402
power,c30_noise10,436,9070436,V6,1,1,1,0,"[[""a"", ""p""]]",0.221
power,c30_noise10,436,9070436,V5,1,1,1,0,"[[""a"", ""p""]]",0.398
power,c30_noise10,437,9070437,V6,1,1,1,0,"[[""a"", ""p""]]",0.233
power,c30_noise10,437,9070437,V5,1,1,1,0,"[[""a"", ""p""]]",0.403
power,c30_noise10,438,9070438,V6,1,1,1,0,"[[""a"", ""p""]]",0.182
power,c30_noise10,438,9070438,V5,1,1,1,0,"[[""a"", ""p""]]",0.387
power,c30_noise10,439,9070439,V6,1,1,1,0,"[[""a"", ""p""]]",0.236
power,c30_noise10,439,9070439,V5,0,0,0,0,[],0.371
power,c30_noise10,440,9070440,V6,1,1,1,0,"[[""a"", ""p""]]",0.222
power,c30_noise10,440,9070440,V5,1,1,1,0,"[[""a"", ""p""]]",0.421
power,c30_noise10,441,9070441,V6,1,1,1,0,"[[""a"", ""p""]]",0.199
power,c30_noise10,441,9070441,V5,1,1,1,0,"[[""a"", ""p""]]",0.399
power,c30_noise10,442,9070442,V6,1,1,1,0,"[[""a"", ""p""]]",0.209
power,c30_noise10,442,9070442,V5,1,1,1,0,"[[""a"", ""p""]]",0.382
power,c30_noise10,443,9070443,V6,1,1,1,0,"[[""a"", ""p""]]",0.192
power,c30_noise10,443,9070443,V5,1,1,1,0,"[[""a"", ""p""]]",0.378
power,c30_noise10,444,9070444,V6,1,1,1,0,"[[""a"", ""p""]]",0.178
power,c30_noise10,444,9070444,V5,1,1,1,0,"[[""a"", ""p""]]",0.412
power,c30_noise10,445,9070445,V6,1,1,1,0,"[[""a"", ""p""]]",0.205
power,c30_noise10,445,9070445,V5,1,1,1,0,"[[""a"", ""p""]]",0.387
power,c30_noise10,446,9070446,V6,0,0,0,0,[],0.184
power,c30_noise10,446,9070446,V5,0,0,0,0,[],0.339
power,c30_noise10,447,9070447,V6,1,1,1,0,"[[""a"", ""p""]]",0.209
power,c30_noise10,447,9070447,V5,1,1,1,0,"[[""a"", ""p""]]",0.418
power,c30_noise10,448,9070448,V6,1,1,1,0,"[[""a"", ""p""]]",0.203
power,c30_noise10,448,9070448,V5,1,1,1,0,"[[""a"", ""p""]]",0.406
power,c30_noise10,449,9070449,V6,1,1,1,0,"[[""a"", ""p""]]",0.221
power,c30_noise10,449,9070449,V5,1,1,1,0,"[[""a"", ""p""]]",0.396
power,c30_noise10,450,9070450,V6,1,1,1,0,"[[""a"", ""p""]]",0.201
power,c30_noise10,450,9070450,V5,1,1,1,0,"[[""a"", ""p""]]",0.401
power,c30_noise10,451,9070451,V6,1,1,1,0,"[[""a"", ""p""]]",0.197
power,c30_noise10,451,9070451,V5,1,1,1,0,"[[""a"", ""p""]]",0.35
power,c30_noise10,452,9070452,V6,0,0,0,0,[],0.209
power,c30_noise10,452,9070452,V5,0,0,0,0,[],0.411
power,c30_noise10,453,9070453,V6,1,1,1,0,"[[""a"", ""p""]]",0.192
power,c30_noise10,453,9070453,V5,1,1,1,0,"[[""a"", ""p""]]",0.362
power,c30_noise10,454,9070454,V6,1,1,1,0,"[[""a"", ""p""]]",0.162
power,c30_noise10,454,9070454,V5,1,1,1,0,"[[""a"", ""p""]]",0.362
power,c30_noise10,455,9070455,V6,1,1,1,0,"[[""a"", ""p""]]",0.189
power,c30_noise10,455,9070455,V5,1,1,1,0,"[[""a"", ""p""]]",0.367
power,c30_noise10,456,9070456,V6,1,1,1,0,"[[""a"", ""p""]]",0.223
power,c30_noise10,456,9070456,V5,1,1,1,0,"[[""a"", ""p""]]",0.387
power,c30_noise10,457,9070457,V6,1,1,1,0,"[[""a"", ""p""]]",0.163
power,c30_noise10,457,9070457,V5,1,1,1,0,"[[""a"", ""p""]]",0.406
power,c30_noise10,458,9070458,V6,1,1,1,0,"[[""a"", ""p""]]",0.158
power,c30_noise10,458,9070458,V5,1,1,1,0,"[[""a"", ""p""]]",0.385
power,c30_noise10,459,9070459,V6,1,1,1,0,"[[""a"", ""p""]]",0.185
power,c30_noise10,459,9070459,V5,1,1,1,0,"[[""a"", ""p""]]",0.362
power,c30_noise10,460,9070460,V6,0,0,0,0,[],0.167
power,c30_noise10,460,9070460,V5,0,0,0,0,[],0.363
power,c30_noise10,461,9070461,V6,1,1,1,0,"[[""a"", ""p""]]",0.203
power,c30_noise10,461,9070461,V5,1,1,1,0,"[[""a"", ""p""]]",0.434
power,c30_noise10,462,9070462,V6,1,1,1,0,"[[""a"", ""p""]]",0.185
power,c30_noise10,462,9070462,V5,1,1,1,0,"[[""a"", ""p""]]",0.41
power,c30_noise10,463,9070463,V6,1,1,1,0,"[[""a"", ""p""]]",0.203
power,c30_noise10,463,9070463,V5,1,1,1,0,"[[""a"", ""p""]]",0.382
power,c30_noise10,464,9070464,V6,1,1,1,0,"[[""a"", ""p""]]",0.244
power,c30_noise10,464,9070464,V5,1,1,1,0,"[[""a"", ""p""]]",0.367
power,c30_noise10,465,9070465,V6,1,1,1,0,"[[""a"", ""p""]]",0.226
power,c30_noise10,465,9070465,V5,1,1,1,0,"[[""a"", ""p""]]",0.374
power,c30_noise10,466,9070466,V6,1,1,1,0,"[[""a"", ""p""]]",0.183
power,c30_noise10,466,9070466,V5,1,1,1,0,"[[""a"", ""p""]]",0.376
power,c30_noise10,467,9070467,V6,1,1,1,0,"[[""a"", ""p""]]",0.211
power,c30_noise10,467,9070467,V5,1,1,1,0,"[[""a"", ""p""]]",0.372
power,c30_noise10,468,9070468,V6,1,1,1,0,"[[""a"", ""p""]]",0.209
power,c30_noise10,468,9070468,V5,1,1,1,0,"[[""a"", ""p""]]",0.392
power,c30_noise10,469,9070469,V6,1,1,1,0,"[[""a"", ""p""]]",0.211
power,c30_noise10,469,9070469,V5,0,0,0,0,[],0.367
power,c30_noise10,470,9070470,V6,1,1,1,0,"[[""a"", ""p""]]",0.185
power,c30_noise10,470,9070470,V5,1,1,1,0,"[[""a"", ""p""]]",0.417
power,c30_noise10,471,9070471,V6,1,1,1,0,"[[""a"", ""p""]]",0.214
power,c30_noise10,471,9070471,V5,1,1,1,0,"[[""a"", ""p""]]",0.367
power,c30_noise10,472,9070472,V6,1,1,1,0,"[[""a"", ""p""]]",0.213
power,c30_noise10,472,9070472,V5,1,1,1,0,"[[""a"", ""p""]]",0.399
power,c30_noise10,473,9070473,V6,1,1,1,0,"[[""a"", ""p""]]",0.171
power,c30_noise10,473,9070473,V5,1,1,1,0,"[[""a"", ""p""]]",0.393
power,c30_noise10,474,9070474,V6,1,1,1,0,"[[""a"", ""p""]]",0.188
power,c30_noise10,474,9070474,V5,1,1,1,0,"[[""a"", ""p""]]",0.363
power,c30_noise10,475,9070475,V6,1,2,1,1,"[[""x4""], [""a"", ""p""]]",0.153
power,c30_noise10,475,9070475,V5,0,0,0,0,[],0.423
power,c30_noise10,476,9070476,V6,1,1,1,0,"[[""a"", ""p""]]",0.204
power,c30_noise10,476,9070476,V5,1,1,1,0,"[[""a"", ""p""]]",0.415
power,c30_noise10,477,9070477,V6,1,1,1,0,"[[""a"", ""p""]]",0.188
power,c30_noise10,477,9070477,V5,1,1,1,0,"[[""a"", ""p""]]",0.391
power,c30_noise10,478,9070478,V6,1,1,1,0,"[[""a"", ""p""]]",0.168
power,c30_noise10,478,9070478,V5,1,1,1,0,"[[""a"", ""p""]]",0.388
power,c30_noise10,479,9070479,V6,1,1,1,0,"[[""a"", ""p""]]",0.171
power,c30_noise10,479,9070479,V5,1,1,1,0,"[[""a"", ""p""]]",0.405
power,c30_noise10,480,9070480,V6,1,1,1,0,"[[""a"", ""p""]]",0.171
power,c30_noise10,480,9070480,V5,1,1,1,0,"[[""a"", ""p""]]",0.367
power,c30_noise10,481,9070481,V6,1,1,1,0,"[[""a"", ""p""]]",0.198
power,c30_noise10,481,9070481,V5,1,1,1,0,"[[""a"", ""p""]]",0.348
power,c30_noise10,482,9070482,V6,1,1,1,0,"[[""a"", ""p""]]",0.189
power,c30_noise10,482,9070482,V5,1,1,1,0,"[[""a"", ""p""]]",0.349
power,c30_noise10,483,9070483,V6,1,1,1,0,"[[""a"", ""p""]]",0.164
power,c30_noise10,483,9070483,V5,1,1,1,0,"[[""a"", ""p""]]",0.347
power,c30_noise10,484,9070484,V6,1,1,1,0,"[[""a"", ""p""]]",0.187
power,c30_noise10,484,9070484,V5,1,1,1,0,"[[""a"", ""p""]]",0.437
power,c30_noise10,485,9070485,V6,1,1,1,0,"[[""a"", ""p""]]",0.213
power,c30_noise10,485,9070485,V5,1,1,1,0,"[[""a"", ""p""]]",0.422
power,c30_noise10,486,9070486,V6,1,1,1,0,"[[""a"", ""p""]]",0.237
power,c30_noise10,486,9070486,V5,1,1,1,0,"[[""a"", ""p""]]",0.436
power,c30_noise10,487,9070487,V6,1,1,1,0,"[[""a"", ""p""]]",0.186
power,c30_noise10,487,9070487,V5,0,0,0,0,[],0.405
power,c30_noise10,488,9070488,V6,1,1,1,0,"[[""a"", ""p""]]",0.194
power,c30_noise10,488,9070488,V5,1,1,1,0,"[[""a"", ""p""]]",0.43
power,c30_noise10,489,9070489,V6,1,1,1,0,"[[""a"", ""p""]]",0.216
power,c30_noise10,489,9070489,V5,1,1,1,0,"[[""a"", ""p""]]",0.332
power,c30_noise10,490,9070490,V6,1,1,1,0,"[[""a"", ""p""]]",0.193
power,c30_noise10,490,9070490,V5,1,1,1,0,"[[""a"", ""p""]]",0.407
power,c30_noise10,491,9070491,V6,1,1,1,0,"[[""a"", ""p""]]",0.223
power,c30_noise10,491,9070491,V5,0,0,0,0,[],0.424
power,c30_noise10,492,9070492,V6,1,1,1,0,"[[""a"", ""p""]]",0.197
power,c30_noise10,492,9070492,V5,1,1,1,0,"[[""a"", ""p""]]",0.417
power,c30_noise10,493,9070493,V6,1,1,1,0,"[[""a"", ""p""]]",0.203
power,c30_noise10,493,9070493,V5,1,1,1,0,"[[""a"", ""p""]]",0.431
power,c30_noise10,494,9070494,V6,1,1,1,0,"[[""a"", ""p""]]",0.206
power,c30_noise10,494,9070494,V5,1,1,1,0,"[[""a"", ""p""]]",0.38
power,c30_noise10,495,9070495,V6,1,1,1,0,"[[""a"", ""p""]]",0.183
power,c30_noise10,495,9070495,V5,1,1,1,0,"[[""a"", ""p""]]",0.428
power,c30_noise10,496,9070496,V6,1,1,1,0,"[[""a"", ""p""]]",0.222
power,c30_noise10,496,9070496,V5,1,1,1,0,"[[""a"", ""p""]]",0.346
power,c30_noise10,497,9070497,V6,1,1,1,0,"[[""a"", ""p""]]",0.2
power,c30_noise10,497,9070497,V5,1,1,1,0,"[[""a"", ""p""]]",0.37
power,c30_noise10,498,9070498,V6,1,1,1,0,"[[""a"", ""p""]]",0.205
power,c30_noise10,498,9070498,V5,1,1,1,0,"[[""a"", ""p""]]",0.404
power,c30_noise10,499,9070499,V6,1,1,1,0,"[[""a"", ""p""]]",0.196
power,c30_noise10,499,9070499,V5,1,1,1,0,"[[""a"", ""p""]]",0.394
power,c30_noise30,0,9080000,V6,1,1,1,0,"[[""a""]]",0.209
power,c30_noise30,0,9080000,V5,1,1,1,0,"[[""a""]]",0.372
power,c30_noise30,1,9080001,V6,1,1,1,0,"[[""a""]]",0.17
power,c30_noise30,1,9080001,V5,1,1,1,0,"[[""a""]]",0.373
power,c30_noise30,2,9080002,V6,1,1,1,0,"[[""a""]]",0.197
power,c30_noise30,2,9080002,V5,1,1,1,0,"[[""a""]]",0.346
power,c30_noise30,3,9080003,V6,0,0,0,0,[],0.181
power,c30_noise30,3,9080003,V5,0,0,0,0,[],0.378
power,c30_noise30,4,9080004,V6,0,0,0,0,[],0.17
power,c30_noise30,4,9080004,V5,0,0,0,0,[],0.378
power,c30_noise30,5,9080005,V6,1,1,1,0,"[[""a""]]",0.151
power,c30_noise30,5,9080005,V5,1,1,1,0,"[[""a""]]",0.366
power,c30_noise30,6,9080006,V6,1,2,1,1,"[[""a""], [""z5""]]",0.202
power,c30_noise30,6,9080006,V5,1,2,1,1,"[[""z5""], [""a""]]",0.364
power,c30_noise30,7,9080007,V6,1,1,1,0,"[[""a""]]",0.214
power,c30_noise30,7,9080007,V5,1,1,1,0,"[[""a""]]",0.36
power,c30_noise30,8,9080008,V6,1,1,1,0,"[[""a""]]",0.176
power,c30_noise30,8,9080008,V5,1,1,1,0,"[[""a""]]",0.397
power,c30_noise30,9,9080009,V6,0,0,0,0,[],0.185
power,c30_noise30,9,9080009,V5,0,0,0,0,[],0.39
power,c30_noise30,10,9080010,V6,1,1,1,0,"[[""a""]]",0.184
power,c30_noise30,10,9080010,V5,1,1,1,0,"[[""a""]]",0.361
power,c30_noise30,11,9080011,V6,1,1,1,0,"[[""a""]]",0.182
power,c30_noise30,11,9080011,V5,0,0,0,0,[],0.397
power,c30_noise30,12,9080012,V6,1,2,1,1,"[[""a""], [""x1""]]",0.198
power,c30_noise30,12,9080012,V5,1,1,1,0,"[[""a""]]",0.358
power,c30_noise30,13,9080013,V6,1,1,1,0,"[[""a""]]",0.188
power,c30_noise30,13,9080013,V5,1,1,1,0,"[[""a""]]",0.384
power,c30_noise30,14,9080014,V6,1,1,1,0,"[[""a""]]",0.209
power,c30_noise30,14,9080014,V5,1,1,1,0,"[[""a""]]",0.354
power,c30_noise30,15,9080015,V6,0,0,0,0,[],0.199
power,c30_noise30,15,9080015,V5,0,0,0,0,[],0.374
power,c30_noise30,16,9080016,V6,0,0,0,0,[],0.17
power,c30_noise30,16,9080016,V5,1,1,1,0,"[[""a""]]",0.42
power,c30_noise30,17,9080017,V6,0,0,0,0,[],0.169
power,c30_noise30,17,9080017,V5,1,1,1,0,"[[""a""]]",0.373
power,c30_noise30,18,9080018,V6,1,1,1,0,"[[""a""]]",0.2
power,c30_noise30,18,9080018,V5,1,1,1,0,"[[""a""]]",0.381
power,c30_noise30,19,9080019,V6,0,0,0,0,[],0.201
power,c30_noise30,19,9080019,V5,0,0,0,0,[],0.381
power,c30_noise30,20,9080020,V6,1,1,1,0,"[[""a""]]",0.173
power,c30_noise30,20,9080020,V5,0,0,0,0,[],0.384
power,c30_noise30,21,9080021,V6,1,1,1,0,"[[""a""]]",0.17
power,c30_noise30,21,9080021,V5,1,1,1,0,"[[""a""]]",0.41
power,c30_noise30,22,9080022,V6,1,1,1,0,"[[""a""]]",0.164
power,c30_noise30,22,9080022,V5,1,1,1,0,"[[""a""]]",0.378
power,c30_noise30,23,9080023,V6,0,0,0,0,[],0.185
power,c30_noise30,23,9080023,V5,0,0,0,0,[],0.388
power,c30_noise30,24,9080024,V6,1,2,1,1,"[[""a""], [""p""]]",0.171
power,c30_noise30,24,9080024,V5,1,2,1,1,"[[""a""], [""p""]]",0.394
power,c30_noise30,25,9080025,V6,1,1,1,0,"[[""a""]]",0.188
power,c30_noise30,25,9080025,V5,1,1,1,0,"[[""a""]]",0.386
power,c30_noise30,26,9080026,V6,1,1,1,0,"[[""a""]]",0.179
power,c30_noise30,26,9080026,V5,1,1,1,0,"[[""a""]]",0.367
power,c30_noise30,27,9080027,V6,1,1,1,0,"[[""a""]]",0.176
power,c30_noise30,27,9080027,V5,1,1,1,0,"[[""a""]]",0.405
power,c30_noise30,28,9080028,V6,1,1,1,0,"[[""a""]]",0.178
power,c30_noise30,28,9080028,V5,1,1,1,0,"[[""a""]]",0.336
power,c30_noise30,29,9080029,V6,1,1,1,0,"[[""a""]]",0.177
power,c30_noise30,29,9080029,V5,1,1,1,0,"[[""a""]]",0.391
power,c30_noise30,30,9080030,V6,1,1,1,0,"[[""a""]]",0.159
power,c30_noise30,30,9080030,V5,1,1,1,0,"[[""a""]]",0.338
power,c30_noise30,31,9080031,V6,1,1,1,0,"[[""a""]]",0.176
power,c30_noise30,31,9080031,V5,1,1,1,0,"[[""a""]]",0.382
power,c30_noise30,32,9080032,V6,1,1,1,0,"[[""a""]]",0.2
power,c30_noise30,32,9080032,V5,1,1,1,0,"[[""a""]]",0.406
power,c30_noise30,33,9080033,V6,1,1,1,0,"[[""a""]]",0.208
power,c30_noise30,33,9080033,V5,1,1,1,0,"[[""a""]]",0.384
power,c30_noise30,34,9080034,V6,1,1,1,0,"[[""a""]]",0.197
power,c30_noise30,34,9080034,V5,1,1,1,0,"[[""a""]]",0.369
power,c30_noise30,35,9080035,V6,1,1,1,0,"[[""a""]]",0.176
power,c30_noise30,35,9080035,V5,1,1,1,0,"[[""a""]]",0.351
power,c30_noise30,36,9080036,V6,1,1,1,0,"[[""a""]]",0.166
power,c30_noise30,36,9080036,V5,1,1,1,0,"[[""a""]]",0.392
power,c30_noise30,37,9080037,V6,1,1,1,0,"[[""a""]]",0.208
power,c30_noise30,37,9080037,V5,1,1,1,0,"[[""a""]]",0.364
power,c30_noise30,38,9080038,V6,1,1,1,0,"[[""a""]]",0.168
power,c30_noise30,38,9080038,V5,1,1,1,0,"[[""a""]]",0.367
power,c30_noise30,39,9080039,V6,1,1,1,0,"[[""a""]]",0.173
power,c30_noise30,39,9080039,V5,1,1,1,0,"[[""a""]]",0.408
power,c30_noise30,40,9080040,V6,0,0,0,0,[],0.193
power,c30_noise30,40,9080040,V5,0,0,0,0,[],0.402
power,c30_noise30,41,9080041,V6,1,1,1,0,"[[""a""]]",0.151
power,c30_noise30,41,9080041,V5,1,1,1,0,"[[""a""]]",0.36
power,c30_noise30,42,9080042,V6,1,1,1,0,"[[""a""]]",0.188
power,c30_noise30,42,9080042,V5,1,1,1,0,"[[""a""]]",0.359
power,c30_noise30,43,9080043,V6,0,0,0,0,[],0.183
power,c30_noise30,43,9080043,V5,0,0,0,0,[],0.371
power,c30_noise30,44,9080044,V6,1,1,1,0,"[[""a""]]",0.185
power,c30_noise30,44,9080044,V5,1,1,1,0,"[[""a""]]",0.42
power,c30_noise30,45,9080045,V6,1,1,1,0,"[[""a""]]",0.187
power,c30_noise30,45,9080045,V5,1,1,1,0,"[[""a""]]",0.383
power,c30_noise30,46,9080046,V6,1,1,1,0,"[[""a""]]",0.193
power,c30_noise30,46,9080046,V5,1,2,1,1,"[[""a""], [""p""]]",0.4
power,c30_noise30,47,9080047,V6,1,1,1,0,"[[""a""]]",0.188
power,c30_noise30,47,9080047,V5,1,1,1,0,"[[""a""]]",0.423
power,c30_noise30,48,9080048,V6,1,1,1,0,"[[""a""]]",0.168
power,c30_noise30,48,9080048,V5,1,1,1,0,"[[""a""]]",0.4
power,c30_noise30,49,9080049,V6,1,1,1,0,"[[""a""]]",0.164
power,c30_noise30,49,9080049,V5,1,1,1,0,"[[""a""]]",0.382
power,c30_noise30,50,9080050,V6,1,2,1,1,"[[""a""], [""p""]]",0.189
power,c30_noise30,50,9080050,V5,1,2,1,1,"[[""a""], [""p""]]",0.391
power,c30_noise30,51,9080051,V6,1,1,1,0,"[[""a""]]",0.176
power,c30_noise30,51,9080051,V5,1,1,1,0,"[[""a""]]",0.388
power,c30_noise30,52,9080052,V6,1,1,1,0,"[[""a""]]",0.186
power,c30_noise30,52,9080052,V5,1,1,1,0,"[[""a""]]",0.371
power,c30_noise30,53,9080053,V6,1,1,1,0,"[[""a""]]",0.181
power,c30_noise30,53,9080053,V5,1,1,1,0,"[[""a""]]",0.388
power,c30_noise30,54,9080054,V6,1,1,1,0,"[[""a""]]",0.168
power,c30_noise30,54,9080054,V5,1,1,1,0,"[[""a""]]",0.39
power,c30_noise30,55,9080055,V6,1,1,1,0,"[[""a""]]",0.195
power,c30_noise30,55,9080055,V5,1,1,1,0,"[[""a""]]",0.367
power,c30_noise30,56,9080056,V6,1,1,1,0,"[[""a""]]",0.157
power,c30_noise30,56,9080056,V5,1,1,1,0,"[[""a""]]",0.371
power,c30_noise30,57,9080057,V6,1,1,1,0,"[[""a""]]",0.169
power,c30_noise30,57,9080057,V5,1,1,1,0,"[[""a""]]",0.337
power,c30_noise30,58,9080058,V6,1,1,1,0,"[[""a""]]",0.188
power,c30_noise30,58,9080058,V5,1,1,1,0,"[[""a""]]",0.356
power,c30_noise30,59,9080059,V6,1,1,1,0,"[[""a""]]",0.163
power,c30_noise30,59,9080059,V5,1,1,1,0,"[[""a""]]",0.346
power,c30_noise30,60,9080060,V6,1,1,1,0,"[[""a""]]",0.188
power,c30_noise30,60,9080060,V5,1,1,1,0,"[[""a""]]",0.407
power,c30_noise30,61,9080061,V6,1,1,1,0,"[[""a""]]",0.18
power,c30_noise30,61,9080061,V5,1,1,1,0,"[[""a""]]",0.382
power,c30_noise30,62,9080062,V6,1,1,1,0,"[[""a""]]",0.211
power,c30_noise30,62,9080062,V5,1,1,1,0,"[[""a""]]",0.369
power,c30_noise30,63,9080063,V6,1,1,1,0,"[[""a""]]",0.191
power,c30_noise30,63,9080063,V5,1,1,1,0,"[[""a""]]",0.384
power,c30_noise30,64,9080064,V6,1,1,1,0,"[[""a""]]",0.189
power,c30_noise30,64,9080064,V5,0,0,0,0,[],0.425
power,c30_noise30,65,9080065,V6,1,1,1,0,"[[""a""]]",0.173
power,c30_noise30,65,9080065,V5,1,1,1,0,"[[""a""]]",0.481
power,c30_noise30,66,9080066,V6,1,2,1,1,"[[""a""], [""p""]]",0.184
power,c30_noise30,66,9080066,V5,1,2,1,1,"[[""a""], [""p""]]",0.419
power,c30_noise30,67,9080067,V6,1,1,1,0,"[[""a""]]",0.167
power,c30_noise30,67,9080067,V5,1,1,1,0,"[[""a""]]",0.406
power,c30_noise30,68,9080068,V6,1,1,1,0,"[[""a""]]",0.226
power,c30_noise30,68,9080068,V5,1,1,1,0,"[[""a""]]",0.471
power,c30_noise30,69,9080069,V6,1,1,1,0,"[[""a""]]",0.205
power,c30_noise30,69,9080069,V5,1,1,1,0,"[[""a""]]",0.391
power,c30_noise30,70,9080070,V6,1,1,1,0,"[[""a""]]",0.182
power,c30_noise30,70,9080070,V5,0,0,0,0,[],0.45
power,c30_noise30,71,9080071,V6,1,2,1,1,"[[""a""], [""x2""]]",0.238
power,c30_noise30,71,9080071,V5,1,2,1,1,"[[""x2""], [""a""]]",0.523
power,c30_noise30,72,9080072,V6,1,1,1,0,"[[""a""]]",0.184
power,c30_noise30,72,9080072,V5,1,1,1,0,"[[""a""]]",0.461
power,c30_noise30,73,9080073,V6,0,0,0,0,[],0.189
power,c30_noise30,73,9080073,V5,0,0,0,0,[],0.471
power,c30_noise30,74,9080074,V6,1,1,1,0,"[[""a""]]",0.208
power,c30_noise30,74,9080074,V5,1,1,1,0,"[[""a""]]",0.424
power,c30_noise30,75,9080075,V6,1,1,1,0,"[[""a""]]",0.218
power,c30_noise30,75,9080075,V5,1,1,1,0,"[[""a""]]",0.434
power,c30_noise30,76,9080076,V6,1,1,1,0,"[[""a""]]",0.252
power,c30_noise30,76,9080076,V5,1,1,1,0,"[[""a""]]",0.394
power,c30_noise30,77,9080077,V6,1,1,1,0,"[[""a""]]",0.209
power,c30_noise30,77,9080077,V5,1,1,1,0,"[[""a""]]",0.457
power,c30_noise30,78,9080078,V6,1,1,1,0,"[[""a""]]",0.208
power,c30_noise30,78,9080078,V5,1,1,1,0,"[[""a""]]",0.451
power,c30_noise30,79,9080079,V6,1,1,1,0,"[[""a""]]",0.212
power,c30_noise30,79,9080079,V5,1,1,1,0,"[[""a""]]",0.399
power,c30_noise30,80,9080080,V6,1,2,1,1,"[[""a""], [""x2""]]",0.229
power,c30_noise30,80,9080080,V5,1,2,1,1,"[[""x2""], [""a""]]",0.399
power,c30_noise30,81,9080081,V6,1,1,1,0,"[[""a""]]",0.189
power,c30_noise30,81,9080081,V5,1,1,1,0,"[[""a""]]",0.428
power,c30_noise30,82,9080082,V6,1,1,1,0,"[[""a""]]",0.222
power,c30_noise30,82,9080082,V5,1,1,1,0,"[[""a""]]",0.406
power,c30_noise30,83,9080083,V6,1,1,1,0,"[[""a""]]",0.207
power,c30_noise30,83,9080083,V5,1,1,1,0,"[[""a""]]",0.414
power,c30_noise30,84,9080084,V6,1,1,1,0,"[[""a""]]",0.17
power,c30_noise30,84,9080084,V5,1,1,1,0,"[[""a""]]",0.399
power,c30_noise30,85,9080085,V6,1,1,1,0,"[[""a""]]",0.246
power,c30_noise30,85,9080085,V5,1,1,1,0,"[[""a""]]",0.661
power,c30_noise30,86,9080086,V6,1,1,1,0,"[[""a""]]",0.227
power,c30_noise30,86,9080086,V5,1,1,1,0,"[[""a""]]",0.451
power,c30_noise30,87,9080087,V6,1,1,1,0,"[[""a""]]",0.257
power,c30_noise30,87,9080087,V5,1,1,1,0,"[[""a""]]",0.734
power,c30_noise30,88,9080088,V6,1,1,1,0,"[[""a""]]",0.203
power,c30_noise30,88,9080088,V5,1,1,1,0,"[[""a""]]",0.675
power,c30_noise30,89,9080089,V6,1,1,1,0,"[[""a""]]",0.243
power,c30_noise30,89,9080089,V5,1,1,1,0,"[[""a""]]",1.0
power,c30_noise30,90,9080090,V6,1,1,1,0,"[[""a""]]",0.167
power,c30_noise30,90,9080090,V5,1,1,1,0,"[[""a""]]",0.74
power,c30_noise30,91,9080091,V6,1,1,1,0,"[[""a""]]",0.176
power,c30_noise30,91,9080091,V5,1,1,1,0,"[[""a""]]",1.084
power,c30_noise30,92,9080092,V6,1,1,1,0,"[[""a""]]",0.162
power,c30_noise30,92,9080092,V5,1,1,1,0,"[[""a""]]",1.17
power,c30_noise30,93,9080093,V6,1,1,1,0,"[[""a""]]",0.162
power,c30_noise30,93,9080093,V5,1,1,1,0,"[[""a""]]",1.127
power,c30_noise30,94,9080094,V6,1,1,1,0,"[[""a""]]",0.519
power,c30_noise30,94,9080094,V5,0,0,0,0,[],1.533
power,c30_noise30,95,9080095,V6,0,0,0,0,[],0.774
power,c30_noise30,95,9080095,V5,0,0,0,0,[],1.556
power,c30_noise30,96,9080096,V6,1,1,1,0,"[[""a""]]",0.773
power,c30_noise30,96,9080096,V5,1,1,1,0,"[[""a""]]",1.537
power,c30_noise30,97,9080097,V6,0,0,0,0,[],0.753
power,c30_noise30,97,9080097,V5,0,0,0,0,[],1.685
power,c30_noise30,98,9080098,V6,1,1,1,0,"[[""a""]]",0.739
power,c30_noise30,98,9080098,V5,1,1,1,0,"[[""a""]]",1.583
power,c30_noise30,99,9080099,V6,1,1,1,0,"[[""a""]]",0.771
power,c30_noise30,99,9080099,V5,1,1,1,0,"[[""a""]]",1.673
power,c30_noise30,100,9080100,V6,1,1,1,0,"[[""a""]]",0.754
power,c30_noise30,100,9080100,V5,1,1,1,0,"[[""a""]]",1.667
power,c30_noise30,101,9080101,V6,1,1,1,0,"[[""a""]]",0.759
power,c30_noise30,101,9080101,V5,1,1,1,0,"[[""a""]]",1.609
power,c30_noise30,102,9080102,V6,1,1,1,0,"[[""a""]]",0.766
power,c30_noise30,102,9080102,V5,1,1,1,0,"[[""a""]]",1.658
power,c30_noise30,103,9080103,V6,1,2,1,1,"[[""a""], [""p""]]",0.755
power,c30_noise30,103,9080103,V5,1,2,1,1,"[[""a""], [""p""]]",1.652
power,c30_noise30,104,9080104,V6,1,1,1,0,"[[""a""]]",0.893
power,c30_noise30,104,9080104,V5,1,1,1,0,"[[""a""]]",1.514
power,c30_noise30,105,9080105,V6,1,1,1,0,"[[""a""]]",0.873
power,c30_noise30,105,9080105,V5,1,1,1,0,"[[""a""]]",1.579
power,c30_noise30,106,9080106,V6,1,1,1,0,"[[""a""]]",0.738
power,c30_noise30,106,9080106,V5,1,1,1,0,"[[""a""]]",1.563
power,c30_noise30,107,9080107,V6,1,1,1,0,"[[""a""]]",0.735
power,c30_noise30,107,9080107,V5,1,1,1,0,"[[""a""]]",1.562
power,c30_noise30,108,9080108,V6,1,1,1,0,"[[""a""]]",0.729
power,c30_noise30,108,9080108,V5,1,1,1,0,"[[""a""]]",1.526
power,c30_noise30,109,9080109,V6,1,1,1,0,"[[""a""]]",0.737
power,c30_noise30,109,9080109,V5,0,0,0,0,[],1.538
power,c30_noise30,110,9080110,V6,1,2,1,1,"[[""a""], [""p""]]",0.808
power,c30_noise30,110,9080110,V5,1,2,1,1,"[[""a""], [""p""]]",1.559
power,c30_noise30,111,9080111,V6,1,1,1,0,"[[""a""]]",0.785
power,c30_noise30,111,9080111,V5,1,1,1,0,"[[""a""]]",1.562
power,c30_noise30,112,9080112,V6,1,1,1,0,"[[""a""]]",0.802
power,c30_noise30,112,9080112,V5,1,1,1,0,"[[""a""]]",1.672
power,c30_noise30,113,9080113,V6,1,1,1,0,"[[""a""]]",0.818
power,c30_noise30,113,9080113,V5,1,1,1,0,"[[""a""]]",1.617
power,c30_noise30,114,9080114,V6,1,1,1,0,"[[""a""]]",0.79
power,c30_noise30,114,9080114,V5,1,1,1,0,"[[""a""]]",1.632
power,c30_noise30,115,9080115,V6,1,1,1,0,"[[""a""]]",0.82
power,c30_noise30,115,9080115,V5,1,1,1,0,"[[""a""]]",1.632
power,c30_noise30,116,9080116,V6,1,1,1,0,"[[""a""]]",0.86
power,c30_noise30,116,9080116,V5,1,1,1,0,"[[""a""]]",1.535
power,c30_noise30,117,9080117,V6,1,1,1,0,"[[""a""]]",0.873
power,c30_noise30,117,9080117,V5,1,1,1,0,"[[""a""]]",1.514
power,c30_noise30,118,9080118,V6,0,0,0,0,[],0.884
power,c30_noise30,118,9080118,V5,0,0,0,0,[],1.551
power,c30_noise30,119,9080119,V6,1,1,1,0,"[[""a""]]",0.913
power,c30_noise30,119,9080119,V5,1,1,1,0,"[[""a""]]",1.541
power,c30_noise30,120,9080120,V6,1,1,1,0,"[[""a""]]",0.943
power,c30_noise30,120,9080120,V5,1,1,1,0,"[[""a""]]",1.556
power,c30_noise30,121,9080121,V6,1,1,1,0,"[[""a""]]",0.886
power,c30_noise30,121,9080121,V5,1,1,1,0,"[[""a""]]",1.626
power,c30_noise30,122,9080122,V6,1,2,1,1,"[[""a""], [""p""]]",0.776
power,c30_noise30,122,9080122,V5,1,2,1,1,"[[""a""], [""p""]]",1.602
power,c30_noise30,123,9080123,V6,1,2,1,1,"[[""a""], [""z5""]]",0.813
power,c30_noise30,123,9080123,V5,1,2,1,1,"[[""z5""], [""a""]]",1.63
power,c30_noise30,124,9080124,V6,1,1,1,0,"[[""a""]]",0.784
power,c30_noise30,124,9080124,V5,1,1,1,0,"[[""a""]]",1.584
power,c30_noise30,125,9080125,V6,0,0,0,0,[],0.88
power,c30_noise30,125,9080125,V5,0,0,0,0,[],1.487
power,c30_noise30,126,9080126,V6,1,1,1,0,"[[""a""]]",0.88
power,c30_noise30,126,9080126,V5,1,1,1,0,"[[""a""]]",1.441
power,c30_noise30,127,9080127,V6,1,2,1,1,"[[""a""], [""p""]]",0.855
power,c30_noise30,127,9080127,V5,1,2,1,1,"[[""a""], [""p""]]",1.441
power,c30_noise30,128,9080128,V6,1,1,1,0,"[[""a""]]",0.869
power,c30_noise30,128,9080128,V5,1,1,1,0,"[[""a""]]",1.418
power,c30_noise30,129,9080129,V6,1,1,1,0,"[[""a""]]",0.791
power,c30_noise30,129,9080129,V5,1,1,1,0,"[[""a""]]",1.451
power,c30_noise30,130,9080130,V6,1,1,1,0,"[[""a""]]",0.755
power,c30_noise30,130,9080130,V5,1,1,1,0,"[[""a""]]",1.446
power,c30_noise30,131,9080131,V6,0,0,0,0,[],0.762
power,c30_noise30,131,9080131,V5,0,0,0,0,[],1.471
power,c30_noise30,132,9080132,V6,1,3,1,1,"[[""a""], [""p""], [""x2""]]",0.743
power,c30_noise30,132,9080132,V5,1,2,1,1,"[[""a""], [""p""]]",1.497
power,c30_noise30,133,9080133,V6,1,1,1,0,"[[""a""]]",0.747
power,c30_noise30,133,9080133,V5,1,1,1,0,"[[""a""]]",1.5
power,c30_noise30,134,9080134,V6,1,2,1,1,"[[""a""], [""p""]]",0.742
power,c30_noise30,134,9080134,V5,1,2,1,1,"[[""a""], [""p""]]",1.606
power,c30_noise30,135,9080135,V6,1,1,1,0,"[[""a""]]",0.749
power,c30_noise30,135,9080135,V5,1,1,1,0,"[[""a""]]",1.594
power,c30_noise30,136,9080136,V6,1,1,1,0,"[[""a""]]",0.746
power,c30_noise30,136,9080136,V5,1,1,1,0,"[[""a""]]",1.646
power,c30_noise30,137,9080137,V6,1,1,1,0,"[[""a""]]",0.744
power,c30_noise30,137,9080137,V5,1,1,1,0,"[[""a""]]",1.571
power,c30_noise30,138,9080138,V6,1,1,1,0,"[[""a""]]",0.779
power,c30_noise30,138,9080138,V5,1,1,1,0,"[[""a""]]",1.558
power,c30_noise30,139,9080139,V6,1,1,1,0,"[[""a""]]",0.859
power,c30_noise30,139,9080139,V5,1,1,1,0,"[[""a""]]",1.545
power,c30_noise30,140,9080140,V6,1,1,1,0,"[[""a""]]",0.864
power,c30_noise30,140,9080140,V5,0,0,0,0,[],1.55
power,c30_noise30,141,9080141,V6,0,0,0,0,[],0.86
power,c30_noise30,141,9080141,V5,0,0,0,0,[],1.553
power,c30_noise30,142,9080142,V6,1,1,1,0,"[[""a""]]",0.859
power,c30_noise30,142,9080142,V5,1,1,1,0,"[[""a""]]",1.514
power,c30_noise30,143,9080143,V6,1,1,1,0,"[[""a""]]",0.844
power,c30_noise30,143,9080143,V5,1,1,1,0,"[[""a""]]",1.509
power,c30_noise30,144,9080144,V6,1,1,1,0,"[[""a""]]",0.755
power,c30_noise30,144,9080144,V5,1,1,1,0,"[[""a""]]",1.535
power,c30_noise30,145,9080145,V6,1,2,1,1,"[[""a""], [""p""]]",0.798
power,c30_noise30,145,9080145,V5,1,2,1,1,"[[""a""], [""p""]]",1.555
power,c30_noise30,146,9080146,V6,1,1,1,0,"[[""a""]]",0.782
power,c30_noise30,146,9080146,V5,1,1,1,0,"[[""a""]]",1.53
power,c30_noise30,147,9080147,V6,1,1,1,0,"[[""a""]]",0.817
power,c30_noise30,147,9080147,V5,1,1,1,0,"[[""a""]]",1.525
power,c30_noise30,148,9080148,V6,1,1,1,0,"[[""a""]]",0.801
power,c30_noise30,148,9080148,V5,1,1,1,0,"[[""a""]]",1.479
power,c30_noise30,149,9080149,V6,1,1,1,0,"[[""a""]]",0.791
power,c30_noise30,149,9080149,V5,1,1,1,0,"[[""a""]]",1.518
power,c30_noise30,150,9080150,V6,1,1,1,0,"[[""a""]]",0.78
power,c30_noise30,150,9080150,V5,1,1,1,0,"[[""a""]]",1.689
power,c30_noise30,151,9080151,V6,1,1,1,0,"[[""a""]]",0.83
power,c30_noise30,151,9080151,V5,1,1,1,0,"[[""a""]]",1.642
power,c30_noise30,152,9080152,V6,1,1,1,0,"[[""a""]]",0.784
power,c30_noise30,152,9080152,V5,1,1,1,0,"[[""a""]]",1.605
power,c30_noise30,153,9080153,V6,1,1,1,0,"[[""a""]]",0.779
power,c30_noise30,153,9080153,V5,1,1,1,0,"[[""a""]]",1.647
power,c30_noise30,154,9080154,V6,1,2,1,1,"[[""a""], [""x1""]]",0.818
power,c30_noise30,154,9080154,V5,1,2,1,1,"[[""a""], [""x1""]]",1.63
power,c30_noise30,155,9080155,V6,1,1,1,0,"[[""a""]]",0.913
power,c30_noise30,155,9080155,V5,1,1,1,0,"[[""a""]]",1.558
power,c30_noise30,156,9080156,V6,1,1,1,0,"[[""a""]]",0.91
power,c30_noise30,156,9080156,V5,1,1,1,0,"[[""a""]]",1.525
power,c30_noise30,157,9080157,V6,1,2,1,1,"[[""a""], [""p""]]",0.916
power,c30_noise30,157,9080157,V5,1,2,1,1,"[[""a""], [""p""]]",1.562
power,c30_noise30,158,9080158,V6,1,1,1,0,"[[""a""]]",0.924
power,c30_noise30,158,9080158,V5,1,1,1,0,"[[""a""]]",1.507
power,c30_noise30,159,9080159,V6,1,1,1,0,"[[""a""]]",0.885
power,c30_noise30,159,9080159,V5,1,1,1,0,"[[""a""]]",1.559
power,c30_noise30,160,9080160,V6,1,2,1,1,"[[""p""], [""a""]]",0.854
power,c30_noise30,160,9080160,V5,1,2,1,1,"[[""a""], [""p""]]",1.467
power,c30_noise30,161,9080161,V6,1,1,1,0,"[[""a""]]",0.787
power,c30_noise30,161,9080161,V5,1,1,1,0,"[[""a""]]",1.523
power,c30_noise30,162,9080162,V6,0,0,0,0,[],0.822
power,c30_noise30,162,9080162,V5,0,0,0,0,[],1.484
power,c30_noise30,163,9080163,V6,1,1,1,0,"[[""a""]]",0.819
power,c30_noise30,163,9080163,V5,1,1,1,0,"[[""a""]]",1.495
power,c30_noise30,164,9080164,V6,1,1,1,0,"[[""a""]]",0.789
power,c30_noise30,164,9080164,V5,0,0,0,0,[],1.516
power,c30_noise30,165,9080165,V6,1,1,1,0,"[[""a""]]",0.754
power,c30_noise30,165,9080165,V5,1,1,1,0,"[[""a""]]",1.499
power,c30_noise30,166,9080166,V6,1,1,1,0,"[[""a""]]",0.738
power,c30_noise30,166,9080166,V5,1,1,1,0,"[[""a""]]",1.526
power,c30_noise30,167,9080167,V6,1,1,1,0,"[[""a""]]",0.731
power,c30_noise30,167,9080167,V5,1,1,1,0,"[[""a""]]",1.505
power,c30_noise30,168,9080168,V6,1,1,1,0,"[[""a""]]",0.784
power,c30_noise30,168,9080168,V5,1,1,1,0,"[[""a""]]",1.516
power,c30_noise30,169,9080169,V6,1,1,1,0,"[[""a""]]",0.764
power,c30_noise30,169,9080169,V5,1,1,1,0,"[[""a""]]",1.532
power,c30_noise30,170,9080170,V6,1,1,1,0,"[[""a""]]",0.78
power,c30_noise30,170,9080170,V5,1,1,1,0,"[[""a""]]",1.588
power,c30_noise30,171,9080171,V6,1,1,1,0,"[[""a""]]",0.744
power,c30_noise30,171,9080171,V5,1,1,1,0,"[[""a""]]",1.542
power,c30_noise30,172,9080172,V6,1,1,1,0,"[[""a""]]",0.755
power,c30_noise30,172,9080172,V5,1,1,1,0,"[[""a""]]",1.555
power,c30_noise30,173,9080173,V6,1,1,1,0,"[[""a""]]",0.784
power,c30_noise30,173,9080173,V5,1,1,1,0,"[[""a""]]",1.55
power,c30_noise30,174,9080174,V6,1,1,1,0,"[[""a""]]",0.789
power,c30_noise30,174,9080174,V5,1,1,1,0,"[[""a""]]",1.464
power,c30_noise30,175,9080175,V6,1,1,1,0,"[[""a""]]",0.774
power,c30_noise30,175,9080175,V5,1,1,1,0,"[[""a""]]",1.433
power,c30_noise30,176,9080176,V6,1,1,1,0,"[[""a""]]",0.787
power,c30_noise30,176,9080176,V5,1,1,1,0,"[[""a""]]",1.428
power,c30_noise30,177,9080177,V6,1,1,1,0,"[[""a""]]",0.78
power,c30_noise30,177,9080177,V5,1,1,1,0,"[[""a""]]",1.477
power,c30_noise30,178,9080178,V6,1,2,1,1,"[[""a""], [""p""]]",0.791
power,c30_noise30,178,9080178,V5,1,2,1,1,"[[""a""], [""p""]]",1.488
power,c30_noise30,179,9080179,V6,1,1,1,0,"[[""a""]]",0.749
power,c30_noise30,179,9080179,V5,1,1,1,0,"[[""a""]]",1.477
power,c30_noise30,180,9080180,V6,1,1,1,0,"[[""a""]]",0.711
power,c30_noise30,180,9080180,V5,1,1,1,0,"[[""a""]]",1.446
power,c30_noise30,181,9080181,V6,1,1,1,0,"[[""a""]]",0.729
power,c30_noise30,181,9080181,V5,1,1,1,0,"[[""a""]]",1.476
power,c30_noise30,182,9080182,V6,1,1,1,0,"[[""a""]]",0.73
power,c30_noise30,182,9080182,V5,1,1,1,0,"[[""a""]]",1.459
power,c30_noise30,183,9080183,V6,1,2,1,1,"[[""a""], [""x3""]]",0.734
power,c30_noise30,183,9080183,V5,0,0,0,0,[],1.515
power,c30_noise30,184,9080184,V6,1,1,1,0,"[[""a""]]",0.742
power,c30_noise30,184,9080184,V5,1,1,1,0,"[[""a""]]",1.487
power,c30_noise30,185,9080185,V6,1,2,1,1,"[[""a""], [""p""]]",0.746
power,c30_noise30,185,9080185,V5,1,2,1,1,"[[""a""], [""p""]]",1.554
power,c30_noise30,186,9080186,V6,1,1,1,0,"[[""a""]]",0.733
power,c30_noise30,186,9080186,V5,1,1,1,0,"[[""a""]]",1.555
power,c30_noise30,187,9080187,V6,1,1,1,0,"[[""a""]]",0.746
power,c30_noise30,187,9080187,V5,1,1,1,0,"[[""a""]]",1.508
power,c30_noise30,188,9080188,V6,1,1,1,0,"[[""a""]]",0.749
power,c30_noise30,188,9080188,V5,1,1,1,0,"[[""a""]]",1.575
power,c30_noise30,189,9080189,V6,1,1,1,0,"[[""a""]]",0.753
power,c30_noise30,189,9080189,V5,1,1,1,0,"[[""a""]]",1.525
power,c30_noise30,190,9080190,V6,1,1,1,0,"[[""a""]]",0.853
power,c30_noise30,190,9080190,V5,1,1,1,0,"[[""a""]]",1.474
power,c30_noise30,191,9080191,V6,1,1,1,0,"[[""a""]]",0.843
power,c30_noise30,191,9080191,V5,1,1,1,0,"[[""a""]]",1.48
power,c30_noise30,192,9080192,V6,1,1,1,0,"[[""a""]]",0.83
power,c30_noise30,192,9080192,V5,1,1,1,0,"[[""a""]]",1.464
power,c30_noise30,193,9080193,V6,1,1,1,0,"[[""a""]]",0.849
power,c30_noise30,193,9080193,V5,0,0,0,0,[],1.508
power,c30_noise30,194,9080194,V6,1,1,1,0,"[[""a""]]",0.787
power,c30_noise30,194,9080194,V5,1,1,1,0,"[[""a""]]",1.529
power,c30_noise30,195,9080195,V6,1,1,1,0,"[[""a""]]",0.744
power,c30_noise30,195,9080195,V5,1,1,1,0,"[[""a""]]",1.471
power,c30_noise30,196,9080196,V6,1,1,1,0,"[[""a""]]",0.717
power,c30_noise30,196,9080196,V5,1,1,1,0,"[[""a""]]",1.521
power,c30_noise30,197,9080197,V6,1,1,1,0,"[[""a""]]",0.744
power,c30_noise30,197,9080197,V5,1,1,1,0,"[[""a""]]",1.519
power,c30_noise30,198,9080198,V6,1,1,1,0,"[[""a""]]",0.763
power,c30_noise30,198,9080198,V5,1,1,1,0,"[[""a""]]",1.51
power,c30_noise30,199,9080199,V6,1,1,1,0,"[[""a""]]",0.791
power,c30_noise30,199,9080199,V5,1,1,1,0,"[[""a""]]",1.514
power,c30_noise30,200,9080200,V6,1,1,1,0,"[[""a""]]",0.767
power,c30_noise30,200,9080200,V5,1,1,1,0,"[[""a""]]",1.439
power,c30_noise30,201,9080201,V6,1,1,1,0,"[[""a""]]",0.758
power,c30_noise30,201,9080201,V5,1,1,1,0,"[[""a""]]",1.471
power,c30_noise30,202,9080202,V6,1,1,1,0,"[[""a""]]",0.738
power,c30_noise30,202,9080202,V5,1,1,1,0,"[[""a""]]",1.455
power,c30_noise30,203,9080203,V6,1,1,1,0,"[[""a""]]",0.762
power,c30_noise30,203,9080203,V5,1,1,1,0,"[[""a""]]",1.454
power,c30_noise30,204,9080204,V6,1,2,1,1,"[[""a""], [""p""]]",0.726
power,c30_noise30,204,9080204,V5,1,2,1,1,"[[""a""], [""p""]]",1.464
power,c30_noise30,205,9080205,V6,1,1,1,0,"[[""a""]]",0.734
power,c30_noise30,205,9080205,V5,1,1,1,0,"[[""a""]]",1.481
power,c30_noise30,206,9080206,V6,0,0,0,0,[],0.751
power,c30_noise30,206,9080206,V5,0,0,0,0,[],1.474
power,c30_noise30,207,9080207,V6,1,1,1,0,"[[""a""]]",0.734
power,c30_noise30,207,9080207,V5,1,1,1,0,"[[""a""]]",1.502
power,c30_noise30,208,9080208,V6,1,1,1,0,"[[""a""]]",0.788
power,c30_noise30,208,9080208,V5,1,1,1,0,"[[""a""]]",1.514
power,c30_noise30,209,9080209,V6,1,1,1,0,"[[""a""]]",0.763
power,c30_noise30,209,9080209,V5,1,1,1,0,"[[""a""]]",1.49
power,c30_noise30,210,9080210,V6,1,1,1,0,"[[""a""]]",0.774
power,c30_noise30,210,9080210,V5,1,1,1,0,"[[""a""]]",1.48
power,c30_noise30,211,9080211,V6,1,1,1,0,"[[""a""]]",0.741
power,c30_noise30,211,9080211,V5,1,1,1,0,"[[""a""]]",1.471
power,c30_noise30,212,9080212,V6,1,1,1,0,"[[""a""]]",0.764
power,c30_noise30,212,9080212,V5,1,1,1,0,"[[""a""]]",1.507
power,c30_noise30,213,9080213,V6,1,1,1,0,"[[""a""]]",0.765
power,c30_noise30,213,9080213,V5,1,1,1,0,"[[""a""]]",1.481
power,c30_noise30,214,9080214,V6,1,1,1,0,"[[""a""]]",0.751
power,c30_noise30,214,9080214,V5,1,1,1,0,"[[""a""]]",1.514
power,c30_noise30,215,9080215,V6,1,2,1,1,"[[""a""], [""p""]]",0.753
power,c30_noise30,215,9080215,V5,1,1,1,0,"[[""a""]]",1.554
power,c30_noise30,216,9080216,V6,1,1,1,0,"[[""a""]]",0.718
power,c30_noise30,216,9080216,V5,1,1,1,0,"[[""a""]]",1.497
power,c30_noise30,217,9080217,V6,1,1,1,0,"[[""a""]]",0.762
power,c30_noise30,217,9080217,V5,1,1,1,0,"[[""a""]]",1.517
power,c30_noise30,218,9080218,V6,1,1,1,0,"[[""a""]]",0.77
power,c30_noise30,218,9080218,V5,1,1,1,0,"[[""a""]]",1.538
power,c30_noise30,219,9080219,V6,1,1,1,0,"[[""a""]]",0.747
power,c30_noise30,219,9080219,V5,1,2,1,1,"[[""a""], [""z1""]]",1.536
power,c30_noise30,220,9080220,V6,1,1,1,0,"[[""a""]]",0.787
power,c30_noise30,220,9080220,V5,1,1,1,0,"[[""a""]]",1.577
power,c30_noise30,221,9080221,V6,0,0,0,0,[],0.772
power,c30_noise30,221,9080221,V5,0,0,0,0,[],1.588
power,c30_noise30,222,9080222,V6,0,0,0,0,[],0.755
power,c30_noise30,222,9080222,V5,0,0,0,0,[],1.638
power,c30_noise30,223,9080223,V6,1,1,1,0,"[[""a""]]",0.741
power,c30_noise30,223,9080223,V5,1,1,1,0,"[[""a""]]",1.624
power,c30_noise30,224,9080224,V6,1,1,1,0,"[[""a""]]",0.775
power,c30_noise30,224,9080224,V5,1,1,1,0,"[[""a""]]",1.623
power,c30_noise30,225,9080225,V6,1,1,1,0,"[[""a""]]",0.822
power,c30_noise30,225,9080225,V5,1,1,1,0,"[[""a""]]",1.548
power,c30_noise30,226,9080226,V6,1,1,1,0,"[[""a""]]",0.831
power,c30_noise30,226,9080226,V5,1,1,1,0,"[[""a""]]",1.563
power,c30_noise30,227,9080227,V6,1,1,1,0,"[[""a""]]",0.851
power,c30_noise30,227,9080227,V5,1,1,1,0,"[[""a""]]",1.538
power,c30_noise30,228,9080228,V6,1,1,1,0,"[[""a""]]",0.893
power,c30_noise30,228,9080228,V5,1,1,1,0,"[[""a""]]",1.555
power,c30_noise30,229,9080229,V6,1,1,1,0,"[[""a""]]",0.844
power,c30_noise30,229,9080229,V5,1,1,1,0,"[[""a""]]",1.549
power,c30_noise30,230,9080230,V6,1,1,1,0,"[[""a""]]",0.796
power,c30_noise30,230,9080230,V5,1,1,1,0,"[[""a""]]",1.514
power,c30_noise30,231,9080231,V6,1,1,1,0,"[[""a""]]",0.749
power,c30_noise30,231,9080231,V5,1,2,1,1,"[[""a""], [""p""]]",1.484
power,c30_noise30,232,9080232,V6,1,1,1,0,"[[""a""]]",0.755
power,c30_noise30,232,9080232,V5,1,1,1,0,"[[""a""]]",1.557
power,c30_noise30,233,9080233,V6,1,1,1,0,"[[""a""]]",0.806
power,c30_noise30,233,9080233,V5,1,1,1,0,"[[""a""]]",1.511
power,c30_noise30,234,9080234,V6,1,1,1,0,"[[""a""]]",0.779
power,c30_noise30,234,9080234,V5,1,1,1,0,"[[""a""]]",1.547
power,c30_noise30,235,9080235,V6,1,1,1,0,"[[""a""]]",0.706
power,c30_noise30,235,9080235,V5,1,1,1,0,"[[""a""]]",1.529
power,c30_noise30,236,9080236,V6,1,2,1,1,"[[""a""], [""p""]]",0.793
power,c30_noise30,236,9080236,V5,1,1,1,0,"[[""a""]]",1.542
power,c30_noise30,237,9080237,V6,1,1,1,0,"[[""a""]]",0.797
power,c30_noise30,237,9080237,V5,1,1,1,0,"[[""a""]]",1.504
power,c30_noise30,238,9080238,V6,1,1,1,0,"[[""a""]]",0.763
power,c30_noise30,238,9080238,V5,1,1,1,0,"[[""a""]]",1.572
power,c30_noise30,239,9080239,V6,1,1,0,1,"[[""p""]]",0.771
power,c30_noise30,239,9080239,V5,0,0,0,0,[],1.573
power,c30_noise30,240,9080240,V6,0,0,0,0,[],0.745
power,c30_noise30,240,9080240,V5,0,0,0,0,[],1.581
power,c30_noise30,241,9080241,V6,1,1,1,0,"[[""a""]]",0.778
power,c30_noise30,241,9080241,V5,1,2,1,1,"[[""z3""], [""a""]]",1.553
power,c30_noise30,242,9080242,V6,1,2,1,1,"[[""a""], [""p""]]",0.815
power,c30_noise30,242,9080242,V5,0,0,0,0,[],1.525
power,c30_noise30,243,9080243,V6,1,1,1,0,"[[""a""]]",0.79
power,c30_noise30,243,9080243,V5,1,1,1,0,"[[""a""]]",1.53
power,c30_noise30,244,9080244,V6,1,1,1,0,"[[""a""]]",0.785
power,c30_noise30,244,9080244,V5,1,1,1,0,"[[""a""]]",1.45
power,c30_noise30,245,9080245,V6,1,1,1,0,"[[""a""]]",0.819
power,c30_noise30,245,9080245,V5,1,1,1,0,"[[""a""]]",1.517
power,c30_noise30,246,9080246,V6,1,2,1,1,"[[""a""], [""p""]]",0.848
power,c30_noise30,246,9080246,V5,1,1,1,0,"[[""a""]]",1.459
power,c30_noise30,247,9080247,V6,1,2,1,1,"[[""a""], [""p""]]",0.846
power,c30_noise30,247,9080247,V5,1,2,1,1,"[[""a""], [""p""]]",1.505
power,c30_noise30,248,9080248,V6,0,0,0,0,[],0.772
power,c30_noise30,248,9080248,V5,0,0,0,0,[],1.506
power,c30_noise30,249,9080249,V6,1,1,1,0,"[[""a""]]",0.741
power,c30_noise30,249,9080249,V5,1,1,1,0,"[[""a""]]",1.475
power,c30_noise30,250,9080250,V6,0,0,0,0,[],0.735
power,c30_noise30,250,9080250,V5,0,0,0,0,[],1.539
power,c30_noise30,251,9080251,V6,1,1,1,0,"[[""a""]]",0.747
power,c30_noise30,251,9080251,V5,1,1,1,0,"[[""a""]]",1.515
power,c30_noise30,252,9080252,V6,1,1,1,0,"[[""a""]]",0.755
power,c30_noise30,252,9080252,V5,0,0,0,0,[],1.514
power,c30_noise30,253,9080253,V6,1,1,1,0,"[[""a""]]",0.759
power,c30_noise30,253,9080253,V5,0,0,0,0,[],1.491
power,c30_noise30,254,9080254,V6,1,1,1,0,"[[""a""]]",0.779
power,c30_noise30,254,9080254,V5,1,1,1,0,"[[""a""]]",1.569
power,c30_noise30,255,9080255,V6,1,2,1,1,"[[""a""], [""p""]]",0.751
power,c30_noise30,255,9080255,V5,1,2,1,1,"[[""a""], [""p""]]",1.534
power,c30_noise30,256,9080256,V6,1,1,1,0,"[[""a""]]",0.748
power,c30_noise30,256,9080256,V5,1,1,1,0,"[[""a""]]",1.51
power,c30_noise30,257,9080257,V6,1,1,1,0,"[[""a""]]",0.746
power,c30_noise30,257,9080257,V5,1,1,1,0,"[[""a""]]",1.585
power,c30_noise30,258,9080258,V6,1,1,1,0,"[[""a""]]",0.794
power,c30_noise30,258,9080258,V5,1,1,1,0,"[[""a""]]",1.585
power,c30_noise30,259,9080259,V6,0,0,0,0,[],0.798
power,c30_noise30,259,9080259,V5,0,0,0,0,[],1.596
power,c30_noise30,260,9080260,V6,1,1,1,0,"[[""a""]]",0.803
power,c30_noise30,260,9080260,V5,1,1,1,0,"[[""a""]]",1.525
power,c30_noise30,261,9080261,V6,0,0,0,0,[],0.803
power,c30_noise30,261,9080261,V5,0,0,0,0,[],1.56
power,c30_noise30,262,9080262,V6,1,1,1,0,"[[""a""]]",0.824
power,c30_noise30,262,9080262,V5,1,1,1,0,"[[""a""]]",1.584
power,c30_noise30,263,9080263,V6,1,1,1,0,"[[""a""]]",0.841
power,c30_noise30,263,9080263,V5,1,1,1,0,"[[""a""]]",1.546
power,c30_noise30,264,9080264,V6,1,1,1,0,"[[""a""]]",0.742
power,c30_noise30,264,9080264,V5,1,1,1,0,"[[""a""]]",1.625
power,c30_noise30,265,9080265,V6,1,1,1,0,"[[""a""]]",0.794
power,c30_noise30,265,9080265,V5,1,1,1,0,"[[""a""]]",1.567
power,c30_noise30,266,9080266,V6,1,1,1,0,"[[""a""]]",0.873
power,c30_noise30,266,9080266,V5,1,1,1,0,"[[""a""]]",1.519
power,c30_noise30,267,9080267,V6,1,1,1,0,"[[""a""]]",0.832
power,c30_noise30,267,9080267,V5,1,1,1,0,"[[""a""]]",1.505
power,c30_noise30,268,9080268,V6,1,1,1,0,"[[""a""]]",0.869
power,c30_noise30,268,9080268,V5,1,1,1,0,"[[""a""]]",1.498
power,c30_noise30,269,9080269,V6,1,1,1,0,"[[""a""]]",0.832
power,c30_noise30,269,9080269,V5,1,1,1,0,"[[""a""]]",1.477
power,c30_noise30,270,9080270,V6,1,1,1,0,"[[""a""]]",0.816
power,c30_noise30,270,9080270,V5,1,1,1,0,"[[""a""]]",1.48
power,c30_noise30,271,9080271,V6,1,1,1,0,"[[""a""]]",0.761
power,c30_noise30,271,9080271,V5,1,1,1,0,"[[""a""]]",1.494
power,c30_noise30,272,9080272,V6,1,1,1,0,"[[""a""]]",0.758
power,c30_noise30,272,9080272,V5,1,1,1,0,"[[""a""]]",1.491
power,c30_noise30,273,9080273,V6,1,1,1,0,"[[""a""]]",0.779
power,c30_noise30,273,9080273,V5,1,1,1,0,"[[""a""]]",1.52
power,c30_noise30,274,9080274,V6,1,1,1,0,"[[""a""]]",0.76
power,c30_noise30,274,9080274,V5,1,1,1,0,"[[""a""]]",1.583
power,c30_noise30,275,9080275,V6,1,1,1,0,"[[""a""]]",0.76
power,c30_noise30,275,9080275,V5,1,1,1,0,"[[""a""]]",1.531
power,c30_noise30,276,9080276,V6,1,1,1,0,"[[""a""]]",0.751
power,c30_noise30,276,9080276,V5,1,1,1,0,"[[""a""]]",1.534
power,c30_noise30,277,9080277,V6,1,1,1,0,"[[""a""]]",0.745
power,c30_noise30,277,9080277,V5,1,1,1,0,"[[""a""]]",1.543
power,c30_noise30,278,9080278,V6,1,1,1,0,"[[""a""]]",0.796
power,c30_noise30,278,9080278,V5,0,0,0,0,[],1.497
power,c30_noise30,279,9080279,V6,1,1,1,0,"[[""a""]]",0.784
power,c30_noise30,279,9080279,V5,1,1,1,0,"[[""a""]]",1.483
power,c30_noise30,280,9080280,V6,1,1,1,0,"[[""a""]]",0.796
power,c30_noise30,280,9080280,V5,1,1,1,0,"[[""a""]]",1.451
power,c30_noise30,281,9080281,V6,1,1,1,0,"[[""a""]]",0.799
power,c30_noise30,281,9080281,V5,1,1,1,0,"[[""a""]]",1.44
power,c30_noise30,282,9080282,V6,1,3,1,1,"[[""a""], [""p""], [""x1""]]",0.794
power,c30_noise30,282,9080282,V5,1,2,1,1,"[[""a""], [""p""]]",1.508
power,c30_noise30,283,9080283,V6,1,1,1,0,"[[""a""]]",0.793
power,c30_noise30,283,9080283,V5,1,1,1,0,"[[""a""]]",1.545
power,c30_noise30,284,9080284,V6,1,1,1,0,"[[""a""]]",0.745
power,c30_noise30,284,9080284,V5,1,1,1,0,"[[""a""]]",1.596
power,c30_noise30,285,9080285,V6,1,1,1,0,"[[""a""]]",0.749
power,c30_noise30,285,9080285,V5,1,1,1,0,"[[""a""]]",1.602
power,c30_noise30,286,9080286,V6,1,2,1,1,"[[""a""], [""p""]]",0.769
power,c30_noise30,286,9080286,V5,1,1,1,0,"[[""a""]]",1.613
power,c30_noise30,287,9080287,V6,1,2,1,1,"[[""a""], [""p""]]",0.773
power,c30_noise30,287,9080287,V5,1,2,1,1,"[[""a""], [""p""]]",1.553
power,c30_noise30,288,9080288,V6,1,1,1,0,"[[""a""]]",0.837
power,c30_noise30,288,9080288,V5,1,1,1,0,"[[""a""]]",1.458
power,c30_noise30,289,9080289,V6,1,1,1,0,"[[""a""]]",0.866
power,c30_noise30,289,9080289,V5,1,1,1,0,"[[""a""]]",1.478
power,c30_noise30,290,9080290,V6,1,2,1,1,"[[""a""], [""p""]]",0.868
power,c30_noise30,290,9080290,V5,1,2,1,1,"[[""a""], [""p""]]",1.435
power,c30_noise30,291,9080291,V6,1,1,1,0,"[[""a""]]",0.848
power,c30_noise30,291,9080291,V5,1,1,1,0,"[[""a""]]",1.473
power,c30_noise30,292,9080292,V6,1,1,1,0,"[[""a""]]",0.817
power,c30_noise30,292,9080292,V5,1,1,1,0,"[[""a""]]",1.501
power,c30_noise30,293,9080293,V6,1,1,1,0,"[[""a""]]",0.779
power,c30_noise30,293,9080293,V5,1,1,1,0,"[[""a""]]",1.435
power,c30_noise30,294,9080294,V6,1,1,1,0,"[[""a""]]",0.759
power,c30_noise30,294,9080294,V5,1,1,1,0,"[[""a""]]",1.531
power,c30_noise30,295,9080295,V6,1,1,1,0,"[[""a""]]",0.74
power,c30_noise30,295,9080295,V5,1,1,1,0,"[[""a""]]",1.491
power,c30_noise30,296,9080296,V6,1,1,1,0,"[[""a""]]",0.736
power,c30_noise30,296,9080296,V5,1,1,1,0,"[[""a""]]",1.562
power,c30_noise30,297,9080297,V6,1,1,1,0,"[[""a""]]",0.725
power,c30_noise30,297,9080297,V5,1,1,1,0,"[[""a""]]",1.552
power,c30_noise30,298,9080298,V6,1,1,1,0,"[[""a""]]",0.757
power,c30_noise30,298,9080298,V5,1,1,1,0,"[[""a""]]",1.59
power,c30_noise30,299,9080299,V6,1,1,1,0,"[[""a""]]",0.802
power,c30_noise30,299,9080299,V5,1,1,1,0,"[[""a""]]",1.549
power,c30_noise30,300,9080300,V6,1,1,1,0,"[[""a""]]",0.788
power,c30_noise30,300,9080300,V5,1,1,1,0,"[[""a""]]",1.519
power,c30_noise30,301,9080301,V6,1,1,1,0,"[[""a""]]",0.783
power,c30_noise30,301,9080301,V5,1,1,1,0,"[[""a""]]",1.482
power,c30_noise30,302,9080302,V6,1,1,1,0,"[[""a""]]",0.783
power,c30_noise30,302,9080302,V5,1,1,1,0,"[[""a""]]",1.527
power,c30_noise30,303,9080303,V6,1,1,1,0,"[[""a""]]",0.788
power,c30_noise30,303,9080303,V5,1,1,1,0,"[[""a""]]",1.503
power,c30_noise30,304,9080304,V6,0,0,0,0,[],0.795
power,c30_noise30,304,9080304,V5,0,0,0,0,[],1.54
power,c30_noise30,305,9080305,V6,1,1,1,0,"[[""a""]]",0.79
power,c30_noise30,305,9080305,V5,1,1,1,0,"[[""a""]]",1.524
power,c30_noise30,306,9080306,V6,1,1,1,0,"[[""a""]]",0.764
power,c30_noise30,306,9080306,V5,1,1,1,0,"[[""a""]]",1.564
power,c30_noise30,307,9080307,V6,1,1,1,0,"[[""a""]]",0.767
power,c30_noise30,307,9080307,V5,1,1,1,0,"[[""a""]]",1.54
power,c30_noise30,308,9080308,V6,1,1,1,0,"[[""a""]]",0.804
power,c30_noise30,308,9080308,V5,1,1,1,0,"[[""a""]]",1.517
power,c30_noise30,309,9080309,V6,1,1,1,0,"[[""a""]]",0.794
power,c30_noise30,309,9080309,V5,1,1,1,0,"[[""a""]]",1.453
power,c30_noise30,310,9080310,V6,1,1,1,0,"[[""a""]]",0.83
power,c30_noise30,310,9080310,V5,1,1,1,0,"[[""a""]]",1.467
power,c30_noise30,311,9080311,V6,1,1,1,0,"[[""a""]]",0.869
power,c30_noise30,311,9080311,V5,1,1,1,0,"[[""a""]]",1.444
power,c30_noise30,312,9080312,V6,1,1,1,0,"[[""a""]]",0.831
power,c30_noise30,312,9080312,V5,1,1,1,0,"[[""a""]]",1.523
power,c30_noise30,313,9080313,V6,1,1,1,0,"[[""a""]]",0.843
power,c30_noise30,313,9080313,V5,1,1,1,0,"[[""a""]]",1.518
power,c30_noise30,314,9080314,V6,1,1,1,0,"[[""a""]]",0.764
power,c30_noise30,314,9080314,V5,1,1,1,0,"[[""a""]]",1.593
power,c30_noise30,315,9080315,V6,1,1,1,0,"[[""a""]]",0.75
power,c30_noise30,315,9080315,V5,1,1,1,0,"[[""a""]]",1.567
power,c30_noise30,316,9080316,V6,1,1,1,0,"[[""a""]]",0.792
power,c30_noise30,316,9080316,V5,1,1,1,0,"[[""a""]]",1.546
power,c30_noise30,317,9080317,V6,1,1,1,0,"[[""a""]]",0.78
power,c30_noise30,317,9080317,V5,1,1,1,0,"[[""a""]]",1.522
power,c30_noise30,318,9080318,V6,1,1,1,0,"[[""a""]]",0.79
power,c30_noise30,318,9080318,V5,1,1,1,0,"[[""a""]]",1.505
power,c30_noise30,319,9080319,V6,1,1,1,0,"[[""a""]]",0.792
power,c30_noise30,319,9080319,V5,1,1,1,0,"[[""a""]]",1.539
power,c30_noise30,320,9080320,V6,0,0,0,0,[],0.799
power,c30_noise30,320,9080320,V5,0,0,0,0,[],1.473
power,c30_noise30,321,9080321,V6,1,1,1,0,"[[""a""]]",0.792
power,c30_noise30,321,9080321,V5,1,1,1,0,"[[""a""]]",1.497
power,c30_noise30,322,9080322,V6,1,1,1,0,"[[""a""]]",0.819
power,c30_noise30,322,9080322,V5,0,0,0,0,[],1.509
power,c30_noise30,323,9080323,V6,1,1,1,0,"[[""a""]]",0.798
power,c30_noise30,323,9080323,V5,1,1,1,0,"[[""a""]]",1.542
power,c30_noise30,324,9080324,V6,0,0,0,0,[],0.73
power,c30_noise30,324,9080324,V5,1,1,1,0,"[[""a""]]",1.528
power,c30_noise30,325,9080325,V6,1,1,1,0,"[[""a""]]",0.771
power,c30_noise30,325,9080325,V5,1,1,1,0,"[[""a""]]",1.531
power,c30_noise30,326,9080326,V6,1,2,1,1,"[[""a""], [""x1""]]",0.763
power,c30_noise30,326,9080326,V5,1,1,1,0,"[[""a""]]",1.596
power,c30_noise30,327,9080327,V6,0,0,0,0,[],0.759
power,c30_noise30,327,9080327,V5,0,0,0,0,[],1.569
power,c30_noise30,328,9080328,V6,1,1,1,0,"[[""a""]]",0.742
power,c30_noise30,328,9080328,V5,1,1,1,0,"[[""a""]]",1.59
power,c30_noise30,329,9080329,V6,1,1,1,0,"[[""a""]]",0.757
power,c30_noise30,329,9080329,V5,1,1,1,0,"[[""a""]]",1.544
power,c30_noise30,330,9080330,V6,1,1,1,0,"[[""a""]]",0.757
power,c30_noise30,330,9080330,V5,1,1,1,0,"[[""a""]]",1.603
power,c30_noise30,331,9080331,V6,1,1,1,0,"[[""a""]]",0.77
power,c30_noise30,331,9080331,V5,1,1,1,0,"[[""a""]]",1.568
power,c30_noise30,332,9080332,V6,1,1,1,0,"[[""a""]]",0.799
power,c30_noise30,332,9080332,V5,1,1,1,0,"[[""a""]]",1.572
power,c30_noise30,333,9080333,V6,1,1,1,0,"[[""a""]]",0.805
power,c30_noise30,333,9080333,V5,1,1,1,0,"[[""a""]]",1.567
power,c30_noise30,334,9080334,V6,1,1,1,0,"[[""a""]]",0.817
power,c30_noise30,334,9080334,V5,1,1,1,0,"[[""a""]]",1.501
power,c30_noise30,335,9080335,V6,1,1,1,0,"[[""a""]]",0.814
power,c30_noise30,335,9080335,V5,1,1,1,0,"[[""a""]]",1.462
power,c30_noise30,336,9080336,V6,1,1,1,0,"[[""a""]]",0.733
power,c30_noise30,336,9080336,V5,1,1,1,0,"[[""a""]]",1.472
power,c30_noise30,337,9080337,V6,1,1,1,0,"[[""a""]]",0.753
power,c30_noise30,337,9080337,V5,0,0,0,0,[],1.465
power,c30_noise30,338,9080338,V6,1,1,1,0,"[[""a""]]",0.744
power,c30_noise30,338,9080338,V5,1,1,1,0,"[[""a""]]",1.454
power,c30_noise30,339,9080339,V6,1,1,1,0,"[[""a""]]",0.727
power,c30_noise30,339,9080339,V5,1,1,1,0,"[[""a""]]",1.467
power,c30_noise30,340,9080340,V6,1,1,1,0,"[[""a""]]",0.77
power,c30_noise30,340,9080340,V5,0,0,0,0,[],1.443
power,c30_noise30,341,9080341,V6,0,0,0,0,[],0.741
power,c30_noise30,341,9080341,V5,0,0,0,0,[],1.462
power,c30_noise30,342,9080342,V6,1,1,1,0,"[[""a""]]",0.733
power,c30_noise30,342,9080342,V5,1,1,1,0,"[[""a""]]",1.464
power,c30_noise30,343,9080343,V6,1,1,1,0,"[[""a""]]",0.743
power,c30_noise30,343,9080343,V5,1,1,1,0,"[[""a""]]",1.531
power,c30_noise30,344,9080344,V6,1,1,1,0,"[[""a""]]",0.735
power,c30_noise30,344,9080344,V5,1,1,1,0,"[[""a""]]",1.662
power,c30_noise30,345,9080345,V6,1,1,1,0,"[[""a""]]",0.764
power,c30_noise30,345,9080345,V5,1,1,1,0,"[[""a""]]",1.73
power,c30_noise30,346,9080346,V6,1,1,1,0,"[[""a""]]",0.767
power,c30_noise30,346,9080346,V5,1,1,1,0,"[[""a""]]",1.821
power,c30_noise30,347,9080347,V6,1,1,1,0,"[[""a""]]",0.747
power,c30_noise30,347,9080347,V5,1,1,1,0,"[[""a""]]",1.749
power,c30_noise30,348,9080348,V6,0,0,0,0,[],0.775
power,c30_noise30,348,9080348,V5,0,0,0,0,[],1.796
power,c30_noise30,349,9080349,V6,1,1,1,0,"[[""a""]]",0.813
power,c30_noise30,349,9080349,V5,1,1,1,0,"[[""a""]]",1.812
power,c30_noise30,350,9080350,V6,1,1,1,0,"[[""a""]]",0.833
power,c30_noise30,350,9080350,V5,1,1,1,0,"[[""a""]]",1.872
power,c30_noise30,351,9080351,V6,1,1,1,0,"[[""a""]]",0.803
power,c30_noise30,351,9080351,V5,1,1,1,0,"[[""a""]]",1.845
power,c30_noise30,352,9080352,V6,0,0,0,0,[],0.948
power,c30_noise30,352,9080352,V5,0,0,0,0,[],1.905
power,c30_noise30,353,9080353,V6,1,1,1,0,"[[""a""]]",0.868
power,c30_noise30,353,9080353,V5,1,1,1,0,"[[""a""]]",1.981
power,c30_noise30,354,9080354,V6,1,1,1,0,"[[""a""]]",0.942
power,c30_noise30,354,9080354,V5,1,1,1,0,"[[""a""]]",1.781
power,c30_noise30,355,9080355,V6,1,1,1,0,"[[""a""]]",1.039
power,c30_noise30,355,9080355,V5,1,1,1,0,"[[""a""]]",1.628
power,c30_noise30,356,9080356,V6,1,2,1,1,"[[""a""], [""p""]]",1.083
power,c30_noise30,356,9080356,V5,1,2,1,1,"[[""a""], [""p""]]",1.576
power,c30_noise30,357,9080357,V6,1,2,1,1,"[[""a""], [""p""]]",1.114
power,c30_noise30,357,9080357,V5,1,2,1,1,"[[""a""], [""p""]]",1.525
power,c30_noise30,358,9080358,V6,1,1,1,0,"[[""a""]]",1.005
power,c30_noise30,358,9080358,V5,0,0,0,0,[],1.547
power,c30_noise30,359,9080359,V6,1,1,1,0,"[[""a""]]",1.01
power,c30_noise30,359,9080359,V5,1,1,1,0,"[[""a""]]",1.518
power,c30_noise30,360,9080360,V6,1,2,1,1,"[[""a""], [""x1""]]",0.959
power,c30_noise30,360,9080360,V5,1,1,1,0,"[[""a""]]",1.513
power,c30_noise30,361,9080361,V6,1,1,1,0,"[[""a""]]",0.965
power,c30_noise30,361,9080361,V5,1,1,1,0,"[[""a""]]",1.521
power,c30_noise30,362,9080362,V6,1,1,1,0,"[[""a""]]",0.758
power,c30_noise30,362,9080362,V5,1,1,1,0,"[[""a""]]",1.542
power,c30_noise30,363,9080363,V6,1,1,1,0,"[[""a""]]",0.776
power,c30_noise30,363,9080363,V5,1,1,1,0,"[[""a""]]",1.514
power,c30_noise30,364,9080364,V6,1,1,1,0,"[[""a""]]",0.808
power,c30_noise30,364,9080364,V5,1,1,1,0,"[[""a""]]",1.557
power,c30_noise30,365,9080365,V6,1,1,1,0,"[[""a""]]",0.758
power,c30_noise30,365,9080365,V5,0,0,0,0,[],1.562
power,c30_noise30,366,9080366,V6,1,1,1,0,"[[""a""]]",0.78
power,c30_noise30,366,9080366,V5,1,1,1,0,"[[""a""]]",1.582
power,c30_noise30,367,9080367,V6,1,1,1,0,"[[""a""]]",0.772
power,c30_noise30,367,9080367,V5,1,1,1,0,"[[""a""]]",1.663
power,c30_noise30,368,9080368,V6,1,1,1,0,"[[""a""]]",0.802
power,c30_noise30,368,9080368,V5,0,0,0,0,[],1.65
power,c30_noise30,369,9080369,V6,1,1,1,0,"[[""a""]]",0.773
power,c30_noise30,369,9080369,V5,1,1,1,0,"[[""a""]]",1.687
power,c30_noise30,370,9080370,V6,1,1,1,0,"[[""a""]]",0.771
power,c30_noise30,370,9080370,V5,1,1,1,0,"[[""a""]]",1.716
power,c30_noise30,371,9080371,V6,1,1,1,0,"[[""a""]]",0.733
power,c30_noise30,371,9080371,V5,1,1,1,0,"[[""a""]]",1.642
power,c30_noise30,372,9080372,V6,0,0,0,0,[],0.814
power,c30_noise30,372,9080372,V5,1,1,1,0,"[[""a""]]",1.66
power,c30_noise30,373,9080373,V6,1,1,1,0,"[[""a""]]",0.788
power,c30_noise30,373,9080373,V5,1,1,1,0,"[[""a""]]",1.669
power,c30_noise30,374,9080374,V6,1,1,1,0,"[[""a""]]",0.898
power,c30_noise30,374,9080374,V5,1,1,1,0,"[[""a""]]",1.503
power,c30_noise30,375,9080375,V6,1,1,1,0,"[[""a""]]",0.891
power,c30_noise30,375,9080375,V5,1,1,1,0,"[[""a""]]",1.541
power,c30_noise30,376,9080376,V6,1,1,1,0,"[[""a""]]",0.843
power,c30_noise30,376,9080376,V5,1,1,1,0,"[[""a""]]",1.541
power,c30_noise30,377,9080377,V6,1,2,1,1,"[[""a""], [""p""]]",0.811
power,c30_noise30,377,9080377,V5,1,1,1,0,"[[""a""]]",1.515
power,c30_noise30,378,9080378,V6,1,1,1,0,"[[""a""]]",0.752
power,c30_noise30,378,9080378,V5,1,1,1,0,"[[""a""]]",1.517
power,c30_noise30,379,9080379,V6,0,0,0,0,[],0.776
power,c30_noise30,379,9080379,V5,0,0,0,0,[],1.518
power,c30_noise30,380,9080380,V6,1,1,1,0,"[[""a""]]",0.77
power,c30_noise30,380,9080380,V5,1,1,1,0,"[[""a""]]",1.492
power,c30_noise30,381,9080381,V6,1,1,1,0,"[[""a""]]",0.767
power,c30_noise30,381,9080381,V5,1,1,1,0,"[[""a""]]",1.495
power,c30_noise30,382,9080382,V6,1,1,1,0,"[[""a""]]",0.761
power,c30_noise30,382,9080382,V5,1,1,1,0,"[[""a""]]",1.491
power,c30_noise30,383,9080383,V6,1,1,1,0,"[[""a""]]",0.771
power,c30_noise30,383,9080383,V5,1,1,1,0,"[[""a""]]",1.515
power,c30_noise30,384,9080384,V6,1,1,1,0,"[[""a""]]",0.787
power,c30_noise30,384,9080384,V5,1,1,1,0,"[[""a""]]",1.211
power,c30_noise30,385,9080385,V6,1,1,1,0,"[[""a""]]",0.751
power,c30_noise30,385,9080385,V5,1,1,1,0,"[[""a""]]",1.123
power,c30_noise30,386,9080386,V6,1,1,1,0,"[[""a""]]",0.762
power,c30_noise30,386,9080386,V5,1,1,1,0,"[[""a""]]",1.215
power,c30_noise30,387,9080387,V6,1,1,1,0,"[[""a""]]",0.735
power,c30_noise30,387,9080387,V5,1,1,1,0,"[[""a""]]",1.244
power,c30_noise30,388,9080388,V6,1,1,1,0,"[[""a""]]",0.724
power,c30_noise30,388,9080388,V5,1,1,1,0,"[[""a""]]",1.193
power,c30_noise30,389,9080389,V6,1,3,1,1,"[[""a""], [""p""], [""x2""]]",0.721
power,c30_noise30,389,9080389,V5,1,2,1,1,"[[""a""], [""p""]]",1.234
power,c30_noise30,390,9080390,V6,1,1,1,0,"[[""a""]]",0.724
power,c30_noise30,390,9080390,V5,1,1,1,0,"[[""a""]]",1.294
power,c30_noise30,391,9080391,V6,1,1,1,0,"[[""a""]]",0.708
power,c30_noise30,391,9080391,V5,1,1,1,0,"[[""a""]]",1.298
power,c30_noise30,392,9080392,V6,1,1,1,0,"[[""a""]]",0.521
power,c30_noise30,392,9080392,V5,1,1,1,0,"[[""a""]]",1.582
power,c30_noise30,393,9080393,V6,1,2,1,1,"[[""a""], [""p""]]",0.356
power,c30_noise30,393,9080393,V5,1,2,1,1,"[[""a""], [""p""]]",1.691
power,c30_noise30,394,9080394,V6,1,1,1,0,"[[""a""]]",0.847
power,c30_noise30,394,9080394,V5,1,1,1,0,"[[""a""]]",1.644
power,c30_noise30,395,9080395,V6,1,1,1,0,"[[""a""]]",0.842
power,c30_noise30,395,9080395,V5,1,1,1,0,"[[""a""]]",1.568
power,c30_noise30,396,9080396,V6,1,1,1,0,"[[""a""]]",0.911
power,c30_noise30,396,9080396,V5,1,1,1,0,"[[""a""]]",1.404
power,c30_noise30,397,9080397,V6,1,1,1,0,"[[""a""]]",0.873
power,c30_noise30,397,9080397,V5,1,1,1,0,"[[""a""]]",1.272
power,c30_noise30,398,9080398,V6,1,1,1,0,"[[""a""]]",0.85
power,c30_noise30,398,9080398,V5,1,1,1,0,"[[""a""]]",1.256
power,c30_noise30,399,9080399,V6,1,3,1,1,"[[""a""], [""p""], [""z5""]]",0.849
power,c30_noise30,399,9080399,V5,1,2,1,1,"[[""a""], [""p""]]",1.279
power,c30_noise30,400,9080400,V6,0,0,0,0,[],0.832
power,c30_noise30,400,9080400,V5,0,0,0,0,[],1.212
power,c30_noise30,401,9080401,V6,1,1,1,0,"[[""a""]]",0.819
power,c30_noise30,401,9080401,V5,1,1,1,0,"[[""a""]]",1.248
power,c30_noise30,402,9080402,V6,1,2,1,1,"[[""a""], [""p""]]",0.798
power,c30_noise30,402,9080402,V5,1,2,1,1,"[[""a""], [""p""]]",0.866
power,c30_noise30,403,9080403,V6,1,1,1,0,"[[""a""]]",0.844
power,c30_noise30,403,9080403,V5,1,1,1,0,"[[""a""]]",0.773
power,c30_noise30,404,9080404,V6,1,1,1,0,"[[""a""]]",0.45
power,c30_noise30,404,9080404,V5,1,1,1,0,"[[""a""]]",0.636
power,c30_noise30,405,9080405,V6,1,1,1,0,"[[""a""]]",0.3
power,c30_noise30,405,9080405,V5,1,1,1,0,"[[""a""]]",0.71
power,c30_noise30,406,9080406,V6,1,1,1,0,"[[""a""]]",0.263
power,c30_noise30,406,9080406,V5,1,1,1,0,"[[""a""]]",0.697
power,c30_noise30,407,9080407,V6,1,1,1,0,"[[""a""]]",0.308
power,c30_noise30,407,9080407,V5,1,1,1,0,"[[""a""]]",0.741
power,c30_noise30,408,9080408,V6,1,1,1,0,"[[""a""]]",0.284
power,c30_noise30,408,9080408,V5,1,1,1,0,"[[""a""]]",0.758
power,c30_noise30,409,9080409,V6,1,1,1,0,"[[""a""]]",0.304
power,c30_noise30,409,9080409,V5,1,1,1,0,"[[""a""]]",0.672
power,c30_noise30,410,9080410,V6,1,1,1,0,"[[""a""]]",0.324
power,c30_noise30,410,9080410,V5,1,1,1,0,"[[""a""]]",0.704
power,c30_noise30,411,9080411,V6,1,1,1,0,"[[""a""]]",0.319
power,c30_noise30,411,9080411,V5,1,1,1,0,"[[""a""]]",0.76
power,c30_noise30,412,9080412,V6,1,1,1,0,"[[""a""]]",0.314
power,c30_noise30,412,9080412,V5,1,1,1,0,"[[""a""]]",0.785
power,c30_noise30,413,9080413,V6,1,1,1,0,"[[""a""]]",0.472
power,c30_noise30,413,9080413,V5,1,1,1,0,"[[""a""]]",0.668
power,c30_noise30,414,9080414,V6,1,1,1,0,"[[""a""]]",0.363
power,c30_noise30,414,9080414,V5,1,1,1,0,"[[""a""]]",0.722
power,c30_noise30,415,9080415,V6,1,1,1,0,"[[""a""]]",0.325
power,c30_noise30,415,9080415,V5,1,1,1,0,"[[""a""]]",0.608
power,c30_noise30,416,9080416,V6,1,1,1,0,"[[""a""]]",0.296
power,c30_noise30,416,9080416,V5,1,1,1,0,"[[""a""]]",0.643
power,c30_noise30,417,9080417,V6,1,1,1,0,"[[""a""]]",0.339
power,c30_noise30,417,9080417,V5,1,1,1,0,"[[""a""]]",0.569
power,c30_noise30,418,9080418,V6,1,1,1,0,"[[""a""]]",0.322
power,c30_noise30,418,9080418,V5,1,1,1,0,"[[""a""]]",0.611
power,c30_noise30,419,9080419,V6,0,0,0,0,[],0.327
power,c30_noise30,419,9080419,V5,0,0,0,0,[],0.535
power,c30_noise30,420,9080420,V6,1,1,1,0,"[[""a""]]",0.333
power,c30_noise30,420,9080420,V5,1,1,1,0,"[[""a""]]",0.55
power,c30_noise30,421,9080421,V6,1,1,1,0,"[[""a""]]",0.309
power,c30_noise30,421,9080421,V5,1,1,1,0,"[[""a""]]",0.555
power,c30_noise30,422,9080422,V6,1,2,1,1,"[[""a""], [""p""]]",0.248
power,c30_noise30,422,9080422,V5,1,3,1,1,"[[""a""], [""z2""], [""p""]]",0.544
power,c30_noise30,423,9080423,V6,1,1,1,0,"[[""a""]]",0.274
power,c30_noise30,423,9080423,V5,1,1,1,0,"[[""a""]]",0.522
power,c30_noise30,424,9080424,V6,1,1,1,0,"[[""a""]]",0.263
power,c30_noise30,424,9080424,V5,1,1,1,0,"[[""a""]]",0.439
power,c30_noise30,425,9080425,V6,1,1,1,0,"[[""a""]]",0.208
power,c30_noise30,425,9080425,V5,1,1,1,0,"[[""a""]]",0.479
power,c30_noise30,426,9080426,V6,1,1,1,0,"[[""a""]]",0.244
power,c30_noise30,426,9080426,V5,1,1,1,0,"[[""a""]]",0.402
power,c30_noise30,427,9080427,V6,1,1,1,0,"[[""a""]]",0.245
power,c30_noise30,427,9080427,V5,1,1,1,0,"[[""a""]]",0.46
power,c30_noise30,428,9080428,V6,1,1,1,0,"[[""a""]]",0.271
power,c30_noise30,428,9080428,V5,1,1,1,0,"[[""a""]]",0.465
power,c30_noise30,429,9080429,V6,1,1,1,0,"[[""a""]]",0.258
power,c30_noise30,429,9080429,V5,1,1,1,0,"[[""a""]]",0.499
power,c30_noise30,430,9080430,V6,1,1,1,0,"[[""a""]]",0.237
power,c30_noise30,430,9080430,V5,1,1,1,0,"[[""a""]]",0.475
power,c30_noise30,431,9080431,V6,1,1,1,0,"[[""a""]]",0.231
power,c30_noise30,431,9080431,V5,1,1,1,0,"[[""a""]]",0.545
power,c30_noise30,432,9080432,V6,1,1,1,0,"[[""a""]]",0.219
power,c30_noise30,432,9080432,V5,1,1,1,0,"[[""a""]]",0.595
power,c30_noise30,433,9080433,V6,1,2,1,1,"[[""a""], [""p""]]",0.244
power,c30_noise30,433,9080433,V5,1,2,1,1,"[[""a""], [""p""]]",0.577
power,c30_noise30,434,9080434,V6,1,2,1,1,"[[""a""], [""p""]]",0.306
power,c30_noise30,434,9080434,V5,1,1,1,0,"[[""a""]]",0.536
power,c30_noise30,435,9080435,V6,1,1,1,0,"[[""a""]]",0.239
power,c30_noise30,435,9080435,V5,1,1,1,0,"[[""a""]]",0.645
power,c30_noise30,436,9080436,V6,1,1,1,0,"[[""a""]]",0.306
power,c30_noise30,436,9080436,V5,1,1,1,0,"[[""a""]]",0.575
power,c30_noise30,437,9080437,V6,1,1,1,0,"[[""a""]]",0.321
power,c30_noise30,437,9080437,V5,1,1,1,0,"[[""a""]]",0.518
power,c30_noise30,438,9080438,V6,1,2,1,1,"[[""a""], [""p""]]",0.311
power,c30_noise30,438,9080438,V5,0,0,0,0,[],0.507
power,c30_noise30,439,9080439,V6,1,2,1,1,"[[""a""], [""p""]]",0.308
power,c30_noise30,439,9080439,V5,1,2,1,1,"[[""a""], [""p""]]",0.507
power,c30_noise30,440,9080440,V6,1,1,1,0,"[[""a""]]",0.324
power,c30_noise30,440,9080440,V5,1,1,1,0,"[[""a""]]",0.446
power,c30_noise30,441,9080441,V6,1,1,1,0,"[[""a""]]",0.243
power,c30_noise30,441,9080441,V5,1,1,1,0,"[[""a""]]",0.462
power,c30_noise30,442,9080442,V6,1,1,1,0,"[[""a""]]",0.26
power,c30_noise30,442,9080442,V5,1,1,1,0,"[[""a""]]",0.472
power,c30_noise30,443,9080443,V6,1,1,1,0,"[[""a""]]",0.263
power,c30_noise30,443,9080443,V5,1,1,1,0,"[[""a""]]",0.453
power,c30_noise30,444,9080444,V6,1,1,1,0,"[[""a""]]",0.239
power,c30_noise30,444,9080444,V5,1,1,1,0,"[[""a""]]",0.466
power,c30_noise30,445,9080445,V6,1,1,1,0,"[[""a""]]",0.241
power,c30_noise30,445,9080445,V5,1,1,1,0,"[[""a""]]",0.437
power,c30_noise30,446,9080446,V6,1,1,1,0,"[[""a""]]",0.201
power,c30_noise30,446,9080446,V5,1,1,1,0,"[[""a""]]",0.494
power,c30_noise30,447,9080447,V6,1,1,1,0,"[[""a""]]",0.272
power,c30_noise30,447,9080447,V5,1,1,1,0,"[[""a""]]",0.494
power,c30_noise30,448,9080448,V6,1,1,1,0,"[[""a""]]",0.238
power,c30_noise30,448,9080448,V5,1,1,1,0,"[[""a""]]",0.54
power,c30_noise30,449,9080449,V6,1,1,1,0,"[[""a""]]",0.225
power,c30_noise30,449,9080449,V5,1,1,1,0,"[[""a""]]",0.452
power,c30_noise30,450,9080450,V6,1,1,1,0,"[[""a""]]",0.264
power,c30_noise30,450,9080450,V5,1,1,1,0,"[[""a""]]",0.535
power,c30_noise30,451,9080451,V6,0,0,0,0,[],0.269
power,c30_noise30,451,9080451,V5,0,0,0,0,[],0.459
power,c30_noise30,452,9080452,V6,1,2,1,1,"[[""a""], [""p""]]",0.228
power,c30_noise30,452,9080452,V5,1,2,1,1,"[[""a""], [""p""]]",0.54
power,c30_noise30,453,9080453,V6,1,1,1,0,"[[""a""]]",0.188
power,c30_noise30,453,9080453,V5,1,1,1,0,"[[""a""]]",0.424
power,c30_noise30,454,9080454,V6,1,1,1,0,"[[""a""]]",0.224
power,c30_noise30,454,9080454,V5,1,1,1,0,"[[""a""]]",0.474
power,c30_noise30,455,9080455,V6,1,1,1,0,"[[""a""]]",0.344
power,c30_noise30,455,9080455,V5,1,1,1,0,"[[""a""]]",0.435
power,c30_noise30,456,9080456,V6,1,1,1,0,"[[""a""]]",0.321
power,c30_noise30,456,9080456,V5,1,1,1,0,"[[""a""]]",0.436
power,c30_noise30,457,9080457,V6,1,1,1,0,"[[""a""]]",0.303
power,c30_noise30,457,9080457,V5,1,1,1,0,"[[""a""]]",0.417
power,c30_noise30,458,9080458,V6,1,1,1,0,"[[""a""]]",0.29
power,c30_noise30,458,9080458,V5,1,1,1,0,"[[""a""]]",0.42
power,c30_noise30,459,9080459,V6,1,1,1,0,"[[""a""]]",0.26
power,c30_noise30,459,9080459,V5,1,1,1,0,"[[""a""]]",0.431
power,c30_noise30,460,9080460,V6,1,1,1,0,"[[""a""]]",0.238
power,c30_noise30,460,9080460,V5,1,1,1,0,"[[""a""]]",0.45
power,c30_noise30,461,9080461,V6,1,1,1,0,"[[""a""]]",0.232
power,c30_noise30,461,9080461,V5,1,1,1,0,"[[""a""]]",0.442
power,c30_noise30,462,9080462,V6,1,1,1,0,"[[""a""]]",0.195
power,c30_noise30,462,9080462,V5,1,1,1,0,"[[""a""]]",0.485
power,c30_noise30,463,9080463,V6,1,1,1,0,"[[""a""]]",0.226
power,c30_noise30,463,9080463,V5,1,1,1,0,"[[""a""]]",0.506
power,c30_noise30,464,9080464,V6,1,1,1,0,"[[""a""]]",0.206
power,c30_noise30,464,9080464,V5,1,1,1,0,"[[""a""]]",0.486
power,c30_noise30,465,9080465,V6,1,1,1,0,"[[""a""]]",0.215
power,c30_noise30,465,9080465,V5,1,1,1,0,"[[""a""]]",0.479
power,c30_noise30,466,9080466,V6,1,1,1,0,"[[""a""]]",0.226
power,c30_noise30,466,9080466,V5,1,1,1,0,"[[""a""]]",0.573
power,c30_noise30,467,9080467,V6,1,1,1,0,"[[""a""]]",0.237
power,c30_noise30,467,9080467,V5,1,1,1,0,"[[""a""]]",0.512
power,c30_noise30,468,9080468,V6,0,0,0,0,[],0.255
power,c30_noise30,468,9080468,V5,0,0,0,0,[],0.502
power,c30_noise30,469,9080469,V6,1,1,1,0,"[[""a""]]",0.252
power,c30_noise30,469,9080469,V5,1,1,1,0,"[[""a""]]",0.471
power,c30_noise30,470,9080470,V6,1,1,1,0,"[[""a""]]",0.219
power,c30_noise30,470,9080470,V5,1,1,1,0,"[[""a""]]",0.422
power,c30_noise30,471,9080471,V6,1,1,1,0,"[[""a""]]",0.212
power,c30_noise30,471,9080471,V5,1,1,1,0,"[[""a""]]",0.506
power,c30_noise30,472,9080472,V6,0,0,0,0,[],0.247
power,c30_noise30,472,9080472,V5,0,0,0,0,[],0.49
power,c30_noise30,473,9080473,V6,1,1,1,0,"[[""a""]]",0.236
power,c30_noise30,473,9080473,V5,1,1,1,0,"[[""a""]]",0.468
power,c30_noise30,474,9080474,V6,1,1,1,0,"[[""a""]]",0.265
power,c30_noise30,474,9080474,V5,1,1,1,0,"[[""a""]]",0.497
power,c30_noise30,475,9080475,V6,1,1,1,0,"[[""a""]]",0.226
power,c30_noise30,475,9080475,V5,1,1,1,0,"[[""a""]]",0.515
power,c30_noise30,476,9080476,V6,1,1,1,0,"[[""a""]]",0.23
power,c30_noise30,476,9080476,V5,1,1,1,0,"[[""a""]]",0.481
power,c30_noise30,477,9080477,V6,1,1,1,0,"[[""a""]]",0.201
power,c30_noise30,477,9080477,V5,1,1,1,0,"[[""a""]]",0.479
power,c30_noise30,478,9080478,V6,1,1,1,0,"[[""a""]]",0.246
power,c30_noise30,478,9080478,V5,1,1,1,0,"[[""a""]]",0.414
power,c30_noise30,479,9080479,V6,1,2,1,1,"[[""a""], [""p""]]",0.244
power,c30_noise30,479,9080479,V5,1,1,1,0,"[[""a""]]",0.477
power,c30_noise30,480,9080480,V6,1,1,0,1,"[[""x1""]]",0.208
power,c30_noise30,480,9080480,V5,0,0,0,0,[],0.489
power,c30_noise30,481,9080481,V6,1,1,1,0,"[[""a""]]",0.219
power,c30_noise30,481,9080481,V5,1,1,1,0,"[[""a""]]",0.442
power,c30_noise30,482,9080482,V6,1,1,1,0,"[[""a""]]",0.218
power,c30_noise30,482,9080482,V5,1,1,1,0,"[[""a""]]",0.466
power,c30_noise30,483,9080483,V6,1,1,1,0,"[[""a""]]",0.234
power,c30_noise30,483,9080483,V5,1,1,1,0,"[[""a""]]",0.409
power,c30_noise30,484,9080484,V6,1,1,1,0,"[[""a""]]",0.22
power,c30_noise30,484,9080484,V5,1,1,1,0,"[[""a""]]",0.446
power,c30_noise30,485,9080485,V6,1,1,1,0,"[[""a""]]",0.201
power,c30_noise30,485,9080485,V5,1,1,1,0,"[[""a""]]",0.395
power,c30_noise30,486,9080486,V6,1,1,1,0,"[[""a""]]",0.241
power,c30_noise30,486,9080486,V5,1,1,1,0,"[[""a""]]",0.445
power,c30_noise30,487,9080487,V6,1,1,1,0,"[[""a""]]",0.212
power,c30_noise30,487,9080487,V5,1,1,1,0,"[[""a""]]",0.396
power,c30_noise30,488,9080488,V6,1,1,1,0,"[[""a""]]",0.155
power,c30_noise30,488,9080488,V5,1,1,1,0,"[[""a""]]",0.387
power,c30_noise30,489,9080489,V6,1,1,1,0,"[[""a""]]",0.225
power,c30_noise30,489,9080489,V5,1,1,1,0,"[[""a""]]",0.392
power,c30_noise30,490,9080490,V6,1,1,1,0,"[[""a""]]",0.197
power,c30_noise30,490,9080490,V5,1,1,1,0,"[[""a""]]",0.443
power,c30_noise30,491,9080491,V6,1,1,1,0,"[[""a""]]",0.207
power,c30_noise30,491,9080491,V5,1,1,1,0,"[[""a""]]",0.405
power,c30_noise30,492,9080492,V6,1,1,1,0,"[[""a""]]",0.176
power,c30_noise30,492,9080492,V5,0,0,0,0,[],0.386
power,c30_noise30,493,9080493,V6,1,1,1,0,"[[""a""]]",0.26
power,c30_noise30,493,9080493,V5,1,1,1,0,"[[""a""]]",0.406
power,c30_noise30,494,9080494,V6,1,1,1,0,"[[""a""]]",0.219
power,c30_noise30,494,9080494,V5,1,1,1,0,"[[""a""]]",0.466
power,c30_noise30,495,9080495,V6,1,1,1,0,"[[""a""]]",0.239
power,c30_noise30,495,9080495,V5,1,1,1,0,"[[""a""]]",0.436
power,c30_noise30,496,9080496,V6,1,1,1,0,"[[""a""]]",0.198
power,c30_noise30,496,9080496,V5,1,1,1,0,"[[""a""]]",0.402
power,c30_noise30,497,9080497,V6,1,1,1,0,"[[""a""]]",0.186
power,c30_noise30,497,9080497,V5,1,1,1,0,"[[""a""]]",0.418
power,c30_noise30,498,9080498,V6,1,1,1,0,"[[""a""]]",0.214
power,c30_noise30,498,9080498,V5,1,1,1,0,"[[""a""]]",0.424
power,c30_noise30,499,9080499,V6,1,1,1,0,"[[""a""]]",0.244
power,c30_noise30,499,9080499,V5,1,1,1,0,"[[""a""]]",0.437
power,c40_noise0,0,9090000,V6,1,1,1,0,"[[""a"", ""p""]]",0.202
power,c40_noise0,0,9090000,V5,1,1,1,0,"[[""a"", ""p""]]",0.425
power,c40_noise0,1,9090001,V6,1,1,1,0,"[[""a"", ""p""]]",0.255
power,c40_noise0,1,9090001,V5,1,1,1,0,"[[""a"", ""p""]]",0.469
power,c40_noise0,2,9090002,V6,1,1,1,0,"[[""a"", ""p""]]",0.197
power,c40_noise0,2,9090002,V5,1,1,1,0,"[[""a"", ""p""]]",0.456
power,c40_noise0,3,9090003,V6,1,1,1,0,"[[""a"", ""p""]]",0.199
power,c40_noise0,3,9090003,V5,1,1,1,0,"[[""a"", ""p""]]",0.428
power,c40_noise0,4,9090004,V6,1,1,1,0,"[[""a"", ""p""]]",0.249
power,c40_noise0,4,9090004,V5,1,1,1,0,"[[""a"", ""p""]]",0.488
power,c40_noise0,5,9090005,V6,1,1,1,0,"[[""a"", ""p""]]",0.246
power,c40_noise0,5,9090005,V5,1,1,1,0,"[[""a"", ""p""]]",0.483
power,c40_noise0,6,9090006,V6,1,1,1,0,"[[""a"", ""p""]]",0.233
power,c40_noise0,6,9090006,V5,1,1,1,0,"[[""a"", ""p""]]",0.464
power,c40_noise0,7,9090007,V6,1,2,1,1,"[[""a"", ""p""], [""x3""]]",0.187
power,c40_noise0,7,9090007,V5,1,1,1,0,"[[""a"", ""p""]]",0.459
power,c40_noise0,8,9090008,V6,1,1,1,0,"[[""a"", ""p""]]",0.226
power,c40_noise0,8,9090008,V5,1,1,1,0,"[[""a"", ""p""]]",0.465
power,c40_noise0,9,9090009,V6,1,1,1,0,"[[""a"", ""p""]]",0.254
power,c40_noise0,9,9090009,V5,1,1,1,0,"[[""a"", ""p""]]",0.475
power,c40_noise0,10,9090010,V6,1,1,1,0,"[[""a"", ""p""]]",0.256
power,c40_noise0,10,9090010,V5,1,1,1,0,"[[""a"", ""p""]]",0.499
power,c40_noise0,11,9090011,V6,1,1,1,0,"[[""a"", ""p""]]",0.253
power,c40_noise0,11,9090011,V5,1,1,1,0,"[[""a"", ""p""]]",0.491
power,c40_noise0,12,9090012,V6,1,1,1,0,"[[""a"", ""p""]]",0.264
power,c40_noise0,12,9090012,V5,1,1,1,0,"[[""a"", ""p""]]",0.434
power,c40_noise0,13,9090013,V6,1,1,1,0,"[[""a"", ""p""]]",0.267
power,c40_noise0,13,9090013,V5,1,1,1,0,"[[""a"", ""p""]]",0.471
power,c40_noise0,14,9090014,V6,1,1,1,0,"[[""a"", ""p""]]",0.222
power,c40_noise0,14,9090014,V5,1,1,1,0,"[[""a"", ""p""]]",0.436
power,c40_noise0,15,9090015,V6,1,1,1,0,"[[""a"", ""p""]]",0.246
power,c40_noise0,15,9090015,V5,1,1,1,0,"[[""a"", ""p""]]",0.454
power,c40_noise0,16,9090016,V6,1,1,1,0,"[[""a"", ""p""]]",0.24
power,c40_noise0,16,9090016,V5,1,2,1,1,"[[""a"", ""p""], [""x4""]]",0.429
power,c40_noise0,17,9090017,V6,1,1,1,0,"[[""a"", ""p""]]",0.258
power,c40_noise0,17,9090017,V5,1,1,1,0,"[[""a"", ""p""]]",0.404
power,c40_noise0,18,9090018,V6,1,1,1,0,"[[""a"", ""p""]]",0.221
power,c40_noise0,18,9090018,V5,1,1,1,0,"[[""a"", ""p""]]",0.361
power,c40_noise0,19,9090019,V6,1,1,1,0,"[[""a"", ""p""]]",0.216
power,c40_noise0,19,9090019,V5,1,1,1,0,"[[""a"", ""p""]]",0.46
power,c40_noise0,20,9090020,V6,1,1,1,0,"[[""a"", ""p""]]",0.212
power,c40_noise0,20,9090020,V5,1,1,1,0,"[[""a"", ""p""]]",0.358
power,c40_noise0,21,9090021,V6,1,1,1,0,"[[""a"", ""p""]]",0.251
power,c40_noise0,21,9090021,V5,1,1,1,0,"[[""a"", ""p""]]",0.44
power,c40_noise0,22,9090022,V6,1,1,1,0,"[[""a"", ""p""]]",0.247
power,c40_noise0,22,9090022,V5,1,1,1,0,"[[""a"", ""p""]]",0.449
power,c40_noise0,23,9090023,V6,1,1,1,0,"[[""a"", ""p""]]",0.221
power,c40_noise0,23,9090023,V5,1,1,1,0,"[[""a"", ""p""]]",0.384
power,c40_noise0,24,9090024,V6,0,0,0,0,[],0.203
power,c40_noise0,24,9090024,V5,0,0,0,0,[],0.419
power,c40_noise0,25,9090025,V6,1,1,1,0,"[[""a"", ""p""]]",0.221
power,c40_noise0,25,9090025,V5,1,1,1,0,"[[""a"", ""p""]]",0.393
power,c40_noise0,26,9090026,V6,1,1,1,0,"[[""a"", ""p""]]",0.257
power,c40_noise0,26,9090026,V5,1,1,1,0,"[[""a"", ""p""]]",0.42
power,c40_noise0,27,9090027,V6,1,2,1,1,"[[""a"", ""p""], [""x5""]]",0.236
power,c40_noise0,27,9090027,V5,1,1,1,0,"[[""a"", ""p""]]",0.377
power,c40_noise0,28,9090028,V6,1,1,1,0,"[[""a"", ""p""]]",0.236
power,c40_noise0,28,9090028,V5,1,1,1,0,"[[""a"", ""p""]]",0.392
power,c40_noise0,29,9090029,V6,1,1,1,0,"[[""a"", ""p""]]",0.23
power,c40_noise0,29,9090029,V5,1,1,1,0,"[[""a"", ""p""]]",0.415
power,c40_noise0,30,9090030,V6,1,1,1,0,"[[""a"", ""p""]]",0.184
power,c40_noise0,30,9090030,V5,1,1,1,0,"[[""a"", ""p""]]",0.349
power,c40_noise0,31,9090031,V6,1,1,1,0,"[[""a"", ""p""]]",0.218
power,c40_noise0,31,9090031,V5,1,1,1,0,"[[""a"", ""p""]]",0.414
power,c40_noise0,32,9090032,V6,1,2,1,1,"[[""a"", ""p""], [""z5""]]",0.158
power,c40_noise0,32,9090032,V5,1,1,1,0,"[[""a"", ""p""]]",0.435
power,c40_noise0,33,9090033,V6,1,1,1,0,"[[""a"", ""p""]]",0.211
power,c40_noise0,33,9090033,V5,1,1,1,0,"[[""a"", ""p""]]",0.424
power,c40_noise0,34,9090034,V6,1,1,1,0,"[[""a"", ""p""]]",0.188
power,c40_noise0,34,9090034,V5,1,1,1,0,"[[""a"", ""p""]]",0.5
power,c40_noise0,35,9090035,V6,1,1,1,0,"[[""a"", ""p""]]",0.159
power,c40_noise0,35,9090035,V5,1,1,1,0,"[[""a"", ""p""]]",0.408
power,c40_noise0,36,9090036,V6,1,1,1,0,"[[""a"", ""p""]]",0.162
power,c40_noise0,36,9090036,V5,1,1,1,0,"[[""a"", ""p""]]",0.473
power,c40_noise0,37,9090037,V6,1,1,1,0,"[[""a"", ""p""]]",0.212
power,c40_noise0,37,9090037,V5,1,1,1,0,"[[""a"", ""p""]]",0.476
power,c40_noise0,38,9090038,V6,1,1,1,0,"[[""a"", ""p""]]",0.217
power,c40_noise0,38,9090038,V5,1,1,1,0,"[[""a"", ""p""]]",0.405
power,c40_noise0,39,9090039,V6,1,1,1,0,"[[""a"", ""p""]]",0.233
power,c40_noise0,39,9090039,V5,1,1,1,0,"[[""a"", ""p""]]",0.421
power,c40_noise0,40,9090040,V6,1,1,1,0,"[[""a"", ""p""]]",0.165
power,c40_noise0,40,9090040,V5,1,1,1,0,"[[""a"", ""p""]]",0.427
power,c40_noise0,41,9090041,V6,1,1,1,0,"[[""a"", ""p""]]",0.225
power,c40_noise0,41,9090041,V5,1,1,1,0,"[[""a"", ""p""]]",0.381
power,c40_noise0,42,9090042,V6,1,1,1,0,"[[""a"", ""p""]]",0.213
power,c40_noise0,42,9090042,V5,1,1,1,0,"[[""a"", ""p""]]",0.395
power,c40_noise0,43,9090043,V6,1,1,1,0,"[[""a"", ""p""]]",0.223
power,c40_noise0,43,9090043,V5,1,1,1,0,"[[""a"", ""p""]]",0.438
power,c40_noise0,44,9090044,V6,1,1,1,0,"[[""a"", ""p""]]",0.21
power,c40_noise0,44,9090044,V5,1,1,1,0,"[[""a"", ""p""]]",0.383
power,c40_noise0,45,9090045,V6,1,2,1,1,"[[""a"", ""p""], [""x3""]]",0.202
power,c40_noise0,45,9090045,V5,1,1,1,0,"[[""a"", ""p""]]",0.385
power,c40_noise0,46,9090046,V6,1,1,1,0,"[[""a"", ""p""]]",0.216
power,c40_noise0,46,9090046,V5,1,1,1,0,"[[""a"", ""p""]]",0.401
power,c40_noise0,47,9090047,V6,1,1,1,0,"[[""a"", ""p""]]",0.174
power,c40_noise0,47,9090047,V5,1,1,1,0,"[[""a"", ""p""]]",0.341
power,c40_noise0,48,9090048,V6,1,1,1,0,"[[""a"", ""p""]]",0.186
power,c40_noise0,48,9090048,V5,1,1,1,0,"[[""a"", ""p""]]",0.413
power,c40_noise0,49,9090049,V6,1,1,1,0,"[[""a"", ""p""]]",0.224
power,c40_noise0,49,9090049,V5,1,1,1,0,"[[""a"", ""p""]]",0.422
power,c40_noise0,50,9090050,V6,1,1,1,0,"[[""a"", ""p""]]",0.169
power,c40_noise0,50,9090050,V5,1,1,1,0,"[[""a"", ""p""]]",0.358
power,c40_noise0,51,9090051,V6,1,1,1,0,"[[""a"", ""p""]]",0.191
power,c40_noise0,51,9090051,V5,1,1,1,0,"[[""a"", ""p""]]",0.421
power,c40_noise0,52,9090052,V6,1,1,1,0,"[[""a"", ""p""]]",0.164
power,c40_noise0,52,9090052,V5,1,1,1,0,"[[""a"", ""p""]]",0.415
power,c40_noise0,53,9090053,V6,1,1,1,0,"[[""a"", ""p""]]",0.237
power,c40_noise0,53,9090053,V5,1,1,1,0,"[[""a"", ""p""]]",0.39
power,c40_noise0,54,9090054,V6,1,1,1,0,"[[""a"", ""p""]]",0.233
power,c40_noise0,54,9090054,V5,1,1,1,0,"[[""a"", ""p""]]",0.359
power,c40_noise0,55,9090055,V6,1,1,1,0,"[[""a"", ""p""]]",0.219
power,c40_noise0,55,9090055,V5,1,1,1,0,"[[""a"", ""p""]]",0.434
power,c40_noise0,56,9090056,V6,1,1,1,0,"[[""a"", ""p""]]",0.216
power,c40_noise0,56,9090056,V5,1,1,1,0,"[[""a"", ""p""]]",0.454
power,c40_noise0,57,9090057,V6,1,1,1,0,"[[""a"", ""p""]]",0.228
power,c40_noise0,57,9090057,V5,1,1,1,0,"[[""a"", ""p""]]",0.441
power,c40_noise0,58,9090058,V6,1,1,1,0,"[[""a"", ""p""]]",0.222
power,c40_noise0,58,9090058,V5,1,1,1,0,"[[""a"", ""p""]]",0.464
power,c40_noise0,59,9090059,V6,1,2,1,1,"[[""a"", ""p""], [""x3""]]",0.237
power,c40_noise0,59,9090059,V5,1,2,1,1,"[[""a"", ""p""], [""x3""]]",0.451
power,c40_noise0,60,9090060,V6,1,1,1,0,"[[""a"", ""p""]]",0.19
power,c40_noise0,60,9090060,V5,1,1,1,0,"[[""a"", ""p""]]",0.444
power,c40_noise0,61,9090061,V6,1,1,1,0,"[[""a"", ""p""]]",0.217
power,c40_noise0,61,9090061,V5,1,1,1,0,"[[""a"", ""p""]]",0.42
power,c40_noise0,62,9090062,V6,1,2,1,1,"[[""a"", ""p""], [""z5""]]",0.22
power,c40_noise0,62,9090062,V5,1,1,1,0,"[[""a"", ""p""]]",0.465
power,c40_noise0,63,9090063,V6,1,1,1,0,"[[""a"", ""p""]]",0.225
power,c40_noise0,63,9090063,V5,1,1,1,0,"[[""a"", ""p""]]",0.412
power,c40_noise0,64,9090064,V6,1,1,1,0,"[[""a"", ""p""]]",0.218
power,c40_noise0,64,9090064,V5,1,1,1,0,"[[""a"", ""p""]]",0.423
power,c40_noise0,65,9090065,V6,1,1,1,0,"[[""a"", ""p""]]",0.183
power,c40_noise0,65,9090065,V5,1,1,1,0,"[[""a"", ""p""]]",0.45
power,c40_noise0,66,9090066,V6,1,1,1,0,"[[""a"", ""p""]]",0.215
power,c40_noise0,66,9090066,V5,1,1,1,0,"[[""a"", ""p""]]",0.452
power,c40_noise0,67,9090067,V6,1,1,1,0,"[[""a"", ""p""]]",0.187
power,c40_noise0,67,9090067,V5,1,1,1,0,"[[""a"", ""p""]]",0.393
power,c40_noise0,68,9090068,V6,1,1,1,0,"[[""a"", ""p""]]",0.194
power,c40_noise0,68,9090068,V5,1,1,1,0,"[[""a"", ""p""]]",0.417
power,c40_noise0,69,9090069,V6,1,1,1,0,"[[""a"", ""p""]]",0.241
power,c40_noise0,69,9090069,V5,1,1,1,0,"[[""a"", ""p""]]",0.455
power,c40_noise0,70,9090070,V6,1,1,1,0,"[[""a"", ""p""]]",0.223
power,c40_noise0,70,9090070,V5,1,1,1,0,"[[""a"", ""p""]]",0.431
power,c40_noise0,71,9090071,V6,1,1,1,0,"[[""a"", ""p""]]",0.207
power,c40_noise0,71,9090071,V5,1,1,1,0,"[[""a"", ""p""]]",0.471
power,c40_noise0,72,9090072,V6,1,1,1,0,"[[""a"", ""p""]]",0.211
power,c40_noise0,72,9090072,V5,1,1,1,0,"[[""a"", ""p""]]",0.448
power,c40_noise0,73,9090073,V6,1,1,1,0,"[[""a"", ""p""]]",0.202
power,c40_noise0,73,9090073,V5,1,2,1,1,"[[""a"", ""p""], [""z1""]]",0.464
power,c40_noise0,74,9090074,V6,1,1,1,0,"[[""a"", ""p""]]",0.251
power,c40_noise0,74,9090074,V5,1,1,1,0,"[[""a"", ""p""]]",0.462
power,c40_noise0,75,9090075,V6,1,1,1,0,"[[""a"", ""p""]]",0.274
power,c40_noise0,75,9090075,V5,1,1,1,0,"[[""a"", ""p""]]",0.504
power,c40_noise0,76,9090076,V6,1,1,1,0,"[[""a"", ""p""]]",0.249
power,c40_noise0,76,9090076,V5,1,1,1,0,"[[""a"", ""p""]]",0.445
power,c40_noise0,77,9090077,V6,1,1,1,0,"[[""a"", ""p""]]",0.27
power,c40_noise0,77,9090077,V5,1,1,1,0,"[[""a"", ""p""]]",0.466
power,c40_noise0,78,9090078,V6,1,1,1,0,"[[""a"", ""p""]]",0.255
power,c40_noise0,78,9090078,V5,1,1,1,0,"[[""a"", ""p""]]",0.456
power,c40_noise0,79,9090079,V6,1,1,1,0,"[[""a"", ""p""]]",0.25
power,c40_noise0,79,9090079,V5,1,1,1,0,"[[""a"", ""p""]]",0.412
power,c40_noise0,80,9090080,V6,1,1,1,0,"[[""a"", ""p""]]",0.219
power,c40_noise0,80,9090080,V5,1,1,1,0,"[[""a"", ""p""]]",0.41
power,c40_noise0,81,9090081,V6,1,1,1,0,"[[""a"", ""p""]]",0.223
power,c40_noise0,81,9090081,V5,1,1,1,0,"[[""a"", ""p""]]",0.498
power,c40_noise0,82,9090082,V6,1,1,1,0,"[[""a"", ""p""]]",0.24
power,c40_noise0,82,9090082,V5,1,1,1,0,"[[""a"", ""p""]]",0.437
power,c40_noise0,83,9090083,V6,1,1,1,0,"[[""a"", ""p""]]",0.262
power,c40_noise0,83,9090083,V5,1,1,1,0,"[[""a"", ""p""]]",0.44
power,c40_noise0,84,9090084,V6,1,1,1,0,"[[""a"", ""p""]]",0.287
power,c40_noise0,84,9090084,V5,1,1,1,0,"[[""a"", ""p""]]",0.421
power,c40_noise0,85,9090085,V6,1,1,1,0,"[[""a"", ""p""]]",0.238
power,c40_noise0,85,9090085,V5,1,1,1,0,"[[""a"", ""p""]]",0.409
power,c40_noise0,86,9090086,V6,1,1,1,0,"[[""a"", ""p""]]",0.242
power,c40_noise0,86,9090086,V5,1,1,1,0,"[[""a"", ""p""]]",0.392
power,c40_noise0,87,9090087,V6,1,1,1,0,"[[""a"", ""p""]]",0.211
power,c40_noise0,87,9090087,V5,1,1,1,0,"[[""a"", ""p""]]",0.378
power,c40_noise0,88,9090088,V6,1,1,1,0,"[[""a"", ""p""]]",0.244
power,c40_noise0,88,9090088,V5,1,1,1,0,"[[""a"", ""p""]]",0.409
power,c40_noise0,89,9090089,V6,1,1,1,0,"[[""a"", ""p""]]",0.195
power,c40_noise0,89,9090089,V5,1,1,1,0,"[[""a"", ""p""]]",0.378
power,c40_noise0,90,9090090,V6,1,1,1,0,"[[""a"", ""p""]]",0.243
power,c40_noise0,90,9090090,V5,1,1,1,0,"[[""a"", ""p""]]",0.388
power,c40_noise0,91,9090091,V6,1,1,1,0,"[[""a"", ""p""]]",0.194
power,c40_noise0,91,9090091,V5,1,1,1,0,"[[""a"", ""p""]]",0.373
power,c40_noise0,92,9090092,V6,1,1,1,0,"[[""a"", ""p""]]",0.176
power,c40_noise0,92,9090092,V5,1,1,1,0,"[[""a"", ""p""]]",0.349
power,c40_noise0,93,9090093,V6,1,1,1,0,"[[""a"", ""p""]]",0.219
power,c40_noise0,93,9090093,V5,1,1,1,0,"[[""a"", ""p""]]",0.43
power,c40_noise0,94,9090094,V6,1,1,1,0,"[[""a"", ""p""]]",0.205
power,c40_noise0,94,9090094,V5,1,1,1,0,"[[""a"", ""p""]]",0.374
power,c40_noise0,95,9090095,V6,1,1,1,0,"[[""a"", ""p""]]",0.243
power,c40_noise0,95,9090095,V5,1,1,1,0,"[[""a"", ""p""]]",0.368
power,c40_noise0,96,9090096,V6,1,1,1,0,"[[""a"", ""p""]]",0.178
power,c40_noise0,96,9090096,V5,1,1,1,0,"[[""a"", ""p""]]",0.384
power,c40_noise0,97,9090097,V6,1,1,1,0,"[[""a"", ""p""]]",0.167
power,c40_noise0,97,9090097,V5,1,1,1,0,"[[""a"", ""p""]]",0.374
power,c40_noise0,98,9090098,V6,1,2,1,1,"[[""a"", ""p""], [""x1""]]",0.197
power,c40_noise0,98,9090098,V5,1,2,1,1,"[[""a"", ""p""], [""x1""]]",0.391
power,c40_noise0,99,9090099,V6,1,1,1,0,"[[""a"", ""p""]]",0.21
power,c40_noise0,99,9090099,V5,1,1,1,0,"[[""a"", ""p""]]",0.425
power,c40_noise0,100,9090100,V6,1,1,1,0,"[[""a"", ""p""]]",0.216
power,c40_noise0,100,9090100,V5,1,1,1,0,"[[""a"", ""p""]]",0.472
power,c40_noise0,101,9090101,V6,1,1,1,0,"[[""a"", ""p""]]",0.221
power,c40_noise0,101,9090101,V5,1,1,1,0,"[[""a"", ""p""]]",0.498
power,c40_noise0,102,9090102,V6,1,1,1,0,"[[""a"", ""p""]]",0.237
power,c40_noise0,102,9090102,V5,1,1,1,0,"[[""a"", ""p""]]",0.456
power,c40_noise0,103,9090103,V6,1,1,1,0,"[[""a"", ""p""]]",0.272
power,c40_noise0,103,9090103,V5,1,1,1,0,"[[""a"", ""p""]]",0.433
power,c40_noise0,104,9090104,V6,1,1,1,0,"[[""a"", ""p""]]",0.256
power,c40_noise0,104,9090104,V5,1,1,1,0,"[[""a"", ""p""]]",0.458
power,c40_noise0,105,9090105,V6,1,1,1,0,"[[""a"", ""p""]]",0.278
power,c40_noise0,105,9090105,V5,1,1,1,0,"[[""a"", ""p""]]",0.454
power,c40_noise0,106,9090106,V6,1,1,1,0,"[[""a"", ""p""]]",0.196
power,c40_noise0,106,9090106,V5,1,1,1,0,"[[""a"", ""p""]]",0.428
power,c40_noise0,107,9090107,V6,1,1,1,0,"[[""a"", ""p""]]",0.195
power,c40_noise0,107,9090107,V5,1,1,1,0,"[[""a"", ""p""]]",0.443
power,c40_noise0,108,9090108,V6,1,1,1,0,"[[""a"", ""p""]]",0.244
power,c40_noise0,108,9090108,V5,1,1,1,0,"[[""a"", ""p""]]",0.399
power,c40_noise0,109,9090109,V6,1,1,1,0,"[[""a"", ""p""]]",0.23
power,c40_noise0,109,9090109,V5,1,1,1,0,"[[""a"", ""p""]]",0.406
power,c40_noise0,110,9090110,V6,1,1,1,0,"[[""a"", ""p""]]",0.252
power,c40_noise0,110,9090110,V5,1,1,1,0,"[[""a"", ""p""]]",0.43
power,c40_noise0,111,9090111,V6,1,1,1,0,"[[""a"", ""p""]]",0.183
power,c40_noise0,111,9090111,V5,1,1,1,0,"[[""a"", ""p""]]",0.395
power,c40_noise0,112,9090112,V6,1,1,1,0,"[[""a"", ""p""]]",0.208
power,c40_noise0,112,9090112,V5,1,1,1,0,"[[""a"", ""p""]]",0.421
power,c40_noise0,113,9090113,V6,1,1,1,0,"[[""a"", ""p""]]",0.206
power,c40_noise0,113,9090113,V5,1,1,1,0,"[[""a"", ""p""]]",0.378
power,c40_noise0,114,9090114,V6,1,1,1,0,"[[""a"", ""p""]]",0.169
power,c40_noise0,114,9090114,V5,1,1,1,0,"[[""a"", ""p""]]",0.387
power,c40_noise0,115,9090115,V6,1,1,1,0,"[[""a"", ""p""]]",0.212
power,c40_noise0,115,9090115,V5,1,1,1,0,"[[""a"", ""p""]]",0.387
power,c40_noise0,116,9090116,V6,1,1,1,0,"[[""a"", ""p""]]",0.222
power,c40_noise0,116,9090116,V5,1,1,1,0,"[[""a"", ""p""]]",0.371
power,c40_noise0,117,9090117,V6,1,1,1,0,"[[""a"", ""p""]]",0.178
power,c40_noise0,117,9090117,V5,1,1,1,0,"[[""a"", ""p""]]",0.354
power,c40_noise0,118,9090118,V6,1,1,1,0,"[[""a"", ""p""]]",0.202
power,c40_noise0,118,9090118,V5,1,1,1,0,"[[""a"", ""p""]]",0.399
power,c40_noise0,119,9090119,V6,1,1,1,0,"[[""a"", ""p""]]",0.166
power,c40_noise0,119,9090119,V5,1,1,1,0,"[[""a"", ""p""]]",0.39
power,c40_noise0,120,9090120,V6,1,1,1,0,"[[""a"", ""p""]]",0.18
power,c40_noise0,120,9090120,V5,1,1,1,0,"[[""a"", ""p""]]",0.382
power,c40_noise0,121,9090121,V6,1,1,1,0,"[[""a"", ""p""]]",0.161
power,c40_noise0,121,9090121,V5,1,1,1,0,"[[""a"", ""p""]]",0.376
power,c40_noise0,122,9090122,V6,1,1,1,0,"[[""a"", ""p""]]",0.199
power,c40_noise0,122,9090122,V5,1,1,1,0,"[[""a"", ""p""]]",0.402
power,c40_noise0,123,9090123,V6,1,1,1,0,"[[""a"", ""p""]]",0.195
power,c40_noise0,123,9090123,V5,1,1,1,0,"[[""a"", ""p""]]",0.411
power,c40_noise0,124,9090124,V6,1,1,1,0,"[[""a"", ""p""]]",0.192
power,c40_noise0,124,9090124,V5,1,1,1,0,"[[""a"", ""p""]]",0.385
power,c40_noise0,125,9090125,V6,1,1,1,0,"[[""a"", ""p""]]",0.192
power,c40_noise0,125,9090125,V5,1,1,1,0,"[[""a"", ""p""]]",0.375
power,c40_noise0,126,9090126,V6,1,1,1,0,"[[""a"", ""p""]]",0.204
power,c40_noise0,126,9090126,V5,1,1,1,0,"[[""a"", ""p""]]",0.438
power,c40_noise0,127,9090127,V6,1,1,1,0,"[[""a"", ""p""]]",0.157
power,c40_noise0,127,9090127,V5,1,1,1,0,"[[""a"", ""p""]]",0.358
power,c40_noise0,128,9090128,V6,1,2,1,1,"[[""a"", ""p""], [""x1""]]",0.217
power,c40_noise0,128,9090128,V5,1,2,1,1,"[[""a"", ""p""], [""x1""]]",0.407
power,c40_noise0,129,9090129,V6,1,1,1,0,"[[""a"", ""p""]]",0.185
power,c40_noise0,129,9090129,V5,1,1,1,0,"[[""a"", ""p""]]",0.41
power,c40_noise0,130,9090130,V6,1,1,1,0,"[[""a"", ""p""]]",0.207
power,c40_noise0,130,9090130,V5,1,1,1,0,"[[""a"", ""p""]]",0.383
power,c40_noise0,131,9090131,V6,1,1,1,0,"[[""a"", ""p""]]",0.18
power,c40_noise0,131,9090131,V5,1,1,1,0,"[[""a"", ""p""]]",0.394
power,c40_noise0,132,9090132,V6,1,1,1,0,"[[""a"", ""p""]]",0.193
power,c40_noise0,132,9090132,V5,1,1,1,0,"[[""a"", ""p""]]",0.4
power,c40_noise0,133,9090133,V6,1,1,1,0,"[[""a"", ""p""]]",0.195
power,c40_noise0,133,9090133,V5,1,1,1,0,"[[""a"", ""p""]]",0.385
power,c40_noise0,134,9090134,V6,1,1,1,0,"[[""a"", ""p""]]",0.172
power,c40_noise0,134,9090134,V5,1,1,1,0,"[[""a"", ""p""]]",0.377
power,c40_noise0,135,9090135,V6,1,1,1,0,"[[""a"", ""p""]]",0.191
power,c40_noise0,135,9090135,V5,1,1,1,0,"[[""a"", ""p""]]",0.403
power,c40_noise0,136,9090136,V6,1,1,1,0,"[[""a"", ""p""]]",0.216
power,c40_noise0,136,9090136,V5,1,1,1,0,"[[""a"", ""p""]]",0.421
power,c40_noise0,137,9090137,V6,1,1,1,0,"[[""a"", ""p""]]",0.196
power,c40_noise0,137,9090137,V5,1,1,1,0,"[[""a"", ""p""]]",0.387
power,c40_noise0,138,9090138,V6,1,1,1,0,"[[""a"", ""p""]]",0.199
power,c40_noise0,138,9090138,V5,1,1,1,0,"[[""a"", ""p""]]",0.384
power,c40_noise0,139,9090139,V6,1,1,1,0,"[[""a"", ""p""]]",0.194
power,c40_noise0,139,9090139,V5,1,1,1,0,"[[""a"", ""p""]]",0.378
power,c40_noise0,140,9090140,V6,1,1,1,0,"[[""a"", ""p""]]",0.165
power,c40_noise0,140,9090140,V5,1,1,1,0,"[[""a"", ""p""]]",0.409
power,c40_noise0,141,9090141,V6,1,1,1,0,"[[""a"", ""p""]]",0.187
power,c40_noise0,141,9090141,V5,1,2,1,1,"[[""a"", ""p""], [""z1""]]",0.393
power,c40_noise0,142,9090142,V6,1,1,1,0,"[[""a"", ""p""]]",0.227
power,c40_noise0,142,9090142,V5,1,1,1,0,"[[""a"", ""p""]]",0.359
power,c40_noise0,143,9090143,V6,1,1,1,0,"[[""a"", ""p""]]",0.208
power,c40_noise0,143,9090143,V5,1,1,1,0,"[[""a"", ""p""]]",0.361
power,c40_noise0,144,9090144,V6,1,1,1,0,"[[""a"", ""p""]]",0.179
power,c40_noise0,144,9090144,V5,1,1,1,0,"[[""a"", ""p""]]",0.401
power,c40_noise0,145,9090145,V6,1,1,1,0,"[[""a"", ""p""]]",0.17
power,c40_noise0,145,9090145,V5,1,1,1,0,"[[""a"", ""p""]]",0.323
power,c40_noise0,146,9090146,V6,1,1,1,0,"[[""a"", ""p""]]",0.188
power,c40_noise0,146,9090146,V5,1,1,1,0,"[[""a"", ""p""]]",0.387
power,c40_noise0,147,9090147,V6,1,2,1,1,"[[""a"", ""p""], [""z1""]]",0.189
power,c40_noise0,147,9090147,V5,1,2,1,1,"[[""a"", ""p""], [""z1""]]",0.349
power,c40_noise0,148,9090148,V6,1,1,1,0,"[[""a"", ""p""]]",0.191
power,c40_noise0,148,9090148,V5,1,1,1,0,"[[""a"", ""p""]]",0.39
power,c40_noise0,149,9090149,V6,1,1,1,0,"[[""a"", ""p""]]",0.204
power,c40_noise0,149,9090149,V5,1,1,1,0,"[[""a"", ""p""]]",0.355
power,c40_noise0,150,9090150,V6,1,1,1,0,"[[""a"", ""p""]]",0.218
power,c40_noise0,150,9090150,V5,1,1,1,0,"[[""a"", ""p""]]",0.384
power,c40_noise0,151,9090151,V6,1,1,1,0,"[[""a"", ""p""]]",0.188
power,c40_noise0,151,9090151,V5,1,1,1,0,"[[""a"", ""p""]]",0.437
power,c40_noise0,152,9090152,V6,1,1,1,0,"[[""a"", ""p""]]",0.212
power,c40_noise0,152,9090152,V5,1,1,1,0,"[[""a"", ""p""]]",0.39
power,c40_noise0,153,9090153,V6,1,1,1,0,"[[""a"", ""p""]]",0.213
power,c40_noise0,153,9090153,V5,1,1,1,0,"[[""a"", ""p""]]",0.403
power,c40_noise0,154,9090154,V6,1,1,1,0,"[[""a"", ""p""]]",0.174
power,c40_noise0,154,9090154,V5,1,1,1,0,"[[""a"", ""p""]]",0.381
power,c40_noise0,155,9090155,V6,1,1,1,0,"[[""a"", ""p""]]",0.194
power,c40_noise0,155,9090155,V5,1,1,1,0,"[[""a"", ""p""]]",0.414
power,c40_noise0,156,9090156,V6,1,1,1,0,"[[""a"", ""p""]]",0.206
power,c40_noise0,156,9090156,V5,1,1,1,0,"[[""a"", ""p""]]",0.358
power,c40_noise0,157,9090157,V6,1,1,1,0,"[[""a"", ""p""]]",0.173
power,c40_noise0,157,9090157,V5,1,1,1,0,"[[""a"", ""p""]]",0.394
power,c40_noise0,158,9090158,V6,1,1,1,0,"[[""a"", ""p""]]",0.175
power,c40_noise0,158,9090158,V5,1,1,1,0,"[[""a"", ""p""]]",0.435
power,c40_noise0,159,9090159,V6,1,1,1,0,"[[""a"", ""p""]]",0.153
power,c40_noise0,159,9090159,V5,1,1,1,0,"[[""a"", ""p""]]",0.403
power,c40_noise0,160,9090160,V6,1,2,1,1,"[[""a"", ""p""], [""z2""]]",0.194
power,c40_noise0,160,9090160,V5,1,2,1,1,"[[""a"", ""p""], [""z2""]]",0.397
power,c40_noise0,161,9090161,V6,1,1,1,0,"[[""a"", ""p""]]",0.235
power,c40_noise0,161,9090161,V5,1,1,1,0,"[[""a"", ""p""]]",0.404
power,c40_noise0,162,9090162,V6,1,1,1,0,"[[""a"", ""p""]]",0.212
power,c40_noise0,162,9090162,V5,1,1,1,0,"[[""a"", ""p""]]",0.422
power,c40_noise0,163,9090163,V6,1,1,1,0,"[[""a"", ""p""]]",0.192
power,c40_noise0,163,9090163,V5,1,1,1,0,"[[""a"", ""p""]]",0.358
power,c40_noise0,164,9090164,V6,1,1,1,0,"[[""a"", ""p""]]",0.193
power,c40_noise0,164,9090164,V5,1,1,1,0,"[[""a"", ""p""]]",0.37
power,c40_noise0,165,9090165,V6,1,1,1,0,"[[""a"", ""p""]]",0.229
power,c40_noise0,165,9090165,V5,1,1,1,0,"[[""a"", ""p""]]",0.414
power,c40_noise0,166,9090166,V6,1,1,1,0,"[[""a"", ""p""]]",0.179
power,c40_noise0,166,9090166,V5,1,1,1,0,"[[""a"", ""p""]]",0.428
power,c40_noise0,167,9090167,V6,1,1,1,0,"[[""a"", ""p""]]",0.182
power,c40_noise0,167,9090167,V5,1,1,1,0,"[[""a"", ""p""]]",0.427
power,c40_noise0,168,9090168,V6,1,1,1,0,"[[""a"", ""p""]]",0.198
power,c40_noise0,168,9090168,V5,1,1,1,0,"[[""a"", ""p""]]",0.392
power,c40_noise0,169,9090169,V6,1,1,1,0,"[[""a"", ""p""]]",0.222
power,c40_noise0,169,9090169,V5,1,1,1,0,"[[""a"", ""p""]]",0.455
power,c40_noise0,170,9090170,V6,1,1,1,0,"[[""a"", ""p""]]",0.188
power,c40_noise0,170,9090170,V5,1,1,1,0,"[[""a"", ""p""]]",0.407
power,c40_noise0,171,9090171,V6,1,1,1,0,"[[""a"", ""p""]]",0.225
power,c40_noise0,171,9090171,V5,1,1,1,0,"[[""a"", ""p""]]",0.378
power,c40_noise0,172,9090172,V6,1,2,1,1,"[[""a"", ""p""], [""x4""]]",0.2
power,c40_noise0,172,9090172,V5,1,2,1,1,"[[""a"", ""p""], [""x4""]]",0.445
power,c40_noise0,173,9090173,V6,1,1,1,0,"[[""a"", ""p""]]",0.192
power,c40_noise0,173,9090173,V5,1,1,1,0,"[[""a"", ""p""]]",0.386
power,c40_noise0,174,9090174,V6,1,1,1,0,"[[""a"", ""p""]]",0.23
power,c40_noise0,174,9090174,V5,1,1,1,0,"[[""a"", ""p""]]",0.412
power,c40_noise0,175,9090175,V6,1,1,1,0,"[[""a"", ""p""]]",0.222
power,c40_noise0,175,9090175,V5,1,1,1,0,"[[""a"", ""p""]]",0.381
power,c40_noise0,176,9090176,V6,1,1,1,0,"[[""a"", ""p""]]",0.234
power,c40_noise0,176,9090176,V5,1,2,1,1,"[[""a"", ""p""], [""z1""]]",0.369
power,c40_noise0,177,9090177,V6,1,1,1,0,"[[""a"", ""p""]]",0.203
power,c40_noise0,177,9090177,V5,1,1,1,0,"[[""a"", ""p""]]",0.434
power,c40_noise0,178,9090178,V6,1,1,1,0,"[[""a"", ""p""]]",0.202
power,c40_noise0,178,9090178,V5,1,1,1,0,"[[""a"", ""p""]]",0.365
power,c40_noise0,179,9090179,V6,1,1,1,0,"[[""a"", ""p""]]",0.204
power,c40_noise0,179,9090179,V5,1,1,1,0,"[[""a"", ""p""]]",0.344
power,c40_noise0,180,9090180,V6,1,1,1,0,"[[""a"", ""p""]]",0.183
power,c40_noise0,180,9090180,V5,1,1,1,0,"[[""a"", ""p""]]",0.446
power,c40_noise0,181,9090181,V6,1,1,1,0,"[[""a"", ""p""]]",0.227
power,c40_noise0,181,9090181,V5,1,1,1,0,"[[""a"", ""p""]]",0.411
power,c40_noise0,182,9090182,V6,1,1,1,0,"[[""a"", ""p""]]",0.233
power,c40_noise0,182,9090182,V5,1,1,1,0,"[[""a"", ""p""]]",0.425
power,c40_noise0,183,9090183,V6,1,1,1,0,"[[""a"", ""p""]]",0.176
power,c40_noise0,183,9090183,V5,1,1,1,0,"[[""a"", ""p""]]",0.399
power,c40_noise0,184,9090184,V6,1,1,1,0,"[[""a"", ""p""]]",0.234
power,c40_noise0,184,9090184,V5,1,1,1,0,"[[""a"", ""p""]]",0.396
power,c40_noise0,185,9090185,V6,1,1,1,0,"[[""a"", ""p""]]",0.222
power,c40_noise0,185,9090185,V5,1,1,1,0,"[[""a"", ""p""]]",0.358
power,c40_noise0,186,9090186,V6,1,1,1,0,"[[""a"", ""p""]]",0.216
power,c40_noise0,186,9090186,V5,1,1,1,0,"[[""a"", ""p""]]",0.376
power,c40_noise0,187,9090187,V6,1,1,1,0,"[[""a"", ""p""]]",0.217
power,c40_noise0,187,9090187,V5,1,1,1,0,"[[""a"", ""p""]]",0.369
power,c40_noise0,188,9090188,V6,1,1,1,0,"[[""a"", ""p""]]",0.207
power,c40_noise0,188,9090188,V5,1,1,1,0,"[[""a"", ""p""]]",0.411
power,c40_noise0,189,9090189,V6,1,1,1,0,"[[""a"", ""p""]]",0.187
power,c40_noise0,189,9090189,V5,1,1,1,0,"[[""a"", ""p""]]",0.38
power,c40_noise0,190,9090190,V6,1,1,1,0,"[[""a"", ""p""]]",0.227
power,c40_noise0,190,9090190,V5,1,1,1,0,"[[""a"", ""p""]]",0.384
power,c40_noise0,191,9090191,V6,1,1,1,0,"[[""a"", ""p""]]",0.185
power,c40_noise0,191,9090191,V5,1,1,1,0,"[[""a"", ""p""]]",0.351
power,c40_noise0,192,9090192,V6,1,1,1,0,"[[""a"", ""p""]]",0.201
power,c40_noise0,192,9090192,V5,1,1,1,0,"[[""a"", ""p""]]",0.385
power,c40_noise0,193,9090193,V6,1,2,1,1,"[[""a"", ""p""], [""x3""]]",0.182
power,c40_noise0,193,9090193,V5,1,1,1,0,"[[""a"", ""p""]]",0.363
power,c40_noise0,194,9090194,V6,1,1,1,0,"[[""a"", ""p""]]",0.183
power,c40_noise0,194,9090194,V5,1,1,1,0,"[[""a"", ""p""]]",0.403
power,c40_noise0,195,9090195,V6,1,1,1,0,"[[""a"", ""p""]]",0.187
power,c40_noise0,195,9090195,V5,1,1,1,0,"[[""a"", ""p""]]",0.374
power,c40_noise0,196,9090196,V6,1,1,1,0,"[[""a"", ""p""]]",0.197
power,c40_noise0,196,9090196,V5,1,1,1,0,"[[""a"", ""p""]]",0.38
power,c40_noise0,197,9090197,V6,1,1,1,0,"[[""a"", ""p""]]",0.204
power,c40_noise0,197,9090197,V5,1,1,1,0,"[[""a"", ""p""]]",0.351
power,c40_noise0,198,9090198,V6,1,1,1,0,"[[""a"", ""p""]]",0.191
power,c40_noise0,198,9090198,V5,1,1,1,0,"[[""a"", ""p""]]",0.387
power,c40_noise0,199,9090199,V6,1,1,1,0,"[[""a"", ""p""]]",0.212
power,c40_noise0,199,9090199,V5,1,1,1,0,"[[""a"", ""p""]]",0.37
power,c40_noise0,200,9090200,V6,1,1,1,0,"[[""a"", ""p""]]",0.181
power,c40_noise0,200,9090200,V5,1,1,1,0,"[[""a"", ""p""]]",0.384
power,c40_noise0,201,9090201,V6,1,1,1,0,"[[""a"", ""p""]]",0.155
power,c40_noise0,201,9090201,V5,1,1,1,0,"[[""a"", ""p""]]",0.459
power,c40_noise0,202,9090202,V6,1,1,1,0,"[[""a"", ""p""]]",0.151
power,c40_noise0,202,9090202,V5,1,1,1,0,"[[""a"", ""p""]]",0.33
power,c40_noise0,203,9090203,V6,1,1,1,0,"[[""a"", ""p""]]",0.193
power,c40_noise0,203,9090203,V5,1,1,1,0,"[[""a"", ""p""]]",0.433
power,c40_noise0,204,9090204,V6,1,1,1,0,"[[""a"", ""p""]]",0.249
power,c40_noise0,204,9090204,V5,1,1,1,0,"[[""a"", ""p""]]",0.404
power,c40_noise0,205,9090205,V6,1,1,1,0,"[[""a"", ""p""]]",0.213
power,c40_noise0,205,9090205,V5,1,1,1,0,"[[""a"", ""p""]]",0.396
power,c40_noise0,206,9090206,V6,1,1,1,0,"[[""a"", ""p""]]",0.188
power,c40_noise0,206,9090206,V5,1,1,1,0,"[[""a"", ""p""]]",0.406
power,c40_noise0,207,9090207,V6,1,2,1,1,"[[""a"", ""p""], [""x1""]]",0.216
power,c40_noise0,207,9090207,V5,1,1,1,0,"[[""a"", ""p""]]",0.414
power,c40_noise0,208,9090208,V6,1,1,1,0,"[[""a"", ""p""]]",0.187
power,c40_noise0,208,9090208,V5,1,1,1,0,"[[""a"", ""p""]]",0.483
power,c40_noise0,209,9090209,V6,1,1,1,0,"[[""a"", ""p""]]",0.204
power,c40_noise0,209,9090209,V5,1,1,1,0,"[[""a"", ""p""]]",0.426
power,c40_noise0,210,9090210,V6,1,1,1,0,"[[""a"", ""p""]]",0.228
power,c40_noise0,210,9090210,V5,1,1,1,0,"[[""a"", ""p""]]",0.484
power,c40_noise0,211,9090211,V6,1,1,1,0,"[[""a"", ""p""]]",0.24
power,c40_noise0,211,9090211,V5,1,1,1,0,"[[""a"", ""p""]]",0.553
power,c40_noise0,212,9090212,V6,1,1,1,0,"[[""a"", ""p""]]",0.241
power,c40_noise0,212,9090212,V5,1,1,1,0,"[[""a"", ""p""]]",0.547
power,c40_noise0,213,9090213,V6,1,1,1,0,"[[""a"", ""p""]]",0.236
power,c40_noise0,213,9090213,V5,1,1,1,0,"[[""a"", ""p""]]",0.536
power,c40_noise0,214,9090214,V6,1,1,1,0,"[[""a"", ""p""]]",0.34
power,c40_noise0,214,9090214,V5,1,1,1,0,"[[""a"", ""p""]]",0.407
power,c40_noise0,215,9090215,V6,1,1,1,0,"[[""a"", ""p""]]",0.243
power,c40_noise0,215,9090215,V5,1,1,1,0,"[[""a"", ""p""]]",0.469
power,c40_noise0,216,9090216,V6,1,1,1,0,"[[""a"", ""p""]]",0.331
power,c40_noise0,216,9090216,V5,1,1,1,0,"[[""a"", ""p""]]",0.485
power,c40_noise0,217,9090217,V6,1,1,1,0,"[[""a"", ""p""]]",0.339
power,c40_noise0,217,9090217,V5,1,1,1,0,"[[""a"", ""p""]]",0.381
power,c40_noise0,218,9090218,V6,1,1,1,0,"[[""a"", ""p""]]",0.294
power,c40_noise0,218,9090218,V5,1,1,1,0,"[[""a"", ""p""]]",0.378
power,c40_noise0,219,9090219,V6,1,1,1,0,"[[""a"", ""p""]]",0.333
power,c40_noise0,219,9090219,V5,1,1,1,0,"[[""a"", ""p""]]",0.389
power,c40_noise0,220,9090220,V6,1,1,1,0,"[[""a"", ""p""]]",0.245
power,c40_noise0,220,9090220,V5,1,1,1,0,"[[""a"", ""p""]]",0.395
power,c40_noise0,221,9090221,V6,1,1,1,0,"[[""a"", ""p""]]",0.181
power,c40_noise0,221,9090221,V5,1,1,1,0,"[[""a"", ""p""]]",0.423
power,c40_noise0,222,9090222,V6,1,1,1,0,"[[""a"", ""p""]]",0.211
power,c40_noise0,222,9090222,V5,1,1,1,0,"[[""a"", ""p""]]",0.411
power,c40_noise0,223,9090223,V6,1,1,1,0,"[[""a"", ""p""]]",0.218
power,c40_noise0,223,9090223,V5,1,1,1,0,"[[""a"", ""p""]]",0.412
power,c40_noise0,224,9090224,V6,1,1,1,0,"[[""a"", ""p""]]",0.199
power,c40_noise0,224,9090224,V5,1,1,1,0,"[[""a"", ""p""]]",0.373
power,c40_noise0,225,9090225,V6,1,1,1,0,"[[""a"", ""p""]]",0.222
power,c40_noise0,225,9090225,V5,1,1,1,0,"[[""a"", ""p""]]",0.381
power,c40_noise0,226,9090226,V6,1,1,1,0,"[[""a"", ""p""]]",0.179
power,c40_noise0,226,9090226,V5,1,1,1,0,"[[""a"", ""p""]]",0.426
power,c40_noise0,227,9090227,V6,1,1,1,0,"[[""a"", ""p""]]",0.219
power,c40_noise0,227,9090227,V5,1,1,1,0,"[[""a"", ""p""]]",0.399
power,c40_noise0,228,9090228,V6,1,1,1,0,"[[""a"", ""p""]]",0.233
power,c40_noise0,228,9090228,V5,1,1,1,0,"[[""a"", ""p""]]",0.442
power,c40_noise0,229,9090229,V6,1,1,1,0,"[[""a"", ""p""]]",0.226
power,c40_noise0,229,9090229,V5,1,1,1,0,"[[""a"", ""p""]]",0.402
power,c40_noise0,230,9090230,V6,1,1,1,0,"[[""a"", ""p""]]",0.208
power,c40_noise0,230,9090230,V5,1,1,1,0,"[[""a"", ""p""]]",0.445
power,c40_noise0,231,9090231,V6,1,1,1,0,"[[""a"", ""p""]]",0.184
power,c40_noise0,231,9090231,V5,1,1,1,0,"[[""a"", ""p""]]",0.431
power,c40_noise0,232,9090232,V6,1,1,1,0,"[[""a"", ""p""]]",0.195
power,c40_noise0,232,9090232,V5,1,1,1,0,"[[""a"", ""p""]]",0.421
power,c40_noise0,233,9090233,V6,1,1,1,0,"[[""a"", ""p""]]",0.225
power,c40_noise0,233,9090233,V5,1,1,1,0,"[[""a"", ""p""]]",0.448
power,c40_noise0,234,9090234,V6,1,1,1,0,"[[""a"", ""p""]]",0.185
power,c40_noise0,234,9090234,V5,1,1,1,0,"[[""a"", ""p""]]",0.417
power,c40_noise0,235,9090235,V6,1,3,1,1,"[[""a"", ""p""], [""x1""], [""x2""]]",0.256
power,c40_noise0,235,9090235,V5,1,2,1,1,"[[""a"", ""p""], [""x1""]]",0.398
power,c40_noise0,236,9090236,V6,1,1,1,0,"[[""a"", ""p""]]",0.213
power,c40_noise0,236,9090236,V5,1,1,1,0,"[[""a"", ""p""]]",0.408
power,c40_noise0,237,9090237,V6,1,1,1,0,"[[""a"", ""p""]]",0.268
power,c40_noise0,237,9090237,V5,1,1,1,0,"[[""a"", ""p""]]",0.437
power,c40_noise0,238,9090238,V6,1,1,1,0,"[[""a"", ""p""]]",0.222
power,c40_noise0,238,9090238,V5,1,1,1,0,"[[""a"", ""p""]]",0.442
power,c40_noise0,239,9090239,V6,1,1,1,0,"[[""a"", ""p""]]",0.263
power,c40_noise0,239,9090239,V5,1,1,1,0,"[[""a"", ""p""]]",0.451
power,c40_noise0,240,9090240,V6,1,1,1,0,"[[""a"", ""p""]]",0.237
power,c40_noise0,240,9090240,V5,1,1,1,0,"[[""a"", ""p""]]",0.458
power,c40_noise0,241,9090241,V6,1,1,1,0,"[[""a"", ""p""]]",0.234
power,c40_noise0,241,9090241,V5,1,1,1,0,"[[""a"", ""p""]]",0.443
power,c40_noise0,242,9090242,V6,1,1,1,0,"[[""a"", ""p""]]",0.276
power,c40_noise0,242,9090242,V5,1,1,1,0,"[[""a"", ""p""]]",0.4
power,c40_noise0,243,9090243,V6,1,1,1,0,"[[""a"", ""p""]]",0.214
power,c40_noise0,243,9090243,V5,1,1,1,0,"[[""a"", ""p""]]",0.403
power,c40_noise0,244,9090244,V6,1,1,1,0,"[[""a"", ""p""]]",0.233
power,c40_noise0,244,9090244,V5,1,1,1,0,"[[""a"", ""p""]]",0.403
power,c40_noise0,245,9090245,V6,1,1,1,0,"[[""a"", ""p""]]",0.238
power,c40_noise0,245,9090245,V5,1,1,1,0,"[[""a"", ""p""]]",0.437
power,c40_noise0,246,9090246,V6,1,1,1,0,"[[""a"", ""p""]]",0.257
power,c40_noise0,246,9090246,V5,1,1,1,0,"[[""a"", ""p""]]",0.405
power,c40_noise0,247,9090247,V6,1,1,1,0,"[[""a"", ""p""]]",0.204
power,c40_noise0,247,9090247,V5,1,1,1,0,"[[""a"", ""p""]]",0.386
power,c40_noise0,248,9090248,V6,1,1,1,0,"[[""a"", ""p""]]",0.186
power,c40_noise0,248,9090248,V5,1,1,1,0,"[[""a"", ""p""]]",0.37
power,c40_noise0,249,9090249,V6,1,1,1,0,"[[""a"", ""p""]]",0.201
power,c40_noise0,249,9090249,V5,1,1,1,0,"[[""a"", ""p""]]",0.405
power,c40_noise0,250,9090250,V6,1,1,1,0,"[[""a"", ""p""]]",0.204
power,c40_noise0,250,9090250,V5,1,1,1,0,"[[""a"", ""p""]]",0.406
power,c40_noise0,251,9090251,V6,1,1,1,0,"[[""a"", ""p""]]",0.204
power,c40_noise0,251,9090251,V5,1,1,1,0,"[[""a"", ""p""]]",0.381
power,c40_noise0,252,9090252,V6,1,1,1,0,"[[""a"", ""p""]]",0.219
power,c40_noise0,252,9090252,V5,1,1,1,0,"[[""a"", ""p""]]",0.41
power,c40_noise0,253,9090253,V6,1,1,1,0,"[[""a"", ""p""]]",0.224
power,c40_noise0,253,9090253,V5,1,1,1,0,"[[""a"", ""p""]]",0.538
power,c40_noise0,254,9090254,V6,1,1,1,0,"[[""a"", ""p""]]",0.152
power,c40_noise0,254,9090254,V5,1,1,1,0,"[[""a"", ""p""]]",0.448
power,c40_noise0,255,9090255,V6,1,1,1,0,"[[""a"", ""p""]]",0.234
power,c40_noise0,255,9090255,V5,1,1,1,0,"[[""a"", ""p""]]",0.548
power,c40_noise0,256,9090256,V6,1,1,1,0,"[[""a"", ""p""]]",0.236
power,c40_noise0,256,9090256,V5,1,1,1,0,"[[""a"", ""p""]]",0.526
power,c40_noise0,257,9090257,V6,1,1,1,0,"[[""a"", ""p""]]",0.239
power,c40_noise0,257,9090257,V5,1,1,1,0,"[[""a"", ""p""]]",0.501
power,c40_noise0,258,9090258,V6,1,1,1,0,"[[""a"", ""p""]]",0.208
power,c40_noise0,258,9090258,V5,1,1,1,0,"[[""a"", ""p""]]",0.493
power,c40_noise0,259,9090259,V6,1,1,1,0,"[[""a"", ""p""]]",0.208
power,c40_noise0,259,9090259,V5,1,1,1,0,"[[""a"", ""p""]]",0.582
power,c40_noise0,260,9090260,V6,1,1,1,0,"[[""a"", ""p""]]",0.267
power,c40_noise0,260,9090260,V5,1,1,1,0,"[[""a"", ""p""]]",0.5
power,c40_noise0,261,9090261,V6,1,1,1,0,"[[""a"", ""p""]]",0.306
power,c40_noise0,261,9090261,V5,1,1,1,0,"[[""a"", ""p""]]",0.448
power,c40_noise0,262,9090262,V6,1,2,1,1,"[[""a"", ""p""], [""x5""]]",0.286
power,c40_noise0,262,9090262,V5,1,2,1,1,"[[""a"", ""p""], [""x5""]]",0.478
power,c40_noise0,263,9090263,V6,1,2,1,1,"[[""a"", ""p""], [""z5""]]",0.248
power,c40_noise0,263,9090263,V5,1,2,1,1,"[[""a"", ""p""], [""z5""]]",0.467
power,c40_noise0,264,9090264,V6,1,1,1,0,"[[""a"", ""p""]]",0.277
power,c40_noise0,264,9090264,V5,1,1,1,0,"[[""a"", ""p""]]",0.488
power,c40_noise0,265,9090265,V6,1,1,1,0,"[[""a"", ""p""]]",0.251
power,c40_noise0,265,9090265,V5,1,1,1,0,"[[""a"", ""p""]]",0.438
power,c40_noise0,266,9090266,V6,1,1,1,0,"[[""a"", ""p""]]",0.26
power,c40_noise0,266,9090266,V5,1,1,1,0,"[[""a"", ""p""]]",0.493
power,c40_noise0,267,9090267,V6,1,1,1,0,"[[""a"", ""p""]]",0.263
power,c40_noise0,267,9090267,V5,1,1,1,0,"[[""a"", ""p""]]",0.43
power,c40_noise0,268,9090268,V6,1,1,1,0,"[[""a"", ""p""]]",0.246
power,c40_noise0,268,9090268,V5,1,1,1,0,"[[""a"", ""p""]]",0.462
power,c40_noise0,269,9090269,V6,1,1,1,0,"[[""a"", ""p""]]",0.264
power,c40_noise0,269,9090269,V5,1,1,1,0,"[[""a"", ""p""]]",0.442
power,c40_noise0,270,9090270,V6,1,1,1,0,"[[""a"", ""p""]]",0.222
power,c40_noise0,270,9090270,V5,1,1,1,0,"[[""a"", ""p""]]",0.474
power,c40_noise0,271,9090271,V6,1,1,1,0,"[[""a"", ""p""]]",0.235
power,c40_noise0,271,9090271,V5,1,1,1,0,"[[""a"", ""p""]]",0.45
power,c40_noise0,272,9090272,V6,1,1,1,0,"[[""a"", ""p""]]",0.249
power,c40_noise0,272,9090272,V5,1,1,1,0,"[[""a"", ""p""]]",0.416
power,c40_noise0,273,9090273,V6,1,1,1,0,"[[""a"", ""p""]]",0.226
power,c40_noise0,273,9090273,V5,1,1,1,0,"[[""a"", ""p""]]",0.384
power,c40_noise0,274,9090274,V6,1,1,1,0,"[[""a"", ""p""]]",0.255
power,c40_noise0,274,9090274,V5,1,1,1,0,"[[""a"", ""p""]]",0.462
power,c40_noise0,275,9090275,V6,1,1,1,0,"[[""a"", ""p""]]",0.213
power,c40_noise0,275,9090275,V5,1,1,1,0,"[[""a"", ""p""]]",0.401
power,c40_noise0,276,9090276,V6,1,1,1,0,"[[""a"", ""p""]]",0.244
power,c40_noise0,276,9090276,V5,1,1,1,0,"[[""a"", ""p""]]",0.409
power,c40_noise0,277,9090277,V6,1,1,1,0,"[[""a"", ""p""]]",0.196
power,c40_noise0,277,9090277,V5,1,1,1,0,"[[""a"", ""p""]]",0.428
power,c40_noise0,278,9090278,V6,1,1,1,0,"[[""a"", ""p""]]",0.23
power,c40_noise0,278,9090278,V5,1,1,1,0,"[[""a"", ""p""]]",0.444
power,c40_noise0,279,9090279,V6,1,1,1,0,"[[""a"", ""p""]]",0.213
power,c40_noise0,279,9090279,V5,1,1,1,0,"[[""a"", ""p""]]",0.413
power,c40_noise0,280,9090280,V6,1,1,1,0,"[[""a"", ""p""]]",0.253
power,c40_noise0,280,9090280,V5,1,1,1,0,"[[""a"", ""p""]]",0.455
power,c40_noise0,281,9090281,V6,1,1,1,0,"[[""a"", ""p""]]",0.233
power,c40_noise0,281,9090281,V5,1,1,1,0,"[[""a"", ""p""]]",0.424
power,c40_noise0,282,9090282,V6,1,1,1,0,"[[""a"", ""p""]]",0.234
power,c40_noise0,282,9090282,V5,1,1,1,0,"[[""a"", ""p""]]",0.437
power,c40_noise0,283,9090283,V6,1,1,1,0,"[[""a"", ""p""]]",0.217
power,c40_noise0,283,9090283,V5,1,1,1,0,"[[""a"", ""p""]]",0.463
power,c40_noise0,284,9090284,V6,1,1,1,0,"[[""a"", ""p""]]",0.225
power,c40_noise0,284,9090284,V5,1,1,1,0,"[[""a"", ""p""]]",0.643
power,c40_noise0,285,9090285,V6,1,1,1,0,"[[""a"", ""p""]]",0.23
power,c40_noise0,285,9090285,V5,1,1,1,0,"[[""a"", ""p""]]",0.576
power,c40_noise0,286,9090286,V6,1,1,1,0,"[[""a"", ""p""]]",0.202
power,c40_noise0,286,9090286,V5,1,1,1,0,"[[""a"", ""p""]]",0.592
power,c40_noise0,287,9090287,V6,1,1,1,0,"[[""a"", ""p""]]",0.193
power,c40_noise0,287,9090287,V5,1,1,1,0,"[[""a"", ""p""]]",0.585
power,c40_noise0,288,9090288,V6,1,2,1,1,"[[""a"", ""p""], [""z4""]]",0.232
power,c40_noise0,288,9090288,V5,1,3,1,1,"[[""a"", ""p""], [""z4""], [""x2""]]",0.628
power,c40_noise0,289,9090289,V6,1,1,1,0,"[[""a"", ""p""]]",0.269
power,c40_noise0,289,9090289,V5,1,1,1,0,"[[""a"", ""p""]]",0.631
power,c40_noise0,290,9090290,V6,1,1,1,0,"[[""a"", ""p""]]",0.32
power,c40_noise0,290,9090290,V5,1,1,1,0,"[[""a"", ""p""]]",0.508
power,c40_noise0,291,9090291,V6,1,2,1,1,"[[""a"", ""p""], [""x2""]]",0.347
power,c40_noise0,291,9090291,V5,1,2,1,1,"[[""a"", ""p""], [""x2""]]",0.458
power,c40_noise0,292,9090292,V6,1,1,1,0,"[[""a"", ""p""]]",0.328
power,c40_noise0,292,9090292,V5,1,1,1,0,"[[""a"", ""p""]]",0.486
power,c40_noise0,293,9090293,V6,1,1,1,0,"[[""a"", ""p""]]",0.351
power,c40_noise0,293,9090293,V5,1,1,1,0,"[[""a"", ""p""]]",0.479
power,c40_noise0,294,9090294,V6,1,1,1,0,"[[""a"", ""p""]]",0.24
power,c40_noise0,294,9090294,V5,1,1,1,0,"[[""a"", ""p""]]",0.412
power,c40_noise0,295,9090295,V6,1,1,1,0,"[[""a"", ""p""]]",0.242
power,c40_noise0,295,9090295,V5,1,1,1,0,"[[""a"", ""p""]]",0.433
power,c40_noise0,296,9090296,V6,1,1,1,0,"[[""a"", ""p""]]",0.23
power,c40_noise0,296,9090296,V5,1,1,1,0,"[[""a"", ""p""]]",0.448
power,c40_noise0,297,9090297,V6,1,1,1,0,"[[""a"", ""p""]]",0.198
power,c40_noise0,297,9090297,V5,1,1,1,0,"[[""a"", ""p""]]",0.403
power,c40_noise0,298,9090298,V6,1,1,1,0,"[[""a"", ""p""]]",0.241
power,c40_noise0,298,9090298,V5,1,1,1,0,"[[""a"", ""p""]]",0.389
power,c40_noise0,299,9090299,V6,1,1,1,0,"[[""a"", ""p""]]",0.158
power,c40_noise0,299,9090299,V5,1,1,1,0,"[[""a"", ""p""]]",0.39
power,c40_noise0,300,9090300,V6,1,1,1,0,"[[""a"", ""p""]]",0.168
power,c40_noise0,300,9090300,V5,1,1,1,0,"[[""a"", ""p""]]",0.436
power,c40_noise0,301,9090301,V6,1,1,1,0,"[[""a"", ""p""]]",0.211
power,c40_noise0,301,9090301,V5,1,1,1,0,"[[""a"", ""p""]]",0.446
power,c40_noise0,302,9090302,V6,1,1,1,0,"[[""a"", ""p""]]",0.205
power,c40_noise0,302,9090302,V5,1,1,1,0,"[[""a"", ""p""]]",0.44
power,c40_noise0,303,9090303,V6,1,1,1,0,"[[""a"", ""p""]]",0.206
power,c40_noise0,303,9090303,V5,1,1,1,0,"[[""a"", ""p""]]",0.431
power,c40_noise0,304,9090304,V6,1,1,1,0,"[[""a"", ""p""]]",0.213
power,c40_noise0,304,9090304,V5,1,1,1,0,"[[""a"", ""p""]]",0.431
power,c40_noise0,305,9090305,V6,1,1,1,0,"[[""a"", ""p""]]",0.237
power,c40_noise0,305,9090305,V5,1,1,1,0,"[[""a"", ""p""]]",0.415
power,c40_noise0,306,9090306,V6,1,1,1,0,"[[""a"", ""p""]]",0.205
power,c40_noise0,306,9090306,V5,1,1,1,0,"[[""a"", ""p""]]",0.367
power,c40_noise0,307,9090307,V6,1,2,1,1,"[[""a"", ""p""], [""z2""]]",0.216
power,c40_noise0,307,9090307,V5,1,1,1,0,"[[""a"", ""p""]]",0.403
power,c40_noise0,308,9090308,V6,1,1,1,0,"[[""a"", ""p""]]",0.239
power,c40_noise0,308,9090308,V5,1,1,1,0,"[[""a"", ""p""]]",0.412
power,c40_noise0,309,9090309,V6,1,1,1,0,"[[""a"", ""p""]]",0.231
power,c40_noise0,309,9090309,V5,1,1,1,0,"[[""a"", ""p""]]",0.419
power,c40_noise0,310,9090310,V6,1,1,1,0,"[[""a"", ""p""]]",0.213
power,c40_noise0,310,9090310,V5,1,1,1,0,"[[""a"", ""p""]]",0.413
power,c40_noise0,311,9090311,V6,1,1,1,0,"[[""a"", ""p""]]",0.239
power,c40_noise0,311,9090311,V5,1,1,1,0,"[[""a"", ""p""]]",0.467
power,c40_noise0,312,9090312,V6,1,1,1,0,"[[""a"", ""p""]]",0.212
power,c40_noise0,312,9090312,V5,1,1,1,0,"[[""a"", ""p""]]",0.407
power,c40_noise0,313,9090313,V6,1,1,1,0,"[[""a"", ""p""]]",0.193
power,c40_noise0,313,9090313,V5,1,2,1,1,"[[""a"", ""p""], [""z1""]]",0.476
power,c40_noise0,314,9090314,V6,1,1,1,0,"[[""a"", ""p""]]",0.212
power,c40_noise0,314,9090314,V5,1,1,1,0,"[[""a"", ""p""]]",0.45
power,c40_noise0,315,9090315,V6,1,1,1,0,"[[""a"", ""p""]]",0.237
power,c40_noise0,315,9090315,V5,1,1,1,0,"[[""a"", ""p""]]",0.459
power,c40_noise0,316,9090316,V6,1,1,1,0,"[[""a"", ""p""]]",0.194
power,c40_noise0,316,9090316,V5,1,1,1,0,"[[""a"", ""p""]]",0.412
power,c40_noise0,317,9090317,V6,1,1,1,0,"[[""a"", ""p""]]",0.201
power,c40_noise0,317,9090317,V5,1,1,1,0,"[[""a"", ""p""]]",0.454
power,c40_noise0,318,9090318,V6,1,1,1,0,"[[""a"", ""p""]]",0.217
power,c40_noise0,318,9090318,V5,1,1,1,0,"[[""a"", ""p""]]",0.444
power,c40_noise0,319,9090319,V6,1,1,1,0,"[[""a"", ""p""]]",0.208
power,c40_noise0,319,9090319,V5,1,1,1,0,"[[""a"", ""p""]]",0.446
power,c40_noise0,320,9090320,V6,1,1,1,0,"[[""a"", ""p""]]",0.259
power,c40_noise0,320,9090320,V5,1,1,1,0,"[[""a"", ""p""]]",0.422
power,c40_noise0,321,9090321,V6,1,1,1,0,"[[""a"", ""p""]]",0.234
power,c40_noise0,321,9090321,V5,1,1,1,0,"[[""a"", ""p""]]",0.462
power,c40_noise0,322,9090322,V6,1,1,1,0,"[[""a"", ""p""]]",0.259
power,c40_noise0,322,9090322,V5,1,1,1,0,"[[""a"", ""p""]]",0.355
power,c40_noise0,323,9090323,V6,1,1,1,0,"[[""a"", ""p""]]",0.24
power,c40_noise0,323,9090323,V5,1,1,1,0,"[[""a"", ""p""]]",0.478
power,c40_noise0,324,9090324,V6,1,1,1,0,"[[""a"", ""p""]]",0.255
power,c40_noise0,324,9090324,V5,1,1,1,0,"[[""a"", ""p""]]",0.403
power,c40_noise0,325,9090325,V6,1,1,1,0,"[[""a"", ""p""]]",0.197
power,c40_noise0,325,9090325,V5,1,1,1,0,"[[""a"", ""p""]]",0.44
power,c40_noise0,326,9090326,V6,1,1,1,0,"[[""a"", ""p""]]",0.194
power,c40_noise0,326,9090326,V5,1,1,1,0,"[[""a"", ""p""]]",0.43
power,c40_noise0,327,9090327,V6,1,1,1,0,"[[""a"", ""p""]]",0.232
power,c40_noise0,327,9090327,V5,1,1,1,0,"[[""a"", ""p""]]",0.412
power,c40_noise0,328,9090328,V6,1,1,1,0,"[[""a"", ""p""]]",0.194
power,c40_noise0,328,9090328,V5,1,1,1,0,"[[""a"", ""p""]]",0.45
power,c40_noise0,329,9090329,V6,1,1,1,0,"[[""a"", ""p""]]",0.195
power,c40_noise0,329,9090329,V5,1,1,1,0,"[[""a"", ""p""]]",0.401
power,c40_noise0,330,9090330,V6,1,1,1,0,"[[""a"", ""p""]]",0.237
power,c40_noise0,330,9090330,V5,1,1,1,0,"[[""a"", ""p""]]",0.394
power,c40_noise0,331,9090331,V6,1,1,1,0,"[[""a"", ""p""]]",0.239
power,c40_noise0,331,9090331,V5,1,1,1,0,"[[""a"", ""p""]]",0.368
power,c40_noise0,332,9090332,V6,1,1,1,0,"[[""a"", ""p""]]",0.246
power,c40_noise0,332,9090332,V5,1,1,1,0,"[[""a"", ""p""]]",0.423
power,c40_noise0,333,9090333,V6,1,1,1,0,"[[""a"", ""p""]]",0.16
power,c40_noise0,333,9090333,V5,1,1,1,0,"[[""a"", ""p""]]",0.429
power,c40_noise0,334,9090334,V6,1,1,1,0,"[[""a"", ""p""]]",0.23
power,c40_noise0,334,9090334,V5,1,1,1,0,"[[""a"", ""p""]]",0.415
power,c40_noise0,335,9090335,V6,1,1,1,0,"[[""a"", ""p""]]",0.22
power,c40_noise0,335,9090335,V5,1,1,1,0,"[[""a"", ""p""]]",0.414
power,c40_noise0,336,9090336,V6,1,1,1,0,"[[""a"", ""p""]]",0.165
power,c40_noise0,336,9090336,V5,1,1,1,0,"[[""a"", ""p""]]",0.394
power,c40_noise0,337,9090337,V6,1,1,1,0,"[[""a"", ""p""]]",0.232
power,c40_noise0,337,9090337,V5,1,1,1,0,"[[""a"", ""p""]]",0.444
power,c40_noise0,338,9090338,V6,1,1,1,0,"[[""a"", ""p""]]",0.181
power,c40_noise0,338,9090338,V5,1,1,1,0,"[[""a"", ""p""]]",0.377
power,c40_noise0,339,9090339,V6,1,1,1,0,"[[""a"", ""p""]]",0.25
power,c40_noise0,339,9090339,V5,1,1,1,0,"[[""a"", ""p""]]",0.359
power,c40_noise0,340,9090340,V6,1,1,1,0,"[[""a"", ""p""]]",0.196
power,c40_noise0,340,9090340,V5,1,1,1,0,"[[""a"", ""p""]]",0.37
power,c40_noise0,341,9090341,V6,1,1,1,0,"[[""a"", ""p""]]",0.181
power,c40_noise0,341,9090341,V5,1,1,1,0,"[[""a"", ""p""]]",0.377
power,c40_noise0,342,9090342,V6,1,1,1,0,"[[""a"", ""p""]]",0.197
power,c40_noise0,342,9090342,V5,1,1,1,0,"[[""a"", ""p""]]",0.439
power,c40_noise0,343,9090343,V6,1,1,1,0,"[[""a"", ""p""]]",0.157
power,c40_noise0,343,9090343,V5,1,1,1,0,"[[""a"", ""p""]]",0.388
power,c40_noise0,344,9090344,V6,1,1,1,0,"[[""a"", ""p""]]",0.229
power,c40_noise0,344,9090344,V5,1,1,1,0,"[[""a"", ""p""]]",0.452
power,c40_noise0,345,9090345,V6,1,1,1,0,"[[""a"", ""p""]]",0.176
power,c40_noise0,345,9090345,V5,1,1,1,0,"[[""a"", ""p""]]",0.438
power,c40_noise0,346,9090346,V6,1,1,1,0,"[[""a"", ""p""]]",0.203
power,c40_noise0,346,9090346,V5,1,1,1,0,"[[""a"", ""p""]]",0.461
power,c40_noise0,347,9090347,V6,1,1,1,0,"[[""a"", ""p""]]",0.217
power,c40_noise0,347,9090347,V5,1,1,1,0,"[[""a"", ""p""]]",0.444
power,c40_noise0,348,9090348,V6,1,1,1,0,"[[""a"", ""p""]]",0.202
power,c40_noise0,348,9090348,V5,1,1,1,0,"[[""a"", ""p""]]",0.467
power,c40_noise0,349,9090349,V6,1,1,1,0,"[[""a"", ""p""]]",0.199
power,c40_noise0,349,9090349,V5,1,1,1,0,"[[""a"", ""p""]]",0.445
power,c40_noise0,350,9090350,V6,1,1,1,0,"[[""a"", ""p""]]",0.234
power,c40_noise0,350,9090350,V5,1,1,1,0,"[[""a"", ""p""]]",0.458
power,c40_noise0,351,9090351,V6,1,1,1,0,"[[""a"", ""p""]]",0.218
power,c40_noise0,351,9090351,V5,1,1,1,0,"[[""a"", ""p""]]",0.436
power,c40_noise0,352,9090352,V6,1,1,1,0,"[[""a"", ""p""]]",0.203
power,c40_noise0,352,9090352,V5,1,1,1,0,"[[""a"", ""p""]]",0.425
power,c40_noise0,353,9090353,V6,1,1,1,0,"[[""a"", ""p""]]",0.202
power,c40_noise0,353,9090353,V5,1,1,1,0,"[[""a"", ""p""]]",0.468
power,c40_noise0,354,9090354,V6,1,1,1,0,"[[""a"", ""p""]]",0.258
power,c40_noise0,354,9090354,V5,1,1,1,0,"[[""a"", ""p""]]",0.452
power,c40_noise0,355,9090355,V6,1,1,1,0,"[[""a"", ""p""]]",0.272
power,c40_noise0,355,9090355,V5,1,1,1,0,"[[""a"", ""p""]]",0.418
power,c40_noise0,356,9090356,V6,1,1,1,0,"[[""a"", ""p""]]",0.214
power,c40_noise0,356,9090356,V5,1,1,1,0,"[[""a"", ""p""]]",0.464
power,c40_noise0,357,9090357,V6,1,1,1,0,"[[""a"", ""p""]]",0.205
power,c40_noise0,357,9090357,V5,1,1,1,0,"[[""a"", ""p""]]",0.434
power,c40_noise0,358,9090358,V6,1,2,1,1,"[[""a"", ""p""], [""z1""]]",0.239
power,c40_noise0,358,9090358,V5,1,2,1,1,"[[""a"", ""p""], [""z1""]]",0.469
power,c40_noise0,359,9090359,V6,1,1,1,0,"[[""a"", ""p""]]",0.241
power,c40_noise0,359,9090359,V5,1,1,1,0,"[[""a"", ""p""]]",0.472
power,c40_noise0,360,9090360,V6,1,1,1,0,"[[""a"", ""p""]]",0.241
power,c40_noise0,360,9090360,V5,1,1,1,0,"[[""a"", ""p""]]",0.497
power,c40_noise0,361,9090361,V6,1,1,1,0,"[[""a"", ""p""]]",0.195
power,c40_noise0,361,9090361,V5,1,1,1,0,"[[""a"", ""p""]]",0.541
power,c40_noise0,362,9090362,V6,1,1,1,0,"[[""a"", ""p""]]",0.267
power,c40_noise0,362,9090362,V5,1,1,1,0,"[[""a"", ""p""]]",0.568
power,c40_noise0,363,9090363,V6,1,1,1,0,"[[""a"", ""p""]]",0.251
power,c40_noise0,363,9090363,V5,1,1,1,0,"[[""a"", ""p""]]",0.57
power,c40_noise0,364,9090364,V6,1,1,1,0,"[[""a"", ""p""]]",0.244
power,c40_noise0,364,9090364,V5,1,1,1,0,"[[""a"", ""p""]]",0.56
power,c40_noise0,365,9090365,V6,1,2,1,1,"[[""a"", ""p""], [""x1""]]",0.291
power,c40_noise0,365,9090365,V5,1,2,1,1,"[[""a"", ""p""], [""x1""]]",0.519
power,c40_noise0,366,9090366,V6,1,1,1,0,"[[""a"", ""p""]]",0.273
power,c40_noise0,366,9090366,V5,1,1,1,0,"[[""a"", ""p""]]",0.548
power,c40_noise0,367,9090367,V6,1,1,1,0,"[[""a"", ""p""]]",0.323
power,c40_noise0,367,9090367,V5,1,1,1,0,"[[""a"", ""p""]]",0.48
power,c40_noise0,368,9090368,V6,1,1,1,0,"[[""a"", ""p""]]",0.298
power,c40_noise0,368,9090368,V5,1,1,1,0,"[[""a"", ""p""]]",0.489
power,c40_noise0,369,9090369,V6,1,1,1,0,"[[""a"", ""p""]]",0.296
power,c40_noise0,369,9090369,V5,1,1,1,0,"[[""a"", ""p""]]",0.509
power,c40_noise0,370,9090370,V6,1,1,1,0,"[[""a"", ""p""]]",0.259
power,c40_noise0,370,9090370,V5,1,1,1,0,"[[""a"", ""p""]]",0.478
power,c40_noise0,371,9090371,V6,1,1,1,0,"[[""a"", ""p""]]",0.283
power,c40_noise0,371,9090371,V5,1,1,1,0,"[[""a"", ""p""]]",0.492
power,c40_noise0,372,9090372,V6,1,1,1,0,"[[""a"", ""p""]]",0.241
power,c40_noise0,372,9090372,V5,1,1,1,0,"[[""a"", ""p""]]",0.421
power,c40_noise0,373,9090373,V6,1,1,1,0,"[[""a"", ""p""]]",0.224
power,c40_noise0,373,9090373,V5,1,1,1,0,"[[""a"", ""p""]]",0.372
power,c40_noise0,374,9090374,V6,1,1,1,0,"[[""a"", ""p""]]",0.25
power,c40_noise0,374,9090374,V5,1,1,1,0,"[[""a"", ""p""]]",0.366
power,c40_noise0,375,9090375,V6,1,1,1,0,"[[""a"", ""p""]]",0.251
power,c40_noise0,375,9090375,V5,1,1,1,0,"[[""a"", ""p""]]",0.447
power,c40_noise0,376,9090376,V6,1,1,1,0,"[[""a"", ""p""]]",0.224
power,c40_noise0,376,9090376,V5,1,1,1,0,"[[""a"", ""p""]]",0.425
power,c40_noise0,377,9090377,V6,1,1,1,0,"[[""a"", ""p""]]",0.176
power,c40_noise0,377,9090377,V5,1,1,1,0,"[[""a"", ""p""]]",0.405
power,c40_noise0,378,9090378,V6,1,1,1,0,"[[""a"", ""p""]]",0.248
power,c40_noise0,378,9090378,V5,1,1,1,0,"[[""a"", ""p""]]",0.371
power,c40_noise0,379,9090379,V6,1,1,1,0,"[[""a"", ""p""]]",0.21
power,c40_noise0,379,9090379,V5,1,1,1,0,"[[""a"", ""p""]]",0.384
power,c40_noise0,380,9090380,V6,1,1,1,0,"[[""a"", ""p""]]",0.255
power,c40_noise0,380,9090380,V5,1,1,1,0,"[[""a"", ""p""]]",0.396
power,c40_noise0,381,9090381,V6,1,1,1,0,"[[""a"", ""p""]]",0.22
power,c40_noise0,381,9090381,V5,1,1,1,0,"[[""a"", ""p""]]",0.373
power,c40_noise0,382,9090382,V6,1,1,1,0,"[[""a"", ""p""]]",0.207
power,c40_noise0,382,9090382,V5,1,1,1,0,"[[""a"", ""p""]]",0.345
power,c40_noise0,383,9090383,V6,1,1,1,0,"[[""a"", ""p""]]",0.193
power,c40_noise0,383,9090383,V5,1,1,1,0,"[[""a"", ""p""]]",0.392
power,c40_noise0,384,9090384,V6,1,1,1,0,"[[""a"", ""p""]]",0.155
power,c40_noise0,384,9090384,V5,1,1,1,0,"[[""a"", ""p""]]",0.391
power,c40_noise0,385,9090385,V6,1,1,1,0,"[[""a"", ""p""]]",0.195
power,c40_noise0,385,9090385,V5,1,1,1,0,"[[""a"", ""p""]]",0.441
power,c40_noise0,386,9090386,V6,1,1,1,0,"[[""a"", ""p""]]",0.192
power,c40_noise0,386,9090386,V5,1,2,1,1,"[[""a"", ""p""], [""x5""]]",0.391
power,c40_noise0,387,9090387,V6,1,1,1,0,"[[""a"", ""p""]]",0.197
power,c40_noise0,387,9090387,V5,1,1,1,0,"[[""a"", ""p""]]",0.389
power,c40_noise0,388,9090388,V6,1,1,1,0,"[[""a"", ""p""]]",0.183
power,c40_noise0,388,9090388,V5,1,1,1,0,"[[""a"", ""p""]]",0.387
power,c40_noise0,389,9090389,V6,0,0,0,0,[],0.2
power,c40_noise0,389,9090389,V5,1,1,1,0,"[[""a"", ""p""]]",0.372
power,c40_noise0,390,9090390,V6,1,1,1,0,"[[""a"", ""p""]]",0.192
power,c40_noise0,390,9090390,V5,1,1,1,0,"[[""a"", ""p""]]",0.408
power,c40_noise0,391,9090391,V6,1,2,1,1,"[[""a"", ""p""], [""z5""]]",0.173
power,c40_noise0,391,9090391,V5,1,2,1,1,"[[""a"", ""p""], [""z5""]]",0.487
power,c40_noise0,392,9090392,V6,1,1,1,0,"[[""a"", ""p""]]",0.178
power,c40_noise0,392,9090392,V5,1,1,1,0,"[[""a"", ""p""]]",0.343
power,c40_noise0,393,9090393,V6,1,1,1,0,"[[""a"", ""p""]]",0.183
power,c40_noise0,393,9090393,V5,1,1,1,0,"[[""a"", ""p""]]",0.418
power,c40_noise0,394,9090394,V6,1,1,1,0,"[[""a"", ""p""]]",0.219
power,c40_noise0,394,9090394,V5,1,1,1,0,"[[""a"", ""p""]]",0.432
power,c40_noise0,395,9090395,V6,1,1,1,0,"[[""a"", ""p""]]",0.212
power,c40_noise0,395,9090395,V5,1,1,1,0,"[[""a"", ""p""]]",0.361
power,c40_noise0,396,9090396,V6,1,1,1,0,"[[""a"", ""p""]]",0.236
power,c40_noise0,396,9090396,V5,1,1,1,0,"[[""a"", ""p""]]",0.431
power,c40_noise0,397,9090397,V6,1,1,1,0,"[[""a"", ""p""]]",0.181
power,c40_noise0,397,9090397,V5,1,1,1,0,"[[""a"", ""p""]]",0.347
power,c40_noise0,398,9090398,V6,1,1,1,0,"[[""a"", ""p""]]",0.207
power,c40_noise0,398,9090398,V5,1,1,1,0,"[[""a"", ""p""]]",0.423
power,c40_noise0,399,9090399,V6,1,1,1,0,"[[""a"", ""p""]]",0.211
power,c40_noise0,399,9090399,V5,1,1,1,0,"[[""a"", ""p""]]",0.404
power,c40_noise0,400,9090400,V6,1,1,1,0,"[[""a"", ""p""]]",0.2
power,c40_noise0,400,9090400,V5,1,1,1,0,"[[""a"", ""p""]]",0.41
power,c40_noise0,401,9090401,V6,1,1,1,0,"[[""a"", ""p""]]",0.198
power,c40_noise0,401,9090401,V5,1,1,1,0,"[[""a"", ""p""]]",0.349
power,c40_noise0,402,9090402,V6,1,1,1,0,"[[""a"", ""p""]]",0.169
power,c40_noise0,402,9090402,V5,1,1,1,0,"[[""a"", ""p""]]",0.362
power,c40_noise0,403,9090403,V6,1,1,1,0,"[[""a"", ""p""]]",0.194
power,c40_noise0,403,9090403,V5,1,1,1,0,"[[""a"", ""p""]]",0.372
power,c40_noise0,404,9090404,V6,1,1,1,0,"[[""a"", ""p""]]",0.182
power,c40_noise0,404,9090404,V5,1,1,1,0,"[[""a"", ""p""]]",0.351
power,c40_noise0,405,9090405,V6,1,1,1,0,"[[""a"", ""p""]]",0.167
power,c40_noise0,405,9090405,V5,1,1,1,0,"[[""a"", ""p""]]",0.423
power,c40_noise0,406,9090406,V6,1,1,1,0,"[[""a"", ""p""]]",0.194
power,c40_noise0,406,9090406,V5,1,1,1,0,"[[""a"", ""p""]]",0.399
power,c40_noise0,407,9090407,V6,1,1,1,0,"[[""a"", ""p""]]",0.149
power,c40_noise0,407,9090407,V5,1,1,1,0,"[[""a"", ""p""]]",0.429
power,c40_noise0,408,9090408,V6,1,1,1,0,"[[""a"", ""p""]]",0.222
power,c40_noise0,408,9090408,V5,1,1,1,0,"[[""a"", ""p""]]",0.4
power,c40_noise0,409,9090409,V6,1,1,1,0,"[[""a"", ""p""]]",0.207
power,c40_noise0,409,9090409,V5,1,1,1,0,"[[""a"", ""p""]]",0.419
power,c40_noise0,410,9090410,V6,1,1,1,0,"[[""a"", ""p""]]",0.19
power,c40_noise0,410,9090410,V5,1,1,1,0,"[[""a"", ""p""]]",0.413
power,c40_noise0,411,9090411,V6,1,1,1,0,"[[""a"", ""p""]]",0.192
power,c40_noise0,411,9090411,V5,1,1,1,0,"[[""a"", ""p""]]",0.456
power,c40_noise0,412,9090412,V6,1,1,1,0,"[[""a"", ""p""]]",0.206
power,c40_noise0,412,9090412,V5,1,1,1,0,"[[""a"", ""p""]]",0.405
power,c40_noise0,413,9090413,V6,1,1,1,0,"[[""a"", ""p""]]",0.189
power,c40_noise0,413,9090413,V5,1,1,1,0,"[[""a"", ""p""]]",0.42
power,c40_noise0,414,9090414,V6,1,1,1,0,"[[""a"", ""p""]]",0.195
power,c40_noise0,414,9090414,V5,1,1,1,0,"[[""a"", ""p""]]",0.393
power,c40_noise0,415,9090415,V6,1,1,1,0,"[[""a"", ""p""]]",0.231
power,c40_noise0,415,9090415,V5,1,1,1,0,"[[""a"", ""p""]]",0.448
power,c40_noise0,416,9090416,V6,1,1,1,0,"[[""a"", ""p""]]",0.235
power,c40_noise0,416,9090416,V5,1,1,1,0,"[[""a"", ""p""]]",0.415
power,c40_noise0,417,9090417,V6,1,1,1,0,"[[""a"", ""p""]]",0.18
power,c40_noise0,417,9090417,V5,1,1,1,0,"[[""a"", ""p""]]",0.404
power,c40_noise0,418,9090418,V6,1,1,1,0,"[[""a"", ""p""]]",0.22
power,c40_noise0,418,9090418,V5,1,1,1,0,"[[""a"", ""p""]]",0.447
power,c40_noise0,419,9090419,V6,1,1,1,0,"[[""a"", ""p""]]",0.23
power,c40_noise0,419,9090419,V5,1,1,1,0,"[[""a"", ""p""]]",0.427
power,c40_noise0,420,9090420,V6,1,1,1,0,"[[""a"", ""p""]]",0.195
power,c40_noise0,420,9090420,V5,1,1,1,0,"[[""a"", ""p""]]",0.4
power,c40_noise0,421,9090421,V6,1,1,1,0,"[[""a"", ""p""]]",0.168
power,c40_noise0,421,9090421,V5,1,1,1,0,"[[""a"", ""p""]]",0.372
power,c40_noise0,422,9090422,V6,1,1,1,0,"[[""a"", ""p""]]",0.237
power,c40_noise0,422,9090422,V5,1,1,1,0,"[[""a"", ""p""]]",0.436
power,c40_noise0,423,9090423,V6,1,1,1,0,"[[""a"", ""p""]]",0.219
power,c40_noise0,423,9090423,V5,1,1,1,0,"[[""a"", ""p""]]",0.392
power,c40_noise0,424,9090424,V6,1,1,1,0,"[[""a"", ""p""]]",0.177
power,c40_noise0,424,9090424,V5,1,1,1,0,"[[""a"", ""p""]]",0.41
power,c40_noise0,425,9090425,V6,1,1,1,0,"[[""a"", ""p""]]",0.19
power,c40_noise0,425,9090425,V5,1,1,1,0,"[[""a"", ""p""]]",0.348
power,c40_noise0,426,9090426,V6,1,1,1,0,"[[""a"", ""p""]]",0.226
power,c40_noise0,426,9090426,V5,1,1,1,0,"[[""a"", ""p""]]",0.394
power,c40_noise0,427,9090427,V6,1,1,1,0,"[[""a"", ""p""]]",0.185
power,c40_noise0,427,9090427,V5,1,1,1,0,"[[""a"", ""p""]]",0.44
power,c40_noise0,428,9090428,V6,1,1,1,0,"[[""a"", ""p""]]",0.197
power,c40_noise0,428,9090428,V5,1,1,1,0,"[[""a"", ""p""]]",0.407
power,c40_noise0,429,9090429,V6,1,1,1,0,"[[""a"", ""p""]]",0.202
power,c40_noise0,429,9090429,V5,1,1,1,0,"[[""a"", ""p""]]",0.372
power,c40_noise0,430,9090430,V6,1,1,1,0,"[[""a"", ""p""]]",0.213
power,c40_noise0,430,9090430,V5,1,1,1,0,"[[""a"", ""p""]]",0.408
power,c40_noise0,431,9090431,V6,1,1,1,0,"[[""a"", ""p""]]",0.228
power,c40_noise0,431,9090431,V5,1,1,1,0,"[[""a"", ""p""]]",0.412
power,c40_noise0,432,9090432,V6,1,1,1,0,"[[""a"", ""p""]]",0.192
power,c40_noise0,432,9090432,V5,1,1,1,0,"[[""a"", ""p""]]",0.366
power,c40_noise0,433,9090433,V6,1,1,1,0,"[[""a"", ""p""]]",0.172
power,c40_noise0,433,9090433,V5,1,1,1,0,"[[""a"", ""p""]]",0.354
power,c40_noise0,434,9090434,V6,1,1,1,0,"[[""a"", ""p""]]",0.196
power,c40_noise0,434,9090434,V5,1,1,1,0,"[[""a"", ""p""]]",0.407
power,c40_noise0,435,9090435,V6,1,1,1,0,"[[""a"", ""p""]]",0.208
power,c40_noise0,435,9090435,V5,1,1,1,0,"[[""a"", ""p""]]",0.41
power,c40_noise0,436,9090436,V6,1,1,1,0,"[[""a"", ""p""]]",0.223
power,c40_noise0,436,9090436,V5,1,1,1,0,"[[""a"", ""p""]]",0.387
power,c40_noise0,437,9090437,V6,1,1,1,0,"[[""a"", ""p""]]",0.191
power,c40_noise0,437,9090437,V5,1,1,1,0,"[[""a"", ""p""]]",0.394
power,c40_noise0,438,9090438,V6,1,1,1,0,"[[""a"", ""p""]]",0.208
power,c40_noise0,438,9090438,V5,1,1,1,0,"[[""a"", ""p""]]",0.381
power,c40_noise0,439,9090439,V6,1,1,1,0,"[[""a"", ""p""]]",0.156
power,c40_noise0,439,9090439,V5,1,1,1,0,"[[""a"", ""p""]]",0.39
power,c40_noise0,440,9090440,V6,1,1,1,0,"[[""a"", ""p""]]",0.178
power,c40_noise0,440,9090440,V5,1,1,1,0,"[[""a"", ""p""]]",0.397
power,c40_noise0,441,9090441,V6,1,1,1,0,"[[""a"", ""p""]]",0.202
power,c40_noise0,441,9090441,V5,1,1,1,0,"[[""a"", ""p""]]",0.333
power,c40_noise0,442,9090442,V6,1,1,1,0,"[[""a"", ""p""]]",0.189
power,c40_noise0,442,9090442,V5,1,1,1,0,"[[""a"", ""p""]]",0.388
power,c40_noise0,443,9090443,V6,1,1,1,0,"[[""a"", ""p""]]",0.217
power,c40_noise0,443,9090443,V5,1,1,1,0,"[[""a"", ""p""]]",0.363
power,c40_noise0,444,9090444,V6,1,1,1,0,"[[""a"", ""p""]]",0.187
power,c40_noise0,444,9090444,V5,1,1,1,0,"[[""a"", ""p""]]",0.409
power,c40_noise0,445,9090445,V6,1,1,1,0,"[[""a"", ""p""]]",0.184
power,c40_noise0,445,9090445,V5,1,1,1,0,"[[""a"", ""p""]]",0.365
power,c40_noise0,446,9090446,V6,1,1,1,0,"[[""a"", ""p""]]",0.218
power,c40_noise0,446,9090446,V5,1,1,1,0,"[[""a"", ""p""]]",0.356
power,c40_noise0,447,9090447,V6,1,1,1,0,"[[""a"", ""p""]]",0.191
power,c40_noise0,447,9090447,V5,1,1,1,0,"[[""a"", ""p""]]",0.41
power,c40_noise0,448,9090448,V6,1,1,1,0,"[[""a"", ""p""]]",0.195
power,c40_noise0,448,9090448,V5,1,1,1,0,"[[""a"", ""p""]]",0.41
power,c40_noise0,449,9090449,V6,1,1,1,0,"[[""a"", ""p""]]",0.202
power,c40_noise0,449,9090449,V5,1,1,1,0,"[[""a"", ""p""]]",0.398
power,c40_noise0,450,9090450,V6,1,1,1,0,"[[""a"", ""p""]]",0.202
power,c40_noise0,450,9090450,V5,1,1,1,0,"[[""a"", ""p""]]",0.35
power,c40_noise0,451,9090451,V6,1,1,1,0,"[[""a"", ""p""]]",0.203
power,c40_noise0,451,9090451,V5,1,1,1,0,"[[""a"", ""p""]]",0.403
power,c40_noise0,452,9090452,V6,1,1,1,0,"[[""a"", ""p""]]",0.178
power,c40_noise0,452,9090452,V5,1,1,1,0,"[[""a"", ""p""]]",0.321
power,c40_noise0,453,9090453,V6,1,1,1,0,"[[""a"", ""p""]]",0.226
power,c40_noise0,453,9090453,V5,1,1,1,0,"[[""a"", ""p""]]",0.351
power,c40_noise0,454,9090454,V6,1,1,1,0,"[[""a"", ""p""]]",0.216
power,c40_noise0,454,9090454,V5,1,1,1,0,"[[""a"", ""p""]]",0.396
power,c40_noise0,455,9090455,V6,1,1,1,0,"[[""a"", ""p""]]",0.154
power,c40_noise0,455,9090455,V5,1,1,1,0,"[[""a"", ""p""]]",0.34
power,c40_noise0,456,9090456,V6,1,1,1,0,"[[""a"", ""p""]]",0.187
power,c40_noise0,456,9090456,V5,1,1,1,0,"[[""a"", ""p""]]",0.388
power,c40_noise0,457,9090457,V6,1,1,1,0,"[[""a"", ""p""]]",0.202
power,c40_noise0,457,9090457,V5,1,1,1,0,"[[""a"", ""p""]]",0.365
power,c40_noise0,458,9090458,V6,1,1,1,0,"[[""a"", ""p""]]",0.204
power,c40_noise0,458,9090458,V5,1,1,1,0,"[[""a"", ""p""]]",0.403
power,c40_noise0,459,9090459,V6,1,1,1,0,"[[""a"", ""p""]]",0.191
power,c40_noise0,459,9090459,V5,1,1,1,0,"[[""a"", ""p""]]",0.408
power,c40_noise0,460,9090460,V6,1,2,1,1,"[[""a"", ""p""], [""x3""]]",0.207
power,c40_noise0,460,9090460,V5,1,1,1,0,"[[""a"", ""p""]]",0.352
power,c40_noise0,461,9090461,V6,1,1,1,0,"[[""a"", ""p""]]",0.144
power,c40_noise0,461,9090461,V5,1,1,1,0,"[[""a"", ""p""]]",0.398
power,c40_noise0,462,9090462,V6,1,1,1,0,"[[""a"", ""p""]]",0.156
power,c40_noise0,462,9090462,V5,1,1,1,0,"[[""a"", ""p""]]",0.381
power,c40_noise0,463,9090463,V6,1,1,1,0,"[[""a"", ""p""]]",0.19
power,c40_noise0,463,9090463,V5,1,1,1,0,"[[""a"", ""p""]]",0.314
power,c40_noise0,464,9090464,V6,1,1,1,0,"[[""a"", ""p""]]",0.213
power,c40_noise0,464,9090464,V5,1,1,1,0,"[[""a"", ""p""]]",0.384
power,c40_noise0,465,9090465,V6,1,1,1,0,"[[""a"", ""p""]]",0.177
power,c40_noise0,465,9090465,V5,1,1,1,0,"[[""a"", ""p""]]",0.381
power,c40_noise0,466,9090466,V6,1,1,1,0,"[[""a"", ""p""]]",0.183
power,c40_noise0,466,9090466,V5,1,1,1,0,"[[""a"", ""p""]]",0.392
power,c40_noise0,467,9090467,V6,1,1,1,0,"[[""a"", ""p""]]",0.186
power,c40_noise0,467,9090467,V5,1,1,1,0,"[[""a"", ""p""]]",0.364
power,c40_noise0,468,9090468,V6,1,1,1,0,"[[""a"", ""p""]]",0.201
power,c40_noise0,468,9090468,V5,1,1,1,0,"[[""a"", ""p""]]",0.393
power,c40_noise0,469,9090469,V6,1,1,1,0,"[[""a"", ""p""]]",0.215
power,c40_noise0,469,9090469,V5,1,1,1,0,"[[""a"", ""p""]]",0.449
power,c40_noise0,470,9090470,V6,1,1,1,0,"[[""a"", ""p""]]",0.158
power,c40_noise0,470,9090470,V5,1,1,1,0,"[[""a"", ""p""]]",0.402
power,c40_noise0,471,9090471,V6,1,1,1,0,"[[""a"", ""p""]]",0.163
power,c40_noise0,471,9090471,V5,1,1,1,0,"[[""a"", ""p""]]",0.401
power,c40_noise0,472,9090472,V6,1,1,1,0,"[[""a"", ""p""]]",0.218
power,c40_noise0,472,9090472,V5,1,1,1,0,"[[""a"", ""p""]]",0.429
power,c40_noise0,473,9090473,V6,1,1,1,0,"[[""a"", ""p""]]",0.188
power,c40_noise0,473,9090473,V5,1,1,1,0,"[[""a"", ""p""]]",0.405
power,c40_noise0,474,9090474,V6,1,1,1,0,"[[""a"", ""p""]]",0.199
power,c40_noise0,474,9090474,V5,1,1,1,0,"[[""a"", ""p""]]",0.441
power,c40_noise0,475,9090475,V6,1,1,1,0,"[[""a"", ""p""]]",0.163
power,c40_noise0,475,9090475,V5,1,1,1,0,"[[""a"", ""p""]]",0.381
power,c40_noise0,476,9090476,V6,1,1,1,0,"[[""a"", ""p""]]",0.175
power,c40_noise0,476,9090476,V5,1,1,1,0,"[[""a"", ""p""]]",0.383
power,c40_noise0,477,9090477,V6,1,1,1,0,"[[""a"", ""p""]]",0.202
power,c40_noise0,477,9090477,V5,1,1,1,0,"[[""a"", ""p""]]",0.444
power,c40_noise0,478,9090478,V6,1,1,1,0,"[[""a"", ""p""]]",0.212
power,c40_noise0,478,9090478,V5,1,1,1,0,"[[""a"", ""p""]]",0.426
power,c40_noise0,479,9090479,V6,1,1,1,0,"[[""a"", ""p""]]",0.21
power,c40_noise0,479,9090479,V5,1,1,1,0,"[[""a"", ""p""]]",0.353
power,c40_noise0,480,9090480,V6,1,1,1,0,"[[""a"", ""p""]]",0.258
power,c40_noise0,480,9090480,V5,1,1,1,0,"[[""a"", ""p""]]",0.362
power,c40_noise0,481,9090481,V6,1,1,1,0,"[[""a"", ""p""]]",0.219
power,c40_noise0,481,9090481,V5,1,1,1,0,"[[""a"", ""p""]]",0.405
power,c40_noise0,482,9090482,V6,1,1,1,0,"[[""a"", ""p""]]",0.193
power,c40_noise0,482,9090482,V5,1,1,1,0,"[[""a"", ""p""]]",0.36
power,c40_noise0,483,9090483,V6,1,1,1,0,"[[""a"", ""p""]]",0.211
power,c40_noise0,483,9090483,V5,1,1,1,0,"[[""a"", ""p""]]",0.408
power,c40_noise0,484,9090484,V6,1,1,1,0,"[[""a"", ""p""]]",0.198
power,c40_noise0,484,9090484,V5,1,1,1,0,"[[""a"", ""p""]]",0.385
power,c40_noise0,485,9090485,V6,1,1,1,0,"[[""a"", ""p""]]",0.15
power,c40_noise0,485,9090485,V5,1,1,1,0,"[[""a"", ""p""]]",0.36
power,c40_noise0,486,9090486,V6,1,2,1,1,"[[""a"", ""p""], [""x2""]]",0.201
power,c40_noise0,486,9090486,V5,1,1,1,0,"[[""a"", ""p""]]",0.384
power,c40_noise0,487,9090487,V6,1,1,1,0,"[[""a"", ""p""]]",0.219
power,c40_noise0,487,9090487,V5,1,1,1,0,"[[""a"", ""p""]]",0.37
power,c40_noise0,488,9090488,V6,1,1,1,0,"[[""a"", ""p""]]",0.233
power,c40_noise0,488,9090488,V5,1,1,1,0,"[[""a"", ""p""]]",0.361
power,c40_noise0,489,9090489,V6,1,1,1,0,"[[""a"", ""p""]]",0.201
power,c40_noise0,489,9090489,V5,1,1,1,0,"[[""a"", ""p""]]",0.393
power,c40_noise0,490,9090490,V6,1,1,1,0,"[[""a"", ""p""]]",0.181
power,c40_noise0,490,9090490,V5,1,1,1,0,"[[""a"", ""p""]]",0.335
power,c40_noise0,491,9090491,V6,1,1,1,0,"[[""a"", ""p""]]",0.178
power,c40_noise0,491,9090491,V5,1,1,1,0,"[[""a"", ""p""]]",0.357
power,c40_noise0,492,9090492,V6,1,1,1,0,"[[""a"", ""p""]]",0.201
power,c40_noise0,492,9090492,V5,1,1,1,0,"[[""a"", ""p""]]",0.429
power,c40_noise0,493,9090493,V6,1,1,1,0,"[[""a"", ""p""]]",0.211
power,c40_noise0,493,9090493,V5,1,1,1,0,"[[""a"", ""p""]]",0.364
power,c40_noise0,494,9090494,V6,1,1,1,0,"[[""a"", ""p""]]",0.161
power,c40_noise0,494,9090494,V5,1,1,1,0,"[[""a"", ""p""]]",0.396
power,c40_noise0,495,9090495,V6,1,1,1,0,"[[""a"", ""p""]]",0.222
power,c40_noise0,495,9090495,V5,1,1,1,0,"[[""a"", ""p""]]",0.397
power,c40_noise0,496,9090496,V6,1,1,1,0,"[[""a"", ""p""]]",0.213
power,c40_noise0,496,9090496,V5,1,1,1,0,"[[""a"", ""p""]]",0.355
power,c40_noise0,497,9090497,V6,1,1,1,0,"[[""a"", ""p""]]",0.214
power,c40_noise0,497,9090497,V5,1,1,1,0,"[[""a"", ""p""]]",0.424
power,c40_noise0,498,9090498,V6,1,1,1,0,"[[""a"", ""p""]]",0.199
power,c40_noise0,498,9090498,V5,1,1,1,0,"[[""a"", ""p""]]",0.39
power,c40_noise0,499,9090499,V6,1,1,1,0,"[[""a"", ""p""]]",0.198
power,c40_noise0,499,9090499,V5,1,1,1,0,"[[""a"", ""p""]]",0.433
power,c40_noise10,0,9100000,V6,1,1,1,0,"[[""a"", ""p""]]",0.173
power,c40_noise10,0,9100000,V5,1,1,1,0,"[[""a"", ""p""]]",0.312
power,c40_noise10,1,9100001,V6,1,1,1,0,"[[""a"", ""p""]]",0.23
power,c40_noise10,1,9100001,V5,1,1,1,0,"[[""a"", ""p""]]",0.42
power,c40_noise10,2,9100002,V6,1,1,1,0,"[[""a"", ""p""]]",0.187
power,c40_noise10,2,9100002,V5,1,1,1,0,"[[""a"", ""p""]]",0.411
power,c40_noise10,3,9100003,V6,1,1,1,0,"[[""a"", ""p""]]",0.229
power,c40_noise10,3,9100003,V5,1,1,1,0,"[[""a"", ""p""]]",0.358
power,c40_noise10,4,9100004,V6,1,1,1,0,"[[""a"", ""p""]]",0.2
power,c40_noise10,4,9100004,V5,1,1,1,0,"[[""a"", ""p""]]",0.371
power,c40_noise10,5,9100005,V6,1,1,1,0,"[[""a"", ""p""]]",0.235
power,c40_noise10,5,9100005,V5,1,1,1,0,"[[""a"", ""p""]]",0.433
power,c40_noise10,6,9100006,V6,1,1,1,0,"[[""a"", ""p""]]",0.213
power,c40_noise10,6,9100006,V5,1,1,1,0,"[[""a"", ""p""]]",0.44
power,c40_noise10,7,9100007,V6,1,1,1,0,"[[""a"", ""p""]]",0.21
power,c40_noise10,7,9100007,V5,1,1,1,0,"[[""a"", ""p""]]",0.413
power,c40_noise10,8,9100008,V6,1,2,1,1,"[[""a"", ""p""], [""z5""]]",0.189
power,c40_noise10,8,9100008,V5,1,1,1,0,"[[""a"", ""p""]]",0.415
power,c40_noise10,9,9100009,V6,1,1,1,0,"[[""a"", ""p""]]",0.25
power,c40_noise10,9,9100009,V5,1,1,1,0,"[[""a"", ""p""]]",0.369
power,c40_noise10,10,9100010,V6,1,1,1,0,"[[""a"", ""p""]]",0.192
power,c40_noise10,10,9100010,V5,1,1,1,0,"[[""a"", ""p""]]",0.433
power,c40_noise10,11,9100011,V6,1,1,1,0,"[[""a"", ""p""]]",0.233
power,c40_noise10,11,9100011,V5,1,1,1,0,"[[""a"", ""p""]]",0.422
power,c40_noise10,12,9100012,V6,1,1,1,0,"[[""a"", ""p""]]",0.18
power,c40_noise10,12,9100012,V5,1,1,1,0,"[[""a"", ""p""]]",0.399
power,c40_noise10,13,9100013,V6,1,1,1,0,"[[""a"", ""p""]]",0.221
power,c40_noise10,13,9100013,V5,1,1,1,0,"[[""a"", ""p""]]",0.389
power,c40_noise10,14,9100014,V6,1,1,1,0,"[[""a"", ""p""]]",0.246
power,c40_noise10,14,9100014,V5,1,1,1,0,"[[""a"", ""p""]]",0.416
power,c40_noise10,15,9100015,V6,1,1,1,0,"[[""a"", ""p""]]",0.22
power,c40_noise10,15,9100015,V5,1,1,1,0,"[[""a"", ""p""]]",0.366
power,c40_noise10,16,9100016,V6,1,1,1,0,"[[""a"", ""p""]]",0.224
power,c40_noise10,16,9100016,V5,1,1,1,0,"[[""a"", ""p""]]",0.378
power,c40_noise10,17,9100017,V6,1,1,1,0,"[[""a"", ""p""]]",0.209
power,c40_noise10,17,9100017,V5,1,1,1,0,"[[""a"", ""p""]]",0.456
power,c40_noise10,18,9100018,V6,1,2,1,1,"[[""a"", ""p""], [""z2""]]",0.163
power,c40_noise10,18,9100018,V5,1,2,1,1,"[[""a"", ""p""], [""z2""]]",0.417
power,c40_noise10,19,9100019,V6,1,1,1,0,"[[""a"", ""p""]]",0.155
power,c40_noise10,19,9100019,V5,1,1,1,0,"[[""a"", ""p""]]",0.376
power,c40_noise10,20,9100020,V6,1,1,1,0,"[[""a"", ""p""]]",0.207
power,c40_noise10,20,9100020,V5,1,1,1,0,"[[""a"", ""p""]]",0.471
power,c40_noise10,21,9100021,V6,1,1,1,0,"[[""a"", ""p""]]",0.209
power,c40_noise10,21,9100021,V5,1,1,1,0,"[[""a"", ""p""]]",0.464
power,c40_noise10,22,9100022,V6,1,1,1,0,"[[""a"", ""p""]]",0.171
power,c40_noise10,22,9100022,V5,1,1,1,0,"[[""a"", ""p""]]",0.475
power,c40_noise10,23,9100023,V6,1,1,1,0,"[[""a"", ""p""]]",0.234
power,c40_noise10,23,9100023,V5,1,1,1,0,"[[""a"", ""p""]]",0.517
power,c40_noise10,24,9100024,V6,1,1,1,0,"[[""a"", ""p""]]",0.258
power,c40_noise10,24,9100024,V5,1,1,1,0,"[[""a"", ""p""]]",0.532
power,c40_noise10,25,9100025,V6,1,1,1,0,"[[""a"", ""p""]]",0.237
power,c40_noise10,25,9100025,V5,1,1,1,0,"[[""a"", ""p""]]",0.538
power,c40_noise10,26,9100026,V6,1,1,1,0,"[[""a"", ""p""]]",0.292
power,c40_noise10,26,9100026,V5,1,1,1,0,"[[""a"", ""p""]]",0.567
power,c40_noise10,27,9100027,V6,1,1,1,0,"[[""a"", ""p""]]",0.247
power,c40_noise10,27,9100027,V5,1,1,1,0,"[[""a"", ""p""]]",0.526
power,c40_noise10,28,9100028,V6,1,1,1,0,"[[""a"", ""p""]]",0.297
power,c40_noise10,28,9100028,V5,1,1,1,0,"[[""a"", ""p""]]",0.551
power,c40_noise10,29,9100029,V6,1,1,1,0,"[[""a"", ""p""]]",0.322
power,c40_noise10,29,9100029,V5,1,1,1,0,"[[""a"", ""p""]]",0.513
power,c40_noise10,30,9100030,V6,1,1,1,0,"[[""a"", ""p""]]",0.254
power,c40_noise10,30,9100030,V5,1,1,1,0,"[[""a"", ""p""]]",0.504
power,c40_noise10,31,9100031,V6,1,1,1,0,"[[""a"", ""p""]]",0.261
power,c40_noise10,31,9100031,V5,1,1,1,0,"[[""a"", ""p""]]",0.446
power,c40_noise10,32,9100032,V6,1,1,1,0,"[[""a"", ""p""]]",0.306
power,c40_noise10,32,9100032,V5,1,1,1,0,"[[""a"", ""p""]]",0.423
power,c40_noise10,33,9100033,V6,1,1,1,0,"[[""a"", ""p""]]",0.259
power,c40_noise10,33,9100033,V5,1,1,1,0,"[[""a"", ""p""]]",0.473
power,c40_noise10,34,9100034,V6,1,1,1,0,"[[""a"", ""p""]]",0.26
power,c40_noise10,34,9100034,V5,1,1,1,0,"[[""a"", ""p""]]",0.455
power,c40_noise10,35,9100035,V6,1,1,1,0,"[[""a"", ""p""]]",0.28
power,c40_noise10,35,9100035,V5,1,1,1,0,"[[""a"", ""p""]]",0.424
power,c40_noise10,36,9100036,V6,1,1,1,0,"[[""a"", ""p""]]",0.237
power,c40_noise10,36,9100036,V5,1,1,1,0,"[[""a"", ""p""]]",0.462
power,c40_noise10,37,9100037,V6,1,2,1,1,"[[""a"", ""p""], [""x1""]]",0.224
power,c40_noise10,37,9100037,V5,1,2,1,1,"[[""a"", ""p""], [""x1""]]",0.434
power,c40_noise10,38,9100038,V6,1,1,1,0,"[[""a"", ""p""]]",0.241
power,c40_noise10,38,9100038,V5,1,1,1,0,"[[""a"", ""p""]]",0.386
power,c40_noise10,39,9100039,V6,1,2,1,1,"[[""a"", ""p""], [""z3""]]",0.222
power,c40_noise10,39,9100039,V5,1,1,1,0,"[[""a"", ""p""]]",0.407
power,c40_noise10,40,9100040,V6,1,1,1,0,"[[""a"", ""p""]]",0.215
power,c40_noise10,40,9100040,V5,1,1,1,0,"[[""a"", ""p""]]",0.457
power,c40_noise10,41,9100041,V6,1,1,1,0,"[[""a"", ""p""]]",0.187
power,c40_noise10,41,9100041,V5,1,1,1,0,"[[""a"", ""p""]]",0.423
power,c40_noise10,42,9100042,V6,1,1,1,0,"[[""a"", ""p""]]",0.228
power,c40_noise10,42,9100042,V5,1,1,1,0,"[[""a"", ""p""]]",0.504
power,c40_noise10,43,9100043,V6,1,1,1,0,"[[""a"", ""p""]]",0.248
power,c40_noise10,43,9100043,V5,1,1,1,0,"[[""a"", ""p""]]",0.528
power,c40_noise10,44,9100044,V6,1,1,1,0,"[[""a"", ""p""]]",0.191
power,c40_noise10,44,9100044,V5,1,1,1,0,"[[""a"", ""p""]]",0.562
power,c40_noise10,45,9100045,V6,1,1,1,0,"[[""a"", ""p""]]",0.251
power,c40_noise10,45,9100045,V5,1,1,1,0,"[[""a"", ""p""]]",0.527
power,c40_noise10,46,9100046,V6,1,1,1,0,"[[""a"", ""p""]]",0.202
power,c40_noise10,46,9100046,V5,1,1,1,0,"[[""a"", ""p""]]",0.526
power,c40_noise10,47,9100047,V6,1,1,1,0,"[[""a"", ""p""]]",0.193
power,c40_noise10,47,9100047,V5,1,1,1,0,"[[""a"", ""p""]]",0.558
power,c40_noise10,48,9100048,V6,1,1,1,0,"[[""a"", ""p""]]",0.23
power,c40_noise10,48,9100048,V5,1,1,1,0,"[[""a"", ""p""]]",0.411
power,c40_noise10,49,9100049,V6,1,1,1,0,"[[""a"", ""p""]]",0.294
power,c40_noise10,49,9100049,V5,1,1,1,0,"[[""a"", ""p""]]",0.501
power,c40_noise10,50,9100050,V6,1,1,1,0,"[[""a"", ""p""]]",0.265
power,c40_noise10,50,9100050,V5,1,1,1,0,"[[""a"", ""p""]]",0.457
power,c40_noise10,51,9100051,V6,1,1,1,0,"[[""a"", ""p""]]",0.341
power,c40_noise10,51,9100051,V5,1,1,1,0,"[[""a"", ""p""]]",0.435
power,c40_noise10,52,9100052,V6,1,1,1,0,"[[""a"", ""p""]]",0.281
power,c40_noise10,52,9100052,V5,1,1,1,0,"[[""a"", ""p""]]",0.445
power,c40_noise10,53,9100053,V6,1,1,1,0,"[[""a"", ""p""]]",0.201
power,c40_noise10,53,9100053,V5,1,1,1,0,"[[""a"", ""p""]]",0.441
power,c40_noise10,54,9100054,V6,1,2,1,1,"[[""a"", ""p""], [""x1""]]",0.198
power,c40_noise10,54,9100054,V5,1,2,1,1,"[[""a"", ""p""], [""x1""]]",0.448
power,c40_noise10,55,9100055,V6,1,1,1,0,"[[""a"", ""p""]]",0.207
power,c40_noise10,55,9100055,V5,1,1,1,0,"[[""a"", ""p""]]",0.422
power,c40_noise10,56,9100056,V6,1,1,1,0,"[[""a"", ""p""]]",0.243
power,c40_noise10,56,9100056,V5,1,1,1,0,"[[""a"", ""p""]]",0.423
power,c40_noise10,57,9100057,V6,1,1,1,0,"[[""a"", ""p""]]",0.239
power,c40_noise10,57,9100057,V5,1,1,1,0,"[[""a"", ""p""]]",0.38
power,c40_noise10,58,9100058,V6,1,1,1,0,"[[""a"", ""p""]]",0.199
power,c40_noise10,58,9100058,V5,1,1,1,0,"[[""a"", ""p""]]",0.417
power,c40_noise10,59,9100059,V6,1,1,1,0,"[[""a"", ""p""]]",0.231
power,c40_noise10,59,9100059,V5,1,1,1,0,"[[""a"", ""p""]]",0.379
power,c40_noise10,60,9100060,V6,1,2,1,1,"[[""a"", ""p""], [""x1""]]",0.209
power,c40_noise10,60,9100060,V5,1,1,1,0,"[[""a"", ""p""]]",0.375
power,c40_noise10,61,9100061,V6,1,1,1,0,"[[""a"", ""p""]]",0.205
power,c40_noise10,61,9100061,V5,1,1,1,0,"[[""a"", ""p""]]",0.406
power,c40_noise10,62,9100062,V6,1,1,1,0,"[[""a"", ""p""]]",0.225
power,c40_noise10,62,9100062,V5,1,1,1,0,"[[""a"", ""p""]]",0.424
power,c40_noise10,63,9100063,V6,1,1,1,0,"[[""a"", ""p""]]",0.167
power,c40_noise10,63,9100063,V5,1,1,1,0,"[[""a"", ""p""]]",0.406
power,c40_noise10,64,9100064,V6,1,1,1,0,"[[""a"", ""p""]]",0.203
power,c40_noise10,64,9100064,V5,1,1,1,0,"[[""a"", ""p""]]",0.422
power,c40_noise10,65,9100065,V6,1,1,1,0,"[[""a"", ""p""]]",0.208
power,c40_noise10,65,9100065,V5,1,1,1,0,"[[""a"", ""p""]]",0.396
power,c40_noise10,66,9100066,V6,1,1,1,0,"[[""a"", ""p""]]",0.218
power,c40_noise10,66,9100066,V5,1,1,1,0,"[[""a"", ""p""]]",0.413
power,c40_noise10,67,9100067,V6,1,1,1,0,"[[""a"", ""p""]]",0.19
power,c40_noise10,67,9100067,V5,1,2,1,1,"[[""a"", ""p""], [""x4""]]",0.391
power,c40_noise10,68,9100068,V6,1,1,1,0,"[[""a"", ""p""]]",0.181
power,c40_noise10,68,9100068,V5,1,1,1,0,"[[""a"", ""p""]]",0.385
power,c40_noise10,69,9100069,V6,1,1,1,0,"[[""a"", ""p""]]",0.214
power,c40_noise10,69,9100069,V5,1,1,1,0,"[[""a"", ""p""]]",0.432
power,c40_noise10,70,9100070,V6,1,1,1,0,"[[""a"", ""p""]]",0.221
power,c40_noise10,70,9100070,V5,1,1,1,0,"[[""a"", ""p""]]",0.407
power,c40_noise10,71,9100071,V6,1,1,1,0,"[[""a"", ""p""]]",0.22
power,c40_noise10,71,9100071,V5,1,1,1,0,"[[""a"", ""p""]]",0.375
power,c40_noise10,72,9100072,V6,1,1,1,0,"[[""a"", ""p""]]",0.194
power,c40_noise10,72,9100072,V5,1,1,1,0,"[[""a"", ""p""]]",0.401
power,c40_noise10,73,9100073,V6,1,1,1,0,"[[""a"", ""p""]]",0.222
power,c40_noise10,73,9100073,V5,1,1,1,0,"[[""a"", ""p""]]",0.383
power,c40_noise10,74,9100074,V6,1,1,1,0,"[[""a"", ""p""]]",0.174
power,c40_noise10,74,9100074,V5,1,1,1,0,"[[""a"", ""p""]]",0.386
power,c40_noise10,75,9100075,V6,0,0,0,0,[],0.206
power,c40_noise10,75,9100075,V5,0,0,0,0,[],0.373
power,c40_noise10,76,9100076,V6,1,1,1,0,"[[""a"", ""p""]]",0.18
power,c40_noise10,76,9100076,V5,1,1,1,0,"[[""a"", ""p""]]",0.401
power,c40_noise10,77,9100077,V6,1,1,1,0,"[[""a"", ""p""]]",0.166
power,c40_noise10,77,9100077,V5,1,1,1,0,"[[""a"", ""p""]]",0.379
power,c40_noise10,78,9100078,V6,1,1,1,0,"[[""a"", ""p""]]",0.192
power,c40_noise10,78,9100078,V5,1,1,1,0,"[[""a"", ""p""]]",0.411
power,c40_noise10,79,9100079,V6,1,1,1,0,"[[""a"", ""p""]]",0.199
power,c40_noise10,79,9100079,V5,1,1,1,0,"[[""a"", ""p""]]",0.32
power,c40_noise10,80,9100080,V6,1,1,1,0,"[[""a"", ""p""]]",0.173
power,c40_noise10,80,9100080,V5,1,1,1,0,"[[""a"", ""p""]]",0.368
power,c40_noise10,81,9100081,V6,1,1,1,0,"[[""a"", ""p""]]",0.154
power,c40_noise10,81,9100081,V5,1,1,1,0,"[[""a"", ""p""]]",0.389
power,c40_noise10,82,9100082,V6,1,2,1,1,"[[""a"", ""p""], [""x2""]]",0.186
power,c40_noise10,82,9100082,V5,1,1,1,0,"[[""a"", ""p""]]",0.377
power,c40_noise10,83,9100083,V6,1,1,1,0,"[[""a"", ""p""]]",0.181
power,c40_noise10,83,9100083,V5,1,1,1,0,"[[""a"", ""p""]]",0.424
power,c40_noise10,84,9100084,V6,1,1,1,0,"[[""a"", ""p""]]",0.195
power,c40_noise10,84,9100084,V5,1,1,1,0,"[[""a"", ""p""]]",0.393
power,c40_noise10,85,9100085,V6,1,1,1,0,"[[""a"", ""p""]]",0.212
power,c40_noise10,85,9100085,V5,1,1,1,0,"[[""a"", ""p""]]",0.368
power,c40_noise10,86,9100086,V6,1,1,1,0,"[[""a"", ""p""]]",0.201
power,c40_noise10,86,9100086,V5,1,1,1,0,"[[""a"", ""p""]]",0.385
power,c40_noise10,87,9100087,V6,1,1,1,0,"[[""a"", ""p""]]",0.191
power,c40_noise10,87,9100087,V5,1,1,1,0,"[[""a"", ""p""]]",0.409
power,c40_noise10,88,9100088,V6,1,1,1,0,"[[""a"", ""p""]]",0.188
power,c40_noise10,88,9100088,V5,1,1,1,0,"[[""a"", ""p""]]",0.392
power,c40_noise10,89,9100089,V6,1,1,1,0,"[[""a"", ""p""]]",0.181
power,c40_noise10,89,9100089,V5,1,1,1,0,"[[""a"", ""p""]]",0.337
power,c40_noise10,90,9100090,V6,1,1,1,0,"[[""a"", ""p""]]",0.201
power,c40_noise10,90,9100090,V5,1,1,1,0,"[[""a"", ""p""]]",0.364
power,c40_noise10,91,9100091,V6,1,1,1,0,"[[""a"", ""p""]]",0.217
power,c40_noise10,91,9100091,V5,1,1,1,0,"[[""a"", ""p""]]",0.385
power,c40_noise10,92,9100092,V6,1,1,1,0,"[[""a"", ""p""]]",0.227
power,c40_noise10,92,9100092,V5,1,1,1,0,"[[""a"", ""p""]]",0.396
power,c40_noise10,93,9100093,V6,1,1,1,0,"[[""a"", ""p""]]",0.192
power,c40_noise10,93,9100093,V5,1,1,1,0,"[[""a"", ""p""]]",0.408
power,c40_noise10,94,9100094,V6,1,1,1,0,"[[""a"", ""p""]]",0.186
power,c40_noise10,94,9100094,V5,1,1,1,0,"[[""a"", ""p""]]",0.42
power,c40_noise10,95,9100095,V6,1,1,1,0,"[[""a"", ""p""]]",0.202
power,c40_noise10,95,9100095,V5,1,1,1,0,"[[""a"", ""p""]]",0.385
power,c40_noise10,96,9100096,V6,1,1,1,0,"[[""a"", ""p""]]",0.173
power,c40_noise10,96,9100096,V5,1,1,1,0,"[[""a"", ""p""]]",0.393
power,c40_noise10,97,9100097,V6,1,1,1,0,"[[""a"", ""p""]]",0.187
power,c40_noise10,97,9100097,V5,1,1,1,0,"[[""a"", ""p""]]",0.364
power,c40_noise10,98,9100098,V6,1,1,1,0,"[[""a"", ""p""]]",0.191
power,c40_noise10,98,9100098,V5,1,1,1,0,"[[""a"", ""p""]]",0.366
power,c40_noise10,99,9100099,V6,1,1,1,0,"[[""a"", ""p""]]",0.206
power,c40_noise10,99,9100099,V5,1,1,1,0,"[[""a"", ""p""]]",0.375
power,c40_noise10,100,9100100,V6,1,1,1,0,"[[""a"", ""p""]]",0.213
power,c40_noise10,100,9100100,V5,1,1,1,0,"[[""a"", ""p""]]",0.345
power,c40_noise10,101,9100101,V6,1,1,1,0,"[[""a"", ""p""]]",0.185
power,c40_noise10,101,9100101,V5,1,1,1,0,"[[""a"", ""p""]]",0.392
power,c40_noise10,102,9100102,V6,1,1,1,0,"[[""a"", ""p""]]",0.207
power,c40_noise10,102,9100102,V5,1,1,1,0,"[[""a"", ""p""]]",0.343
power,c40_noise10,103,9100103,V6,1,1,1,0,"[[""a"", ""p""]]",0.155
power,c40_noise10,103,9100103,V5,1,1,1,0,"[[""a"", ""p""]]",0.36
power,c40_noise10,104,9100104,V6,1,1,1,0,"[[""a"", ""p""]]",0.207
power,c40_noise10,104,9100104,V5,1,1,1,0,"[[""a"", ""p""]]",0.39
power,c40_noise10,105,9100105,V6,1,1,1,0,"[[""a"", ""p""]]",0.191
power,c40_noise10,105,9100105,V5,1,1,1,0,"[[""a"", ""p""]]",0.385
power,c40_noise10,106,9100106,V6,1,1,1,0,"[[""a"", ""p""]]",0.174
power,c40_noise10,106,9100106,V5,1,1,1,0,"[[""a"", ""p""]]",0.352
power,c40_noise10,107,9100107,V6,1,1,1,0,"[[""a"", ""p""]]",0.21
power,c40_noise10,107,9100107,V5,1,1,1,0,"[[""a"", ""p""]]",0.446
power,c40_noise10,108,9100108,V6,1,1,1,0,"[[""a"", ""p""]]",0.178
power,c40_noise10,108,9100108,V5,1,1,1,0,"[[""a"", ""p""]]",0.367
power,c40_noise10,109,9100109,V6,1,1,1,0,"[[""a"", ""p""]]",0.211
power,c40_noise10,109,9100109,V5,1,1,1,0,"[[""a"", ""p""]]",0.411
power,c40_noise10,110,9100110,V6,1,1,1,0,"[[""a"", ""p""]]",0.191
power,c40_noise10,110,9100110,V5,1,1,1,0,"[[""a"", ""p""]]",0.356
power,c40_noise10,111,9100111,V6,1,1,1,0,"[[""a"", ""p""]]",0.199
power,c40_noise10,111,9100111,V5,1,1,1,0,"[[""a"", ""p""]]",0.377
power,c40_noise10,112,9100112,V6,1,1,1,0,"[[""a"", ""p""]]",0.211
power,c40_noise10,112,9100112,V5,1,1,1,0,"[[""a"", ""p""]]",0.393
power,c40_noise10,113,9100113,V6,1,1,1,0,"[[""a"", ""p""]]",0.239
power,c40_noise10,113,9100113,V5,1,1,1,0,"[[""a"", ""p""]]",0.337
power,c40_noise10,114,9100114,V6,1,1,1,0,"[[""a"", ""p""]]",0.225
power,c40_noise10,114,9100114,V5,1,1,1,0,"[[""a"", ""p""]]",0.371
power,c40_noise10,115,9100115,V6,1,2,1,1,"[[""a"", ""p""], [""x5""]]",0.21
power,c40_noise10,115,9100115,V5,1,2,1,1,"[[""a"", ""p""], [""x5""]]",0.399
power,c40_noise10,116,9100116,V6,1,1,1,0,"[[""a"", ""p""]]",0.221
power,c40_noise10,116,9100116,V5,1,1,1,0,"[[""a"", ""p""]]",0.37
power,c40_noise10,117,9100117,V6,1,1,1,0,"[[""a"", ""p""]]",0.182
power,c40_noise10,117,9100117,V5,1,1,1,0,"[[""a"", ""p""]]",0.368
power,c40_noise10,118,9100118,V6,1,1,1,0,"[[""a"", ""p""]]",0.195
power,c40_noise10,118,9100118,V5,1,1,1,0,"[[""a"", ""p""]]",0.402
power,c40_noise10,119,9100119,V6,1,1,1,0,"[[""a"", ""p""]]",0.223
power,c40_noise10,119,9100119,V5,1,1,1,0,"[[""a"", ""p""]]",0.396
power,c40_noise10,120,9100120,V6,1,1,1,0,"[[""a"", ""p""]]",0.19
power,c40_noise10,120,9100120,V5,1,1,1,0,"[[""a"", ""p""]]",0.358
power,c40_noise10,121,9100121,V6,1,1,1,0,"[[""a"", ""p""]]",0.17
power,c40_noise10,121,9100121,V5,1,1,1,0,"[[""a"", ""p""]]",0.342
power,c40_noise10,122,9100122,V6,1,1,1,0,"[[""a"", ""p""]]",0.202
power,c40_noise10,122,9100122,V5,1,1,1,0,"[[""a"", ""p""]]",0.4
power,c40_noise10,123,9100123,V6,1,1,1,0,"[[""a"", ""p""]]",0.187
power,c40_noise10,123,9100123,V5,1,1,1,0,"[[""a"", ""p""]]",0.358
power,c40_noise10,124,9100124,V6,1,1,1,0,"[[""a"", ""p""]]",0.15
power,c40_noise10,124,9100124,V5,1,1,1,0,"[[""a"", ""p""]]",0.386
power,c40_noise10,125,9100125,V6,1,1,1,0,"[[""a"", ""p""]]",0.187
power,c40_noise10,125,9100125,V5,1,1,1,0,"[[""a"", ""p""]]",0.408
power,c40_noise10,126,9100126,V6,1,1,1,0,"[[""a"", ""p""]]",0.198
power,c40_noise10,126,9100126,V5,1,1,1,0,"[[""a"", ""p""]]",0.41
power,c40_noise10,127,9100127,V6,1,1,1,0,"[[""a"", ""p""]]",0.195
power,c40_noise10,127,9100127,V5,1,1,1,0,"[[""a"", ""p""]]",0.366
power,c40_noise10,128,9100128,V6,1,1,1,0,"[[""a"", ""p""]]",0.204
power,c40_noise10,128,9100128,V5,1,1,1,0,"[[""a"", ""p""]]",0.412
power,c40_noise10,129,9100129,V6,1,2,1,1,"[[""a"", ""p""], [""z5""]]",0.197
power,c40_noise10,129,9100129,V5,1,2,1,1,"[[""a"", ""p""], [""z5""]]",0.377
power,c40_noise10,130,9100130,V6,1,1,1,0,"[[""a"", ""p""]]",0.208
power,c40_noise10,130,9100130,V5,1,1,1,0,"[[""a"", ""p""]]",0.357
power,c40_noise10,131,9100131,V6,1,1,1,0,"[[""a"", ""p""]]",0.211
power,c40_noise10,131,9100131,V5,1,1,1,0,"[[""a"", ""p""]]",0.344
power,c40_noise10,132,9100132,V6,1,1,1,0,"[[""a"", ""p""]]",0.173
power,c40_noise10,132,9100132,V5,1,1,1,0,"[[""a"", ""p""]]",0.407
power,c40_noise10,133,9100133,V6,1,1,1,0,"[[""a"", ""p""]]",0.197
power,c40_noise10,133,9100133,V5,1,1,1,0,"[[""a"", ""p""]]",0.377
power,c40_noise10,134,9100134,V6,1,1,1,0,"[[""a"", ""p""]]",0.215
power,c40_noise10,134,9100134,V5,1,1,1,0,"[[""a"", ""p""]]",0.447
power,c40_noise10,135,9100135,V6,1,1,1,0,"[[""a"", ""p""]]",0.2
power,c40_noise10,135,9100135,V5,1,1,1,0,"[[""a"", ""p""]]",0.382
power,c40_noise10,136,9100136,V6,1,1,1,0,"[[""a"", ""p""]]",0.189
power,c40_noise10,136,9100136,V5,1,1,1,0,"[[""a"", ""p""]]",0.408
power,c40_noise10,137,9100137,V6,1,1,1,0,"[[""a"", ""p""]]",0.212
power,c40_noise10,137,9100137,V5,1,1,1,0,"[[""a"", ""p""]]",0.357
power,c40_noise10,138,9100138,V6,1,1,1,0,"[[""a"", ""p""]]",0.204
power,c40_noise10,138,9100138,V5,1,1,1,0,"[[""a"", ""p""]]",0.437
power,c40_noise10,139,9100139,V6,1,1,1,0,"[[""a"", ""p""]]",0.219
power,c40_noise10,139,9100139,V5,1,1,1,0,"[[""a"", ""p""]]",0.388
power,c40_noise10,140,9100140,V6,1,1,1,0,"[[""a"", ""p""]]",0.201
power,c40_noise10,140,9100140,V5,1,1,1,0,"[[""a"", ""p""]]",0.441
power,c40_noise10,141,9100141,V6,1,1,1,0,"[[""a"", ""p""]]",0.16
power,c40_noise10,141,9100141,V5,1,1,1,0,"[[""a"", ""p""]]",0.392
power,c40_noise10,142,9100142,V6,1,1,1,0,"[[""a"", ""p""]]",0.198
power,c40_noise10,142,9100142,V5,1,1,1,0,"[[""a"", ""p""]]",0.391
power,c40_noise10,143,9100143,V6,1,1,1,0,"[[""a"", ""p""]]",0.231
power,c40_noise10,143,9100143,V5,1,1,1,0,"[[""a"", ""p""]]",0.369
power,c40_noise10,144,9100144,V6,1,1,1,0,"[[""a"", ""p""]]",0.197
power,c40_noise10,144,9100144,V5,1,1,1,0,"[[""a"", ""p""]]",0.391
power,c40_noise10,145,9100145,V6,1,1,1,0,"[[""a"", ""p""]]",0.207
power,c40_noise10,145,9100145,V5,1,1,1,0,"[[""a"", ""p""]]",0.368
power,c40_noise10,146,9100146,V6,1,1,1,0,"[[""a"", ""p""]]",0.21
power,c40_noise10,146,9100146,V5,1,1,1,0,"[[""a"", ""p""]]",0.399
power,c40_noise10,147,9100147,V6,1,1,1,0,"[[""a"", ""p""]]",0.19
power,c40_noise10,147,9100147,V5,1,1,1,0,"[[""a"", ""p""]]",0.378
power,c40_noise10,148,9100148,V6,1,1,1,0,"[[""a"", ""p""]]",0.194
power,c40_noise10,148,9100148,V5,1,1,1,0,"[[""a"", ""p""]]",0.397
power,c40_noise10,149,9100149,V6,1,1,1,0,"[[""a"", ""p""]]",0.202
power,c40_noise10,149,9100149,V5,1,1,1,0,"[[""a"", ""p""]]",0.382
power,c40_noise10,150,9100150,V6,1,1,1,0,"[[""a"", ""p""]]",0.175
power,c40_noise10,150,9100150,V5,1,1,1,0,"[[""a"", ""p""]]",0.384
power,c40_noise10,151,9100151,V6,1,1,1,0,"[[""a"", ""p""]]",0.166
power,c40_noise10,151,9100151,V5,1,1,1,0,"[[""a"", ""p""]]",0.409
power,c40_noise10,152,9100152,V6,1,1,1,0,"[[""a"", ""p""]]",0.211
power,c40_noise10,152,9100152,V5,1,1,1,0,"[[""a"", ""p""]]",0.389
power,c40_noise10,153,9100153,V6,1,1,1,0,"[[""a"", ""p""]]",0.159
power,c40_noise10,153,9100153,V5,1,1,1,0,"[[""a"", ""p""]]",0.42
power,c40_noise10,154,9100154,V6,1,1,1,0,"[[""a"", ""p""]]",0.245
power,c40_noise10,154,9100154,V5,1,1,1,0,"[[""a"", ""p""]]",0.391
power,c40_noise10,155,9100155,V6,1,1,1,0,"[[""a"", ""p""]]",0.155
power,c40_noise10,155,9100155,V5,1,1,1,0,"[[""a"", ""p""]]",0.41
power,c40_noise10,156,9100156,V6,1,1,1,0,"[[""a"", ""p""]]",0.248
power,c40_noise10,156,9100156,V5,1,1,1,0,"[[""a"", ""p""]]",0.402
power,c40_noise10,157,9100157,V6,1,1,1,0,"[[""a"", ""p""]]",0.237
power,c40_noise10,157,9100157,V5,1,1,1,0,"[[""a"", ""p""]]",0.435
power,c40_noise10,158,9100158,V6,1,1,1,0,"[[""a"", ""p""]]",0.216
power,c40_noise10,158,9100158,V5,1,1,1,0,"[[""a"", ""p""]]",0.374
power,c40_noise10,159,9100159,V6,1,1,1,0,"[[""a"", ""p""]]",0.181
power,c40_noise10,159,9100159,V5,1,1,1,0,"[[""a"", ""p""]]",0.389
power,c40_noise10,160,9100160,V6,1,1,1,0,"[[""a"", ""p""]]",0.17
power,c40_noise10,160,9100160,V5,1,1,1,0,"[[""a"", ""p""]]",0.366
power,c40_noise10,161,9100161,V6,1,1,1,0,"[[""a"", ""p""]]",0.174
power,c40_noise10,161,9100161,V5,1,1,1,0,"[[""a"", ""p""]]",0.374
power,c40_noise10,162,9100162,V6,1,1,1,0,"[[""a"", ""p""]]",0.184
power,c40_noise10,162,9100162,V5,1,1,1,0,"[[""a"", ""p""]]",0.403
power,c40_noise10,163,9100163,V6,1,2,1,1,"[[""a"", ""p""], [""x4""]]",0.214
power,c40_noise10,163,9100163,V5,1,1,1,0,"[[""a"", ""p""]]",0.401
power,c40_noise10,164,9100164,V6,1,1,1,0,"[[""a"", ""p""]]",0.234
power,c40_noise10,164,9100164,V5,1,1,1,0,"[[""a"", ""p""]]",0.356
power,c40_noise10,165,9100165,V6,1,2,1,1,"[[""a"", ""p""], [""x2""]]",0.212
power,c40_noise10,165,9100165,V5,1,2,1,1,"[[""a"", ""p""], [""x2""]]",0.377
power,c40_noise10,166,9100166,V6,1,1,1,0,"[[""a"", ""p""]]",0.167
power,c40_noise10,166,9100166,V5,1,1,1,0,"[[""a"", ""p""]]",0.386
power,c40_noise10,167,9100167,V6,1,1,1,0,"[[""a"", ""p""]]",0.191
power,c40_noise10,167,9100167,V5,1,1,1,0,"[[""a"", ""p""]]",0.383
power,c40_noise10,168,9100168,V6,1,1,1,0,"[[""a"", ""p""]]",0.207
power,c40_noise10,168,9100168,V5,1,1,1,0,"[[""a"", ""p""]]",0.385
power,c40_noise10,169,9100169,V6,1,1,1,0,"[[""a"", ""p""]]",0.206
power,c40_noise10,169,9100169,V5,1,1,1,0,"[[""a"", ""p""]]",0.414
power,c40_noise10,170,9100170,V6,1,1,1,0,"[[""a"", ""p""]]",0.188
power,c40_noise10,170,9100170,V5,1,1,1,0,"[[""a"", ""p""]]",0.35
power,c40_noise10,171,9100171,V6,1,1,1,0,"[[""a"", ""p""]]",0.229
power,c40_noise10,171,9100171,V5,1,1,1,0,"[[""a"", ""p""]]",0.392
power,c40_noise10,172,9100172,V6,1,1,1,0,"[[""a"", ""p""]]",0.174
power,c40_noise10,172,9100172,V5,1,1,1,0,"[[""a"", ""p""]]",0.386
power,c40_noise10,173,9100173,V6,1,1,1,0,"[[""a"", ""p""]]",0.208
power,c40_noise10,173,9100173,V5,1,1,1,0,"[[""a"", ""p""]]",0.375
power,c40_noise10,174,9100174,V6,1,1,1,0,"[[""a"", ""p""]]",0.204
power,c40_noise10,174,9100174,V5,1,1,1,0,"[[""a"", ""p""]]",0.37
power,c40_noise10,175,9100175,V6,1,1,1,0,"[[""a"", ""p""]]",0.2
power,c40_noise10,175,9100175,V5,1,1,1,0,"[[""a"", ""p""]]",0.37
power,c40_noise10,176,9100176,V6,1,1,1,0,"[[""a"", ""p""]]",0.205
power,c40_noise10,176,9100176,V5,1,1,1,0,"[[""a"", ""p""]]",0.406
power,c40_noise10,177,9100177,V6,1,1,1,0,"[[""a"", ""p""]]",0.194
power,c40_noise10,177,9100177,V5,1,1,1,0,"[[""a"", ""p""]]",0.377
power,c40_noise10,178,9100178,V6,1,1,1,0,"[[""a"", ""p""]]",0.197
power,c40_noise10,178,9100178,V5,1,1,1,0,"[[""a"", ""p""]]",0.395
power,c40_noise10,179,9100179,V6,1,1,1,0,"[[""a"", ""p""]]",0.168
power,c40_noise10,179,9100179,V5,1,1,1,0,"[[""a"", ""p""]]",0.427
power,c40_noise10,180,9100180,V6,1,1,1,0,"[[""a"", ""p""]]",0.173
power,c40_noise10,180,9100180,V5,1,1,1,0,"[[""a"", ""p""]]",0.365
power,c40_noise10,181,9100181,V6,1,1,1,0,"[[""a"", ""p""]]",0.175
power,c40_noise10,181,9100181,V5,1,1,1,0,"[[""a"", ""p""]]",0.422
power,c40_noise10,182,9100182,V6,1,1,1,0,"[[""a"", ""p""]]",0.169
power,c40_noise10,182,9100182,V5,1,1,1,0,"[[""a"", ""p""]]",0.392
power,c40_noise10,183,9100183,V6,1,1,1,0,"[[""a"", ""p""]]",0.187
power,c40_noise10,183,9100183,V5,1,1,1,0,"[[""a"", ""p""]]",0.436
power,c40_noise10,184,9100184,V6,1,1,1,0,"[[""a"", ""p""]]",0.209
power,c40_noise10,184,9100184,V5,1,1,1,0,"[[""a"", ""p""]]",0.403
power,c40_noise10,185,9100185,V6,1,1,1,0,"[[""a"", ""p""]]",0.241
power,c40_noise10,185,9100185,V5,1,1,1,0,"[[""a"", ""p""]]",0.414
power,c40_noise10,186,9100186,V6,1,1,1,0,"[[""a"", ""p""]]",0.19
power,c40_noise10,186,9100186,V5,1,1,1,0,"[[""a"", ""p""]]",0.359
power,c40_noise10,187,9100187,V6,1,1,1,0,"[[""a"", ""p""]]",0.21
power,c40_noise10,187,9100187,V5,1,1,1,0,"[[""a"", ""p""]]",0.42
power,c40_noise10,188,9100188,V6,1,1,1,0,"[[""a"", ""p""]]",0.238
power,c40_noise10,188,9100188,V5,1,1,1,0,"[[""a"", ""p""]]",0.381
power,c40_noise10,189,9100189,V6,1,1,1,0,"[[""a"", ""p""]]",0.209
power,c40_noise10,189,9100189,V5,1,1,1,0,"[[""a"", ""p""]]",0.388
power,c40_noise10,190,9100190,V6,1,1,1,0,"[[""a"", ""p""]]",0.218
power,c40_noise10,190,9100190,V5,1,1,1,0,"[[""a"", ""p""]]",0.332
power,c40_noise10,191,9100191,V6,1,1,1,0,"[[""a"", ""p""]]",0.209
power,c40_noise10,191,9100191,V5,1,1,1,0,"[[""a"", ""p""]]",0.4
power,c40_noise10,192,9100192,V6,1,1,1,0,"[[""a"", ""p""]]",0.226
power,c40_noise10,192,9100192,V5,1,1,1,0,"[[""a"", ""p""]]",0.473
power,c40_noise10,193,9100193,V6,1,1,1,0,"[[""a"", ""p""]]",0.234
power,c40_noise10,193,9100193,V5,1,1,1,0,"[[""a"", ""p""]]",0.459
power,c40_noise10,194,9100194,V6,1,1,1,0,"[[""a"", ""p""]]",0.218
power,c40_noise10,194,9100194,V5,1,1,1,0,"[[""a"", ""p""]]",0.466
power,c40_noise10,195,9100195,V6,1,1,1,0,"[[""a"", ""p""]]",0.206
power,c40_noise10,195,9100195,V5,1,1,1,0,"[[""a"", ""p""]]",0.433
power,c40_noise10,196,9100196,V6,1,1,1,0,"[[""a"", ""p""]]",0.214
power,c40_noise10,196,9100196,V5,1,1,1,0,"[[""a"", ""p""]]",0.428
power,c40_noise10,197,9100197,V6,1,1,1,0,"[[""a"", ""p""]]",0.231
power,c40_noise10,197,9100197,V5,1,1,1,0,"[[""a"", ""p""]]",0.434
power,c40_noise10,198,9100198,V6,1,1,1,0,"[[""a"", ""p""]]",0.223
power,c40_noise10,198,9100198,V5,1,1,1,0,"[[""a"", ""p""]]",0.425
power,c40_noise10,199,9100199,V6,1,1,1,0,"[[""a"", ""p""]]",0.269
power,c40_noise10,199,9100199,V5,1,1,1,0,"[[""a"", ""p""]]",0.474
power,c40_noise10,200,9100200,V6,1,1,1,0,"[[""a"", ""p""]]",0.18
power,c40_noise10,200,9100200,V5,1,1,1,0,"[[""a"", ""p""]]",0.454
power,c40_noise10,201,9100201,V6,1,1,1,0,"[[""a"", ""p""]]",0.194
power,c40_noise10,201,9100201,V5,1,1,1,0,"[[""a"", ""p""]]",0.474
power,c40_noise10,202,9100202,V6,1,3,1,1,"[[""a"", ""p""], [""x1""], [""x2""]]",0.241
power,c40_noise10,202,9100202,V5,1,1,1,0,"[[""a"", ""p""]]",0.451
power,c40_noise10,203,9100203,V6,1,1,1,0,"[[""a"", ""p""]]",0.219
power,c40_noise10,203,9100203,V5,1,1,1,0,"[[""a"", ""p""]]",0.433
power,c40_noise10,204,9100204,V6,1,1,1,0,"[[""a"", ""p""]]",0.204
power,c40_noise10,204,9100204,V5,1,1,1,0,"[[""a"", ""p""]]",0.43
power,c40_noise10,205,9100205,V6,1,1,1,0,"[[""a"", ""p""]]",0.24
power,c40_noise10,205,9100205,V5,1,1,1,0,"[[""a"", ""p""]]",0.428
power,c40_noise10,206,9100206,V6,1,1,1,0,"[[""a"", ""p""]]",0.23
power,c40_noise10,206,9100206,V5,1,1,1,0,"[[""a"", ""p""]]",0.456
power,c40_noise10,207,9100207,V6,1,1,1,0,"[[""a"", ""p""]]",0.209
power,c40_noise10,207,9100207,V5,1,1,1,0,"[[""a"", ""p""]]",0.424
power,c40_noise10,208,9100208,V6,1,2,1,1,"[[""a"", ""p""], [""x1""]]",0.227
power,c40_noise10,208,9100208,V5,1,1,1,0,"[[""a"", ""p""]]",0.405
power,c40_noise10,209,9100209,V6,1,1,1,0,"[[""a"", ""p""]]",0.208
power,c40_noise10,209,9100209,V5,1,1,1,0,"[[""a"", ""p""]]",0.399
power,c40_noise10,210,9100210,V6,1,1,1,0,"[[""a"", ""p""]]",0.192
power,c40_noise10,210,9100210,V5,1,1,1,0,"[[""a"", ""p""]]",0.409
power,c40_noise10,211,9100211,V6,1,1,1,0,"[[""a"", ""p""]]",0.212
power,c40_noise10,211,9100211,V5,1,1,1,0,"[[""a"", ""p""]]",0.398
power,c40_noise10,212,9100212,V6,1,2,1,1,"[[""a"", ""p""], [""x1""]]",0.218
power,c40_noise10,212,9100212,V5,1,2,1,1,"[[""a"", ""p""], [""x1""]]",0.412
power,c40_noise10,213,9100213,V6,1,1,1,0,"[[""a"", ""p""]]",0.194
power,c40_noise10,213,9100213,V5,1,1,1,0,"[[""a"", ""p""]]",0.424
power,c40_noise10,214,9100214,V6,1,2,1,1,"[[""a"", ""p""], [""z5""]]",0.233
power,c40_noise10,214,9100214,V5,1,2,1,1,"[[""a"", ""p""], [""z5""]]",0.465
power,c40_noise10,215,9100215,V6,1,1,1,0,"[[""a"", ""p""]]",0.205
power,c40_noise10,215,9100215,V5,1,1,1,0,"[[""a"", ""p""]]",0.399
power,c40_noise10,216,9100216,V6,1,1,1,0,"[[""a"", ""p""]]",0.203
power,c40_noise10,216,9100216,V5,1,1,1,0,"[[""a"", ""p""]]",0.374
power,c40_noise10,217,9100217,V6,1,1,1,0,"[[""a"", ""p""]]",0.189
power,c40_noise10,217,9100217,V5,1,1,1,0,"[[""a"", ""p""]]",0.351
power,c40_noise10,218,9100218,V6,1,1,1,0,"[[""a"", ""p""]]",0.214
power,c40_noise10,218,9100218,V5,1,1,1,0,"[[""a"", ""p""]]",0.372
power,c40_noise10,219,9100219,V6,1,1,1,0,"[[""a"", ""p""]]",0.244
power,c40_noise10,219,9100219,V5,1,1,1,0,"[[""a"", ""p""]]",0.376
power,c40_noise10,220,9100220,V6,1,1,1,0,"[[""a"", ""p""]]",0.181
power,c40_noise10,220,9100220,V5,1,1,1,0,"[[""a"", ""p""]]",0.36
power,c40_noise10,221,9100221,V6,1,1,1,0,"[[""a"", ""p""]]",0.177
power,c40_noise10,221,9100221,V5,1,1,1,0,"[[""a"", ""p""]]",0.411
power,c40_noise10,222,9100222,V6,1,1,1,0,"[[""a"", ""p""]]",0.188
power,c40_noise10,222,9100222,V5,1,1,1,0,"[[""a"", ""p""]]",0.409
power,c40_noise10,223,9100223,V6,1,1,1,0,"[[""a"", ""p""]]",0.211
power,c40_noise10,223,9100223,V5,1,1,1,0,"[[""a"", ""p""]]",0.369
power,c40_noise10,224,9100224,V6,1,1,1,0,"[[""a"", ""p""]]",0.203
power,c40_noise10,224,9100224,V5,1,1,1,0,"[[""a"", ""p""]]",0.339
power,c40_noise10,225,9100225,V6,1,1,1,0,"[[""a"", ""p""]]",0.214
power,c40_noise10,225,9100225,V5,1,1,1,0,"[[""a"", ""p""]]",0.382
power,c40_noise10,226,9100226,V6,1,1,1,0,"[[""a"", ""p""]]",0.187
power,c40_noise10,226,9100226,V5,1,1,1,0,"[[""a"", ""p""]]",0.433
power,c40_noise10,227,9100227,V6,1,2,1,1,"[[""a"", ""p""], [""x1""]]",0.2
power,c40_noise10,227,9100227,V5,1,2,1,1,"[[""a"", ""p""], [""x1""]]",0.406
power,c40_noise10,228,9100228,V6,1,1,1,0,"[[""a"", ""p""]]",0.184
power,c40_noise10,228,9100228,V5,1,1,1,0,"[[""a"", ""p""]]",0.352
power,c40_noise10,229,9100229,V6,1,1,1,0,"[[""a"", ""p""]]",0.164
power,c40_noise10,229,9100229,V5,1,1,1,0,"[[""a"", ""p""]]",0.373
power,c40_noise10,230,9100230,V6,1,1,1,0,"[[""a"", ""p""]]",0.196
power,c40_noise10,230,9100230,V5,1,1,1,0,"[[""a"", ""p""]]",0.416
power,c40_noise10,231,9100231,V6,1,1,1,0,"[[""a"", ""p""]]",0.243
power,c40_noise10,231,9100231,V5,1,1,1,0,"[[""a"", ""p""]]",0.404
power,c40_noise10,232,9100232,V6,1,1,1,0,"[[""a"", ""p""]]",0.183
power,c40_noise10,232,9100232,V5,1,1,1,0,"[[""a"", ""p""]]",0.406
power,c40_noise10,233,9100233,V6,1,1,1,0,"[[""a"", ""p""]]",0.194
power,c40_noise10,233,9100233,V5,1,1,1,0,"[[""a"", ""p""]]",0.438
power,c40_noise10,234,9100234,V6,1,1,1,0,"[[""a"", ""p""]]",0.214
power,c40_noise10,234,9100234,V5,1,1,1,0,"[[""a"", ""p""]]",0.366
power,c40_noise10,235,9100235,V6,1,1,1,0,"[[""a"", ""p""]]",0.201
power,c40_noise10,235,9100235,V5,1,1,1,0,"[[""a"", ""p""]]",0.385
power,c40_noise10,236,9100236,V6,1,1,1,0,"[[""a"", ""p""]]",0.19
power,c40_noise10,236,9100236,V5,1,1,1,0,"[[""a"", ""p""]]",0.411
power,c40_noise10,237,9100237,V6,1,1,1,0,"[[""a"", ""p""]]",0.205
power,c40_noise10,237,9100237,V5,1,1,1,0,"[[""a"", ""p""]]",0.378
power,c40_noise10,238,9100238,V6,1,1,1,0,"[[""a"", ""p""]]",0.193
power,c40_noise10,238,9100238,V5,1,1,1,0,"[[""a"", ""p""]]",0.355
power,c40_noise10,239,9100239,V6,1,1,1,0,"[[""a"", ""p""]]",0.23
power,c40_noise10,239,9100239,V5,1,1,1,0,"[[""a"", ""p""]]",0.392
power,c40_noise10,240,9100240,V6,1,1,1,0,"[[""a"", ""p""]]",0.236
power,c40_noise10,240,9100240,V5,1,1,1,0,"[[""a"", ""p""]]",0.385
power,c40_noise10,241,9100241,V6,1,1,1,0,"[[""a"", ""p""]]",0.18
power,c40_noise10,241,9100241,V5,1,1,1,0,"[[""a"", ""p""]]",0.412
power,c40_noise10,242,9100242,V6,1,1,1,0,"[[""a"", ""p""]]",0.207
power,c40_noise10,242,9100242,V5,1,1,1,0,"[[""a"", ""p""]]",0.403
power,c40_noise10,243,9100243,V6,1,1,1,0,"[[""a"", ""p""]]",0.165
power,c40_noise10,243,9100243,V5,1,1,1,0,"[[""a"", ""p""]]",0.374
power,c40_noise10,244,9100244,V6,1,1,1,0,"[[""a"", ""p""]]",0.172
power,c40_noise10,244,9100244,V5,1,1,1,0,"[[""a"", ""p""]]",0.361
power,c40_noise10,245,9100245,V6,1,1,1,0,"[[""a"", ""p""]]",0.207
power,c40_noise10,245,9100245,V5,1,1,1,0,"[[""a"", ""p""]]",0.32
power,c40_noise10,246,9100246,V6,1,2,1,1,"[[""a"", ""p""], [""x5""]]",0.164
power,c40_noise10,246,9100246,V5,1,1,1,0,"[[""a"", ""p""]]",0.395
power,c40_noise10,247,9100247,V6,1,1,1,0,"[[""a"", ""p""]]",0.213
power,c40_noise10,247,9100247,V5,1,1,1,0,"[[""a"", ""p""]]",0.385
power,c40_noise10,248,9100248,V6,1,1,1,0,"[[""a"", ""p""]]",0.192
power,c40_noise10,248,9100248,V5,1,1,1,0,"[[""a"", ""p""]]",0.373
power,c40_noise10,249,9100249,V6,1,1,1,0,"[[""a"", ""p""]]",0.195
power,c40_noise10,249,9100249,V5,1,1,1,0,"[[""a"", ""p""]]",0.375
power,c40_noise10,250,9100250,V6,1,1,1,0,"[[""a"", ""p""]]",0.198
power,c40_noise10,250,9100250,V5,1,1,1,0,"[[""a"", ""p""]]",0.388
power,c40_noise10,251,9100251,V6,1,1,1,0,"[[""a"", ""p""]]",0.199
power,c40_noise10,251,9100251,V5,1,1,1,0,"[[""a"", ""p""]]",0.367
power,c40_noise10,252,9100252,V6,1,1,1,0,"[[""a"", ""p""]]",0.169
power,c40_noise10,252,9100252,V5,1,1,1,0,"[[""a"", ""p""]]",0.38
power,c40_noise10,253,9100253,V6,1,1,1,0,"[[""a"", ""p""]]",0.184
power,c40_noise10,253,9100253,V5,1,1,1,0,"[[""a"", ""p""]]",0.376
power,c40_noise10,254,9100254,V6,1,1,1,0,"[[""a"", ""p""]]",0.173
power,c40_noise10,254,9100254,V5,1,1,1,0,"[[""a"", ""p""]]",0.367
power,c40_noise10,255,9100255,V6,1,1,1,0,"[[""a"", ""p""]]",0.194
power,c40_noise10,255,9100255,V5,1,1,1,0,"[[""a"", ""p""]]",0.389
power,c40_noise10,256,9100256,V6,1,1,1,0,"[[""a"", ""p""]]",0.197
power,c40_noise10,256,9100256,V5,1,1,1,0,"[[""a"", ""p""]]",0.367
power,c40_noise10,257,9100257,V6,1,1,1,0,"[[""a"", ""p""]]",0.163
power,c40_noise10,257,9100257,V5,1,1,1,0,"[[""a"", ""p""]]",0.345
power,c40_noise10,258,9100258,V6,1,1,1,0,"[[""a"", ""p""]]",0.191
power,c40_noise10,258,9100258,V5,1,1,1,0,"[[""a"", ""p""]]",0.342
power,c40_noise10,259,9100259,V6,1,1,1,0,"[[""a"", ""p""]]",0.203
power,c40_noise10,259,9100259,V5,1,1,1,0,"[[""a"", ""p""]]",0.333
power,c40_noise10,260,9100260,V6,1,1,1,0,"[[""a"", ""p""]]",0.184
power,c40_noise10,260,9100260,V5,1,1,1,0,"[[""a"", ""p""]]",0.375
power,c40_noise10,261,9100261,V6,1,1,1,0,"[[""a"", ""p""]]",0.201
power,c40_noise10,261,9100261,V5,1,1,1,0,"[[""a"", ""p""]]",0.402
power,c40_noise10,262,9100262,V6,1,1,1,0,"[[""a"", ""p""]]",0.182
power,c40_noise10,262,9100262,V5,1,1,1,0,"[[""a"", ""p""]]",0.386
power,c40_noise10,263,9100263,V6,1,1,1,0,"[[""a"", ""p""]]",0.212
power,c40_noise10,263,9100263,V5,1,1,1,0,"[[""a"", ""p""]]",0.368
power,c40_noise10,264,9100264,V6,1,1,1,0,"[[""a"", ""p""]]",0.164
power,c40_noise10,264,9100264,V5,1,1,1,0,"[[""a"", ""p""]]",0.378
power,c40_noise10,265,9100265,V6,1,1,1,0,"[[""a"", ""p""]]",0.205
power,c40_noise10,265,9100265,V5,1,1,1,0,"[[""a"", ""p""]]",0.388
power,c40_noise10,266,9100266,V6,1,1,1,0,"[[""a"", ""p""]]",0.177
power,c40_noise10,266,9100266,V5,1,1,1,0,"[[""a"", ""p""]]",0.338
power,c40_noise10,267,9100267,V6,1,1,1,0,"[[""a"", ""p""]]",0.162
power,c40_noise10,267,9100267,V5,1,1,1,0,"[[""a"", ""p""]]",0.404
power,c40_noise10,268,9100268,V6,1,1,1,0,"[[""a"", ""p""]]",0.198
power,c40_noise10,268,9100268,V5,1,1,1,0,"[[""a"", ""p""]]",0.37
power,c40_noise10,269,9100269,V6,1,1,1,0,"[[""a"", ""p""]]",0.217
power,c40_noise10,269,9100269,V5,1,1,1,0,"[[""a"", ""p""]]",0.404
power,c40_noise10,270,9100270,V6,1,1,1,0,"[[""a"", ""p""]]",0.188
power,c40_noise10,270,9100270,V5,1,1,1,0,"[[""a"", ""p""]]",0.405
power,c40_noise10,271,9100271,V6,1,1,1,0,"[[""a"", ""p""]]",0.217
power,c40_noise10,271,9100271,V5,1,1,1,0,"[[""a"", ""p""]]",0.345
power,c40_noise10,272,9100272,V6,1,1,1,0,"[[""a"", ""p""]]",0.195
power,c40_noise10,272,9100272,V5,1,1,1,0,"[[""a"", ""p""]]",0.39
power,c40_noise10,273,9100273,V6,1,1,1,0,"[[""a"", ""p""]]",0.202
power,c40_noise10,273,9100273,V5,1,1,1,0,"[[""a"", ""p""]]",0.335
power,c40_noise10,274,9100274,V6,1,1,1,0,"[[""a"", ""p""]]",0.194
power,c40_noise10,274,9100274,V5,1,1,1,0,"[[""a"", ""p""]]",0.379
power,c40_noise10,275,9100275,V6,1,1,1,0,"[[""a"", ""p""]]",0.196
power,c40_noise10,275,9100275,V5,1,1,1,0,"[[""a"", ""p""]]",0.393
power,c40_noise10,276,9100276,V6,1,1,1,0,"[[""a"", ""p""]]",0.194
power,c40_noise10,276,9100276,V5,1,1,1,0,"[[""a"", ""p""]]",0.391
power,c40_noise10,277,9100277,V6,1,1,1,0,"[[""a"", ""p""]]",0.195
power,c40_noise10,277,9100277,V5,1,1,1,0,"[[""a"", ""p""]]",0.383
power,c40_noise10,278,9100278,V6,1,1,1,0,"[[""a"", ""p""]]",0.19
power,c40_noise10,278,9100278,V5,1,1,1,0,"[[""a"", ""p""]]",0.388
power,c40_noise10,279,9100279,V6,1,1,1,0,"[[""a"", ""p""]]",0.19
power,c40_noise10,279,9100279,V5,1,1,1,0,"[[""a"", ""p""]]",0.416
power,c40_noise10,280,9100280,V6,1,1,1,0,"[[""a"", ""p""]]",0.191
power,c40_noise10,280,9100280,V5,1,1,1,0,"[[""a"", ""p""]]",0.406
power,c40_noise10,281,9100281,V6,1,1,1,0,"[[""a"", ""p""]]",0.172
power,c40_noise10,281,9100281,V5,1,1,1,0,"[[""a"", ""p""]]",0.368
power,c40_noise10,282,9100282,V6,1,1,1,0,"[[""a"", ""p""]]",0.211
power,c40_noise10,282,9100282,V5,1,1,1,0,"[[""a"", ""p""]]",0.402
power,c40_noise10,283,9100283,V6,1,1,1,0,"[[""a"", ""p""]]",0.178
power,c40_noise10,283,9100283,V5,1,1,1,0,"[[""a"", ""p""]]",0.351
power,c40_noise10,284,9100284,V6,1,1,1,0,"[[""a"", ""p""]]",0.19
power,c40_noise10,284,9100284,V5,1,1,1,0,"[[""a"", ""p""]]",0.362
power,c40_noise10,285,9100285,V6,1,1,1,0,"[[""a"", ""p""]]",0.18
power,c40_noise10,285,9100285,V5,1,1,1,0,"[[""a"", ""p""]]",0.329
power,c40_noise10,286,9100286,V6,1,1,1,0,"[[""a"", ""p""]]",0.2
power,c40_noise10,286,9100286,V5,1,1,1,0,"[[""a"", ""p""]]",0.347
power,c40_noise10,287,9100287,V6,1,1,1,0,"[[""a"", ""p""]]",0.195
power,c40_noise10,287,9100287,V5,1,1,1,0,"[[""a"", ""p""]]",0.377
power,c40_noise10,288,9100288,V6,1,1,1,0,"[[""a"", ""p""]]",0.18
power,c40_noise10,288,9100288,V5,1,1,1,0,"[[""a"", ""p""]]",0.409
power,c40_noise10,289,9100289,V6,1,1,1,0,"[[""a"", ""p""]]",0.164
power,c40_noise10,289,9100289,V5,1,1,1,0,"[[""a"", ""p""]]",0.401
power,c40_noise10,290,9100290,V6,1,1,1,0,"[[""a"", ""p""]]",0.169
power,c40_noise10,290,9100290,V5,1,1,1,0,"[[""a"", ""p""]]",0.393
power,c40_noise10,291,9100291,V6,1,1,1,0,"[[""a"", ""p""]]",0.21
power,c40_noise10,291,9100291,V5,1,1,1,0,"[[""a"", ""p""]]",0.365
power,c40_noise10,292,9100292,V6,1,1,1,0,"[[""a"", ""p""]]",0.173
power,c40_noise10,292,9100292,V5,1,1,1,0,"[[""a"", ""p""]]",0.379
power,c40_noise10,293,9100293,V6,1,1,1,0,"[[""a"", ""p""]]",0.192
power,c40_noise10,293,9100293,V5,1,1,1,0,"[[""a"", ""p""]]",0.418
power,c40_noise10,294,9100294,V6,1,2,1,1,"[[""a"", ""p""], [""z2""]]",0.205
power,c40_noise10,294,9100294,V5,1,1,1,0,"[[""a"", ""p""]]",0.387
power,c40_noise10,295,9100295,V6,1,2,1,1,"[[""a"", ""p""], [""x4""]]",0.207
power,c40_noise10,295,9100295,V5,1,2,1,1,"[[""a"", ""p""], [""x4""]]",0.41
power,c40_noise10,296,9100296,V6,1,1,1,0,"[[""a"", ""p""]]",0.187
power,c40_noise10,296,9100296,V5,1,1,1,0,"[[""a"", ""p""]]",0.355
power,c40_noise10,297,9100297,V6,1,1,1,0,"[[""a"", ""p""]]",0.177
power,c40_noise10,297,9100297,V5,1,1,1,0,"[[""a"", ""p""]]",0.384
power,c40_noise10,298,9100298,V6,1,1,1,0,"[[""a"", ""p""]]",0.221
power,c40_noise10,298,9100298,V5,1,1,1,0,"[[""a"", ""p""]]",0.376
power,c40_noise10,299,9100299,V6,1,1,1,0,"[[""a"", ""p""]]",0.182
power,c40_noise10,299,9100299,V5,1,1,1,0,"[[""a"", ""p""]]",0.425
power,c40_noise10,300,9100300,V6,1,1,1,0,"[[""a"", ""p""]]",0.175
power,c40_noise10,300,9100300,V5,1,1,1,0,"[[""a"", ""p""]]",0.383
power,c40_noise10,301,9100301,V6,1,1,1,0,"[[""a"", ""p""]]",0.189
power,c40_noise10,301,9100301,V5,1,1,1,0,"[[""a"", ""p""]]",0.41
power,c40_noise10,302,9100302,V6,1,1,1,0,"[[""a"", ""p""]]",0.176
power,c40_noise10,302,9100302,V5,1,1,1,0,"[[""a"", ""p""]]",0.361
power,c40_noise10,303,9100303,V6,1,1,1,0,"[[""a"", ""p""]]",0.21
power,c40_noise10,303,9100303,V5,1,1,1,0,"[[""a"", ""p""]]",0.361
power,c40_noise10,304,9100304,V6,1,1,1,0,"[[""a"", ""p""]]",0.206
power,c40_noise10,304,9100304,V5,1,1,1,0,"[[""a"", ""p""]]",0.364
power,c40_noise10,305,9100305,V6,1,1,1,0,"[[""a"", ""p""]]",0.164
power,c40_noise10,305,9100305,V5,1,1,1,0,"[[""a"", ""p""]]",0.397
power,c40_noise10,306,9100306,V6,1,1,1,0,"[[""a"", ""p""]]",0.233
power,c40_noise10,306,9100306,V5,1,1,1,0,"[[""a"", ""p""]]",0.42
power,c40_noise10,307,9100307,V6,1,1,1,0,"[[""a"", ""p""]]",0.218
power,c40_noise10,307,9100307,V5,1,1,1,0,"[[""a"", ""p""]]",0.393
power,c40_noise10,308,9100308,V6,1,1,1,0,"[[""a"", ""p""]]",0.225
power,c40_noise10,308,9100308,V5,1,1,1,0,"[[""a"", ""p""]]",0.384
power,c40_noise10,309,9100309,V6,1,2,1,1,"[[""a"", ""p""], [""x1""]]",0.181
power,c40_noise10,309,9100309,V5,1,2,1,1,"[[""a"", ""p""], [""x1""]]",0.379
power,c40_noise10,310,9100310,V6,1,1,1,0,"[[""a"", ""p""]]",0.175
power,c40_noise10,310,9100310,V5,1,1,1,0,"[[""a"", ""p""]]",0.418
power,c40_noise10,311,9100311,V6,1,1,1,0,"[[""a"", ""p""]]",0.155
power,c40_noise10,311,9100311,V5,1,1,1,0,"[[""a"", ""p""]]",0.356
power,c40_noise10,312,9100312,V6,1,1,1,0,"[[""a"", ""p""]]",0.156
power,c40_noise10,312,9100312,V5,1,1,1,0,"[[""a"", ""p""]]",0.378
power,c40_noise10,313,9100313,V6,1,1,1,0,"[[""a"", ""p""]]",0.239
power,c40_noise10,313,9100313,V5,1,1,1,0,"[[""a"", ""p""]]",0.373
power,c40_noise10,314,9100314,V6,1,1,1,0,"[[""a"", ""p""]]",0.207
power,c40_noise10,314,9100314,V5,1,1,1,0,"[[""a"", ""p""]]",0.398
power,c40_noise10,315,9100315,V6,1,1,1,0,"[[""a"", ""p""]]",0.197
power,c40_noise10,315,9100315,V5,1,1,1,0,"[[""a"", ""p""]]",0.34
power,c40_noise10,316,9100316,V6,1,1,1,0,"[[""a"", ""p""]]",0.164
power,c40_noise10,316,9100316,V5,1,1,1,0,"[[""a"", ""p""]]",0.42
power,c40_noise10,317,9100317,V6,1,1,1,0,"[[""a"", ""p""]]",0.173
power,c40_noise10,317,9100317,V5,1,1,1,0,"[[""a"", ""p""]]",0.353
power,c40_noise10,318,9100318,V6,1,1,1,0,"[[""a"", ""p""]]",0.189
power,c40_noise10,318,9100318,V5,1,1,1,0,"[[""a"", ""p""]]",0.347
power,c40_noise10,319,9100319,V6,1,1,1,0,"[[""a"", ""p""]]",0.202
power,c40_noise10,319,9100319,V5,1,1,1,0,"[[""a"", ""p""]]",0.403
power,c40_noise10,320,9100320,V6,1,2,1,1,"[[""a"", ""p""], [""x1""]]",0.21
power,c40_noise10,320,9100320,V5,1,1,1,0,"[[""a"", ""p""]]",0.387
power,c40_noise10,321,9100321,V6,1,2,1,1,"[[""a"", ""p""], [""x3""]]",0.199
power,c40_noise10,321,9100321,V5,1,2,1,1,"[[""a"", ""p""], [""x3""]]",0.417
power,c40_noise10,322,9100322,V6,1,1,1,0,"[[""a"", ""p""]]",0.193
power,c40_noise10,322,9100322,V5,1,1,1,0,"[[""a"", ""p""]]",0.39
power,c40_noise10,323,9100323,V6,1,1,1,0,"[[""a"", ""p""]]",0.251
power,c40_noise10,323,9100323,V5,1,1,1,0,"[[""a"", ""p""]]",0.377
power,c40_noise10,324,9100324,V6,1,1,1,0,"[[""a"", ""p""]]",0.173
power,c40_noise10,324,9100324,V5,1,1,1,0,"[[""a"", ""p""]]",0.393
power,c40_noise10,325,9100325,V6,1,1,1,0,"[[""a"", ""p""]]",0.236
power,c40_noise10,325,9100325,V5,1,1,1,0,"[[""a"", ""p""]]",0.403
power,c40_noise10,326,9100326,V6,1,1,1,0,"[[""a"", ""p""]]",0.233
power,c40_noise10,326,9100326,V5,1,1,1,0,"[[""a"", ""p""]]",0.383
power,c40_noise10,327,9100327,V6,1,1,1,0,"[[""a"", ""p""]]",0.23
power,c40_noise10,327,9100327,V5,1,1,1,0,"[[""a"", ""p""]]",0.372
power,c40_noise10,328,9100328,V6,1,1,1,0,"[[""a"", ""p""]]",0.196
power,c40_noise10,328,9100328,V5,1,1,1,0,"[[""a"", ""p""]]",0.412
power,c40_noise10,329,9100329,V6,1,1,1,0,"[[""a"", ""p""]]",0.176
power,c40_noise10,329,9100329,V5,1,1,1,0,"[[""a"", ""p""]]",0.398
power,c40_noise10,330,9100330,V6,1,1,1,0,"[[""a"", ""p""]]",0.179
power,c40_noise10,330,9100330,V5,1,1,1,0,"[[""a"", ""p""]]",0.346
power,c40_noise10,331,9100331,V6,1,1,1,0,"[[""a"", ""p""]]",0.183
power,c40_noise10,331,9100331,V5,1,1,1,0,"[[""a"", ""p""]]",0.373
power,c40_noise10,332,9100332,V6,1,1,1,0,"[[""a"", ""p""]]",0.202
power,c40_noise10,332,9100332,V5,1,1,1,0,"[[""a"", ""p""]]",0.389
power,c40_noise10,333,9100333,V6,1,1,1,0,"[[""a"", ""p""]]",0.167
power,c40_noise10,333,9100333,V5,1,1,1,0,"[[""a"", ""p""]]",0.375
power,c40_noise10,334,9100334,V6,1,1,1,0,"[[""a"", ""p""]]",0.198
power,c40_noise10,334,9100334,V5,1,1,1,0,"[[""a"", ""p""]]",0.405
power,c40_noise10,335,9100335,V6,1,1,1,0,"[[""a"", ""p""]]",0.225
power,c40_noise10,335,9100335,V5,1,1,1,0,"[[""a"", ""p""]]",0.401
power,c40_noise10,336,9100336,V6,1,1,1,0,"[[""a"", ""p""]]",0.195
power,c40_noise10,336,9100336,V5,1,1,1,0,"[[""a"", ""p""]]",0.435
power,c40_noise10,337,9100337,V6,1,1,1,0,"[[""a"", ""p""]]",0.227
power,c40_noise10,337,9100337,V5,1,1,1,0,"[[""a"", ""p""]]",0.363
power,c40_noise10,338,9100338,V6,1,1,1,0,"[[""a"", ""p""]]",0.242
power,c40_noise10,338,9100338,V5,1,1,1,0,"[[""a"", ""p""]]",0.394
power,c40_noise10,339,9100339,V6,1,1,1,0,"[[""a"", ""p""]]",0.256
power,c40_noise10,339,9100339,V5,1,1,1,0,"[[""a"", ""p""]]",0.41
power,c40_noise10,340,9100340,V6,1,1,1,0,"[[""a"", ""p""]]",0.224
power,c40_noise10,340,9100340,V5,1,1,1,0,"[[""a"", ""p""]]",0.412
power,c40_noise10,341,9100341,V6,1,1,1,0,"[[""a"", ""p""]]",0.178
power,c40_noise10,341,9100341,V5,1,1,1,0,"[[""a"", ""p""]]",0.39
power,c40_noise10,342,9100342,V6,1,1,1,0,"[[""a"", ""p""]]",0.217
power,c40_noise10,342,9100342,V5,1,1,1,0,"[[""a"", ""p""]]",0.357
power,c40_noise10,343,9100343,V6,1,1,1,0,"[[""a"", ""p""]]",0.176
power,c40_noise10,343,9100343,V5,1,1,1,0,"[[""a"", ""p""]]",0.407
power,c40_noise10,344,9100344,V6,1,1,1,0,"[[""a"", ""p""]]",0.207
power,c40_noise10,344,9100344,V5,1,1,1,0,"[[""a"", ""p""]]",0.397
power,c40_noise10,345,9100345,V6,1,1,1,0,"[[""a"", ""p""]]",0.227
power,c40_noise10,345,9100345,V5,1,1,1,0,"[[""a"", ""p""]]",0.407
power,c40_noise10,346,9100346,V6,1,1,1,0,"[[""a"", ""p""]]",0.195
power,c40_noise10,346,9100346,V5,1,1,1,0,"[[""a"", ""p""]]",0.368
power,c40_noise10,347,9100347,V6,1,1,1,0,"[[""a"", ""p""]]",0.167
power,c40_noise10,347,9100347,V5,1,1,1,0,"[[""a"", ""p""]]",0.341
power,c40_noise10,348,9100348,V6,1,1,1,0,"[[""a"", ""p""]]",0.222
power,c40_noise10,348,9100348,V5,1,1,1,0,"[[""a"", ""p""]]",0.456
power,c40_noise10,349,9100349,V6,1,1,1,0,"[[""a"", ""p""]]",0.179
power,c40_noise10,349,9100349,V5,1,1,1,0,"[[""a"", ""p""]]",0.397
power,c40_noise10,350,9100350,V6,1,1,1,0,"[[""a"", ""p""]]",0.203
power,c40_noise10,350,9100350,V5,1,1,1,0,"[[""a"", ""p""]]",0.438
power,c40_noise10,351,9100351,V6,1,1,1,0,"[[""a"", ""p""]]",0.229
power,c40_noise10,351,9100351,V5,1,1,1,0,"[[""a"", ""p""]]",0.398
power,c40_noise10,352,9100352,V6,1,1,1,0,"[[""a"", ""p""]]",0.198
power,c40_noise10,352,9100352,V5,1,1,1,0,"[[""a"", ""p""]]",0.445
power,c40_noise10,353,9100353,V6,1,1,1,0,"[[""a"", ""p""]]",0.21
power,c40_noise10,353,9100353,V5,1,1,1,0,"[[""a"", ""p""]]",0.406
power,c40_noise10,354,9100354,V6,1,1,1,0,"[[""a"", ""p""]]",0.182
power,c40_noise10,354,9100354,V5,1,1,1,0,"[[""a"", ""p""]]",0.416
power,c40_noise10,355,9100355,V6,1,1,1,0,"[[""a"", ""p""]]",0.168
power,c40_noise10,355,9100355,V5,1,1,1,0,"[[""a"", ""p""]]",0.399
power,c40_noise10,356,9100356,V6,1,1,1,0,"[[""a"", ""p""]]",0.179
power,c40_noise10,356,9100356,V5,1,1,1,0,"[[""a"", ""p""]]",0.43
power,c40_noise10,357,9100357,V6,1,1,1,0,"[[""a"", ""p""]]",0.226
power,c40_noise10,357,9100357,V5,1,1,1,0,"[[""a"", ""p""]]",0.369
power,c40_noise10,358,9100358,V6,1,1,1,0,"[[""a"", ""p""]]",0.217
power,c40_noise10,358,9100358,V5,1,1,1,0,"[[""a"", ""p""]]",0.433
power,c40_noise10,359,9100359,V6,1,1,1,0,"[[""a"", ""p""]]",0.232
power,c40_noise10,359,9100359,V5,1,1,1,0,"[[""a"", ""p""]]",0.443
power,c40_noise10,360,9100360,V6,1,1,1,0,"[[""a"", ""p""]]",0.189
power,c40_noise10,360,9100360,V5,1,1,1,0,"[[""a"", ""p""]]",0.414
power,c40_noise10,361,9100361,V6,1,1,1,0,"[[""a"", ""p""]]",0.166
power,c40_noise10,361,9100361,V5,1,1,1,0,"[[""a"", ""p""]]",0.384
power,c40_noise10,362,9100362,V6,1,1,1,0,"[[""a"", ""p""]]",0.232
power,c40_noise10,362,9100362,V5,1,1,1,0,"[[""a"", ""p""]]",0.424
power,c40_noise10,363,9100363,V6,1,1,1,0,"[[""a"", ""p""]]",0.193
power,c40_noise10,363,9100363,V5,1,1,1,0,"[[""a"", ""p""]]",0.401
power,c40_noise10,364,9100364,V6,1,1,1,0,"[[""a"", ""p""]]",0.165
power,c40_noise10,364,9100364,V5,1,1,1,0,"[[""a"", ""p""]]",0.377
power,c40_noise10,365,9100365,V6,1,1,1,0,"[[""a"", ""p""]]",0.187
power,c40_noise10,365,9100365,V5,1,1,1,0,"[[""a"", ""p""]]",0.406
power,c40_noise10,366,9100366,V6,1,1,1,0,"[[""a"", ""p""]]",0.204
power,c40_noise10,366,9100366,V5,1,1,1,0,"[[""a"", ""p""]]",0.425
power,c40_noise10,367,9100367,V6,1,1,1,0,"[[""a"", ""p""]]",0.222
power,c40_noise10,367,9100367,V5,1,1,1,0,"[[""a"", ""p""]]",0.371
power,c40_noise10,368,9100368,V6,1,1,1,0,"[[""a"", ""p""]]",0.224
power,c40_noise10,368,9100368,V5,1,1,1,0,"[[""a"", ""p""]]",0.397
power,c40_noise10,369,9100369,V6,1,3,1,1,"[[""a"", ""p""], [""x4""], [""x1""]]",0.182
power,c40_noise10,369,9100369,V5,1,1,1,0,"[[""a"", ""p""]]",0.428
power,c40_noise10,370,9100370,V6,1,1,1,0,"[[""a"", ""p""]]",0.203
power,c40_noise10,370,9100370,V5,1,1,1,0,"[[""a"", ""p""]]",0.351
power,c40_noise10,371,9100371,V6,1,1,1,0,"[[""a"", ""p""]]",0.185
power,c40_noise10,371,9100371,V5,1,1,1,0,"[[""a"", ""p""]]",0.399
power,c40_noise10,372,9100372,V6,1,1,1,0,"[[""a"", ""p""]]",0.201
power,c40_noise10,372,9100372,V5,1,1,1,0,"[[""a"", ""p""]]",0.377
power,c40_noise10,373,9100373,V6,1,1,1,0,"[[""a"", ""p""]]",0.213
power,c40_noise10,373,9100373,V5,1,1,1,0,"[[""a"", ""p""]]",0.429
power,c40_noise10,374,9100374,V6,1,1,1,0,"[[""a"", ""p""]]",0.192
power,c40_noise10,374,9100374,V5,1,1,1,0,"[[""a"", ""p""]]",0.342
power,c40_noise10,375,9100375,V6,1,1,1,0,"[[""a"", ""p""]]",0.212
power,c40_noise10,375,9100375,V5,1,1,1,0,"[[""a"", ""p""]]",0.381
power,c40_noise10,376,9100376,V6,1,1,1,0,"[[""a"", ""p""]]",0.207
power,c40_noise10,376,9100376,V5,1,1,1,0,"[[""a"", ""p""]]",0.344
power,c40_noise10,377,9100377,V6,1,1,1,0,"[[""a"", ""p""]]",0.182
power,c40_noise10,377,9100377,V5,1,1,1,0,"[[""a"", ""p""]]",0.439
power,c40_noise10,378,9100378,V6,1,1,1,0,"[[""a"", ""p""]]",0.166
power,c40_noise10,378,9100378,V5,1,1,1,0,"[[""a"", ""p""]]",0.4
power,c40_noise10,379,9100379,V6,1,3,1,1,"[[""a"", ""p""], [""x1""], [""x3""]]",0.203
power,c40_noise10,379,9100379,V5,1,1,1,0,"[[""a"", ""p""]]",0.359
power,c40_noise10,380,9100380,V6,1,1,1,0,"[[""a"", ""p""]]",0.188
power,c40_noise10,380,9100380,V5,1,1,1,0,"[[""a"", ""p""]]",0.36
power,c40_noise10,381,9100381,V6,1,1,1,0,"[[""a"", ""p""]]",0.213
power,c40_noise10,381,9100381,V5,1,1,1,0,"[[""a"", ""p""]]",0.327
power,c40_noise10,382,9100382,V6,1,1,1,0,"[[""a"", ""p""]]",0.183
power,c40_noise10,382,9100382,V5,1,1,1,0,"[[""a"", ""p""]]",0.379
power,c40_noise10,383,9100383,V6,1,1,1,0,"[[""a"", ""p""]]",0.205
power,c40_noise10,383,9100383,V5,1,1,1,0,"[[""a"", ""p""]]",0.38
power,c40_noise10,384,9100384,V6,1,1,1,0,"[[""a"", ""p""]]",0.194
power,c40_noise10,384,9100384,V5,1,1,1,0,"[[""a"", ""p""]]",0.392
power,c40_noise10,385,9100385,V6,1,1,1,0,"[[""a"", ""p""]]",0.228
power,c40_noise10,385,9100385,V5,1,1,1,0,"[[""a"", ""p""]]",0.385
power,c40_noise10,386,9100386,V6,1,1,1,0,"[[""a"", ""p""]]",0.235
power,c40_noise10,386,9100386,V5,1,1,1,0,"[[""a"", ""p""]]",0.424
power,c40_noise10,387,9100387,V6,1,1,1,0,"[[""a"", ""p""]]",0.175
power,c40_noise10,387,9100387,V5,1,1,1,0,"[[""a"", ""p""]]",0.377
power,c40_noise10,388,9100388,V6,1,1,1,0,"[[""a"", ""p""]]",0.187
power,c40_noise10,388,9100388,V5,1,1,1,0,"[[""a"", ""p""]]",0.376
power,c40_noise10,389,9100389,V6,1,1,1,0,"[[""a"", ""p""]]",0.203
power,c40_noise10,389,9100389,V5,1,1,1,0,"[[""a"", ""p""]]",0.413
power,c40_noise10,390,9100390,V6,1,1,1,0,"[[""a"", ""p""]]",0.17
power,c40_noise10,390,9100390,V5,1,1,1,0,"[[""a"", ""p""]]",0.418
power,c40_noise10,391,9100391,V6,1,1,1,0,"[[""a"", ""p""]]",0.198
power,c40_noise10,391,9100391,V5,1,1,1,0,"[[""a"", ""p""]]",0.382
power,c40_noise10,392,9100392,V6,1,1,1,0,"[[""a"", ""p""]]",0.192
power,c40_noise10,392,9100392,V5,1,1,1,0,"[[""a"", ""p""]]",0.419
power,c40_noise10,393,9100393,V6,1,1,1,0,"[[""a"", ""p""]]",0.217
power,c40_noise10,393,9100393,V5,1,1,1,0,"[[""a"", ""p""]]",0.419
power,c40_noise10,394,9100394,V6,1,1,1,0,"[[""a"", ""p""]]",0.224
power,c40_noise10,394,9100394,V5,1,1,1,0,"[[""a"", ""p""]]",0.451
power,c40_noise10,395,9100395,V6,1,1,1,0,"[[""a"", ""p""]]",0.163
power,c40_noise10,395,9100395,V5,1,1,1,0,"[[""a"", ""p""]]",0.411
power,c40_noise10,396,9100396,V6,1,1,1,0,"[[""a"", ""p""]]",0.214
power,c40_noise10,396,9100396,V5,1,1,1,0,"[[""a"", ""p""]]",0.42
power,c40_noise10,397,9100397,V6,1,1,1,0,"[[""a"", ""p""]]",0.224
power,c40_noise10,397,9100397,V5,1,1,1,0,"[[""a"", ""p""]]",0.41
power,c40_noise10,398,9100398,V6,1,1,1,0,"[[""a"", ""p""]]",0.249
power,c40_noise10,398,9100398,V5,1,1,1,0,"[[""a"", ""p""]]",0.344
power,c40_noise10,399,9100399,V6,1,1,1,0,"[[""a"", ""p""]]",0.228
power,c40_noise10,399,9100399,V5,1,1,1,0,"[[""a"", ""p""]]",0.426
power,c40_noise10,400,9100400,V6,1,1,1,0,"[[""a"", ""p""]]",0.191
power,c40_noise10,400,9100400,V5,1,1,1,0,"[[""a"", ""p""]]",0.434
power,c40_noise10,401,9100401,V6,1,1,1,0,"[[""a"", ""p""]]",0.241
power,c40_noise10,401,9100401,V5,1,1,1,0,"[[""a"", ""p""]]",0.383
power,c40_noise10,402,9100402,V6,1,1,1,0,"[[""a"", ""p""]]",0.224
power,c40_noise10,402,9100402,V5,1,1,1,0,"[[""a"", ""p""]]",0.368
power,c40_noise10,403,9100403,V6,1,2,1,1,"[[""a"", ""p""], [""z1""]]",0.166
power,c40_noise10,403,9100403,V5,1,1,1,0,"[[""a"", ""p""]]",0.375
power,c40_noise10,404,9100404,V6,1,1,1,0,"[[""a"", ""p""]]",0.192
power,c40_noise10,404,9100404,V5,1,1,1,0,"[[""a"", ""p""]]",0.41
power,c40_noise10,405,9100405,V6,1,2,1,1,"[[""a"", ""p""], [""x5""]]",0.21
power,c40_noise10,405,9100405,V5,1,2,1,1,"[[""a"", ""p""], [""x5""]]",0.347
power,c40_noise10,406,9100406,V6,1,1,1,0,"[[""a"", ""p""]]",0.197
power,c40_noise10,406,9100406,V5,1,1,1,0,"[[""a"", ""p""]]",0.357
power,c40_noise10,407,9100407,V6,1,1,1,0,"[[""a"", ""p""]]",0.194
power,c40_noise10,407,9100407,V5,1,1,1,0,"[[""a"", ""p""]]",0.386
power,c40_noise10,408,9100408,V6,1,1,1,0,"[[""a"", ""p""]]",0.228
power,c40_noise10,408,9100408,V5,1,1,1,0,"[[""a"", ""p""]]",0.356
power,c40_noise10,409,9100409,V6,1,1,1,0,"[[""a"", ""p""]]",0.223
power,c40_noise10,409,9100409,V5,1,1,1,0,"[[""a"", ""p""]]",0.394
power,c40_noise10,410,9100410,V6,1,1,1,0,"[[""a"", ""p""]]",0.194
power,c40_noise10,410,9100410,V5,1,1,1,0,"[[""a"", ""p""]]",0.383
power,c40_noise10,411,9100411,V6,1,1,1,0,"[[""a"", ""p""]]",0.191
power,c40_noise10,411,9100411,V5,1,1,1,0,"[[""a"", ""p""]]",0.343
power,c40_noise10,412,9100412,V6,1,1,1,0,"[[""a"", ""p""]]",0.18
power,c40_noise10,412,9100412,V5,1,1,1,0,"[[""a"", ""p""]]",0.379
power,c40_noise10,413,9100413,V6,1,1,1,0,"[[""a"", ""p""]]",0.199
power,c40_noise10,413,9100413,V5,1,1,1,0,"[[""a"", ""p""]]",0.386
power,c40_noise10,414,9100414,V6,1,1,1,0,"[[""a"", ""p""]]",0.202
power,c40_noise10,414,9100414,V5,1,1,1,0,"[[""a"", ""p""]]",0.434
power,c40_noise10,415,9100415,V6,1,1,1,0,"[[""a"", ""p""]]",0.221
power,c40_noise10,415,9100415,V5,1,1,1,0,"[[""a"", ""p""]]",0.411
power,c40_noise10,416,9100416,V6,1,1,1,0,"[[""a"", ""p""]]",0.207
power,c40_noise10,416,9100416,V5,1,1,1,0,"[[""a"", ""p""]]",0.4
power,c40_noise10,417,9100417,V6,1,1,1,0,"[[""a"", ""p""]]",0.222
power,c40_noise10,417,9100417,V5,1,1,1,0,"[[""a"", ""p""]]",0.411
power,c40_noise10,418,9100418,V6,1,1,1,0,"[[""a"", ""p""]]",0.213
power,c40_noise10,418,9100418,V5,1,1,1,0,"[[""a"", ""p""]]",0.437
power,c40_noise10,419,9100419,V6,1,1,1,0,"[[""a"", ""p""]]",0.181
power,c40_noise10,419,9100419,V5,1,1,1,0,"[[""a"", ""p""]]",0.381
power,c40_noise10,420,9100420,V6,1,1,1,0,"[[""a"", ""p""]]",0.182
power,c40_noise10,420,9100420,V5,1,1,1,0,"[[""a"", ""p""]]",0.363
power,c40_noise10,421,9100421,V6,1,1,1,0,"[[""a"", ""p""]]",0.211
power,c40_noise10,421,9100421,V5,1,1,1,0,"[[""a"", ""p""]]",0.437
power,c40_noise10,422,9100422,V6,1,1,1,0,"[[""a"", ""p""]]",0.207
power,c40_noise10,422,9100422,V5,1,1,1,0,"[[""a"", ""p""]]",0.375
power,c40_noise10,423,9100423,V6,1,1,1,0,"[[""a"", ""p""]]",0.207
power,c40_noise10,423,9100423,V5,1,1,1,0,"[[""a"", ""p""]]",0.418
power,c40_noise10,424,9100424,V6,1,1,1,0,"[[""a"", ""p""]]",0.184
power,c40_noise10,424,9100424,V5,1,1,1,0,"[[""a"", ""p""]]",0.349
power,c40_noise10,425,9100425,V6,1,1,1,0,"[[""a"", ""p""]]",0.18
power,c40_noise10,425,9100425,V5,1,1,1,0,"[[""a"", ""p""]]",0.405
power,c40_noise10,426,9100426,V6,1,1,1,0,"[[""a"", ""p""]]",0.205
power,c40_noise10,426,9100426,V5,1,1,1,0,"[[""a"", ""p""]]",0.406
power,c40_noise10,427,9100427,V6,1,1,1,0,"[[""a"", ""p""]]",0.211
power,c40_noise10,427,9100427,V5,1,1,1,0,"[[""a"", ""p""]]",0.39
power,c40_noise10,428,9100428,V6,1,1,1,0,"[[""a"", ""p""]]",0.18
power,c40_noise10,428,9100428,V5,1,1,1,0,"[[""a"", ""p""]]",0.328
power,c40_noise10,429,9100429,V6,1,1,1,0,"[[""a"", ""p""]]",0.185
power,c40_noise10,429,9100429,V5,1,1,1,0,"[[""a"", ""p""]]",0.415
power,c40_noise10,430,9100430,V6,1,1,1,0,"[[""a"", ""p""]]",0.165
power,c40_noise10,430,9100430,V5,1,1,1,0,"[[""a"", ""p""]]",0.32
power,c40_noise10,431,9100431,V6,1,1,1,0,"[[""a"", ""p""]]",0.186
power,c40_noise10,431,9100431,V5,1,1,1,0,"[[""a"", ""p""]]",0.373
power,c40_noise10,432,9100432,V6,1,1,1,0,"[[""a"", ""p""]]",0.209
power,c40_noise10,432,9100432,V5,1,1,1,0,"[[""a"", ""p""]]",0.397
power,c40_noise10,433,9100433,V6,1,1,1,0,"[[""a"", ""p""]]",0.203
power,c40_noise10,433,9100433,V5,1,1,1,0,"[[""a"", ""p""]]",0.378
power,c40_noise10,434,9100434,V6,1,1,1,0,"[[""a"", ""p""]]",0.191
power,c40_noise10,434,9100434,V5,1,2,1,1,"[[""a"", ""p""], [""x3""]]",0.378
power,c40_noise10,435,9100435,V6,1,1,1,0,"[[""a"", ""p""]]",0.221
power,c40_noise10,435,9100435,V5,1,1,1,0,"[[""a"", ""p""]]",0.402
power,c40_noise10,436,9100436,V6,1,1,1,0,"[[""a"", ""p""]]",0.221
power,c40_noise10,436,9100436,V5,1,1,1,0,"[[""a"", ""p""]]",0.383
power,c40_noise10,437,9100437,V6,1,1,1,0,"[[""a"", ""p""]]",0.159
power,c40_noise10,437,9100437,V5,1,1,1,0,"[[""a"", ""p""]]",0.37
power,c40_noise10,438,9100438,V6,1,1,1,0,"[[""a"", ""p""]]",0.201
power,c40_noise10,438,9100438,V5,1,1,1,0,"[[""a"", ""p""]]",0.322
power,c40_noise10,439,9100439,V6,1,1,1,0,"[[""a"", ""p""]]",0.172
power,c40_noise10,439,9100439,V5,1,1,1,0,"[[""a"", ""p""]]",0.365
power,c40_noise10,440,9100440,V6,1,1,1,0,"[[""a"", ""p""]]",0.204
power,c40_noise10,440,9100440,V5,1,1,1,0,"[[""a"", ""p""]]",0.361
power,c40_noise10,441,9100441,V6,1,1,1,0,"[[""a"", ""p""]]",0.189
power,c40_noise10,441,9100441,V5,1,1,1,0,"[[""a"", ""p""]]",0.412
power,c40_noise10,442,9100442,V6,1,1,1,0,"[[""a"", ""p""]]",0.186
power,c40_noise10,442,9100442,V5,1,1,1,0,"[[""a"", ""p""]]",0.364
power,c40_noise10,443,9100443,V6,1,1,1,0,"[[""a"", ""p""]]",0.196
power,c40_noise10,443,9100443,V5,1,1,1,0,"[[""a"", ""p""]]",0.394
power,c40_noise10,444,9100444,V6,1,1,1,0,"[[""a"", ""p""]]",0.189
power,c40_noise10,444,9100444,V5,1,1,1,0,"[[""a"", ""p""]]",0.39
power,c40_noise10,445,9100445,V6,1,2,1,1,"[[""a"", ""p""], [""x2""]]",0.172
power,c40_noise10,445,9100445,V5,1,1,1,0,"[[""a"", ""p""]]",0.35
power,c40_noise10,446,9100446,V6,1,1,1,0,"[[""a"", ""p""]]",0.198
power,c40_noise10,446,9100446,V5,1,1,1,0,"[[""a"", ""p""]]",0.396
power,c40_noise10,447,9100447,V6,1,1,1,0,"[[""a"", ""p""]]",0.193
power,c40_noise10,447,9100447,V5,1,1,1,0,"[[""a"", ""p""]]",0.393
power,c40_noise10,448,9100448,V6,1,1,1,0,"[[""a"", ""p""]]",0.174
power,c40_noise10,448,9100448,V5,1,1,1,0,"[[""a"", ""p""]]",0.367
power,c40_noise10,449,9100449,V6,1,1,1,0,"[[""a"", ""p""]]",0.176
power,c40_noise10,449,9100449,V5,1,1,1,0,"[[""a"", ""p""]]",0.404
power,c40_noise10,450,9100450,V6,1,1,1,0,"[[""a"", ""p""]]",0.174
power,c40_noise10,450,9100450,V5,1,1,1,0,"[[""a"", ""p""]]",0.359
power,c40_noise10,451,9100451,V6,1,1,1,0,"[[""a"", ""p""]]",0.192
power,c40_noise10,451,9100451,V5,1,1,1,0,"[[""a"", ""p""]]",0.377
power,c40_noise10,452,9100452,V6,1,1,1,0,"[[""a"", ""p""]]",0.194
power,c40_noise10,452,9100452,V5,1,1,1,0,"[[""a"", ""p""]]",0.362
power,c40_noise10,453,9100453,V6,1,1,1,0,"[[""a"", ""p""]]",0.187
power,c40_noise10,453,9100453,V5,1,1,1,0,"[[""a"", ""p""]]",0.371
power,c40_noise10,454,9100454,V6,1,2,1,1,"[[""a"", ""p""], [""z5""]]",0.191
power,c40_noise10,454,9100454,V5,1,2,1,1,"[[""a"", ""p""], [""z5""]]",0.38
power,c40_noise10,455,9100455,V6,1,1,1,0,"[[""a"", ""p""]]",0.208
power,c40_noise10,455,9100455,V5,1,1,1,0,"[[""a"", ""p""]]",0.374
power,c40_noise10,456,9100456,V6,1,1,1,0,"[[""a"", ""p""]]",0.207
power,c40_noise10,456,9100456,V5,1,1,1,0,"[[""a"", ""p""]]",0.402
power,c40_noise10,457,9100457,V6,1,1,1,0,"[[""a"", ""p""]]",0.151
power,c40_noise10,457,9100457,V5,1,1,1,0,"[[""a"", ""p""]]",0.397
power,c40_noise10,458,9100458,V6,1,1,1,0,"[[""a"", ""p""]]",0.186
power,c40_noise10,458,9100458,V5,1,1,1,0,"[[""a"", ""p""]]",0.372
power,c40_noise10,459,9100459,V6,1,1,1,0,"[[""a"", ""p""]]",0.187
power,c40_noise10,459,9100459,V5,1,1,1,0,"[[""a"", ""p""]]",0.392
power,c40_noise10,460,9100460,V6,1,1,1,0,"[[""a"", ""p""]]",0.232
power,c40_noise10,460,9100460,V5,1,1,1,0,"[[""a"", ""p""]]",0.378
power,c40_noise10,461,9100461,V6,1,1,1,0,"[[""a"", ""p""]]",0.173
power,c40_noise10,461,9100461,V5,1,1,1,0,"[[""a"", ""p""]]",0.363
power,c40_noise10,462,9100462,V6,1,1,1,0,"[[""a"", ""p""]]",0.175
power,c40_noise10,462,9100462,V5,1,1,1,0,"[[""a"", ""p""]]",0.411
power,c40_noise10,463,9100463,V6,1,1,1,0,"[[""a"", ""p""]]",0.173
power,c40_noise10,463,9100463,V5,1,1,1,0,"[[""a"", ""p""]]",0.397
power,c40_noise10,464,9100464,V6,1,1,1,0,"[[""a"", ""p""]]",0.195
power,c40_noise10,464,9100464,V5,1,1,1,0,"[[""a"", ""p""]]",0.381
power,c40_noise10,465,9100465,V6,1,1,1,0,"[[""a"", ""p""]]",0.194
power,c40_noise10,465,9100465,V5,1,1,1,0,"[[""a"", ""p""]]",0.48
power,c40_noise10,466,9100466,V6,1,1,1,0,"[[""a"", ""p""]]",0.195
power,c40_noise10,466,9100466,V5,1,1,1,0,"[[""a"", ""p""]]",0.408
power,c40_noise10,467,9100467,V6,1,1,1,0,"[[""a"", ""p""]]",0.217
power,c40_noise10,467,9100467,V5,1,1,1,0,"[[""a"", ""p""]]",0.359
power,c40_noise10,468,9100468,V6,1,1,1,0,"[[""a"", ""p""]]",0.146
power,c40_noise10,468,9100468,V5,1,1,1,0,"[[""a"", ""p""]]",0.442
power,c40_noise10,469,9100469,V6,1,1,1,0,"[[""a"", ""p""]]",0.21
power,c40_noise10,469,9100469,V5,1,1,1,0,"[[""a"", ""p""]]",0.372
power,c40_noise10,470,9100470,V6,1,1,1,0,"[[""a"", ""p""]]",0.184
power,c40_noise10,470,9100470,V5,1,1,1,0,"[[""a"", ""p""]]",0.38
power,c40_noise10,471,9100471,V6,1,1,1,0,"[[""a"", ""p""]]",0.196
power,c40_noise10,471,9100471,V5,1,1,1,0,"[[""a"", ""p""]]",0.401
power,c40_noise10,472,9100472,V6,1,1,1,0,"[[""a"", ""p""]]",0.183
power,c40_noise10,472,9100472,V5,1,1,1,0,"[[""a"", ""p""]]",0.39
power,c40_noise10,473,9100473,V6,1,1,1,0,"[[""a"", ""p""]]",0.207
power,c40_noise10,473,9100473,V5,1,1,1,0,"[[""a"", ""p""]]",0.372
power,c40_noise10,474,9100474,V6,1,1,1,0,"[[""a"", ""p""]]",0.164
power,c40_noise10,474,9100474,V5,1,1,1,0,"[[""a"", ""p""]]",0.451
power,c40_noise10,475,9100475,V6,1,1,1,0,"[[""a"", ""p""]]",0.224
power,c40_noise10,475,9100475,V5,1,1,1,0,"[[""a"", ""p""]]",0.458
power,c40_noise10,476,9100476,V6,1,1,1,0,"[[""a"", ""p""]]",0.19
power,c40_noise10,476,9100476,V5,1,1,1,0,"[[""a"", ""p""]]",0.398
power,c40_noise10,477,9100477,V6,1,1,1,0,"[[""a"", ""p""]]",0.206
power,c40_noise10,477,9100477,V5,1,1,1,0,"[[""a"", ""p""]]",0.371
power,c40_noise10,478,9100478,V6,1,1,1,0,"[[""a"", ""p""]]",0.19
power,c40_noise10,478,9100478,V5,1,1,1,0,"[[""a"", ""p""]]",0.438
power,c40_noise10,479,9100479,V6,1,1,1,0,"[[""a"", ""p""]]",0.179
power,c40_noise10,479,9100479,V5,1,1,1,0,"[[""a"", ""p""]]",0.423
power,c40_noise10,480,9100480,V6,1,1,1,0,"[[""a"", ""p""]]",0.201
power,c40_noise10,480,9100480,V5,1,1,1,0,"[[""a"", ""p""]]",0.438
power,c40_noise10,481,9100481,V6,1,1,1,0,"[[""a"", ""p""]]",0.2
power,c40_noise10,481,9100481,V5,1,1,1,0,"[[""a"", ""p""]]",0.389
power,c40_noise10,482,9100482,V6,1,1,1,0,"[[""a"", ""p""]]",0.193
power,c40_noise10,482,9100482,V5,1,1,1,0,"[[""a"", ""p""]]",0.348
power,c40_noise10,483,9100483,V6,1,1,1,0,"[[""a"", ""p""]]",0.198
power,c40_noise10,483,9100483,V5,1,1,1,0,"[[""a"", ""p""]]",0.452
power,c40_noise10,484,9100484,V6,1,1,1,0,"[[""a"", ""p""]]",0.183
power,c40_noise10,484,9100484,V5,1,1,1,0,"[[""a"", ""p""]]",0.354
power,c40_noise10,485,9100485,V6,1,1,1,0,"[[""a"", ""p""]]",0.222
power,c40_noise10,485,9100485,V5,1,1,1,0,"[[""a"", ""p""]]",0.46
power,c40_noise10,486,9100486,V6,1,1,1,0,"[[""a"", ""p""]]",0.193
power,c40_noise10,486,9100486,V5,1,1,1,0,"[[""a"", ""p""]]",0.358
power,c40_noise10,487,9100487,V6,1,1,1,0,"[[""a"", ""p""]]",0.199
power,c40_noise10,487,9100487,V5,1,1,1,0,"[[""a"", ""p""]]",0.359
power,c40_noise10,488,9100488,V6,1,2,1,1,"[[""a"", ""p""], [""x3""]]",0.217
power,c40_noise10,488,9100488,V5,1,2,1,1,"[[""a"", ""p""], [""x3""]]",0.352
power,c40_noise10,489,9100489,V6,1,1,1,0,"[[""a"", ""p""]]",0.147
power,c40_noise10,489,9100489,V5,1,1,1,0,"[[""a"", ""p""]]",0.366
power,c40_noise10,490,9100490,V6,1,1,1,0,"[[""a"", ""p""]]",0.198
power,c40_noise10,490,9100490,V5,1,1,1,0,"[[""a"", ""p""]]",0.404
power,c40_noise10,491,9100491,V6,1,1,1,0,"[[""a"", ""p""]]",0.189
power,c40_noise10,491,9100491,V5,1,1,1,0,"[[""a"", ""p""]]",0.396
power,c40_noise10,492,9100492,V6,1,1,1,0,"[[""a"", ""p""]]",0.205
power,c40_noise10,492,9100492,V5,1,1,1,0,"[[""a"", ""p""]]",0.446
power,c40_noise10,493,9100493,V6,1,1,1,0,"[[""a"", ""p""]]",0.175
power,c40_noise10,493,9100493,V5,1,1,1,0,"[[""a"", ""p""]]",0.413
power,c40_noise10,494,9100494,V6,0,0,0,0,[],0.189
power,c40_noise10,494,9100494,V5,1,1,1,0,"[[""a"", ""p""]]",0.385
power,c40_noise10,495,9100495,V6,1,1,1,0,"[[""a"", ""p""]]",0.207
power,c40_noise10,495,9100495,V5,1,1,1,0,"[[""a"", ""p""]]",0.399
power,c40_noise10,496,9100496,V6,1,1,1,0,"[[""a"", ""p""]]",0.202
power,c40_noise10,496,9100496,V5,1,1,1,0,"[[""a"", ""p""]]",0.396
power,c40_noise10,497,9100497,V6,1,1,1,0,"[[""a"", ""p""]]",0.217
power,c40_noise10,497,9100497,V5,1,1,1,0,"[[""a"", ""p""]]",0.454
power,c40_noise10,498,9100498,V6,1,1,1,0,"[[""a"", ""p""]]",0.196
power,c40_noise10,498,9100498,V5,1,1,1,0,"[[""a"", ""p""]]",0.441
power,c40_noise10,499,9100499,V6,1,1,1,0,"[[""a"", ""p""]]",0.179
power,c40_noise10,499,9100499,V5,1,1,1,0,"[[""a"", ""p""]]",0.341
power,c40_noise30,0,9110000,V6,1,2,1,1,"[[""a""], [""p""]]",0.223
power,c40_noise30,0,9110000,V5,1,1,1,0,"[[""a""]]",0.389
power,c40_noise30,1,9110001,V6,1,1,1,0,"[[""a""]]",0.201
power,c40_noise30,1,9110001,V5,1,1,1,0,"[[""a""]]",0.434
power,c40_noise30,2,9110002,V6,1,2,1,1,"[[""a""], [""x4""]]",0.182
power,c40_noise30,2,9110002,V5,1,2,1,1,"[[""a""], [""x4""]]",0.447
power,c40_noise30,3,9110003,V6,1,2,1,1,"[[""a""], [""p""]]",0.184
power,c40_noise30,3,9110003,V5,1,1,1,0,"[[""a""]]",0.398
power,c40_noise30,4,9110004,V6,1,1,1,0,"[[""a""]]",0.217
power,c40_noise30,4,9110004,V5,1,1,1,0,"[[""a""]]",0.48
power,c40_noise30,5,9110005,V6,1,1,1,0,"[[""a""]]",0.159
power,c40_noise30,5,9110005,V5,1,1,1,0,"[[""a""]]",0.37
power,c40_noise30,6,9110006,V6,1,1,1,0,"[[""a""]]",0.209
power,c40_noise30,6,9110006,V5,1,1,1,0,"[[""a""]]",0.435
power,c40_noise30,7,9110007,V6,1,1,1,0,"[[""a""]]",0.204
power,c40_noise30,7,9110007,V5,1,1,1,0,"[[""a""]]",0.418
power,c40_noise30,8,9110008,V6,1,1,1,0,"[[""a""]]",0.176
power,c40_noise30,8,9110008,V5,1,1,1,0,"[[""a""]]",0.45
power,c40_noise30,9,9110009,V6,1,2,1,1,"[[""a""], [""p""]]",0.174
power,c40_noise30,9,9110009,V5,1,1,1,0,"[[""a""]]",0.378
power,c40_noise30,10,9110010,V6,1,1,1,0,"[[""a""]]",0.202
power,c40_noise30,10,9110010,V5,1,1,1,0,"[[""a""]]",0.375
power,c40_noise30,11,9110011,V6,1,1,1,0,"[[""a""]]",0.21
power,c40_noise30,11,9110011,V5,1,1,1,0,"[[""a""]]",0.368
power,c40_noise30,12,9110012,V6,1,1,1,0,"[[""a""]]",0.217
power,c40_noise30,12,9110012,V5,1,1,1,0,"[[""a""]]",0.43
power,c40_noise30,13,9110013,V6,1,1,1,0,"[[""a""]]",0.2
power,c40_noise30,13,9110013,V5,1,1,1,0,"[[""a""]]",0.417
power,c40_noise30,14,9110014,V6,1,1,1,0,"[[""a""]]",0.226
power,c40_noise30,14,9110014,V5,1,1,1,0,"[[""a""]]",0.445
power,c40_noise30,15,9110015,V6,1,1,1,0,"[[""a""]]",0.208
power,c40_noise30,15,9110015,V5,1,1,1,0,"[[""a""]]",0.453
power,c40_noise30,16,9110016,V6,1,1,1,0,"[[""a""]]",0.223
power,c40_noise30,16,9110016,V5,1,1,1,0,"[[""a""]]",0.453
power,c40_noise30,17,9110017,V6,1,1,1,0,"[[""a""]]",0.215
power,c40_noise30,17,9110017,V5,1,1,1,0,"[[""a""]]",0.446
power,c40_noise30,18,9110018,V6,1,2,1,1,"[[""a""], [""z3""]]",0.228
power,c40_noise30,18,9110018,V5,1,1,1,0,"[[""a""]]",0.448
power,c40_noise30,19,9110019,V6,1,1,1,0,"[[""a""]]",0.238
power,c40_noise30,19,9110019,V5,1,1,1,0,"[[""a""]]",0.465
power,c40_noise30,20,9110020,V6,1,1,1,0,"[[""a""]]",0.2
power,c40_noise30,20,9110020,V5,1,1,1,0,"[[""a""]]",0.42
power,c40_noise30,21,9110021,V6,1,1,1,0,"[[""a""]]",0.214
power,c40_noise30,21,9110021,V5,1,1,1,0,"[[""a""]]",0.428
power,c40_noise30,22,9110022,V6,1,1,1,0,"[[""a""]]",0.251
power,c40_noise30,22,9110022,V5,1,1,1,0,"[[""a""]]",0.427
power,c40_noise30,23,9110023,V6,1,2,1,1,"[[""a""], [""p""]]",0.221
power,c40_noise30,23,9110023,V5,1,1,1,0,"[[""a""]]",0.404
power,c40_noise30,24,9110024,V6,1,1,1,0,"[[""a""]]",0.191
power,c40_noise30,24,9110024,V5,1,1,1,0,"[[""a""]]",0.446
power,c40_noise30,25,9110025,V6,1,3,1,1,"[[""a""], [""p""], [""x1""]]",0.226
power,c40_noise30,25,9110025,V5,1,2,1,1,"[[""a""], [""p""]]",0.482
power,c40_noise30,26,9110026,V6,1,1,1,0,"[[""a""]]",0.181
power,c40_noise30,26,9110026,V5,1,1,1,0,"[[""a""]]",0.481
power,c40_noise30,27,9110027,V6,1,1,1,0,"[[""a""]]",0.235
power,c40_noise30,27,9110027,V5,1,1,1,0,"[[""a""]]",0.483
power,c40_noise30,28,9110028,V6,1,1,1,0,"[[""a""]]",0.197
power,c40_noise30,28,9110028,V5,1,1,1,0,"[[""a""]]",0.469
power,c40_noise30,29,9110029,V6,1,1,1,0,"[[""a""]]",0.219
power,c40_noise30,29,9110029,V5,1,1,1,0,"[[""a""]]",0.438
power,c40_noise30,30,9110030,V6,1,1,1,0,"[[""a""]]",0.242
power,c40_noise30,30,9110030,V5,1,1,1,0,"[[""a""]]",0.419
power,c40_noise30,31,9110031,V6,1,1,1,0,"[[""a""]]",0.216
power,c40_noise30,31,9110031,V5,1,1,1,0,"[[""a""]]",0.445
power,c40_noise30,32,9110032,V6,1,1,1,0,"[[""a""]]",0.253
power,c40_noise30,32,9110032,V5,1,1,1,0,"[[""a""]]",0.457
power,c40_noise30,33,9110033,V6,1,1,1,0,"[[""a""]]",0.243
power,c40_noise30,33,9110033,V5,1,1,1,0,"[[""a""]]",0.441
power,c40_noise30,34,9110034,V6,1,2,1,1,"[[""a""], [""p""]]",0.25
power,c40_noise30,34,9110034,V5,1,2,1,1,"[[""a""], [""p""]]",0.446
power,c40_noise30,35,9110035,V6,1,2,1,1,"[[""a""], [""p""]]",0.222
power,c40_noise30,35,9110035,V5,1,2,1,1,"[[""a""], [""p""]]",0.416
power,c40_noise30,36,9110036,V6,1,2,1,1,"[[""a""], [""p""]]",0.242
power,c40_noise30,36,9110036,V5,1,2,1,1,"[[""a""], [""p""]]",0.421
power,c40_noise30,37,9110037,V6,1,1,1,0,"[[""a""]]",0.219
power,c40_noise30,37,9110037,V5,1,1,1,0,"[[""a""]]",0.457
power,c40_noise30,38,9110038,V6,1,2,1,1,"[[""a""], [""p""]]",0.231
power,c40_noise30,38,9110038,V5,1,2,1,1,"[[""a""], [""p""]]",0.459
power,c40_noise30,39,9110039,V6,1,2,1,1,"[[""a""], [""p""]]",0.192
power,c40_noise30,39,9110039,V5,1,2,1,1,"[[""a""], [""p""]]",0.425
power,c40_noise30,40,9110040,V6,1,1,1,0,"[[""a""]]",0.207
power,c40_noise30,40,9110040,V5,1,1,1,0,"[[""a""]]",0.469
power,c40_noise30,41,9110041,V6,1,1,1,0,"[[""a""]]",0.232
power,c40_noise30,41,9110041,V5,1,1,1,0,"[[""a""]]",0.451
power,c40_noise30,42,9110042,V6,1,1,1,0,"[[""a""]]",0.23
power,c40_noise30,42,9110042,V5,1,1,1,0,"[[""a""]]",0.437
power,c40_noise30,43,9110043,V6,1,1,1,0,"[[""a""]]",0.194
power,c40_noise30,43,9110043,V5,1,1,1,0,"[[""a""]]",0.418
power,c40_noise30,44,9110044,V6,1,1,1,0,"[[""a""]]",0.222
power,c40_noise30,44,9110044,V5,1,1,1,0,"[[""a""]]",0.516
power,c40_noise30,45,9110045,V6,1,1,1,0,"[[""a""]]",0.201
power,c40_noise30,45,9110045,V5,1,1,1,0,"[[""a""]]",0.518
power,c40_noise30,46,9110046,V6,1,1,1,0,"[[""a""]]",0.18
power,c40_noise30,46,9110046,V5,1,1,1,0,"[[""a""]]",0.455
power,c40_noise30,47,9110047,V6,1,2,1,1,"[[""a""], [""p""]]",0.195
power,c40_noise30,47,9110047,V5,1,2,1,1,"[[""a""], [""p""]]",0.591
power,c40_noise30,48,9110048,V6,1,1,1,0,"[[""a""]]",0.246
power,c40_noise30,48,9110048,V5,1,1,1,0,"[[""a""]]",0.525
power,c40_noise30,49,9110049,V6,1,1,1,0,"[[""a""]]",0.224
power,c40_noise30,49,9110049,V5,1,1,1,0,"[[""a""]]",0.539
power,c40_noise30,50,9110050,V6,1,1,1,0,"[[""a""]]",0.297
power,c40_noise30,50,9110050,V5,1,1,1,0,"[[""a""]]",0.637
power,c40_noise30,51,9110051,V6,1,1,1,0,"[[""a""]]",0.282
power,c40_noise30,51,9110051,V5,1,1,1,0,"[[""a""]]",0.567
power,c40_noise30,52,9110052,V6,1,2,1,1,"[[""a""], [""x1""]]",0.226
power,c40_noise30,52,9110052,V5,1,2,1,1,"[[""a""], [""x1""]]",0.572
power,c40_noise30,53,9110053,V6,1,2,1,1,"[[""a""], [""p""]]",0.25
power,c40_noise30,53,9110053,V5,1,2,1,1,"[[""a""], [""p""]]",0.516
power,c40_noise30,54,9110054,V6,1,1,1,0,"[[""a""]]",0.295
power,c40_noise30,54,9110054,V5,1,1,1,0,"[[""a""]]",0.601
power,c40_noise30,55,9110055,V6,1,1,1,0,"[[""a""]]",0.263
power,c40_noise30,55,9110055,V5,1,1,1,0,"[[""a""]]",0.572
power,c40_noise30,56,9110056,V6,1,1,1,0,"[[""a""]]",0.331
power,c40_noise30,56,9110056,V5,1,1,1,0,"[[""a""]]",0.523
power,c40_noise30,57,9110057,V6,1,1,1,0,"[[""a""]]",0.256
power,c40_noise30,57,9110057,V5,1,1,1,0,"[[""a""]]",0.517
power,c40_noise30,58,9110058,V6,1,1,1,0,"[[""a""]]",0.29
power,c40_noise30,58,9110058,V5,1,1,1,0,"[[""a""]]",0.505
power,c40_noise30,59,9110059,V6,1,2,1,1,"[[""a""], [""x1""]]",0.314
power,c40_noise30,59,9110059,V5,1,1,1,0,"[[""a""]]",0.514
power,c40_noise30,60,9110060,V6,1,2,1,1,"[[""a""], [""p""]]",0.298
power,c40_noise30,60,9110060,V5,1,2,1,1,"[[""a""], [""p""]]",0.425
power,c40_noise30,61,9110061,V6,1,2,1,1,"[[""a""], [""z5""]]",0.277
power,c40_noise30,61,9110061,V5,1,1,1,0,"[[""a""]]",0.472
power,c40_noise30,62,9110062,V6,1,2,1,1,"[[""a""], [""p""]]",0.245
power,c40_noise30,62,9110062,V5,1,2,1,1,"[[""a""], [""p""]]",0.422
power,c40_noise30,63,9110063,V6,1,3,1,1,"[[""a""], [""p""], [""z3""]]",0.216
power,c40_noise30,63,9110063,V5,1,1,1,0,"[[""a""]]",0.421
power,c40_noise30,64,9110064,V6,1,1,1,0,"[[""a""]]",0.211
power,c40_noise30,64,9110064,V5,1,1,1,0,"[[""a""]]",0.356
power,c40_noise30,65,9110065,V6,1,2,1,1,"[[""a""], [""p""]]",0.171
power,c40_noise30,65,9110065,V5,1,2,1,1,"[[""a""], [""p""]]",0.426
power,c40_noise30,66,9110066,V6,1,1,1,0,"[[""a""]]",0.173
power,c40_noise30,66,9110066,V5,1,1,1,0,"[[""a""]]",0.392
power,c40_noise30,67,9110067,V6,1,1,1,0,"[[""a""]]",0.166
power,c40_noise30,67,9110067,V5,1,1,1,0,"[[""a""]]",0.401
power,c40_noise30,68,9110068,V6,1,2,1,1,"[[""a""], [""z1""]]",0.21
power,c40_noise30,68,9110068,V5,1,2,1,1,"[[""a""], [""z1""]]",0.386
power,c40_noise30,69,9110069,V6,1,1,1,0,"[[""a""]]",0.205
power,c40_noise30,69,9110069,V5,1,1,1,0,"[[""a""]]",0.357
power,c40_noise30,70,9110070,V6,1,1,1,0,"[[""a""]]",0.19
power,c40_noise30,70,9110070,V5,1,1,1,0,"[[""a""]]",0.407
power,c40_noise30,71,9110071,V6,1,1,1,0,"[[""a""]]",0.181
power,c40_noise30,71,9110071,V5,1,2,1,1,"[[""a""], [""p""]]",0.403
power,c40_noise30,72,9110072,V6,1,2,1,1,"[[""a""], [""p""]]",0.183
power,c40_noise30,72,9110072,V5,1,1,1,0,"[[""a""]]",0.38
power,c40_noise30,73,9110073,V6,1,1,1,0,"[[""a""]]",0.181
power,c40_noise30,73,9110073,V5,1,1,1,0,"[[""a""]]",0.435
power,c40_noise30,74,9110074,V6,1,2,1,1,"[[""a""], [""p""]]",0.154
power,c40_noise30,74,9110074,V5,1,1,1,0,"[[""a""]]",0.436
power,c40_noise30,75,9110075,V6,1,2,1,1,"[[""a""], [""p""]]",0.193
power,c40_noise30,75,9110075,V5,1,1,1,0,"[[""a""]]",0.506
power,c40_noise30,76,9110076,V6,1,1,1,0,"[[""a""]]",0.182
power,c40_noise30,76,9110076,V5,1,1,1,0,"[[""a""]]",0.466
power,c40_noise30,77,9110077,V6,1,1,1,0,"[[""a""]]",0.181
power,c40_noise30,77,9110077,V5,1,1,1,0,"[[""a""]]",0.471
power,c40_noise30,78,9110078,V6,1,2,1,1,"[[""a""], [""p""]]",0.193
power,c40_noise30,78,9110078,V5,1,2,1,1,"[[""a""], [""p""]]",0.433
power,c40_noise30,79,9110079,V6,1,2,1,1,"[[""a""], [""p""]]",0.198
power,c40_noise30,79,9110079,V5,1,2,1,1,"[[""a""], [""p""]]",0.444
power,c40_noise30,80,9110080,V6,1,1,1,0,"[[""a""]]",0.216
power,c40_noise30,80,9110080,V5,1,1,1,0,"[[""a""]]",0.435
power,c40_noise30,81,9110081,V6,1,1,1,0,"[[""a""]]",0.235
power,c40_noise30,81,9110081,V5,1,1,1,0,"[[""a""]]",0.46
power,c40_noise30,82,9110082,V6,1,1,1,0,"[[""a""]]",0.222
power,c40_noise30,82,9110082,V5,1,1,1,0,"[[""a""]]",0.457
power,c40_noise30,83,9110083,V6,1,2,1,1,"[[""a""], [""x1""]]",0.225
power,c40_noise30,83,9110083,V5,1,1,1,0,"[[""a""]]",0.408
power,c40_noise30,84,9110084,V6,1,1,1,0,"[[""a""]]",0.248
power,c40_noise30,84,9110084,V5,1,1,1,0,"[[""a""]]",0.444
power,c40_noise30,85,9110085,V6,1,1,1,0,"[[""a""]]",0.199
power,c40_noise30,85,9110085,V5,1,1,1,0,"[[""a""]]",0.436
power,c40_noise30,86,9110086,V6,1,1,1,0,"[[""a""]]",0.22
power,c40_noise30,86,9110086,V5,1,1,1,0,"[[""a""]]",0.46
power,c40_noise30,87,9110087,V6,1,1,1,0,"[[""a""]]",0.211
power,c40_noise30,87,9110087,V5,1,1,1,0,"[[""a""]]",0.448
power,c40_noise30,88,9110088,V6,1,2,1,1,"[[""a""], [""p""]]",0.233
power,c40_noise30,88,9110088,V5,1,1,1,0,"[[""a""]]",0.434
power,c40_noise30,89,9110089,V6,1,2,1,1,"[[""a""], [""p""]]",0.229
power,c40_noise30,89,9110089,V5,1,2,1,1,"[[""a""], [""p""]]",0.451
power,c40_noise30,90,9110090,V6,1,1,1,0,"[[""a""]]",0.231
power,c40_noise30,90,9110090,V5,1,1,1,0,"[[""a""]]",0.457
power,c40_noise30,91,9110091,V6,1,1,1,0,"[[""a""]]",0.248
power,c40_noise30,91,9110091,V5,1,1,1,0,"[[""a""]]",0.482
power,c40_noise30,92,9110092,V6,1,1,1,0,"[[""a""]]",0.254
power,c40_noise30,92,9110092,V5,1,1,1,0,"[[""a""]]",0.474
power,c40_noise30,93,9110093,V6,1,1,1,0,"[[""a""]]",0.21
power,c40_noise30,93,9110093,V5,1,1,1,0,"[[""a""]]",0.47
power,c40_noise30,94,9110094,V6,1,1,1,0,"[[""a""]]",0.191
power,c40_noise30,94,9110094,V5,1,1,1,0,"[[""a""]]",0.471
power,c40_noise30,95,9110095,V6,1,1,1,0,"[[""a""]]",0.249
power,c40_noise30,95,9110095,V5,1,1,1,0,"[[""a""]]",0.466
power,c40_noise30,96,9110096,V6,1,1,1,0,"[[""a""]]",0.221
power,c40_noise30,96,9110096,V5,1,1,1,0,"[[""a""]]",0.465
power,c40_noise30,97,9110097,V6,1,2,1,1,"[[""a""], [""p""]]",0.226
power,c40_noise30,97,9110097,V5,1,2,1,1,"[[""a""], [""p""]]",0.493
power,c40_noise30,98,9110098,V6,1,2,1,1,"[[""a""], [""p""]]",0.238
power,c40_noise30,98,9110098,V5,1,2,1,1,"[[""a""], [""p""]]",0.466
power,c40_noise30,99,9110099,V6,1,1,1,0,"[[""a""]]",0.239
power,c40_noise30,99,9110099,V5,1,1,1,0,"[[""a""]]",0.427
power,c40_noise30,100,9110100,V6,1,1,1,0,"[[""a""]]",0.228
power,c40_noise30,100,9110100,V5,1,1,1,0,"[[""a""]]",0.471
power,c40_noise30,101,9110101,V6,1,2,1,1,"[[""a""], [""p""]]",0.206
power,c40_noise30,101,9110101,V5,1,2,1,1,"[[""a""], [""p""]]",0.559
power,c40_noise30,102,9110102,V6,1,2,1,1,"[[""a""], [""p""]]",0.24
power,c40_noise30,102,9110102,V5,1,2,1,1,"[[""a""], [""p""]]",0.492
power,c40_noise30,103,9110103,V6,1,1,1,0,"[[""a""]]",0.247
power,c40_noise30,103,9110103,V5,1,1,1,0,"[[""a""]]",0.482
power,c40_noise30,104,9110104,V6,1,1,1,0,"[[""a""]]",0.232
power,c40_noise30,104,9110104,V5,1,1,1,0,"[[""a""]]",0.511
power,c40_noise30,105,9110105,V6,1,1,1,0,"[[""a""]]",0.221
power,c40_noise30,105,9110105,V5,1,1,1,0,"[[""a""]]",0.483
power,c40_noise30,106,9110106,V6,1,1,1,0,"[[""a""]]",0.261
power,c40_noise30,106,9110106,V5,1,1,1,0,"[[""a""]]",0.474
power,c40_noise30,107,9110107,V6,1,2,1,1,"[[""a""], [""p""]]",0.26
power,c40_noise30,107,9110107,V5,1,2,1,1,"[[""a""], [""p""]]",0.464
power,c40_noise30,108,9110108,V6,1,1,1,0,"[[""a""]]",0.211
power,c40_noise30,108,9110108,V5,1,1,1,0,"[[""a""]]",0.432
power,c40_noise30,109,9110109,V6,1,1,1,0,"[[""a""]]",0.289
power,c40_noise30,109,9110109,V5,1,1,1,0,"[[""a""]]",0.374
power,c40_noise30,110,9110110,V6,1,1,1,0,"[[""a""]]",0.257
power,c40_noise30,110,9110110,V5,1,1,1,0,"[[""a""]]",0.462
power,c40_noise30,111,9110111,V6,1,1,1,0,"[[""a""]]",0.234
power,c40_noise30,111,9110111,V5,1,1,1,0,"[[""a""]]",0.486
power,c40_noise30,112,9110112,V6,1,1,1,0,"[[""a""]]",0.192
power,c40_noise30,112,9110112,V5,1,1,1,0,"[[""a""]]",0.507
power,c40_noise30,113,9110113,V6,1,1,1,0,"[[""a""]]",0.212
power,c40_noise30,113,9110113,V5,1,1,1,0,"[[""a""]]",0.537
power,c40_noise30,114,9110114,V6,1,2,1,1,"[[""a""], [""x1""]]",0.223
power,c40_noise30,114,9110114,V5,1,2,1,1,"[[""a""], [""x1""]]",0.551
power,c40_noise30,115,9110115,V6,1,2,1,1,"[[""a""], [""p""]]",0.277
power,c40_noise30,115,9110115,V5,1,2,1,1,"[[""a""], [""p""]]",0.572
power,c40_noise30,116,9110116,V6,1,1,1,0,"[[""a""]]",0.307
power,c40_noise30,116,9110116,V5,1,1,1,0,"[[""a""]]",0.531
power,c40_noise30,117,9110117,V6,1,2,1,1,"[[""a""], [""p""]]",0.315
power,c40_noise30,117,9110117,V5,1,2,1,1,"[[""a""], [""p""]]",0.533
power,c40_noise30,118,9110118,V6,1,1,1,0,"[[""a""]]",0.274
power,c40_noise30,118,9110118,V5,1,1,1,0,"[[""a""]]",0.504
power,c40_noise30,119,9110119,V6,1,1,1,0,"[[""a""]]",0.299
power,c40_noise30,119,9110119,V5,1,1,1,0,"[[""a""]]",0.518
power,c40_noise30,120,9110120,V6,1,2,1,1,"[[""a""], [""p""]]",0.287
power,c40_noise30,120,9110120,V5,1,2,1,1,"[[""a""], [""p""]]",0.455
power,c40_noise30,121,9110121,V6,1,1,1,0,"[[""a""]]",0.292
power,c40_noise30,121,9110121,V5,1,1,1,0,"[[""a""]]",0.459
power,c40_noise30,122,9110122,V6,1,1,1,0,"[[""a""]]",0.278
power,c40_noise30,122,9110122,V5,1,1,1,0,"[[""a""]]",0.498
power,c40_noise30,123,9110123,V6,1,2,1,1,"[[""a""], [""p""]]",0.19
power,c40_noise30,123,9110123,V5,1,3,1,1,"[[""a""], [""z1""], [""p""]]",0.492
power,c40_noise30,124,9110124,V6,1,1,1,0,"[[""a""]]",0.287
power,c40_noise30,124,9110124,V5,1,1,1,0,"[[""a""]]",0.395
power,c40_noise30,125,9110125,V6,1,1,1,0,"[[""a""]]",0.262
power,c40_noise30,125,9110125,V5,1,1,1,0,"[[""a""]]",0.42
power,c40_noise30,126,9110126,V6,1,1,1,0,"[[""a""]]",0.229
power,c40_noise30,126,9110126,V5,1,1,1,0,"[[""a""]]",0.394
power,c40_noise30,127,9110127,V6,1,1,1,0,"[[""a""]]",0.233
power,c40_noise30,127,9110127,V5,1,1,1,0,"[[""a""]]",0.405
power,c40_noise30,128,9110128,V6,1,2,1,1,"[[""a""], [""p""]]",0.209
power,c40_noise30,128,9110128,V5,1,2,1,1,"[[""a""], [""p""]]",0.402
power,c40_noise30,129,9110129,V6,1,1,1,0,"[[""a""]]",0.228
power,c40_noise30,129,9110129,V5,1,1,1,0,"[[""a""]]",0.425
power,c40_noise30,130,9110130,V6,1,2,1,1,"[[""a""], [""p""]]",0.251
power,c40_noise30,130,9110130,V5,1,2,1,1,"[[""a""], [""p""]]",0.455
power,c40_noise30,131,9110131,V6,1,1,1,0,"[[""a""]]",0.229
power,c40_noise30,131,9110131,V5,1,1,1,0,"[[""a""]]",0.391
power,c40_noise30,132,9110132,V6,1,1,1,0,"[[""a""]]",0.228
power,c40_noise30,132,9110132,V5,1,1,1,0,"[[""a""]]",0.423
power,c40_noise30,133,9110133,V6,1,1,1,0,"[[""a""]]",0.168
power,c40_noise30,133,9110133,V5,1,1,1,0,"[[""a""]]",0.39
power,c40_noise30,134,9110134,V6,1,2,1,1,"[[""a""], [""p""]]",0.19
power,c40_noise30,134,9110134,V5,1,1,1,0,"[[""a""]]",0.408
power,c40_noise30,135,9110135,V6,1,1,1,0,"[[""a""]]",0.178
power,c40_noise30,135,9110135,V5,1,1,1,0,"[[""a""]]",0.412
power,c40_noise30,136,9110136,V6,1,1,1,0,"[[""a""]]",0.199
power,c40_noise30,136,9110136,V5,1,1,1,0,"[[""a""]]",0.423
power,c40_noise30,137,9110137,V6,1,1,1,0,"[[""a""]]",0.204
power,c40_noise30,137,9110137,V5,1,1,1,0,"[[""a""]]",0.387
power,c40_noise30,138,9110138,V6,1,1,1,0,"[[""a""]]",0.222
power,c40_noise30,138,9110138,V5,1,1,1,0,"[[""a""]]",0.394
power,c40_noise30,139,9110139,V6,1,1,1,0,"[[""a""]]",0.173
power,c40_noise30,139,9110139,V5,1,1,1,0,"[[""a""]]",0.448
power,c40_noise30,140,9110140,V6,1,2,1,1,"[[""a""], [""p""]]",0.199
power,c40_noise30,140,9110140,V5,1,2,1,1,"[[""a""], [""p""]]",0.449
power,c40_noise30,141,9110141,V6,1,3,1,1,"[[""a""], [""p""], [""x4""]]",0.173
power,c40_noise30,141,9110141,V5,1,2,1,1,"[[""a""], [""p""]]",0.413
power,c40_noise30,142,9110142,V6,1,1,1,0,"[[""a""]]",0.176
power,c40_noise30,142,9110142,V5,1,1,1,0,"[[""a""]]",0.436
power,c40_noise30,143,9110143,V6,1,1,1,0,"[[""a""]]",0.223
power,c40_noise30,143,9110143,V5,1,1,1,0,"[[""a""]]",0.452
power,c40_noise30,144,9110144,V6,1,1,1,0,"[[""a""]]",0.184
power,c40_noise30,144,9110144,V5,1,1,1,0,"[[""a""]]",0.476
power,c40_noise30,145,9110145,V6,1,1,1,0,"[[""a""]]",0.218
power,c40_noise30,145,9110145,V5,1,1,1,0,"[[""a""]]",0.471
power,c40_noise30,146,9110146,V6,1,1,1,0,"[[""a""]]",0.22
power,c40_noise30,146,9110146,V5,1,1,1,0,"[[""a""]]",0.517
power,c40_noise30,147,9110147,V6,1,1,1,0,"[[""a""]]",0.229
power,c40_noise30,147,9110147,V5,1,1,1,0,"[[""a""]]",0.447
power,c40_noise30,148,9110148,V6,1,1,1,0,"[[""a""]]",0.255
power,c40_noise30,148,9110148,V5,1,1,1,0,"[[""a""]]",0.438
power,c40_noise30,149,9110149,V6,1,2,1,1,"[[""a""], [""p""]]",0.229
power,c40_noise30,149,9110149,V5,1,2,1,1,"[[""a""], [""p""]]",0.513
power,c40_noise30,150,9110150,V6,1,1,1,0,"[[""a""]]",0.215
power,c40_noise30,150,9110150,V5,1,1,1,0,"[[""a""]]",0.481
power,c40_noise30,151,9110151,V6,0,0,0,0,[],0.221
power,c40_noise30,151,9110151,V5,0,0,0,0,[],0.572
power,c40_noise30,152,9110152,V6,1,1,1,0,"[[""a""]]",0.248
power,c40_noise30,152,9110152,V5,1,1,1,0,"[[""a""]]",0.565
power,c40_noise30,153,9110153,V6,1,1,1,0,"[[""a""]]",0.273
power,c40_noise30,153,9110153,V5,1,1,1,0,"[[""a""]]",0.486
power,c40_noise30,154,9110154,V6,1,1,1,0,"[[""a""]]",0.291
power,c40_noise30,154,9110154,V5,1,1,1,0,"[[""a""]]",0.518
power,c40_noise30,155,9110155,V6,1,2,1,1,"[[""a""], [""p""]]",0.283
power,c40_noise30,155,9110155,V5,1,2,1,1,"[[""a""], [""p""]]",0.594
power,c40_noise30,156,9110156,V6,1,2,1,1,"[[""a""], [""p""]]",0.272
power,c40_noise30,156,9110156,V5,1,1,1,0,"[[""a""]]",0.641
power,c40_noise30,157,9110157,V6,1,1,1,0,"[[""a""]]",0.255
power,c40_noise30,157,9110157,V5,1,1,1,0,"[[""a""]]",0.647
power,c40_noise30,158,9110158,V6,1,2,1,1,"[[""a""], [""p""]]",0.29
power,c40_noise30,158,9110158,V5,1,2,1,1,"[[""a""], [""p""]]",0.679
power,c40_noise30,159,9110159,V6,1,1,1,0,"[[""a""]]",0.224
power,c40_noise30,159,9110159,V5,1,1,1,0,"[[""a""]]",0.641
power,c40_noise30,160,9110160,V6,1,1,1,0,"[[""a""]]",0.236
power,c40_noise30,160,9110160,V5,1,1,1,0,"[[""a""]]",0.732
power,c40_noise30,161,9110161,V6,1,1,1,0,"[[""a""]]",0.214
power,c40_noise30,161,9110161,V5,1,1,1,0,"[[""a""]]",0.729
power,c40_noise30,162,9110162,V6,1,1,1,0,"[[""a""]]",0.249
power,c40_noise30,162,9110162,V5,1,1,1,0,"[[""a""]]",0.67
power,c40_noise30,163,9110163,V6,1,1,1,0,"[[""a""]]",0.269
power,c40_noise30,163,9110163,V5,1,1,1,0,"[[""a""]]",0.658
power,c40_noise30,164,9110164,V6,1,1,1,0,"[[""a""]]",0.446
power,c40_noise30,164,9110164,V5,1,1,1,0,"[[""a""]]",0.439
power,c40_noise30,165,9110165,V6,1,2,1,1,"[[""a""], [""p""]]",0.371
power,c40_noise30,165,9110165,V5,1,1,1,0,"[[""a""]]",0.481
power,c40_noise30,166,9110166,V6,1,1,1,0,"[[""a""]]",0.288
power,c40_noise30,166,9110166,V5,1,1,1,0,"[[""a""]]",0.419
power,c40_noise30,167,9110167,V6,1,1,1,0,"[[""a""]]",0.291
power,c40_noise30,167,9110167,V5,1,1,1,0,"[[""a""]]",0.465
power,c40_noise30,168,9110168,V6,1,1,1,0,"[[""a""]]",0.295
power,c40_noise30,168,9110168,V5,1,1,1,0,"[[""a""]]",0.491
power,c40_noise30,169,9110169,V6,1,1,1,0,"[[""a""]]",0.27
power,c40_noise30,169,9110169,V5,1,1,1,0,"[[""a""]]",0.483
power,c40_noise30,170,9110170,V6,1,1,1,0,"[[""a""]]",0.183
power,c40_noise30,170,9110170,V5,1,1,1,0,"[[""a""]]",0.471
power,c40_noise30,171,9110171,V6,1,3,1,1,"[[""a""], [""p""], [""x1""]]",0.232
power,c40_noise30,171,9110171,V5,1,3,1,1,"[[""a""], [""x1""], [""p""]]",0.46
power,c40_noise30,172,9110172,V6,1,2,1,1,"[[""a""], [""p""]]",0.23
power,c40_noise30,172,9110172,V5,1,2,1,1,"[[""a""], [""p""]]",0.466
power,c40_noise30,173,9110173,V6,1,1,1,0,"[[""a""]]",0.227
power,c40_noise30,173,9110173,V5,1,1,1,0,"[[""a""]]",0.445
power,c40_noise30,174,9110174,V6,1,1,1,0,"[[""a""]]",0.253
power,c40_noise30,174,9110174,V5,1,1,1,0,"[[""a""]]",0.545
power,c40_noise30,175,9110175,V6,1,1,1,0,"[[""a""]]",0.257
power,c40_noise30,175,9110175,V5,1,1,1,0,"[[""a""]]",0.537
power,c40_noise30,176,9110176,V6,1,1,1,0,"[[""a""]]",0.216
power,c40_noise30,176,9110176,V5,1,1,1,0,"[[""a""]]",0.517
power,c40_noise30,177,9110177,V6,1,1,1,0,"[[""a""]]",0.246
power,c40_noise30,177,9110177,V5,1,1,1,0,"[[""a""]]",0.523
power,c40_noise30,178,9110178,V6,1,2,1,1,"[[""a""], [""p""]]",0.192
power,c40_noise30,178,9110178,V5,1,2,1,1,"[[""a""], [""p""]]",0.556
power,c40_noise30,179,9110179,V6,1,1,1,0,"[[""a""]]",0.239
power,c40_noise30,179,9110179,V5,1,1,1,0,"[[""a""]]",0.492
power,c40_noise30,180,9110180,V6,1,1,1,0,"[[""a""]]",0.268
power,c40_noise30,180,9110180,V5,1,1,1,0,"[[""a""]]",0.499
power,c40_noise30,181,9110181,V6,1,1,1,0,"[[""a""]]",0.284
power,c40_noise30,181,9110181,V5,1,1,1,0,"[[""a""]]",0.5
power,c40_noise30,182,9110182,V6,1,1,1,0,"[[""a""]]",0.287
power,c40_noise30,182,9110182,V5,1,1,1,0,"[[""a""]]",0.513
power,c40_noise30,183,9110183,V6,1,1,1,0,"[[""a""]]",0.264
power,c40_noise30,183,9110183,V5,1,1,1,0,"[[""a""]]",0.395
power,c40_noise30,184,9110184,V6,1,1,1,0,"[[""a""]]",0.236
power,c40_noise30,184,9110184,V5,1,1,1,0,"[[""a""]]",0.515
power,c40_noise30,185,9110185,V6,1,1,1,0,"[[""a""]]",0.244
power,c40_noise30,185,9110185,V5,1,1,1,0,"[[""a""]]",0.498
power,c40_noise30,186,9110186,V6,1,2,1,1,"[[""a""], [""p""]]",0.243
power,c40_noise30,186,9110186,V5,1,2,1,1,"[[""a""], [""p""]]",0.496
power,c40_noise30,187,9110187,V6,1,1,1,0,"[[""a""]]",0.231
power,c40_noise30,187,9110187,V5,1,1,1,0,"[[""a""]]",0.529
power,c40_noise30,188,9110188,V6,1,1,1,0,"[[""a""]]",0.194
power,c40_noise30,188,9110188,V5,1,1,1,0,"[[""a""]]",0.43
power,c40_noise30,189,9110189,V6,1,1,1,0,"[[""a""]]",0.248
power,c40_noise30,189,9110189,V5,1,1,1,0,"[[""a""]]",0.46
power,c40_noise30,190,9110190,V6,1,1,1,0,"[[""a""]]",0.229
power,c40_noise30,190,9110190,V5,1,1,1,0,"[[""a""]]",0.46
power,c40_noise30,191,9110191,V6,1,1,1,0,"[[""a""]]",0.246
power,c40_noise30,191,9110191,V5,1,1,1,0,"[[""a""]]",0.482
power,c40_noise30,192,9110192,V6,1,1,1,0,"[[""a""]]",0.234
power,c40_noise30,192,9110192,V5,1,1,1,0,"[[""a""]]",0.466
power,c40_noise30,193,9110193,V6,1,1,1,0,"[[""a""]]",0.265
power,c40_noise30,193,9110193,V5,1,1,1,0,"[[""a""]]",0.484
power,c40_noise30,194,9110194,V6,1,1,1,0,"[[""a""]]",0.244
power,c40_noise30,194,9110194,V5,1,1,1,0,"[[""a""]]",0.496
power,c40_noise30,195,9110195,V6,1,2,1,1,"[[""a""], [""x5""]]",0.243
power,c40_noise30,195,9110195,V5,1,2,1,1,"[[""x5""], [""a""]]",0.517
power,c40_noise30,196,9110196,V6,1,1,1,0,"[[""a""]]",0.247
power,c40_noise30,196,9110196,V5,1,1,1,0,"[[""a""]]",0.575
power,c40_noise30,197,9110197,V6,1,2,1,1,"[[""a""], [""p""]]",0.241
power,c40_noise30,197,9110197,V5,1,2,1,1,"[[""a""], [""p""]]",0.576
power,c40_noise30,198,9110198,V6,1,2,1,1,"[[""a""], [""p""]]",0.23
power,c40_noise30,198,9110198,V5,1,3,1,1,"[[""a""], [""x4""], [""p""]]",0.585
power,c40_noise30,199,9110199,V6,1,1,1,0,"[[""a""]]",0.286
power,c40_noise30,199,9110199,V5,1,1,1,0,"[[""a""]]",0.585
power,c40_noise30,200,9110200,V6,1,1,1,0,"[[""a""]]",0.294
power,c40_noise30,200,9110200,V5,1,1,1,0,"[[""a""]]",0.554
power,c40_noise30,201,9110201,V6,1,2,1,1,"[[""a""], [""p""]]",0.291
power,c40_noise30,201,9110201,V5,1,1,1,0,"[[""a""]]",0.562
power,c40_noise30,202,9110202,V6,1,2,1,1,"[[""a""], [""p""]]",0.281
power,c40_noise30,202,9110202,V5,1,2,1,1,"[[""a""], [""p""]]",0.528
power,c40_noise30,203,9110203,V6,1,2,1,1,"[[""a""], [""p""]]",0.27
power,c40_noise30,203,9110203,V5,1,2,1,1,"[[""a""], [""p""]]",0.536
power,c40_noise30,204,9110204,V6,1,2,1,1,"[[""a""], [""p""]]",0.285
power,c40_noise30,204,9110204,V5,1,2,1,1,"[[""a""], [""p""]]",0.487
power,c40_noise30,205,9110205,V6,1,1,1,0,"[[""a""]]",0.32
power,c40_noise30,205,9110205,V5,1,1,1,0,"[[""a""]]",0.476
power,c40_noise30,206,9110206,V6,1,1,1,0,"[[""a""]]",0.252
power,c40_noise30,206,9110206,V5,1,1,1,0,"[[""a""]]",0.39
power,c40_noise30,207,9110207,V6,1,2,1,1,"[[""a""], [""x5""]]",0.267
power,c40_noise30,207,9110207,V5,1,2,1,1,"[[""a""], [""x5""]]",0.453
power,c40_noise30,208,9110208,V6,1,1,1,0,"[[""a""]]",0.249
power,c40_noise30,208,9110208,V5,1,1,1,0,"[[""a""]]",0.511
power,c40_noise30,209,9110209,V6,1,1,1,0,"[[""a""]]",0.265
power,c40_noise30,209,9110209,V5,1,1,1,0,"[[""a""]]",0.507
power,c40_noise30,210,9110210,V6,1,1,1,0,"[[""a""]]",0.234
power,c40_noise30,210,9110210,V5,1,1,1,0,"[[""a""]]",0.46
power,c40_noise30,211,9110211,V6,1,1,1,0,"[[""a""]]",0.247
power,c40_noise30,211,9110211,V5,1,1,1,0,"[[""a""]]",0.499
power,c40_noise30,212,9110212,V6,1,2,1,1,"[[""a""], [""p""]]",0.205
power,c40_noise30,212,9110212,V5,1,1,1,0,"[[""a""]]",0.43
power,c40_noise30,213,9110213,V6,1,2,1,1,"[[""a""], [""p""]]",0.245
power,c40_noise30,213,9110213,V5,1,1,1,0,"[[""a""]]",0.461
power,c40_noise30,214,9110214,V6,1,1,1,0,"[[""a""]]",0.25
power,c40_noise30,214,9110214,V5,1,1,1,0,"[[""a""]]",0.443
power,c40_noise30,215,9110215,V6,1,1,1,0,"[[""a""]]",0.207
power,c40_noise30,215,9110215,V5,1,1,1,0,"[[""a""]]",0.422
power,c40_noise30,216,9110216,V6,1,3,1,1,"[[""a""], [""p""], [""x2""]]",0.218
power,c40_noise30,216,9110216,V5,1,1,1,0,"[[""a""]]",0.438
power,c40_noise30,217,9110217,V6,1,1,1,0,"[[""a""]]",0.225
power,c40_noise30,217,9110217,V5,1,1,1,0,"[[""a""]]",0.433
power,c40_noise30,218,9110218,V6,1,1,1,0,"[[""a""]]",0.222
power,c40_noise30,218,9110218,V5,1,1,1,0,"[[""a""]]",0.467
power,c40_noise30,219,9110219,V6,1,1,1,0,"[[""a""]]",0.219
power,c40_noise30,219,9110219,V5,1,1,1,0,"[[""a""]]",0.411
power,c40_noise30,220,9110220,V6,1,1,1,0,"[[""a""]]",0.242
power,c40_noise30,220,9110220,V5,1,1,1,0,"[[""a""]]",0.438
power,c40_noise30,221,9110221,V6,1,1,1,0,"[[""a""]]",0.209
power,c40_noise30,221,9110221,V5,1,1,1,0,"[[""a""]]",0.414
power,c40_noise30,222,9110222,V6,1,1,1,0,"[[""a""]]",0.248
power,c40_noise30,222,9110222,V5,1,1,1,0,"[[""a""]]",0.367
power,c40_noise30,223,9110223,V6,1,1,1,0,"[[""a""]]",0.219
power,c40_noise30,223,9110223,V5,1,1,1,0,"[[""a""]]",0.376
power,c40_noise30,224,9110224,V6,1,1,1,0,"[[""a""]]",0.192
power,c40_noise30,224,9110224,V5,1,1,1,0,"[[""a""]]",0.422
power,c40_noise30,225,9110225,V6,1,1,1,0,"[[""a""]]",0.174
power,c40_noise30,225,9110225,V5,1,1,1,0,"[[""a""]]",0.484
power,c40_noise30,226,9110226,V6,1,1,1,0,"[[""a""]]",0.201
power,c40_noise30,226,9110226,V5,1,1,1,0,"[[""a""]]",0.43
power,c40_noise30,227,9110227,V6,1,1,1,0,"[[""a""]]",0.194
power,c40_noise30,227,9110227,V5,1,1,1,0,"[[""a""]]",0.448
power,c40_noise30,228,9110228,V6,1,2,1,1,"[[""a""], [""p""]]",0.183
power,c40_noise30,228,9110228,V5,1,1,1,0,"[[""a""]]",0.389
power,c40_noise30,229,9110229,V6,1,2,1,1,"[[""a""], [""p""]]",0.206
power,c40_noise30,229,9110229,V5,1,2,1,1,"[[""a""], [""p""]]",0.399
power,c40_noise30,230,9110230,V6,1,2,1,1,"[[""a""], [""p""]]",0.243
power,c40_noise30,230,9110230,V5,1,2,1,1,"[[""a""], [""p""]]",0.442
power,c40_noise30,231,9110231,V6,1,1,1,0,"[[""a""]]",0.233
power,c40_noise30,231,9110231,V5,1,1,1,0,"[[""a""]]",0.466
power,c40_noise30,232,9110232,V6,1,1,1,0,"[[""a""]]",0.194
power,c40_noise30,232,9110232,V5,1,1,1,0,"[[""a""]]",0.446
power,c40_noise30,233,9110233,V6,1,1,1,0,"[[""a""]]",0.237
power,c40_noise30,233,9110233,V5,1,1,1,0,"[[""a""]]",0.422
power,c40_noise30,234,9110234,V6,1,1,1,0,"[[""a""]]",0.163
power,c40_noise30,234,9110234,V5,1,1,1,0,"[[""a""]]",0.38
power,c40_noise30,235,9110235,V6,1,1,1,0,"[[""a""]]",0.232
power,c40_noise30,235,9110235,V5,1,1,1,0,"[[""a""]]",0.464
power,c40_noise30,236,9110236,V6,1,1,1,0,"[[""a""]]",0.202
power,c40_noise30,236,9110236,V5,1,1,1,0,"[[""a""]]",0.461
power,c40_noise30,237,9110237,V6,1,1,1,0,"[[""a""]]",0.192
power,c40_noise30,237,9110237,V5,1,1,1,0,"[[""a""]]",0.457
power,c40_noise30,238,9110238,V6,1,2,1,1,"[[""a""], [""x1""]]",0.17
power,c40_noise30,238,9110238,V5,1,1,1,0,"[[""a""]]",0.4
power,c40_noise30,239,9110239,V6,1,3,1,1,"[[""a""], [""p""], [""x2""]]",0.21
power,c40_noise30,239,9110239,V5,1,3,1,1,"[[""a""], [""x2""], [""p""]]",0.402
power,c40_noise30,240,9110240,V6,1,1,1,0,"[[""a""]]",0.174
power,c40_noise30,240,9110240,V5,1,1,1,0,"[[""a""]]",0.441
power,c40_noise30,241,9110241,V6,1,1,1,0,"[[""a""]]",0.215
power,c40_noise30,241,9110241,V5,1,1,1,0,"[[""a""]]",0.488
power,c40_noise30,242,9110242,V6,1,1,1,0,"[[""a""]]",0.202
power,c40_noise30,242,9110242,V5,1,1,1,0,"[[""a""]]",0.461
power,c40_noise30,243,9110243,V6,1,1,1,0,"[[""a""]]",0.195
power,c40_noise30,243,9110243,V5,1,1,1,0,"[[""a""]]",0.463
power,c40_noise30,244,9110244,V6,1,1,1,0,"[[""a""]]",0.246
power,c40_noise30,244,9110244,V5,1,1,1,0,"[[""a""]]",0.485
power,c40_noise30,245,9110245,V6,1,1,1,0,"[[""a""]]",0.213
power,c40_noise30,245,9110245,V5,1,1,1,0,"[[""a""]]",0.486
power,c40_noise30,246,9110246,V6,1,1,1,0,"[[""a""]]",0.218
power,c40_noise30,246,9110246,V5,1,1,1,0,"[[""a""]]",0.473
power,c40_noise30,247,9110247,V6,1,1,1,0,"[[""a""]]",0.267
power,c40_noise30,247,9110247,V5,1,1,1,0,"[[""a""]]",0.452
power,c40_noise30,248,9110248,V6,1,1,1,0,"[[""a""]]",0.238
power,c40_noise30,248,9110248,V5,1,1,1,0,"[[""a""]]",0.421
power,c40_noise30,249,9110249,V6,1,1,1,0,"[[""a""]]",0.256
power,c40_noise30,249,9110249,V5,1,1,1,0,"[[""a""]]",0.417
power,c40_noise30,250,9110250,V6,1,1,1,0,"[[""a""]]",0.168
power,c40_noise30,250,9110250,V5,1,1,1,0,"[[""a""]]",0.434
power,c40_noise30,251,9110251,V6,1,2,1,1,"[[""a""], [""x1""]]",0.248
power,c40_noise30,251,9110251,V5,1,1,1,0,"[[""a""]]",0.43
power,c40_noise30,252,9110252,V6,1,1,1,0,"[[""a""]]",0.239
power,c40_noise30,252,9110252,V5,1,1,1,0,"[[""a""]]",0.479
power,c40_noise30,253,9110253,V6,1,2,1,1,"[[""a""], [""p""]]",0.272
power,c40_noise30,253,9110253,V5,1,2,1,1,"[[""a""], [""p""]]",0.42
power,c40_noise30,254,9110254,V6,1,2,1,1,"[[""a""], [""p""]]",0.203
power,c40_noise30,254,9110254,V5,1,1,1,0,"[[""a""]]",0.466
power,c40_noise30,255,9110255,V6,1,1,1,0,"[[""a""]]",0.209
power,c40_noise30,255,9110255,V5,1,1,1,0,"[[""a""]]",0.485
power,c40_noise30,256,9110256,V6,1,1,1,0,"[[""a""]]",0.242
power,c40_noise30,256,9110256,V5,1,1,1,0,"[[""a""]]",0.563
power,c40_noise30,257,9110257,V6,1,1,1,0,"[[""a""]]",0.231
power,c40_noise30,257,9110257,V5,1,1,1,0,"[[""a""]]",0.491
power,c40_noise30,258,9110258,V6,1,2,1,1,"[[""a""], [""p""]]",0.225
power,c40_noise30,258,9110258,V5,1,1,1,0,"[[""a""]]",0.434
power,c40_noise30,259,9110259,V6,1,1,1,0,"[[""a""]]",0.218
power,c40_noise30,259,9110259,V5,1,1,1,0,"[[""a""]]",0.588
power,c40_noise30,260,9110260,V6,1,1,1,0,"[[""a""]]",0.192
power,c40_noise30,260,9110260,V5,1,1,1,0,"[[""a""]]",0.584
power,c40_noise30,261,9110261,V6,1,1,1,0,"[[""a""]]",0.312
power,c40_noise30,261,9110261,V5,1,1,1,0,"[[""a""]]",0.563
power,c40_noise30,262,9110262,V6,1,1,1,0,"[[""a""]]",0.232
power,c40_noise30,262,9110262,V5,1,1,1,0,"[[""a""]]",0.511
power,c40_noise30,263,9110263,V6,1,1,1,0,"[[""a""]]",0.227
power,c40_noise30,263,9110263,V5,1,1,1,0,"[[""a""]]",0.533
power,c40_noise30,264,9110264,V6,1,1,1,0,"[[""a""]]",0.237
power,c40_noise30,264,9110264,V5,1,1,1,0,"[[""a""]]",0.513
power,c40_noise30,265,9110265,V6,1,1,1,0,"[[""a""]]",0.273
power,c40_noise30,265,9110265,V5,1,1,1,0,"[[""a""]]",0.47
power,c40_noise30,266,9110266,V6,1,1,1,0,"[[""a""]]",0.261
power,c40_noise30,266,9110266,V5,1,1,1,0,"[[""a""]]",0.505
power,c40_noise30,267,9110267,V6,1,1,1,0,"[[""a""]]",0.284
power,c40_noise30,267,9110267,V5,1,1,1,0,"[[""a""]]",0.478
power,c40_noise30,268,9110268,V6,1,1,1,0,"[[""a""]]",0.282
power,c40_noise30,268,9110268,V5,1,1,1,0,"[[""a""]]",0.494
power,c40_noise30,269,9110269,V6,1,1,1,0,"[[""a""]]",0.274
power,c40_noise30,269,9110269,V5,1,1,1,0,"[[""a""]]",0.59
power,c40_noise30,270,9110270,V6,1,1,1,0,"[[""a""]]",0.244
power,c40_noise30,270,9110270,V5,1,1,1,0,"[[""a""]]",0.463
power,c40_noise30,271,9110271,V6,1,1,1,0,"[[""a""]]",0.209
power,c40_noise30,271,9110271,V5,1,1,1,0,"[[""a""]]",0.542
power,c40_noise30,272,9110272,V6,1,2,1,1,"[[""a""], [""p""]]",0.22
power,c40_noise30,272,9110272,V5,1,1,1,0,"[[""a""]]",0.568
power,c40_noise30,273,9110273,V6,1,1,1,0,"[[""a""]]",0.249
power,c40_noise30,273,9110273,V5,1,1,1,0,"[[""a""]]",0.48
power,c40_noise30,274,9110274,V6,1,1,1,0,"[[""a""]]",0.265
power,c40_noise30,274,9110274,V5,1,1,1,0,"[[""a""]]",0.499
power,c40_noise30,275,9110275,V6,1,1,1,0,"[[""a""]]",0.282
power,c40_noise30,275,9110275,V5,1,1,1,0,"[[""a""]]",0.553
power,c40_noise30,276,9110276,V6,1,1,1,0,"[[""a""]]",0.202
power,c40_noise30,276,9110276,V5,1,1,1,0,"[[""a""]]",0.551
power,c40_noise30,277,9110277,V6,1,1,1,0,"[[""a""]]",0.181
power,c40_noise30,277,9110277,V5,1,1,1,0,"[[""a""]]",0.547
power,c40_noise30,278,9110278,V6,1,1,1,0,"[[""a""]]",0.31
power,c40_noise30,278,9110278,V5,1,1,1,0,"[[""a""]]",0.487
power,c40_noise30,279,9110279,V6,1,1,1,0,"[[""a""]]",0.335
power,c40_noise30,279,9110279,V5,1,1,1,0,"[[""a""]]",0.502
power,c40_noise30,280,9110280,V6,1,1,1,0,"[[""a""]]",0.252
power,c40_noise30,280,9110280,V5,1,1,1,0,"[[""a""]]",0.506
power,c40_noise30,281,9110281,V6,1,1,1,0,"[[""a""]]",0.25
power,c40_noise30,281,9110281,V5,1,1,1,0,"[[""a""]]",0.452
power,c40_noise30,282,9110282,V6,1,1,1,0,"[[""a""]]",0.228
power,c40_noise30,282,9110282,V5,1,3,1,1,"[[""a""], [""z5""], [""p""]]",0.542
power,c40_noise30,283,9110283,V6,1,1,1,0,"[[""a""]]",0.215
power,c40_noise30,283,9110283,V5,1,1,1,0,"[[""a""]]",0.513
power,c40_noise30,284,9110284,V6,1,1,1,0,"[[""a""]]",0.218
power,c40_noise30,284,9110284,V5,1,1,1,0,"[[""a""]]",0.49
power,c40_noise30,285,9110285,V6,1,1,1,0,"[[""a""]]",0.227
power,c40_noise30,285,9110285,V5,1,1,1,0,"[[""a""]]",0.51
power,c40_noise30,286,9110286,V6,1,2,1,1,"[[""a""], [""p""]]",0.262
power,c40_noise30,286,9110286,V5,1,1,1,0,"[[""a""]]",0.521
power,c40_noise30,287,9110287,V6,1,1,1,0,"[[""a""]]",0.249
power,c40_noise30,287,9110287,V5,1,1,1,0,"[[""a""]]",0.476
power,c40_noise30,288,9110288,V6,1,3,1,1,"[[""a""], [""p""], [""z2""]]",0.222
power,c40_noise30,288,9110288,V5,1,3,1,1,"[[""a""], [""z2""], [""p""]]",0.467
power,c40_noise30,289,9110289,V6,1,2,1,1,"[[""a""], [""x2""]]",0.256
power,c40_noise30,289,9110289,V5,1,1,1,0,"[[""a""]]",0.466
power,c40_noise30,290,9110290,V6,1,2,1,1,"[[""a""], [""p""]]",0.231
power,c40_noise30,290,9110290,V5,1,2,1,1,"[[""a""], [""p""]]",0.482
power,c40_noise30,291,9110291,V6,1,1,1,0,"[[""a""]]",0.216
power,c40_noise30,291,9110291,V5,1,1,1,0,"[[""a""]]",0.507
power,c40_noise30,292,9110292,V6,1,1,1,0,"[[""a""]]",0.287
power,c40_noise30,292,9110292,V5,1,1,1,0,"[[""a""]]",0.412
power,c40_noise30,293,9110293,V6,1,1,1,0,"[[""a""]]",0.238
power,c40_noise30,293,9110293,V5,1,1,1,0,"[[""a""]]",0.45
power,c40_noise30,294,9110294,V6,1,2,1,1,"[[""a""], [""x1""]]",0.261
power,c40_noise30,294,9110294,V5,1,3,1,1,"[[""a""], [""z1""], [""x1""]]",0.455
power,c40_noise30,295,9110295,V6,1,1,1,0,"[[""a""]]",0.232
power,c40_noise30,295,9110295,V5,1,1,1,0,"[[""a""]]",0.503
power,c40_noise30,296,9110296,V6,1,1,1,0,"[[""a""]]",0.261
power,c40_noise30,296,9110296,V5,1,1,1,0,"[[""a""]]",0.466
power,c40_noise30,297,9110297,V6,1,1,1,0,"[[""a""]]",0.242
power,c40_noise30,297,9110297,V5,1,1,1,0,"[[""a""]]",0.54
power,c40_noise30,298,9110298,V6,1,1,1,0,"[[""a""]]",0.208
power,c40_noise30,298,9110298,V5,1,1,1,0,"[[""a""]]",0.513
power,c40_noise30,299,9110299,V6,1,1,1,0,"[[""a""]]",0.221
power,c40_noise30,299,9110299,V5,1,1,1,0,"[[""a""]]",0.618
power,c40_noise30,300,9110300,V6,1,1,1,0,"[[""a""]]",0.314
power,c40_noise30,300,9110300,V5,1,1,1,0,"[[""a""]]",0.569
power,c40_noise30,301,9110301,V6,1,1,1,0,"[[""a""]]",0.228
power,c40_noise30,301,9110301,V5,1,1,1,0,"[[""a""]]",0.599
power,c40_noise30,302,9110302,V6,1,1,1,0,"[[""a""]]",0.245
power,c40_noise30,302,9110302,V5,1,1,1,0,"[[""a""]]",0.511
power,c40_noise30,303,9110303,V6,1,1,1,0,"[[""a""]]",0.24
power,c40_noise30,303,9110303,V5,1,1,1,0,"[[""a""]]",0.566
power,c40_noise30,304,9110304,V6,1,1,1,0,"[[""a""]]",0.28
power,c40_noise30,304,9110304,V5,1,1,1,0,"[[""a""]]",0.528
power,c40_noise30,305,9110305,V6,1,1,1,0,"[[""a""]]",0.267
power,c40_noise30,305,9110305,V5,1,1,1,0,"[[""a""]]",0.503
power,c40_noise30,306,9110306,V6,1,2,1,1,"[[""a""], [""p""]]",0.297
power,c40_noise30,306,9110306,V5,1,2,1,1,"[[""a""], [""p""]]",0.453
power,c40_noise30,307,9110307,V6,1,1,1,0,"[[""a""]]",0.267
power,c40_noise30,307,9110307,V5,1,1,1,0,"[[""a""]]",0.537
power,c40_noise30,308,9110308,V6,1,1,1,0,"[[""a""]]",0.288
power,c40_noise30,308,9110308,V5,1,1,1,0,"[[""a""]]",0.452
power,c40_noise30,309,9110309,V6,1,1,1,0,"[[""a""]]",0.232
power,c40_noise30,309,9110309,V5,1,1,1,0,"[[""a""]]",0.491
power,c40_noise30,310,9110310,V6,1,1,1,0,"[[""a""]]",0.21
power,c40_noise30,310,9110310,V5,1,1,1,0,"[[""a""]]",0.444
power,c40_noise30,311,9110311,V6,1,1,1,0,"[[""a""]]",0.24
power,c40_noise30,311,9110311,V5,1,1,1,0,"[[""a""]]",0.49
power,c40_noise30,312,9110312,V6,1,2,1,1,"[[""a""], [""p""]]",0.22
power,c40_noise30,312,9110312,V5,1,2,1,1,"[[""a""], [""p""]]",0.464
power,c40_noise30,313,9110313,V6,1,1,1,0,"[[""a""]]",0.21
power,c40_noise30,313,9110313,V5,1,1,1,0,"[[""a""]]",0.453
power,c40_noise30,314,9110314,V6,1,1,1,0,"[[""a""]]",0.202
power,c40_noise30,314,9110314,V5,1,1,1,0,"[[""a""]]",0.45
power,c40_noise30,315,9110315,V6,1,1,1,0,"[[""a""]]",0.262
power,c40_noise30,315,9110315,V5,1,1,1,0,"[[""a""]]",0.483
power,c40_noise30,316,9110316,V6,1,2,1,1,"[[""a""], [""p""]]",0.195
power,c40_noise30,316,9110316,V5,1,1,1,0,"[[""a""]]",0.44
power,c40_noise30,317,9110317,V6,1,2,1,1,"[[""a""], [""p""]]",0.219
power,c40_noise30,317,9110317,V5,1,1,1,0,"[[""a""]]",0.444
power,c40_noise30,318,9110318,V6,1,1,1,0,"[[""a""]]",0.239
power,c40_noise30,318,9110318,V5,1,1,1,0,"[[""a""]]",0.522
power,c40_noise30,319,9110319,V6,1,1,1,0,"[[""a""]]",0.22
power,c40_noise30,319,9110319,V5,1,1,1,0,"[[""a""]]",0.5
power,c40_noise30,320,9110320,V6,1,1,1,0,"[[""a""]]",0.237
power,c40_noise30,320,9110320,V5,1,1,1,0,"[[""a""]]",0.468
power,c40_noise30,321,9110321,V6,1,1,1,0,"[[""a""]]",0.225
power,c40_noise30,321,9110321,V5,1,1,1,0,"[[""a""]]",0.504
power,c40_noise30,322,9110322,V6,1,1,1,0,"[[""a""]]",0.211
power,c40_noise30,322,9110322,V5,1,1,1,0,"[[""a""]]",0.486
power,c40_noise30,323,9110323,V6,1,1,1,0,"[[""a""]]",0.237
power,c40_noise30,323,9110323,V5,1,1,1,0,"[[""a""]]",0.566
power,c40_noise30,324,9110324,V6,1,1,1,0,"[[""a""]]",0.237
power,c40_noise30,324,9110324,V5,1,1,1,0,"[[""a""]]",0.563
power,c40_noise30,325,9110325,V6,1,1,1,0,"[[""a""]]",0.227
power,c40_noise30,325,9110325,V5,1,1,1,0,"[[""a""]]",0.601
power,c40_noise30,326,9110326,V6,1,1,1,0,"[[""a""]]",0.289
power,c40_noise30,326,9110326,V5,1,1,1,0,"[[""a""]]",0.573
power,c40_noise30,327,9110327,V6,1,1,1,0,"[[""a""]]",0.322
power,c40_noise30,327,9110327,V5,1,1,1,0,"[[""a""]]",0.619
power,c40_noise30,328,9110328,V6,1,1,1,0,"[[""a""]]",0.286
power,c40_noise30,328,9110328,V5,1,1,1,0,"[[""a""]]",0.525
power,c40_noise30,329,9110329,V6,1,1,1,0,"[[""a""]]",0.291
power,c40_noise30,329,9110329,V5,1,1,1,0,"[[""a""]]",0.455
power,c40_noise30,330,9110330,V6,1,2,1,1,"[[""a""], [""p""]]",0.27
power,c40_noise30,330,9110330,V5,1,2,1,1,"[[""a""], [""p""]]",0.472
power,c40_noise30,331,9110331,V6,1,1,1,0,"[[""a""]]",0.287
power,c40_noise30,331,9110331,V5,1,1,1,0,"[[""a""]]",0.499
power,c40_noise30,332,9110332,V6,1,1,1,0,"[[""a""]]",0.316
power,c40_noise30,332,9110332,V5,1,1,1,0,"[[""a""]]",0.49
power,c40_noise30,333,9110333,V6,1,1,1,0,"[[""a""]]",0.242
power,c40_noise30,333,9110333,V5,1,1,1,0,"[[""a""]]",0.485
power,c40_noise30,334,9110334,V6,1,1,1,0,"[[""a""]]",0.263
power,c40_noise30,334,9110334,V5,1,1,1,0,"[[""a""]]",0.515
power,c40_noise30,335,9110335,V6,1,1,1,0,"[[""a""]]",0.213
power,c40_noise30,335,9110335,V5,1,1,1,0,"[[""a""]]",0.397
power,c40_noise30,336,9110336,V6,1,1,1,0,"[[""a""]]",0.254
power,c40_noise30,336,9110336,V5,1,1,1,0,"[[""a""]]",0.431
power,c40_noise30,337,9110337,V6,1,2,1,1,"[[""a""], [""p""]]",0.214
power,c40_noise30,337,9110337,V5,1,2,1,1,"[[""a""], [""p""]]",0.443
power,c40_noise30,338,9110338,V6,1,1,1,0,"[[""a""]]",0.236
power,c40_noise30,338,9110338,V5,1,1,1,0,"[[""a""]]",0.394
power,c40_noise30,339,9110339,V6,1,1,1,0,"[[""a""]]",0.202
power,c40_noise30,339,9110339,V5,1,1,1,0,"[[""a""]]",0.409
power,c40_noise30,340,9110340,V6,1,1,1,0,"[[""a""]]",0.232
power,c40_noise30,340,9110340,V5,1,1,1,0,"[[""a""]]",0.448
power,c40_noise30,341,9110341,V6,1,1,1,0,"[[""a""]]",0.207
power,c40_noise30,341,9110341,V5,1,1,1,0,"[[""a""]]",0.412
power,c40_noise30,342,9110342,V6,1,2,1,1,"[[""a""], [""z5""]]",0.244
power,c40_noise30,342,9110342,V5,1,1,1,0,"[[""a""]]",0.464
power,c40_noise30,343,9110343,V6,1,1,1,0,"[[""a""]]",0.219
power,c40_noise30,343,9110343,V5,1,1,1,0,"[[""a""]]",0.454
power,c40_noise30,344,9110344,V6,1,1,1,0,"[[""a""]]",0.25
power,c40_noise30,344,9110344,V5,1,1,1,0,"[[""a""]]",0.474
power,c40_noise30,345,9110345,V6,1,1,1,0,"[[""a""]]",0.251
power,c40_noise30,345,9110345,V5,1,1,1,0,"[[""a""]]",0.583
power,c40_noise30,346,9110346,V6,1,1,1,0,"[[""a""]]",0.266
power,c40_noise30,346,9110346,V5,1,1,1,0,"[[""a""]]",0.564
power,c40_noise30,347,9110347,V6,1,1,1,0,"[[""a""]]",0.217
power,c40_noise30,347,9110347,V5,1,1,1,0,"[[""a""]]",0.548
power,c40_noise30,348,9110348,V6,1,1,1,0,"[[""a""]]",0.24
power,c40_noise30,348,9110348,V5,1,1,1,0,"[[""a""]]",0.53
power,c40_noise30,349,9110349,V6,1,1,1,0,"[[""a""]]",0.23
power,c40_noise30,349,9110349,V5,1,1,1,0,"[[""a""]]",0.631
power,c40_noise30,350,9110350,V6,1,2,1,1,"[[""a""], [""p""]]",0.19
power,c40_noise30,350,9110350,V5,1,2,1,1,"[[""a""], [""p""]]",0.547
power,c40_noise30,351,9110351,V6,1,1,1,0,"[[""a""]]",0.22
power,c40_noise30,351,9110351,V5,1,1,1,0,"[[""a""]]",0.499
power,c40_noise30,352,9110352,V6,1,1,1,0,"[[""a""]]",0.298
power,c40_noise30,352,9110352,V5,1,1,1,0,"[[""a""]]",0.521
power,c40_noise30,353,9110353,V6,1,3,1,1,"[[""a""], [""p""], [""x1""]]",0.326
power,c40_noise30,353,9110353,V5,1,2,1,1,"[[""a""], [""p""]]",0.499
power,c40_noise30,354,9110354,V6,1,1,1,0,"[[""a""]]",0.352
power,c40_noise30,354,9110354,V5,1,1,1,0,"[[""a""]]",0.502
power,c40_noise30,355,9110355,V6,1,1,1,0,"[[""a""]]",0.297
power,c40_noise30,355,9110355,V5,1,1,1,0,"[[""a""]]",0.483
power,c40_noise30,356,9110356,V6,1,1,1,0,"[[""a""]]",0.264
power,c40_noise30,356,9110356,V5,1,1,1,0,"[[""a""]]",0.529
power,c40_noise30,357,9110357,V6,1,1,1,0,"[[""a""]]",0.2
power,c40_noise30,357,9110357,V5,1,1,1,0,"[[""a""]]",0.535
power,c40_noise30,358,9110358,V6,1,1,1,0,"[[""a""]]",0.267
power,c40_noise30,358,9110358,V5,1,1,1,0,"[[""a""]]",0.42
power,c40_noise30,359,9110359,V6,1,1,1,0,"[[""a""]]",0.217
power,c40_noise30,359,9110359,V5,1,1,1,0,"[[""a""]]",0.475
power,c40_noise30,360,9110360,V6,1,2,1,1,"[[""a""], [""p""]]",0.175
power,c40_noise30,360,9110360,V5,1,2,1,1,"[[""a""], [""p""]]",0.584
power,c40_noise30,361,9110361,V6,1,2,1,1,"[[""a""], [""p""]]",0.246
power,c40_noise30,361,9110361,V5,1,1,1,0,"[[""a""]]",0.504
power,c40_noise30,362,9110362,V6,1,1,1,0,"[[""a""]]",0.273
power,c40_noise30,362,9110362,V5,1,1,1,0,"[[""a""]]",0.513
power,c40_noise30,363,9110363,V6,1,1,1,0,"[[""a""]]",0.229
power,c40_noise30,363,9110363,V5,1,1,1,0,"[[""a""]]",0.547
power,c40_noise30,364,9110364,V6,1,1,1,0,"[[""a""]]",0.341
power,c40_noise30,364,9110364,V5,1,1,1,0,"[[""a""]]",0.491
power,c40_noise30,365,9110365,V6,1,1,1,0,"[[""a""]]",0.267
power,c40_noise30,365,9110365,V5,1,1,1,0,"[[""a""]]",0.479
power,c40_noise30,366,9110366,V6,1,2,1,1,"[[""a""], [""p""]]",0.231
power,c40_noise30,366,9110366,V5,1,2,1,1,"[[""a""], [""p""]]",0.482
power,c40_noise30,367,9110367,V6,1,1,1,0,"[[""a""]]",0.298
power,c40_noise30,367,9110367,V5,1,1,1,0,"[[""a""]]",0.445
power,c40_noise30,368,9110368,V6,1,1,1,0,"[[""a""]]",0.234
power,c40_noise30,368,9110368,V5,1,1,1,0,"[[""a""]]",0.447
power,c40_noise30,369,9110369,V6,1,1,1,0,"[[""a""]]",0.255
power,c40_noise30,369,9110369,V5,1,1,1,0,"[[""a""]]",0.439
power,c40_noise30,370,9110370,V6,1,1,1,0,"[[""a""]]",0.264
power,c40_noise30,370,9110370,V5,1,1,1,0,"[[""a""]]",0.457
power,c40_noise30,371,9110371,V6,1,1,1,0,"[[""a""]]",0.26
power,c40_noise30,371,9110371,V5,1,1,1,0,"[[""a""]]",0.431
power,c40_noise30,372,9110372,V6,1,1,1,0,"[[""a""]]",0.227
power,c40_noise30,372,9110372,V5,1,1,1,0,"[[""a""]]",0.508
power,c40_noise30,373,9110373,V6,1,1,1,0,"[[""a""]]",0.19
power,c40_noise30,373,9110373,V5,1,1,1,0,"[[""a""]]",0.418
power,c40_noise30,374,9110374,V6,1,1,1,0,"[[""a""]]",0.215
power,c40_noise30,374,9110374,V5,1,1,1,0,"[[""a""]]",0.477
power,c40_noise30,375,9110375,V6,1,2,1,1,"[[""a""], [""p""]]",0.261
power,c40_noise30,375,9110375,V5,1,2,1,1,"[[""a""], [""p""]]",0.443
power,c40_noise30,376,9110376,V6,1,2,1,1,"[[""a""], [""p""]]",0.259
power,c40_noise30,376,9110376,V5,1,1,1,0,"[[""a""]]",0.483
power,c40_noise30,377,9110377,V6,1,1,1,0,"[[""a""]]",0.232
power,c40_noise30,377,9110377,V5,1,1,1,0,"[[""a""]]",0.46
power,c40_noise30,378,9110378,V6,1,2,1,1,"[[""a""], [""p""]]",0.229
power,c40_noise30,378,9110378,V5,1,1,1,0,"[[""a""]]",0.433
power,c40_noise30,379,9110379,V6,1,1,1,0,"[[""a""]]",0.24
power,c40_noise30,379,9110379,V5,1,2,1,1,"[[""a""], [""p""]]",0.427
power,c40_noise30,380,9110380,V6,1,2,1,1,"[[""a""], [""p""]]",0.192
power,c40_noise30,380,9110380,V5,1,1,1,0,"[[""a""]]",0.433
power,c40_noise30,381,9110381,V6,1,1,1,0,"[[""a""]]",0.181
power,c40_noise30,381,9110381,V5,1,1,1,0,"[[""a""]]",0.438
power,c40_noise30,382,9110382,V6,1,1,1,0,"[[""a""]]",0.218
power,c40_noise30,382,9110382,V5,1,1,1,0,"[[""a""]]",0.471
power,c40_noise30,383,9110383,V6,1,2,1,1,"[[""a""], [""p""]]",0.212
power,c40_noise30,383,9110383,V5,1,2,1,1,"[[""a""], [""p""]]",0.464
power,c40_noise30,384,9110384,V6,1,1,1,0,"[[""a""]]",0.185
power,c40_noise30,384,9110384,V5,1,1,1,0,"[[""a""]]",0.465
power,c40_noise30,385,9110385,V6,1,2,1,1,"[[""a""], [""p""]]",0.209
power,c40_noise30,385,9110385,V5,1,2,1,1,"[[""a""], [""p""]]",0.542
power,c40_noise30,386,9110386,V6,1,1,1,0,"[[""a""]]",0.245
power,c40_noise30,386,9110386,V5,1,1,1,0,"[[""a""]]",0.547
power,c40_noise30,387,9110387,V6,1,1,1,0,"[[""a""]]",0.249
power,c40_noise30,387,9110387,V5,1,1,1,0,"[[""a""]]",0.539
power,c40_noise30,388,9110388,V6,1,1,1,0,"[[""a""]]",0.206
power,c40_noise30,388,9110388,V5,1,1,1,0,"[[""a""]]",0.482
power,c40_noise30,389,9110389,V6,1,1,1,0,"[[""a""]]",0.211
power,c40_noise30,389,9110389,V5,1,2,1,1,"[[""a""], [""x5""]]",0.557
power,c40_noise30,390,9110390,V6,1,1,1,0,"[[""a""]]",0.253
power,c40_noise30,390,9110390,V5,1,1,1,0,"[[""a""]]",0.509
power,c40_noise30,391,9110391,V6,1,1,1,0,"[[""a""]]",0.226
power,c40_noise30,391,9110391,V5,1,1,1,0,"[[""a""]]",0.549
power,c40_noise30,392,9110392,V6,1,1,1,0,"[[""a""]]",0.248
power,c40_noise30,392,9110392,V5,1,1,1,0,"[[""a""]]",0.555
power,c40_noise30,393,9110393,V6,1,1,1,0,"[[""a""]]",0.248
power,c40_noise30,393,9110393,V5,1,1,1,0,"[[""a""]]",0.586
power,c40_noise30,394,9110394,V6,1,1,1,0,"[[""a""]]",0.297
power,c40_noise30,394,9110394,V5,1,1,1,0,"[[""a""]]",0.498
power,c40_noise30,395,9110395,V6,1,1,1,0,"[[""a""]]",0.256
power,c40_noise30,395,9110395,V5,1,1,1,0,"[[""a""]]",0.539
power,c40_noise30,396,9110396,V6,1,1,1,0,"[[""a""]]",0.244
power,c40_noise30,396,9110396,V5,1,1,1,0,"[[""a""]]",0.445
power,c40_noise30,397,9110397,V6,1,1,1,0,"[[""a""]]",0.267
power,c40_noise30,397,9110397,V5,1,1,1,0,"[[""a""]]",0.501
power,c40_noise30,398,9110398,V6,1,1,1,0,"[[""a""]]",0.219
power,c40_noise30,398,9110398,V5,1,1,1,0,"[[""a""]]",0.441
power,c40_noise30,399,9110399,V6,1,1,1,0,"[[""a""]]",0.273
power,c40_noise30,399,9110399,V5,1,1,1,0,"[[""a""]]",0.432
power,c40_noise30,400,9110400,V6,1,2,1,1,"[[""a""], [""p""]]",0.256
power,c40_noise30,400,9110400,V5,1,1,1,0,"[[""a""]]",0.485
power,c40_noise30,401,9110401,V6,1,2,1,1,"[[""a""], [""p""]]",0.223
power,c40_noise30,401,9110401,V5,1,1,1,0,"[[""a""]]",0.435
power,c40_noise30,402,9110402,V6,1,1,1,0,"[[""a""]]",0.23
power,c40_noise30,402,9110402,V5,1,1,1,0,"[[""a""]]",0.503
power,c40_noise30,403,9110403,V6,1,1,1,0,"[[""a""]]",0.241
power,c40_noise30,403,9110403,V5,1,1,1,0,"[[""a""]]",0.509
power,c40_noise30,404,9110404,V6,1,2,1,1,"[[""a""], [""p""]]",0.21
power,c40_noise30,404,9110404,V5,1,2,1,1,"[[""a""], [""p""]]",0.453
power,c40_noise30,405,9110405,V6,1,1,1,0,"[[""a""]]",0.237
power,c40_noise30,405,9110405,V5,1,1,1,0,"[[""a""]]",0.436
power,c40_noise30,406,9110406,V6,1,1,1,0,"[[""a""]]",0.255
power,c40_noise30,406,9110406,V5,1,1,1,0,"[[""a""]]",0.485
power,c40_noise30,407,9110407,V6,1,1,1,0,"[[""a""]]",0.278
power,c40_noise30,407,9110407,V5,1,1,1,0,"[[""a""]]",0.467
power,c40_noise30,408,9110408,V6,1,2,1,1,"[[""a""], [""p""]]",0.255
power,c40_noise30,408,9110408,V5,1,2,1,1,"[[""a""], [""p""]]",0.418
power,c40_noise30,409,9110409,V6,1,1,1,0,"[[""a""]]",0.233
power,c40_noise30,409,9110409,V5,1,2,1,1,"[[""a""], [""p""]]",0.43
power,c40_noise30,410,9110410,V6,1,2,1,1,"[[""a""], [""p""]]",0.218
power,c40_noise30,410,9110410,V5,1,2,1,1,"[[""a""], [""p""]]",0.436
power,c40_noise30,411,9110411,V6,1,1,1,0,"[[""a""]]",0.211
power,c40_noise30,411,9110411,V5,1,1,1,0,"[[""a""]]",0.459
power,c40_noise30,412,9110412,V6,1,1,1,0,"[[""a""]]",0.236
power,c40_noise30,412,9110412,V5,1,1,1,0,"[[""a""]]",0.483
power,c40_noise30,413,9110413,V6,1,1,1,0,"[[""a""]]",0.236
power,c40_noise30,413,9110413,V5,1,1,1,0,"[[""a""]]",0.506
power,c40_noise30,414,9110414,V6,1,1,1,0,"[[""a""]]",0.218
power,c40_noise30,414,9110414,V5,1,1,1,0,"[[""a""]]",0.47
power,c40_noise30,415,9110415,V6,1,1,1,0,"[[""a""]]",0.203
power,c40_noise30,415,9110415,V5,1,1,1,0,"[[""a""]]",0.467
power,c40_noise30,416,9110416,V6,1,2,1,1,"[[""a""], [""p""]]",0.253
power,c40_noise30,416,9110416,V5,1,2,1,1,"[[""a""], [""p""]]",0.399
power,c40_noise30,417,9110417,V6,1,1,1,0,"[[""a""]]",0.251
power,c40_noise30,417,9110417,V5,1,1,1,0,"[[""a""]]",0.525
power,c40_noise30,418,9110418,V6,1,1,1,0,"[[""a""]]",0.242
power,c40_noise30,418,9110418,V5,1,1,1,0,"[[""a""]]",0.501
power,c40_noise30,419,9110419,V6,1,2,1,1,"[[""a""], [""p""]]",0.249
power,c40_noise30,419,9110419,V5,1,1,1,0,"[[""a""]]",0.427
power,c40_noise30,420,9110420,V6,1,1,1,0,"[[""a""]]",0.245
power,c40_noise30,420,9110420,V5,1,1,1,0,"[[""a""]]",0.461
power,c40_noise30,421,9110421,V6,1,1,1,0,"[[""a""]]",0.268
power,c40_noise30,421,9110421,V5,1,1,1,0,"[[""a""]]",0.451
power,c40_noise30,422,9110422,V6,1,2,1,1,"[[""a""], [""p""]]",0.253
power,c40_noise30,422,9110422,V5,1,1,1,0,"[[""a""]]",0.499
power,c40_noise30,423,9110423,V6,1,2,1,1,"[[""a""], [""x4""]]",0.234
power,c40_noise30,423,9110423,V5,1,2,1,1,"[[""a""], [""x4""]]",0.462
power,c40_noise30,424,9110424,V6,1,2,1,1,"[[""a""], [""p""]]",0.26
power,c40_noise30,424,9110424,V5,1,1,1,0,"[[""a""]]",0.495
power,c40_noise30,425,9110425,V6,1,1,1,0,"[[""a""]]",0.2
power,c40_noise30,425,9110425,V5,1,1,1,0,"[[""a""]]",0.496
power,c40_noise30,426,9110426,V6,1,1,1,0,"[[""a""]]",0.226
power,c40_noise30,426,9110426,V5,1,1,1,0,"[[""a""]]",0.508
power,c40_noise30,427,9110427,V6,1,1,1,0,"[[""a""]]",0.238
power,c40_noise30,427,9110427,V5,1,1,1,0,"[[""a""]]",0.402
power,c40_noise30,428,9110428,V6,1,1,1,0,"[[""a""]]",0.252
power,c40_noise30,428,9110428,V5,1,1,1,0,"[[""a""]]",0.539
power,c40_noise30,429,9110429,V6,1,1,1,0,"[[""a""]]",0.258
power,c40_noise30,429,9110429,V5,1,1,1,0,"[[""a""]]",0.442
power,c40_noise30,430,9110430,V6,1,1,1,0,"[[""a""]]",0.26
power,c40_noise30,430,9110430,V5,1,1,1,0,"[[""a""]]",0.485
power,c40_noise30,431,9110431,V6,1,1,1,0,"[[""a""]]",0.268
power,c40_noise30,431,9110431,V5,1,1,1,0,"[[""a""]]",0.403
power,c40_noise30,432,9110432,V6,1,1,1,0,"[[""a""]]",0.208
power,c40_noise30,432,9110432,V5,1,1,1,0,"[[""a""]]",0.406
power,c40_noise30,433,9110433,V6,1,1,1,0,"[[""a""]]",0.225
power,c40_noise30,433,9110433,V5,1,1,1,0,"[[""a""]]",0.509
power,c40_noise30,434,9110434,V6,1,1,1,0,"[[""a""]]",0.281
power,c40_noise30,434,9110434,V5,1,1,1,0,"[[""a""]]",0.793
power,c40_noise30,435,9110435,V6,1,1,1,0,"[[""a""]]",0.212
power,c40_noise30,435,9110435,V5,1,1,1,0,"[[""a""]]",0.551
power,c40_noise30,436,9110436,V6,1,2,1,1,"[[""a""], [""p""]]",0.209
power,c40_noise30,436,9110436,V5,1,1,1,0,"[[""a""]]",0.765
power,c40_noise30,437,9110437,V6,1,1,1,0,"[[""a""]]",0.188
power,c40_noise30,437,9110437,V5,1,1,1,0,"[[""a""]]",0.781
power,c40_noise30,438,9110438,V6,1,1,1,0,"[[""a""]]",0.218
power,c40_noise30,438,9110438,V5,1,1,1,0,"[[""a""]]",0.986
power,c40_noise30,439,9110439,V6,1,2,1,1,"[[""a""], [""p""]]",0.289
power,c40_noise30,439,9110439,V5,1,1,1,0,"[[""a""]]",1.323
power,c40_noise30,440,9110440,V6,1,1,1,0,"[[""a""]]",0.217
power,c40_noise30,440,9110440,V5,1,1,1,0,"[[""a""]]",1.271
power,c40_noise30,441,9110441,V6,1,2,1,1,"[[""a""], [""p""]]",0.213
power,c40_noise30,441,9110441,V5,1,2,1,1,"[[""a""], [""p""]]",1.288
power,c40_noise30,442,9110442,V6,1,1,1,0,"[[""a""]]",0.287
power,c40_noise30,442,9110442,V5,1,1,1,0,"[[""a""]]",1.802
power,c40_noise30,443,9110443,V6,1,1,1,0,"[[""a""]]",0.86
power,c40_noise30,443,9110443,V5,1,1,1,0,"[[""a""]]",1.826
power,c40_noise30,444,9110444,V6,1,1,1,0,"[[""a""]]",0.943
power,c40_noise30,444,9110444,V5,1,1,1,0,"[[""a""]]",1.794
power,c40_noise30,445,9110445,V6,1,1,1,0,"[[""a""]]",0.964
power,c40_noise30,445,9110445,V5,1,1,1,0,"[[""a""]]",1.711
power,c40_noise30,446,9110446,V6,1,1,1,0,"[[""a""]]",0.957
power,c40_noise30,446,9110446,V5,1,1,1,0,"[[""a""]]",1.777
power,c40_noise30,447,9110447,V6,1,1,1,0,"[[""a""]]",0.968
power,c40_noise30,447,9110447,V5,1,1,1,0,"[[""a""]]",1.713
power,c40_noise30,448,9110448,V6,1,1,1,0,"[[""a""]]",0.993
power,c40_noise30,448,9110448,V5,1,1,1,0,"[[""a""]]",1.713
power,c40_noise30,449,9110449,V6,1,2,1,1,"[[""a""], [""p""]]",0.966
power,c40_noise30,449,9110449,V5,1,1,1,0,"[[""a""]]",1.661
power,c40_noise30,450,9110450,V6,1,1,1,0,"[[""a""]]",0.91
power,c40_noise30,450,9110450,V5,1,2,1,1,"[[""a""], [""p""]]",1.711
power,c40_noise30,451,9110451,V6,1,2,1,1,"[[""a""], [""p""]]",0.971
power,c40_noise30,451,9110451,V5,1,1,1,0,"[[""a""]]",1.656
power,c40_noise30,452,9110452,V6,1,1,1,0,"[[""a""]]",0.89
power,c40_noise30,452,9110452,V5,1,1,1,0,"[[""a""]]",1.824
power,c40_noise30,453,9110453,V6,1,1,1,0,"[[""a""]]",0.832
power,c40_noise30,453,9110453,V5,1,1,1,0,"[[""a""]]",2.154
power,c40_noise30,454,9110454,V6,1,2,1,1,"[[""a""], [""p""]]",0.808
power,c40_noise30,454,9110454,V5,1,2,1,1,"[[""a""], [""p""]]",2.162
power,c40_noise30,455,9110455,V6,1,1,1,0,"[[""a""]]",0.865
power,c40_noise30,455,9110455,V5,1,1,1,0,"[[""a""]]",2.06
power,c40_noise30,456,9110456,V6,1,1,1,0,"[[""a""]]",0.904
power,c40_noise30,456,9110456,V5,1,1,1,0,"[[""a""]]",1.962
power,c40_noise30,457,9110457,V6,1,3,1,1,"[[""a""], [""x1""], [""p""]]",0.881
power,c40_noise30,457,9110457,V5,1,3,1,1,"[[""a""], [""x1""], [""p""]]",1.982
power,c40_noise30,458,9110458,V6,1,1,1,0,"[[""a""]]",0.997
power,c40_noise30,458,9110458,V5,1,1,1,0,"[[""a""]]",1.693
power,c40_noise30,459,9110459,V6,1,2,1,1,"[[""a""], [""p""]]",0.978
power,c40_noise30,459,9110459,V5,1,2,1,1,"[[""a""], [""p""]]",1.498
power,c40_noise30,460,9110460,V6,1,1,1,0,"[[""a""]]",0.976
power,c40_noise30,460,9110460,V5,1,1,1,0,"[[""a""]]",1.566
power,c40_noise30,461,9110461,V6,1,1,1,0,"[[""a""]]",0.96
power,c40_noise30,461,9110461,V5,1,1,1,0,"[[""a""]]",1.47
power,c40_noise30,462,9110462,V6,1,1,1,0,"[[""a""]]",1.169
power,c40_noise30,462,9110462,V5,1,1,1,0,"[[""a""]]",0.64
power,c40_noise30,463,9110463,V6,1,1,1,0,"[[""a""]]",0.461
power,c40_noise30,463,9110463,V5,1,2,1,1,"[[""a""], [""p""]]",0.472
power,c40_noise30,464,9110464,V6,1,1,1,0,"[[""a""]]",0.286
power,c40_noise30,464,9110464,V5,1,1,1,0,"[[""a""]]",0.508
power,c40_noise30,465,9110465,V6,1,1,1,0,"[[""a""]]",0.252
power,c40_noise30,465,9110465,V5,1,1,1,0,"[[""a""]]",0.466
power,c40_noise30,466,9110466,V6,1,1,1,0,"[[""a""]]",0.242
power,c40_noise30,466,9110466,V5,1,1,1,0,"[[""a""]]",0.457
power,c40_noise30,467,9110467,V6,1,1,1,0,"[[""a""]]",0.273
power,c40_noise30,467,9110467,V5,1,1,1,0,"[[""a""]]",0.509
power,c40_noise30,468,9110468,V6,1,1,1,0,"[[""a""]]",0.207
power,c40_noise30,468,9110468,V5,1,1,1,0,"[[""a""]]",0.447
power,c40_noise30,469,9110469,V6,1,2,1,1,"[[""a""], [""p""]]",0.215
power,c40_noise30,469,9110469,V5,1,2,1,1,"[[""a""], [""p""]]",0.45
power,c40_noise30,470,9110470,V6,1,1,1,0,"[[""a""]]",0.262
power,c40_noise30,470,9110470,V5,1,1,1,0,"[[""a""]]",0.495
power,c40_noise30,471,9110471,V6,1,1,1,0,"[[""a""]]",0.213
power,c40_noise30,471,9110471,V5,1,1,1,0,"[[""a""]]",0.529
power,c40_noise30,472,9110472,V6,1,2,1,1,"[[""a""], [""p""]]",0.247
power,c40_noise30,472,9110472,V5,1,2,1,1,"[[""a""], [""p""]]",0.538
power,c40_noise30,473,9110473,V6,1,1,1,0,"[[""a""]]",0.289
power,c40_noise30,473,9110473,V5,1,1,1,0,"[[""a""]]",0.486
power,c40_noise30,474,9110474,V6,1,1,1,0,"[[""a""]]",0.273
power,c40_noise30,474,9110474,V5,1,1,1,0,"[[""a""]]",0.507
power,c40_noise30,475,9110475,V6,1,1,1,0,"[[""a""]]",0.344
power,c40_noise30,475,9110475,V5,1,1,1,0,"[[""a""]]",0.482
power,c40_noise30,476,9110476,V6,1,2,1,1,"[[""a""], [""p""]]",0.274
power,c40_noise30,476,9110476,V5,1,2,1,1,"[[""a""], [""p""]]",0.558
power,c40_noise30,477,9110477,V6,1,1,1,0,"[[""a""]]",0.254
power,c40_noise30,477,9110477,V5,1,1,1,0,"[[""a""]]",0.542
power,c40_noise30,478,9110478,V6,1,1,1,0,"[[""a""]]",0.3
power,c40_noise30,478,9110478,V5,1,1,1,0,"[[""a""]]",0.453
power,c40_noise30,479,9110479,V6,1,1,1,0,"[[""a""]]",0.313
power,c40_noise30,479,9110479,V5,1,1,1,0,"[[""a""]]",0.453
power,c40_noise30,480,9110480,V6,1,1,1,0,"[[""a""]]",0.276
power,c40_noise30,480,9110480,V5,1,1,1,0,"[[""a""]]",0.498
power,c40_noise30,481,9110481,V6,1,1,1,0,"[[""a""]]",0.232
power,c40_noise30,481,9110481,V5,1,1,1,0,"[[""a""]]",0.466
power,c40_noise30,482,9110482,V6,1,1,1,0,"[[""a""]]",0.23
power,c40_noise30,482,9110482,V5,1,1,1,0,"[[""a""]]",0.454
power,c40_noise30,483,9110483,V6,1,1,1,0,"[[""a""]]",0.256
power,c40_noise30,483,9110483,V5,1,1,1,0,"[[""a""]]",0.449
power,c40_noise30,484,9110484,V6,1,1,1,0,"[[""a""]]",0.254
power,c40_noise30,484,9110484,V5,1,1,1,0,"[[""a""]]",0.457
power,c40_noise30,485,9110485,V6,1,1,1,0,"[[""a""]]",0.283
power,c40_noise30,485,9110485,V5,1,1,1,0,"[[""a""]]",0.561
power,c40_noise30,486,9110486,V6,1,1,1,0,"[[""a""]]",0.269
power,c40_noise30,486,9110486,V5,1,1,1,0,"[[""a""]]",0.539
power,c40_noise30,487,9110487,V6,1,2,1,1,"[[""a""], [""p""]]",0.25
power,c40_noise30,487,9110487,V5,1,2,1,1,"[[""a""], [""p""]]",0.441
power,c40_noise30,488,9110488,V6,1,1,1,0,"[[""a""]]",0.248
power,c40_noise30,488,9110488,V5,1,1,1,0,"[[""a""]]",0.556
power,c40_noise30,489,9110489,V6,1,1,1,0,"[[""a""]]",0.225
power,c40_noise30,489,9110489,V5,1,1,1,0,"[[""a""]]",0.464
power,c40_noise30,490,9110490,V6,1,1,1,0,"[[""a""]]",0.219
power,c40_noise30,490,9110490,V5,1,2,1,1,"[[""a""], [""p""]]",0.455
power,c40_noise30,491,9110491,V6,1,1,1,0,"[[""a""]]",0.235
power,c40_noise30,491,9110491,V5,1,1,1,0,"[[""a""]]",0.411
power,c40_noise30,492,9110492,V6,1,2,1,1,"[[""a""], [""p""]]",0.254
power,c40_noise30,492,9110492,V5,1,2,1,1,"[[""a""], [""p""]]",0.46
power,c40_noise30,493,9110493,V6,1,1,1,0,"[[""a""]]",0.218
power,c40_noise30,493,9110493,V5,1,1,1,0,"[[""a""]]",0.524
power,c40_noise30,494,9110494,V6,1,1,1,0,"[[""a""]]",0.19
power,c40_noise30,494,9110494,V5,1,1,1,0,"[[""a""]]",0.544
power,c40_noise30,495,9110495,V6,1,2,1,1,"[[""a""], [""p""]]",0.208
power,c40_noise30,495,9110495,V5,1,1,1,0,"[[""a""]]",0.62
power,c40_noise30,496,9110496,V6,1,1,1,0,"[[""a""]]",0.21
power,c40_noise30,496,9110496,V5,1,1,1,0,"[[""a""]]",0.542
power,c40_noise30,497,9110497,V6,1,1,1,0,"[[""a""]]",0.266
power,c40_noise30,497,9110497,V5,1,1,1,0,"[[""a""]]",0.538
power,c40_noise30,498,9110498,V6,1,2,1,1,"[[""a""], [""x1""]]",0.273
power,c40_noise30,498,9110498,V5,1,2,1,1,"[[""a""], [""x1""]]",0.531
power,c40_noise30,499,9110499,V6,1,1,1,0,"[[""a""]]",0.279
power,c40_noise30,499,9110499,V5,1,1,1,0,"[[""a""]]",0.585
power,c30_shift150,0,9120000,V6,1,1,1,0,"[[""a"", ""p""]]",0.239
power,c30_shift150,0,9120000,V5,1,1,1,0,"[[""a"", ""p""]]",0.543
power,c30_shift150,1,9120001,V6,1,1,1,0,"[[""a"", ""p""]]",0.23
power,c30_shift150,1,9120001,V5,1,2,1,1,"[[""a"", ""p""], [""x2""]]",0.536
power,c30_shift150,2,9120002,V6,1,1,1,0,"[[""a"", ""p""]]",0.276
power,c30_shift150,2,9120002,V5,1,1,1,0,"[[""a"", ""p""]]",0.503
power,c30_shift150,3,9120003,V6,1,1,1,0,"[[""a"", ""p""]]",0.276
power,c30_shift150,3,9120003,V5,1,1,1,0,"[[""a"", ""p""]]",0.443
power,c30_shift150,4,9120004,V6,1,1,1,0,"[[""a"", ""p""]]",0.276
power,c30_shift150,4,9120004,V5,1,1,1,0,"[[""a"", ""p""]]",0.478
power,c30_shift150,5,9120005,V6,1,1,1,0,"[[""a"", ""p""]]",0.224
power,c30_shift150,5,9120005,V5,1,1,1,0,"[[""a"", ""p""]]",0.461
power,c30_shift150,6,9120006,V6,1,1,1,0,"[[""a"", ""p""]]",0.224
power,c30_shift150,6,9120006,V5,1,1,1,0,"[[""a"", ""p""]]",0.409
power,c30_shift150,7,9120007,V6,1,1,1,0,"[[""a"", ""p""]]",0.225
power,c30_shift150,7,9120007,V5,1,1,1,0,"[[""a"", ""p""]]",0.402
power,c30_shift150,8,9120008,V6,1,1,1,0,"[[""a"", ""p""]]",0.218
power,c30_shift150,8,9120008,V5,1,1,1,0,"[[""a"", ""p""]]",0.427
power,c30_shift150,9,9120009,V6,1,1,1,0,"[[""a"", ""p""]]",0.226
power,c30_shift150,9,9120009,V5,1,1,1,0,"[[""a"", ""p""]]",0.425
power,c30_shift150,10,9120010,V6,1,1,1,0,"[[""a"", ""p""]]",0.219
power,c30_shift150,10,9120010,V5,1,1,1,0,"[[""a"", ""p""]]",0.462
power,c30_shift150,11,9120011,V6,1,1,1,0,"[[""a"", ""p""]]",0.237
power,c30_shift150,11,9120011,V5,1,2,1,1,"[[""a"", ""p""], [""z3""]]",0.449
power,c30_shift150,12,9120012,V6,0,0,0,0,[],0.246
power,c30_shift150,12,9120012,V5,0,0,0,0,[],0.481
power,c30_shift150,13,9120013,V6,1,1,1,0,"[[""a"", ""p""]]",0.261
power,c30_shift150,13,9120013,V5,1,1,1,0,"[[""a"", ""p""]]",0.457
power,c30_shift150,14,9120014,V6,1,1,1,0,"[[""a"", ""p""]]",0.251
power,c30_shift150,14,9120014,V5,1,1,1,0,"[[""a"", ""p""]]",0.478
power,c30_shift150,15,9120015,V6,1,1,1,0,"[[""a"", ""p""]]",0.236
power,c30_shift150,15,9120015,V5,1,1,1,0,"[[""a"", ""p""]]",0.469
power,c30_shift150,16,9120016,V6,1,1,1,0,"[[""a"", ""p""]]",0.266
power,c30_shift150,16,9120016,V5,1,1,1,0,"[[""a"", ""p""]]",0.492
power,c30_shift150,17,9120017,V6,1,1,1,0,"[[""a"", ""p""]]",0.245
power,c30_shift150,17,9120017,V5,1,1,1,0,"[[""a"", ""p""]]",0.488
power,c30_shift150,18,9120018,V6,1,1,1,0,"[[""a"", ""p""]]",0.24
power,c30_shift150,18,9120018,V5,1,1,1,0,"[[""a"", ""p""]]",0.473
power,c30_shift150,19,9120019,V6,1,1,1,0,"[[""a"", ""p""]]",0.253
power,c30_shift150,19,9120019,V5,1,1,1,0,"[[""a"", ""p""]]",0.444
power,c30_shift150,20,9120020,V6,1,1,1,0,"[[""a"", ""p""]]",0.267
power,c30_shift150,20,9120020,V5,1,1,1,0,"[[""a"", ""p""]]",0.464
power,c30_shift150,21,9120021,V6,1,1,1,0,"[[""a"", ""p""]]",0.26
power,c30_shift150,21,9120021,V5,1,1,1,0,"[[""a"", ""p""]]",0.438
power,c30_shift150,22,9120022,V6,1,1,1,0,"[[""a"", ""p""]]",0.236
power,c30_shift150,22,9120022,V5,1,1,1,0,"[[""a"", ""p""]]",0.463
power,c30_shift150,23,9120023,V6,1,1,1,0,"[[""a"", ""p""]]",0.213
power,c30_shift150,23,9120023,V5,1,1,1,0,"[[""a"", ""p""]]",0.444
power,c30_shift150,24,9120024,V6,1,1,1,0,"[[""a"", ""p""]]",0.194
power,c30_shift150,24,9120024,V5,1,1,1,0,"[[""a"", ""p""]]",0.445
power,c30_shift150,25,9120025,V6,0,0,0,0,[],0.193
power,c30_shift150,25,9120025,V5,1,1,1,0,"[[""a"", ""p""]]",0.418
power,c30_shift150,26,9120026,V6,1,1,1,0,"[[""a"", ""p""]]",0.256
power,c30_shift150,26,9120026,V5,1,2,1,1,"[[""a"", ""p""], [""x5""]]",0.438
power,c30_shift150,27,9120027,V6,1,1,1,0,"[[""a"", ""p""]]",0.217
power,c30_shift150,27,9120027,V5,1,1,1,0,"[[""a"", ""p""]]",0.415
power,c30_shift150,28,9120028,V6,1,1,1,0,"[[""a"", ""p""]]",0.249
power,c30_shift150,28,9120028,V5,1,1,1,0,"[[""a"", ""p""]]",0.466
power,c30_shift150,29,9120029,V6,1,1,1,0,"[[""a"", ""p""]]",0.226
power,c30_shift150,29,9120029,V5,1,1,1,0,"[[""a"", ""p""]]",0.417
power,c30_shift150,30,9120030,V6,1,1,1,0,"[[""a"", ""p""]]",0.2
power,c30_shift150,30,9120030,V5,1,1,1,0,"[[""a"", ""p""]]",0.416
power,c30_shift150,31,9120031,V6,1,1,1,0,"[[""a"", ""p""]]",0.21
power,c30_shift150,31,9120031,V5,1,1,1,0,"[[""a"", ""p""]]",0.421
power,c30_shift150,32,9120032,V6,1,1,1,0,"[[""a"", ""p""]]",0.247
power,c30_shift150,32,9120032,V5,1,1,1,0,"[[""a"", ""p""]]",0.455
power,c30_shift150,33,9120033,V6,0,0,0,0,[],0.211
power,c30_shift150,33,9120033,V5,1,1,1,0,"[[""a"", ""p""]]",0.388
power,c30_shift150,34,9120034,V6,1,1,1,0,"[[""a"", ""p""]]",0.219
power,c30_shift150,34,9120034,V5,1,1,1,0,"[[""a"", ""p""]]",0.406
power,c30_shift150,35,9120035,V6,1,1,1,0,"[[""a"", ""p""]]",0.192
power,c30_shift150,35,9120035,V5,1,1,1,0,"[[""a"", ""p""]]",0.375
power,c30_shift150,36,9120036,V6,1,1,1,0,"[[""a"", ""p""]]",0.203
power,c30_shift150,36,9120036,V5,1,1,1,0,"[[""a"", ""p""]]",0.375
power,c30_shift150,37,9120037,V6,1,1,1,0,"[[""a"", ""p""]]",0.206
power,c30_shift150,37,9120037,V5,1,1,1,0,"[[""a"", ""p""]]",0.376
power,c30_shift150,38,9120038,V6,1,2,1,1,"[[""a"", ""p""], [""z4""]]",0.197
power,c30_shift150,38,9120038,V5,1,1,1,0,"[[""a"", ""p""]]",0.397
power,c30_shift150,39,9120039,V6,1,1,1,0,"[[""a"", ""p""]]",0.235
power,c30_shift150,39,9120039,V5,1,1,1,0,"[[""a"", ""p""]]",0.47
power,c30_shift150,40,9120040,V6,1,1,1,0,"[[""a"", ""p""]]",0.239
power,c30_shift150,40,9120040,V5,1,1,1,0,"[[""a"", ""p""]]",0.456
power,c30_shift150,41,9120041,V6,1,1,1,0,"[[""a"", ""p""]]",0.211
power,c30_shift150,41,9120041,V5,1,1,1,0,"[[""a"", ""p""]]",0.364
power,c30_shift150,42,9120042,V6,0,0,0,0,[],0.187
power,c30_shift150,42,9120042,V5,1,1,1,0,"[[""a"", ""p""]]",0.441
power,c30_shift150,43,9120043,V6,1,1,1,0,"[[""a"", ""p""]]",0.244
power,c30_shift150,43,9120043,V5,1,1,1,0,"[[""a"", ""p""]]",0.457
power,c30_shift150,44,9120044,V6,1,1,1,0,"[[""a"", ""p""]]",0.21
power,c30_shift150,44,9120044,V5,1,1,1,0,"[[""a"", ""p""]]",0.409
power,c30_shift150,45,9120045,V6,0,0,0,0,[],0.188
power,c30_shift150,45,9120045,V5,1,1,1,0,"[[""a"", ""p""]]",0.411
power,c30_shift150,46,9120046,V6,1,1,1,0,"[[""a"", ""p""]]",0.201
power,c30_shift150,46,9120046,V5,1,1,1,0,"[[""a"", ""p""]]",0.405
power,c30_shift150,47,9120047,V6,1,1,1,0,"[[""a"", ""p""]]",0.191
power,c30_shift150,47,9120047,V5,1,1,1,0,"[[""a"", ""p""]]",0.403
power,c30_shift150,48,9120048,V6,1,1,0,1,"[[""z2""]]",0.218
power,c30_shift150,48,9120048,V5,1,1,1,0,"[[""a"", ""p""]]",0.416
power,c30_shift150,49,9120049,V6,1,2,1,1,"[[""a"", ""p""], [""z1""]]",0.17
power,c30_shift150,49,9120049,V5,1,1,1,0,"[[""a"", ""p""]]",0.408
power,c30_shift150,50,9120050,V6,1,1,1,0,"[[""a"", ""p""]]",0.243
power,c30_shift150,50,9120050,V5,1,1,1,0,"[[""a"", ""p""]]",0.457
power,c30_shift150,51,9120051,V6,0,0,0,0,[],0.225
power,c30_shift150,51,9120051,V5,1,1,1,0,"[[""a"", ""p""]]",0.395
power,c30_shift150,52,9120052,V6,0,0,0,0,[],0.254
power,c30_shift150,52,9120052,V5,0,0,0,0,[],0.353
power,c30_shift150,53,9120053,V6,1,1,1,0,"[[""a"", ""p""]]",0.209
power,c30_shift150,53,9120053,V5,1,1,1,0,"[[""a"", ""p""]]",0.395
power,c30_shift150,54,9120054,V6,1,1,1,0,"[[""a"", ""p""]]",0.234
power,c30_shift150,54,9120054,V5,1,1,1,0,"[[""a"", ""p""]]",0.418
power,c30_shift150,55,9120055,V6,1,1,1,0,"[[""a"", ""p""]]",0.254
power,c30_shift150,55,9120055,V5,1,1,1,0,"[[""a"", ""p""]]",0.395
power,c30_shift150,56,9120056,V6,0,0,0,0,[],0.247
power,c30_shift150,56,9120056,V5,0,0,0,0,[],0.386
power,c30_shift150,57,9120057,V6,1,1,1,0,"[[""a"", ""p""]]",0.205
power,c30_shift150,57,9120057,V5,1,1,1,0,"[[""a"", ""p""]]",0.369
power,c30_shift150,58,9120058,V6,0,0,0,0,[],0.242
power,c30_shift150,58,9120058,V5,0,0,0,0,[],0.416
power,c30_shift150,59,9120059,V6,1,1,1,0,"[[""a"", ""p""]]",0.197
power,c30_shift150,59,9120059,V5,1,1,1,0,"[[""a"", ""p""]]",0.376
power,c30_shift150,60,9120060,V6,0,0,0,0,[],0.249
power,c30_shift150,60,9120060,V5,1,1,1,0,"[[""a"", ""p""]]",0.449
power,c30_shift150,61,9120061,V6,0,0,0,0,[],0.187
power,c30_shift150,61,9120061,V5,1,1,1,0,"[[""a"", ""p""]]",0.39
power,c30_shift150,62,9120062,V6,1,1,1,0,"[[""a"", ""p""]]",0.236
power,c30_shift150,62,9120062,V5,1,2,1,1,"[[""x1""], [""a"", ""p""]]",0.386
power,c30_shift150,63,9120063,V6,1,1,1,0,"[[""a"", ""p""]]",0.189
power,c30_shift150,63,9120063,V5,1,1,1,0,"[[""a"", ""p""]]",0.42
power,c30_shift150,64,9120064,V6,1,1,1,0,"[[""a"", ""p""]]",0.243
power,c30_shift150,64,9120064,V5,1,1,1,0,"[[""a"", ""p""]]",0.392
power,c30_shift150,65,9120065,V6,1,1,1,0,"[[""a"", ""p""]]",0.237
power,c30_shift150,65,9120065,V5,1,1,1,0,"[[""a"", ""p""]]",0.352
power,c30_shift150,66,9120066,V6,1,1,1,0,"[[""a"", ""p""]]",0.213
power,c30_shift150,66,9120066,V5,1,1,1,0,"[[""a"", ""p""]]",0.374
power,c30_shift150,67,9120067,V6,1,1,1,0,"[[""a"", ""p""]]",0.245
power,c30_shift150,67,9120067,V5,1,1,1,0,"[[""a"", ""p""]]",0.425
power,c30_shift150,68,9120068,V6,1,1,1,0,"[[""a"", ""p""]]",0.218
power,c30_shift150,68,9120068,V5,1,1,1,0,"[[""a"", ""p""]]",0.358
power,c30_shift150,69,9120069,V6,1,1,1,0,"[[""a"", ""p""]]",0.182
power,c30_shift150,69,9120069,V5,1,1,1,0,"[[""a"", ""p""]]",0.338
power,c30_shift150,70,9120070,V6,1,1,1,0,"[[""a"", ""p""]]",0.171
power,c30_shift150,70,9120070,V5,1,1,1,0,"[[""a"", ""p""]]",0.391
power,c30_shift150,71,9120071,V6,1,2,1,1,"[[""a"", ""p""], [""z2""]]",0.199
power,c30_shift150,71,9120071,V5,1,1,1,0,"[[""a"", ""p""]]",0.39
power,c30_shift150,72,9120072,V6,1,1,1,0,"[[""a"", ""p""]]",0.161
power,c30_shift150,72,9120072,V5,1,1,1,0,"[[""a"", ""p""]]",0.463
power,c30_shift150,73,9120073,V6,1,1,1,0,"[[""a"", ""p""]]",0.204
power,c30_shift150,73,9120073,V5,1,1,1,0,"[[""a"", ""p""]]",0.36
power,c30_shift150,74,9120074,V6,1,1,1,0,"[[""a"", ""p""]]",0.212
power,c30_shift150,74,9120074,V5,1,1,1,0,"[[""a"", ""p""]]",0.39
power,c30_shift150,75,9120075,V6,1,1,1,0,"[[""a"", ""p""]]",0.233
power,c30_shift150,75,9120075,V5,1,1,1,0,"[[""a"", ""p""]]",0.432
power,c30_shift150,76,9120076,V6,1,1,1,0,"[[""a"", ""p""]]",0.172
power,c30_shift150,76,9120076,V5,1,1,1,0,"[[""a"", ""p""]]",0.365
power,c30_shift150,77,9120077,V6,1,1,1,0,"[[""a"", ""p""]]",0.2
power,c30_shift150,77,9120077,V5,1,1,1,0,"[[""a"", ""p""]]",0.365
power,c30_shift150,78,9120078,V6,0,0,0,0,[],0.185
power,c30_shift150,78,9120078,V5,1,1,0,1,"[[""x3""]]",0.36
power,c30_shift150,79,9120079,V6,1,1,1,0,"[[""a"", ""p""]]",0.199
power,c30_shift150,79,9120079,V5,1,2,1,1,"[[""x2""], [""a"", ""p""]]",0.349
power,c30_shift150,80,9120080,V6,0,0,0,0,[],0.195
power,c30_shift150,80,9120080,V5,1,1,1,0,"[[""a"", ""p""]]",0.407
power,c30_shift150,81,9120081,V6,1,1,1,0,"[[""a"", ""p""]]",0.199
power,c30_shift150,81,9120081,V5,1,1,1,0,"[[""a"", ""p""]]",0.389
power,c30_shift150,82,9120082,V6,1,1,1,0,"[[""a"", ""p""]]",0.214
power,c30_shift150,82,9120082,V5,1,1,1,0,"[[""a"", ""p""]]",0.378
power,c30_shift150,83,9120083,V6,1,1,1,0,"[[""a"", ""p""]]",0.205
power,c30_shift150,83,9120083,V5,1,1,1,0,"[[""a"", ""p""]]",0.473
power,c30_shift150,84,9120084,V6,0,0,0,0,[],0.191
power,c30_shift150,84,9120084,V5,0,0,0,0,[],0.38
power,c30_shift150,85,9120085,V6,0,0,0,0,[],0.244
power,c30_shift150,85,9120085,V5,1,1,1,0,"[[""a"", ""p""]]",0.464
power,c30_shift150,86,9120086,V6,1,1,1,0,"[[""a"", ""p""]]",0.196
power,c30_shift150,86,9120086,V5,1,1,1,0,"[[""a"", ""p""]]",0.344
power,c30_shift150,87,9120087,V6,1,1,1,0,"[[""a"", ""p""]]",0.21
power,c30_shift150,87,9120087,V5,1,1,1,0,"[[""a"", ""p""]]",0.354
power,c30_shift150,88,9120088,V6,1,1,1,0,"[[""a"", ""p""]]",0.177
power,c30_shift150,88,9120088,V5,1,1,1,0,"[[""a"", ""p""]]",0.336
power,c30_shift150,89,9120089,V6,0,0,0,0,[],0.188
power,c30_shift150,89,9120089,V5,1,1,1,0,"[[""a"", ""p""]]",0.392
power,c30_shift150,90,9120090,V6,1,1,1,0,"[[""a"", ""p""]]",0.177
power,c30_shift150,90,9120090,V5,1,1,1,0,"[[""a"", ""p""]]",0.406
power,c30_shift150,91,9120091,V6,0,0,0,0,[],0.219
power,c30_shift150,91,9120091,V5,1,1,1,0,"[[""a"", ""p""]]",0.458
power,c30_shift150,92,9120092,V6,1,1,1,0,"[[""a"", ""p""]]",0.204
power,c30_shift150,92,9120092,V5,1,1,1,0,"[[""a"", ""p""]]",0.397
power,c30_shift150,93,9120093,V6,1,1,1,0,"[[""a"", ""p""]]",0.2
power,c30_shift150,93,9120093,V5,1,1,1,0,"[[""a"", ""p""]]",0.45
power,c30_shift150,94,9120094,V6,0,0,0,0,[],0.244
power,c30_shift150,94,9120094,V5,1,1,1,0,"[[""a"", ""p""]]",0.448
power,c30_shift150,95,9120095,V6,1,1,1,0,"[[""a"", ""p""]]",0.204
power,c30_shift150,95,9120095,V5,1,1,1,0,"[[""a"", ""p""]]",0.42
power,c30_shift150,96,9120096,V6,0,0,0,0,[],0.196
power,c30_shift150,96,9120096,V5,1,1,1,0,"[[""a"", ""p""]]",0.398
power,c30_shift150,97,9120097,V6,1,1,1,0,"[[""a"", ""p""]]",0.243
power,c30_shift150,97,9120097,V5,1,1,1,0,"[[""a"", ""p""]]",0.404
power,c30_shift150,98,9120098,V6,1,1,1,0,"[[""a"", ""p""]]",0.192
power,c30_shift150,98,9120098,V5,1,1,1,0,"[[""a"", ""p""]]",0.432
power,c30_shift150,99,9120099,V6,1,1,1,0,"[[""a"", ""p""]]",0.255
power,c30_shift150,99,9120099,V5,1,1,1,0,"[[""a"", ""p""]]",0.371
power,c30_shift150,100,9120100,V6,1,1,1,0,"[[""a"", ""p""]]",0.204
power,c30_shift150,100,9120100,V5,1,1,1,0,"[[""a"", ""p""]]",0.394
power,c30_shift150,101,9120101,V6,1,1,1,0,"[[""a"", ""p""]]",0.195
power,c30_shift150,101,9120101,V5,1,1,1,0,"[[""a"", ""p""]]",0.364
power,c30_shift150,102,9120102,V6,0,0,0,0,[],0.194
power,c30_shift150,102,9120102,V5,1,1,1,0,"[[""a"", ""p""]]",0.374
power,c30_shift150,103,9120103,V6,1,1,1,0,"[[""a"", ""p""]]",0.228
power,c30_shift150,103,9120103,V5,1,1,1,0,"[[""a"", ""p""]]",0.412
power,c30_shift150,104,9120104,V6,0,0,0,0,[],0.226
power,c30_shift150,104,9120104,V5,1,1,1,0,"[[""a"", ""p""]]",0.366
power,c30_shift150,105,9120105,V6,1,1,1,0,"[[""a"", ""p""]]",0.251
power,c30_shift150,105,9120105,V5,1,1,1,0,"[[""a"", ""p""]]",0.414
power,c30_shift150,106,9120106,V6,1,1,1,0,"[[""a"", ""p""]]",0.192
power,c30_shift150,106,9120106,V5,1,1,1,0,"[[""a"", ""p""]]",0.351
power,c30_shift150,107,9120107,V6,1,1,1,0,"[[""a"", ""p""]]",0.18
power,c30_shift150,107,9120107,V5,1,1,1,0,"[[""a"", ""p""]]",0.403
power,c30_shift150,108,9120108,V6,1,1,1,0,"[[""a"", ""p""]]",0.202
power,c30_shift150,108,9120108,V5,1,1,1,0,"[[""a"", ""p""]]",0.379
power,c30_shift150,109,9120109,V6,1,1,1,0,"[[""a"", ""p""]]",0.23
power,c30_shift150,109,9120109,V5,1,1,1,0,"[[""a"", ""p""]]",0.409
power,c30_shift150,110,9120110,V6,1,1,1,0,"[[""a"", ""p""]]",0.232
power,c30_shift150,110,9120110,V5,1,1,1,0,"[[""a"", ""p""]]",0.405
power,c30_shift150,111,9120111,V6,0,0,0,0,[],0.195
power,c30_shift150,111,9120111,V5,0,0,0,0,[],0.429
power,c30_shift150,112,9120112,V6,1,1,1,0,"[[""a"", ""p""]]",0.256
power,c30_shift150,112,9120112,V5,1,1,1,0,"[[""a"", ""p""]]",0.425
power,c30_shift150,113,9120113,V6,1,1,1,0,"[[""a"", ""p""]]",0.215
power,c30_shift150,113,9120113,V5,1,1,1,0,"[[""a"", ""p""]]",0.338
power,c30_shift150,114,9120114,V6,1,1,1,0,"[[""a"", ""p""]]",0.251
power,c30_shift150,114,9120114,V5,1,1,1,0,"[[""a"", ""p""]]",0.415
power,c30_shift150,115,9120115,V6,0,0,0,0,[],0.251
power,c30_shift150,115,9120115,V5,0,0,0,0,[],0.393
power,c30_shift150,116,9120116,V6,1,1,1,0,"[[""a"", ""p""]]",0.22
power,c30_shift150,116,9120116,V5,1,1,1,0,"[[""a"", ""p""]]",0.377
power,c30_shift150,117,9120117,V6,1,1,1,0,"[[""a"", ""p""]]",0.208
power,c30_shift150,117,9120117,V5,1,1,1,0,"[[""a"", ""p""]]",0.43
power,c30_shift150,118,9120118,V6,1,1,1,0,"[[""a"", ""p""]]",0.204
power,c30_shift150,118,9120118,V5,1,1,1,0,"[[""a"", ""p""]]",0.331
power,c30_shift150,119,9120119,V6,1,1,1,0,"[[""a"", ""p""]]",0.181
power,c30_shift150,119,9120119,V5,1,1,1,0,"[[""a"", ""p""]]",0.38
power,c30_shift150,120,9120120,V6,0,0,0,0,[],0.214
power,c30_shift150,120,9120120,V5,1,1,1,0,"[[""a"", ""p""]]",0.414
power,c30_shift150,121,9120121,V6,1,1,1,0,"[[""a"", ""p""]]",0.177
power,c30_shift150,121,9120121,V5,1,1,1,0,"[[""a"", ""p""]]",0.355
power,c30_shift150,122,9120122,V6,1,1,1,0,"[[""a"", ""p""]]",0.218
power,c30_shift150,122,9120122,V5,1,1,1,0,"[[""a"", ""p""]]",0.384
power,c30_shift150,123,9120123,V6,1,1,1,0,"[[""a"", ""p""]]",0.245
power,c30_shift150,123,9120123,V5,1,1,1,0,"[[""a"", ""p""]]",0.389
power,c30_shift150,124,9120124,V6,1,1,1,0,"[[""a"", ""p""]]",0.246
power,c30_shift150,124,9120124,V5,1,1,1,0,"[[""a"", ""p""]]",0.401
power,c30_shift150,125,9120125,V6,0,0,0,0,[],0.189
power,c30_shift150,125,9120125,V5,1,1,1,0,"[[""a"", ""p""]]",0.369
power,c30_shift150,126,9120126,V6,1,1,1,0,"[[""a"", ""p""]]",0.222
power,c30_shift150,126,9120126,V5,1,1,1,0,"[[""a"", ""p""]]",0.38
power,c30_shift150,127,9120127,V6,1,1,1,0,"[[""a"", ""p""]]",0.202
power,c30_shift150,127,9120127,V5,1,1,1,0,"[[""a"", ""p""]]",0.357
power,c30_shift150,128,9120128,V6,1,1,1,0,"[[""a"", ""p""]]",0.225
power,c30_shift150,128,9120128,V5,1,1,1,0,"[[""a"", ""p""]]",0.357
power,c30_shift150,129,9120129,V6,1,2,1,1,"[[""a"", ""p""], [""z2""]]",0.223
power,c30_shift150,129,9120129,V5,1,1,1,0,"[[""a"", ""p""]]",0.377
power,c30_shift150,130,9120130,V6,1,1,1,0,"[[""a"", ""p""]]",0.218
power,c30_shift150,130,9120130,V5,1,1,1,0,"[[""a"", ""p""]]",0.388
power,c30_shift150,131,9120131,V6,1,1,1,0,"[[""a"", ""p""]]",0.184
power,c30_shift150,131,9120131,V5,1,1,1,0,"[[""a"", ""p""]]",0.381
power,c30_shift150,132,9120132,V6,0,0,0,0,[],0.222
power,c30_shift150,132,9120132,V5,1,1,1,0,"[[""a"", ""p""]]",0.44
power,c30_shift150,133,9120133,V6,1,1,1,0,"[[""a"", ""p""]]",0.192
power,c30_shift150,133,9120133,V5,1,1,1,0,"[[""a"", ""p""]]",0.396
power,c30_shift150,134,9120134,V6,1,1,1,0,"[[""a"", ""p""]]",0.186
power,c30_shift150,134,9120134,V5,1,1,1,0,"[[""a"", ""p""]]",0.347
power,c30_shift150,135,9120135,V6,1,1,1,0,"[[""a"", ""p""]]",0.181
power,c30_shift150,135,9120135,V5,1,1,1,0,"[[""a"", ""p""]]",0.354
power,c30_shift150,136,9120136,V6,1,1,1,0,"[[""a"", ""p""]]",0.19
power,c30_shift150,136,9120136,V5,1,1,1,0,"[[""a"", ""p""]]",0.4
power,c30_shift150,137,9120137,V6,1,1,1,0,"[[""a"", ""p""]]",0.206
power,c30_shift150,137,9120137,V5,1,1,1,0,"[[""a"", ""p""]]",0.377
power,c30_shift150,138,9120138,V6,1,1,1,0,"[[""a"", ""p""]]",0.167
power,c30_shift150,138,9120138,V5,1,1,1,0,"[[""a"", ""p""]]",0.406
power,c30_shift150,139,9120139,V6,1,1,1,0,"[[""a"", ""p""]]",0.185
power,c30_shift150,139,9120139,V5,1,1,1,0,"[[""a"", ""p""]]",0.445
power,c30_shift150,140,9120140,V6,0,0,0,0,[],0.189
power,c30_shift150,140,9120140,V5,0,0,0,0,[],0.382
power,c30_shift150,141,9120141,V6,1,1,1,0,"[[""a"", ""p""]]",0.196
power,c30_shift150,141,9120141,V5,1,1,1,0,"[[""a"", ""p""]]",0.42
power,c30_shift150,142,9120142,V6,1,1,1,0,"[[""a"", ""p""]]",0.189
power,c30_shift150,142,9120142,V5,1,1,1,0,"[[""a"", ""p""]]",0.456
power,c30_shift150,143,9120143,V6,1,1,1,0,"[[""a"", ""p""]]",0.235
power,c30_shift150,143,9120143,V5,1,1,1,0,"[[""a"", ""p""]]",0.412
power,c30_shift150,144,9120144,V6,1,1,1,0,"[[""a"", ""p""]]",0.236
power,c30_shift150,144,9120144,V5,1,1,1,0,"[[""a"", ""p""]]",0.415
power,c30_shift150,145,9120145,V6,1,1,1,0,"[[""a"", ""p""]]",0.221
power,c30_shift150,145,9120145,V5,1,1,1,0,"[[""a"", ""p""]]",0.373
power,c30_shift150,146,9120146,V6,1,1,1,0,"[[""a"", ""p""]]",0.254
power,c30_shift150,146,9120146,V5,1,1,1,0,"[[""a"", ""p""]]",0.417
power,c30_shift150,147,9120147,V6,0,0,0,0,[],0.24
power,c30_shift150,147,9120147,V5,0,0,0,0,[],0.411
power,c30_shift150,148,9120148,V6,0,0,0,0,[],0.288
power,c30_shift150,148,9120148,V5,1,1,1,0,"[[""a"", ""p""]]",0.381
power,c30_shift150,149,9120149,V6,1,1,1,0,"[[""a"", ""p""]]",0.243
power,c30_shift150,149,9120149,V5,1,1,1,0,"[[""a"", ""p""]]",0.429
power,c30_shift150,150,9120150,V6,1,1,1,0,"[[""a"", ""p""]]",0.221
power,c30_shift150,150,9120150,V5,1,1,1,0,"[[""a"", ""p""]]",0.434
power,c30_shift150,151,9120151,V6,1,1,1,0,"[[""a"", ""p""]]",0.228
power,c30_shift150,151,9120151,V5,1,1,1,0,"[[""a"", ""p""]]",0.355
power,c30_shift150,152,9120152,V6,1,1,1,0,"[[""a"", ""p""]]",0.229
power,c30_shift150,152,9120152,V5,1,1,1,0,"[[""a"", ""p""]]",0.458
power,c30_shift150,153,9120153,V6,1,1,1,0,"[[""a"", ""p""]]",0.203
power,c30_shift150,153,9120153,V5,1,1,1,0,"[[""a"", ""p""]]",0.412
power,c30_shift150,154,9120154,V6,1,1,1,0,"[[""a"", ""p""]]",0.208
power,c30_shift150,154,9120154,V5,1,1,1,0,"[[""a"", ""p""]]",0.406
power,c30_shift150,155,9120155,V6,1,1,1,0,"[[""a"", ""p""]]",0.159
power,c30_shift150,155,9120155,V5,1,1,1,0,"[[""a"", ""p""]]",0.435
power,c30_shift150,156,9120156,V6,1,1,1,0,"[[""a"", ""p""]]",0.183
power,c30_shift150,156,9120156,V5,1,1,1,0,"[[""a"", ""p""]]",0.436
power,c30_shift150,157,9120157,V6,1,1,1,0,"[[""a"", ""p""]]",0.188
power,c30_shift150,157,9120157,V5,1,1,1,0,"[[""a"", ""p""]]",0.436
power,c30_shift150,158,9120158,V6,0,0,0,0,[],0.179
power,c30_shift150,158,9120158,V5,1,1,1,0,"[[""a"", ""p""]]",0.428
power,c30_shift150,159,9120159,V6,1,1,1,0,"[[""a"", ""p""]]",0.198
power,c30_shift150,159,9120159,V5,1,1,1,0,"[[""a"", ""p""]]",0.434
power,c30_shift150,160,9120160,V6,1,1,1,0,"[[""a"", ""p""]]",0.201
power,c30_shift150,160,9120160,V5,1,1,1,0,"[[""a"", ""p""]]",0.448
power,c30_shift150,161,9120161,V6,1,1,1,0,"[[""a"", ""p""]]",0.201
power,c30_shift150,161,9120161,V5,1,1,1,0,"[[""a"", ""p""]]",0.406
power,c30_shift150,162,9120162,V6,1,1,1,0,"[[""a"", ""p""]]",0.24
power,c30_shift150,162,9120162,V5,1,1,1,0,"[[""a"", ""p""]]",0.449
power,c30_shift150,163,9120163,V6,0,0,0,0,[],0.296
power,c30_shift150,163,9120163,V5,1,1,1,0,"[[""a"", ""p""]]",0.438
power,c30_shift150,164,9120164,V6,1,1,1,0,"[[""a"", ""p""]]",0.216
power,c30_shift150,164,9120164,V5,1,1,1,0,"[[""a"", ""p""]]",0.414
power,c30_shift150,165,9120165,V6,1,1,1,0,"[[""a"", ""p""]]",0.238
power,c30_shift150,165,9120165,V5,1,1,1,0,"[[""a"", ""p""]]",0.439
power,c30_shift150,166,9120166,V6,1,1,1,0,"[[""a"", ""p""]]",0.192
power,c30_shift150,166,9120166,V5,1,1,1,0,"[[""a"", ""p""]]",0.435
power,c30_shift150,167,9120167,V6,1,1,1,0,"[[""a"", ""p""]]",0.247
power,c30_shift150,167,9120167,V5,1,1,1,0,"[[""a"", ""p""]]",0.441
power,c30_shift150,168,9120168,V6,1,1,1,0,"[[""a"", ""p""]]",0.197
power,c30_shift150,168,9120168,V5,1,1,1,0,"[[""a"", ""p""]]",0.454
power,c30_shift150,169,9120169,V6,0,0,0,0,[],0.251
power,c30_shift150,169,9120169,V5,0,0,0,0,[],0.388
power,c30_shift150,170,9120170,V6,1,1,1,0,"[[""a"", ""p""]]",0.25
power,c30_shift150,170,9120170,V5,1,1,1,0,"[[""a"", ""p""]]",0.413
power,c30_shift150,171,9120171,V6,1,1,1,0,"[[""a"", ""p""]]",0.256
power,c30_shift150,171,9120171,V5,1,1,1,0,"[[""a"", ""p""]]",0.404
power,c30_shift150,172,9120172,V6,1,1,1,0,"[[""a"", ""p""]]",0.19
power,c30_shift150,172,9120172,V5,1,2,1,1,"[[""x1""], [""a"", ""p""]]",0.426
power,c30_shift150,173,9120173,V6,0,0,0,0,[],0.173
power,c30_shift150,173,9120173,V5,1,1,1,0,"[[""a"", ""p""]]",0.367
power,c30_shift150,174,9120174,V6,1,1,1,0,"[[""a"", ""p""]]",0.236
power,c30_shift150,174,9120174,V5,1,1,1,0,"[[""a"", ""p""]]",0.445
power,c30_shift150,175,9120175,V6,0,0,0,0,[],0.188
power,c30_shift150,175,9120175,V5,1,1,1,0,"[[""a"", ""p""]]",0.411
power,c30_shift150,176,9120176,V6,0,0,0,0,[],0.21
power,c30_shift150,176,9120176,V5,1,1,1,0,"[[""a"", ""p""]]",0.49
power,c30_shift150,177,9120177,V6,1,2,1,1,"[[""a"", ""p""], [""z1""]]",0.188
power,c30_shift150,177,9120177,V5,1,2,1,1,"[[""a"", ""p""], [""z1""]]",0.402
power,c30_shift150,178,9120178,V6,1,1,1,0,"[[""a"", ""p""]]",0.218
power,c30_shift150,178,9120178,V5,1,1,1,0,"[[""a"", ""p""]]",0.384
power,c30_shift150,179,9120179,V6,0,0,0,0,[],0.2
power,c30_shift150,179,9120179,V5,1,1,1,0,"[[""a"", ""p""]]",0.358
power,c30_shift150,180,9120180,V6,0,0,0,0,[],0.202
power,c30_shift150,180,9120180,V5,1,1,1,0,"[[""a"", ""p""]]",0.38
power,c30_shift150,181,9120181,V6,0,0,0,0,[],0.2
power,c30_shift150,181,9120181,V5,1,1,1,0,"[[""a"", ""p""]]",0.4
power,c30_shift150,182,9120182,V6,1,1,1,0,"[[""a"", ""p""]]",0.246
power,c30_shift150,182,9120182,V5,0,0,0,0,[],0.387
power,c30_shift150,183,9120183,V6,1,1,1,0,"[[""a"", ""p""]]",0.311
power,c30_shift150,183,9120183,V5,1,1,1,0,"[[""a"", ""p""]]",0.413
power,c30_shift150,184,9120184,V6,1,1,1,0,"[[""a"", ""p""]]",0.261
power,c30_shift150,184,9120184,V5,1,1,1,0,"[[""a"", ""p""]]",0.381
power,c30_shift150,185,9120185,V6,1,1,1,0,"[[""a"", ""p""]]",0.269
power,c30_shift150,185,9120185,V5,1,1,1,0,"[[""a"", ""p""]]",0.403
power,c30_shift150,186,9120186,V6,1,1,1,0,"[[""a"", ""p""]]",0.253
power,c30_shift150,186,9120186,V5,1,1,1,0,"[[""a"", ""p""]]",0.445
power,c30_shift150,187,9120187,V6,1,1,1,0,"[[""a"", ""p""]]",0.237
power,c30_shift150,187,9120187,V5,1,1,1,0,"[[""a"", ""p""]]",0.415
power,c30_shift150,188,9120188,V6,0,0,0,0,[],0.281
power,c30_shift150,188,9120188,V5,1,1,1,0,"[[""a"", ""p""]]",0.401
power,c30_shift150,189,9120189,V6,1,1,1,0,"[[""a"", ""p""]]",0.211
power,c30_shift150,189,9120189,V5,1,1,1,0,"[[""a"", ""p""]]",0.427
power,c30_shift150,190,9120190,V6,1,1,1,0,"[[""a"", ""p""]]",0.22
power,c30_shift150,190,9120190,V5,1,1,1,0,"[[""a"", ""p""]]",0.432
power,c30_shift150,191,9120191,V6,1,1,1,0,"[[""a"", ""p""]]",0.231
power,c30_shift150,191,9120191,V5,1,1,1,0,"[[""a"", ""p""]]",0.457
power,c30_shift150,192,9120192,V6,1,1,1,0,"[[""a"", ""p""]]",0.257
power,c30_shift150,192,9120192,V5,1,1,1,0,"[[""a"", ""p""]]",0.532
power,c30_shift150,193,9120193,V6,1,1,1,0,"[[""a"", ""p""]]",0.214
power,c30_shift150,193,9120193,V5,1,1,1,0,"[[""a"", ""p""]]",0.515
power,c30_shift150,194,9120194,V6,1,1,1,0,"[[""a"", ""p""]]",0.196
power,c30_shift150,194,9120194,V5,1,1,1,0,"[[""a"", ""p""]]",0.484
power,c30_shift150,195,9120195,V6,0,0,0,0,[],0.227
power,c30_shift150,195,9120195,V5,1,1,1,0,"[[""a"", ""p""]]",0.462
power,c30_shift150,196,9120196,V6,1,1,1,0,"[[""a"", ""p""]]",0.204
power,c30_shift150,196,9120196,V5,1,1,1,0,"[[""a"", ""p""]]",0.421
power,c30_shift150,197,9120197,V6,0,0,0,0,[],0.28
power,c30_shift150,197,9120197,V5,0,0,0,0,[],0.393
power,c30_shift150,198,9120198,V6,0,0,0,0,[],0.262
power,c30_shift150,198,9120198,V5,1,2,1,1,"[[""x1""], [""a"", ""p""]]",0.41
power,c30_shift150,199,9120199,V6,0,0,0,0,[],0.283
power,c30_shift150,199,9120199,V5,1,1,1,0,"[[""a"", ""p""]]",0.407
power,c30_shift150,200,9120200,V6,1,1,1,0,"[[""a"", ""p""]]",0.357
power,c30_shift150,200,9120200,V5,1,1,1,0,"[[""a"", ""p""]]",0.412
power,c30_shift150,201,9120201,V6,1,1,1,0,"[[""a"", ""p""]]",0.241
power,c30_shift150,201,9120201,V5,1,1,1,0,"[[""a"", ""p""]]",0.414
power,c30_shift150,202,9120202,V6,1,1,1,0,"[[""a"", ""p""]]",0.239
power,c30_shift150,202,9120202,V5,1,1,1,0,"[[""a"", ""p""]]",0.48
power,c30_shift150,203,9120203,V6,1,1,1,0,"[[""a"", ""p""]]",0.242
power,c30_shift150,203,9120203,V5,1,1,1,0,"[[""a"", ""p""]]",0.448
power,c30_shift150,204,9120204,V6,0,0,0,0,[],0.199
power,c30_shift150,204,9120204,V5,1,1,1,0,"[[""a"", ""p""]]",0.406
power,c30_shift150,205,9120205,V6,1,1,1,0,"[[""a"", ""p""]]",0.221
power,c30_shift150,205,9120205,V5,1,1,1,0,"[[""a"", ""p""]]",0.417
power,c30_shift150,206,9120206,V6,1,1,1,0,"[[""a"", ""p""]]",0.239
power,c30_shift150,206,9120206,V5,1,1,1,0,"[[""a"", ""p""]]",0.429
power,c30_shift150,207,9120207,V6,1,1,1,0,"[[""a"", ""p""]]",0.216
power,c30_shift150,207,9120207,V5,1,1,1,0,"[[""a"", ""p""]]",0.382
power,c30_shift150,208,9120208,V6,1,1,1,0,"[[""a"", ""p""]]",0.223
power,c30_shift150,208,9120208,V5,1,1,1,0,"[[""a"", ""p""]]",0.411
power,c30_shift150,209,9120209,V6,1,1,1,0,"[[""a"", ""p""]]",0.214
power,c30_shift150,209,9120209,V5,1,1,1,0,"[[""a"", ""p""]]",0.373
power,c30_shift150,210,9120210,V6,1,1,1,0,"[[""a"", ""p""]]",0.197
power,c30_shift150,210,9120210,V5,1,1,1,0,"[[""a"", ""p""]]",0.374
power,c30_shift150,211,9120211,V6,0,0,0,0,[],0.176
power,c30_shift150,211,9120211,V5,1,1,1,0,"[[""a"", ""p""]]",0.384
power,c30_shift150,212,9120212,V6,1,1,1,0,"[[""a"", ""p""]]",0.192
power,c30_shift150,212,9120212,V5,1,1,1,0,"[[""a"", ""p""]]",0.435
power,c30_shift150,213,9120213,V6,1,1,1,0,"[[""a"", ""p""]]",0.201
power,c30_shift150,213,9120213,V5,1,1,1,0,"[[""a"", ""p""]]",0.447
power,c30_shift150,214,9120214,V6,1,1,1,0,"[[""a"", ""p""]]",0.197
power,c30_shift150,214,9120214,V5,1,1,1,0,"[[""a"", ""p""]]",0.412
power,c30_shift150,215,9120215,V6,1,1,1,0,"[[""a"", ""p""]]",0.247
power,c30_shift150,215,9120215,V5,1,1,1,0,"[[""a"", ""p""]]",0.454
power,c30_shift150,216,9120216,V6,1,1,1,0,"[[""a"", ""p""]]",0.252
power,c30_shift150,216,9120216,V5,1,1,1,0,"[[""a"", ""p""]]",0.498
power,c30_shift150,217,9120217,V6,1,1,1,0,"[[""a"", ""p""]]",0.196
power,c30_shift150,217,9120217,V5,1,1,1,0,"[[""a"", ""p""]]",0.462
power,c30_shift150,218,9120218,V6,1,1,1,0,"[[""a"", ""p""]]",0.254
power,c30_shift150,218,9120218,V5,1,1,1,0,"[[""a"", ""p""]]",0.499
power,c30_shift150,219,9120219,V6,1,1,1,0,"[[""a"", ""p""]]",0.281
power,c30_shift150,219,9120219,V5,1,1,1,0,"[[""a"", ""p""]]",0.511
power,c30_shift150,220,9120220,V6,1,1,1,0,"[[""a"", ""p""]]",0.237
power,c30_shift150,220,9120220,V5,1,1,1,0,"[[""a"", ""p""]]",0.48
power,c30_shift150,221,9120221,V6,1,1,1,0,"[[""a"", ""p""]]",0.199
power,c30_shift150,221,9120221,V5,1,1,1,0,"[[""a"", ""p""]]",0.499
power,c30_shift150,222,9120222,V6,1,1,1,0,"[[""a"", ""p""]]",0.259
power,c30_shift150,222,9120222,V5,1,1,1,0,"[[""a"", ""p""]]",0.441
power,c30_shift150,223,9120223,V6,0,0,0,0,[],0.223
power,c30_shift150,223,9120223,V5,0,0,0,0,[],0.454
power,c30_shift150,224,9120224,V6,1,1,1,0,"[[""a"", ""p""]]",0.239
power,c30_shift150,224,9120224,V5,1,1,1,0,"[[""a"", ""p""]]",0.386
power,c30_shift150,225,9120225,V6,1,1,1,0,"[[""a"", ""p""]]",0.2
power,c30_shift150,225,9120225,V5,1,1,1,0,"[[""a"", ""p""]]",0.397
power,c30_shift150,226,9120226,V6,1,1,1,0,"[[""a"", ""p""]]",0.227
power,c30_shift150,226,9120226,V5,1,1,1,0,"[[""a"", ""p""]]",0.378
power,c30_shift150,227,9120227,V6,1,1,1,0,"[[""a"", ""p""]]",0.221
power,c30_shift150,227,9120227,V5,1,1,1,0,"[[""a"", ""p""]]",0.378
power,c30_shift150,228,9120228,V6,1,1,1,0,"[[""a"", ""p""]]",0.241
power,c30_shift150,228,9120228,V5,1,1,1,0,"[[""a"", ""p""]]",0.339
power,c30_shift150,229,9120229,V6,1,1,1,0,"[[""a"", ""p""]]",0.196
power,c30_shift150,229,9120229,V5,1,1,1,0,"[[""a"", ""p""]]",0.416
power,c30_shift150,230,9120230,V6,1,1,1,0,"[[""a"", ""p""]]",0.257
power,c30_shift150,230,9120230,V5,1,1,1,0,"[[""a"", ""p""]]",0.396
power,c30_shift150,231,9120231,V6,0,0,0,0,[],0.226
power,c30_shift150,231,9120231,V5,1,1,1,0,"[[""a"", ""p""]]",0.381
power,c30_shift150,232,9120232,V6,1,1,1,0,"[[""a"", ""p""]]",0.191
power,c30_shift150,232,9120232,V5,1,1,1,0,"[[""a"", ""p""]]",0.373
power,c30_shift150,233,9120233,V6,1,1,1,0,"[[""a"", ""p""]]",0.196
power,c30_shift150,233,9120233,V5,1,1,1,0,"[[""a"", ""p""]]",0.42
power,c30_shift150,234,9120234,V6,0,0,0,0,[],0.178
power,c30_shift150,234,9120234,V5,1,1,1,0,"[[""a"", ""p""]]",0.37
power,c30_shift150,235,9120235,V6,0,0,0,0,[],0.182
power,c30_shift150,235,9120235,V5,0,0,0,0,[],0.348
power,c30_shift150,236,9120236,V6,1,1,1,0,"[[""a"", ""p""]]",0.174
power,c30_shift150,236,9120236,V5,1,1,1,0,"[[""a"", ""p""]]",0.406
power,c30_shift150,237,9120237,V6,1,1,1,0,"[[""a"", ""p""]]",0.201
power,c30_shift150,237,9120237,V5,1,1,1,0,"[[""a"", ""p""]]",0.392
power,c30_shift150,238,9120238,V6,1,1,1,0,"[[""a"", ""p""]]",0.179
power,c30_shift150,238,9120238,V5,1,1,1,0,"[[""a"", ""p""]]",0.382
power,c30_shift150,239,9120239,V6,0,0,0,0,[],0.198
power,c30_shift150,239,9120239,V5,1,1,1,0,"[[""a"", ""p""]]",0.414
power,c30_shift150,240,9120240,V6,1,1,1,0,"[[""a"", ""p""]]",0.175
power,c30_shift150,240,9120240,V5,1,1,1,0,"[[""a"", ""p""]]",0.415
power,c30_shift150,241,9120241,V6,1,1,1,0,"[[""a"", ""p""]]",0.225
power,c30_shift150,241,9120241,V5,1,1,1,0,"[[""a"", ""p""]]",0.432
power,c30_shift150,242,9120242,V6,1,1,1,0,"[[""a"", ""p""]]",0.214
power,c30_shift150,242,9120242,V5,1,1,1,0,"[[""a"", ""p""]]",0.393
power,c30_shift150,243,9120243,V6,1,1,1,0,"[[""a"", ""p""]]",0.21
power,c30_shift150,243,9120243,V5,1,1,1,0,"[[""a"", ""p""]]",0.387
power,c30_shift150,244,9120244,V6,1,1,1,0,"[[""a"", ""p""]]",0.202
power,c30_shift150,244,9120244,V5,1,1,1,0,"[[""a"", ""p""]]",0.362
power,c30_shift150,245,9120245,V6,1,1,1,0,"[[""a"", ""p""]]",0.186
power,c30_shift150,245,9120245,V5,1,1,1,0,"[[""a"", ""p""]]",0.375
power,c30_shift150,246,9120246,V6,0,0,0,0,[],0.233
power,c30_shift150,246,9120246,V5,0,0,0,0,[],0.376
power,c30_shift150,247,9120247,V6,1,1,1,0,"[[""a"", ""p""]]",0.239
power,c30_shift150,247,9120247,V5,1,1,1,0,"[[""a"", ""p""]]",0.409
power,c30_shift150,248,9120248,V6,1,1,1,0,"[[""a"", ""p""]]",0.194
power,c30_shift150,248,9120248,V5,1,1,1,0,"[[""a"", ""p""]]",0.338
power,c30_shift150,249,9120249,V6,1,1,1,0,"[[""a"", ""p""]]",0.199
power,c30_shift150,249,9120249,V5,1,1,1,0,"[[""a"", ""p""]]",0.381
power,c30_shift150,250,9120250,V6,1,1,1,0,"[[""a"", ""p""]]",0.196
power,c30_shift150,250,9120250,V5,1,1,1,0,"[[""a"", ""p""]]",0.389
power,c30_shift150,251,9120251,V6,1,1,1,0,"[[""a"", ""p""]]",0.196
power,c30_shift150,251,9120251,V5,1,1,1,0,"[[""a"", ""p""]]",0.401
power,c30_shift150,252,9120252,V6,1,1,1,0,"[[""a"", ""p""]]",0.25
power,c30_shift150,252,9120252,V5,1,1,1,0,"[[""a"", ""p""]]",0.359
power,c30_shift150,253,9120253,V6,1,1,1,0,"[[""a"", ""p""]]",0.23
power,c30_shift150,253,9120253,V5,1,1,1,0,"[[""a"", ""p""]]",0.432
power,c30_shift150,254,9120254,V6,0,0,0,0,[],0.197
power,c30_shift150,254,9120254,V5,1,1,1,0,"[[""a"", ""p""]]",0.351
power,c30_shift150,255,9120255,V6,1,1,1,0,"[[""a"", ""p""]]",0.229
power,c30_shift150,255,9120255,V5,1,1,1,0,"[[""a"", ""p""]]",0.325
power,c30_shift150,256,9120256,V6,0,0,0,0,[],0.215
power,c30_shift150,256,9120256,V5,1,1,1,0,"[[""a"", ""p""]]",0.342
power,c30_shift150,257,9120257,V6,1,1,1,0,"[[""a"", ""p""]]",0.231
power,c30_shift150,257,9120257,V5,1,1,1,0,"[[""a"", ""p""]]",0.407
power,c30_shift150,258,9120258,V6,1,1,1,0,"[[""a"", ""p""]]",0.214
power,c30_shift150,258,9120258,V5,1,1,1,0,"[[""a"", ""p""]]",0.396
power,c30_shift150,259,9120259,V6,1,1,1,0,"[[""a"", ""p""]]",0.201
power,c30_shift150,259,9120259,V5,1,1,1,0,"[[""a"", ""p""]]",0.323
power,c30_shift150,260,9120260,V6,1,1,1,0,"[[""a"", ""p""]]",0.181
power,c30_shift150,260,9120260,V5,1,1,1,0,"[[""a"", ""p""]]",0.312
power,c30_shift150,261,9120261,V6,1,1,1,0,"[[""a"", ""p""]]",0.24
power,c30_shift150,261,9120261,V5,1,1,1,0,"[[""a"", ""p""]]",0.358
power,c30_shift150,262,9120262,V6,1,1,1,0,"[[""a"", ""p""]]",0.169
power,c30_shift150,262,9120262,V5,1,1,1,0,"[[""a"", ""p""]]",0.313
power,c30_shift150,263,9120263,V6,1,1,1,0,"[[""a"", ""p""]]",0.209
power,c30_shift150,263,9120263,V5,1,1,1,0,"[[""a"", ""p""]]",0.383
power,c30_shift150,264,9120264,V6,1,1,1,0,"[[""a"", ""p""]]",0.204
power,c30_shift150,264,9120264,V5,1,1,1,0,"[[""a"", ""p""]]",0.36
power,c30_shift150,265,9120265,V6,1,1,1,0,"[[""a"", ""p""]]",0.167
power,c30_shift150,265,9120265,V5,1,1,1,0,"[[""a"", ""p""]]",0.354
power,c30_shift150,266,9120266,V6,1,1,1,0,"[[""a"", ""p""]]",0.182
power,c30_shift150,266,9120266,V5,1,1,1,0,"[[""a"", ""p""]]",0.359
power,c30_shift150,267,9120267,V6,1,1,1,0,"[[""a"", ""p""]]",0.168
power,c30_shift150,267,9120267,V5,1,1,1,0,"[[""a"", ""p""]]",0.352
power,c30_shift150,268,9120268,V6,1,1,1,0,"[[""a"", ""p""]]",0.188
power,c30_shift150,268,9120268,V5,1,1,1,0,"[[""a"", ""p""]]",0.346
power,c30_shift150,269,9120269,V6,1,1,1,0,"[[""a"", ""p""]]",0.156
power,c30_shift150,269,9120269,V5,1,1,1,0,"[[""a"", ""p""]]",0.339
power,c30_shift150,270,9120270,V6,0,0,0,0,[],0.192
power,c30_shift150,270,9120270,V5,1,1,1,0,"[[""a"", ""p""]]",0.376
power,c30_shift150,271,9120271,V6,1,1,1,0,"[[""a"", ""p""]]",0.188
power,c30_shift150,271,9120271,V5,1,1,1,0,"[[""a"", ""p""]]",0.378
power,c30_shift150,272,9120272,V6,1,1,1,0,"[[""a"", ""p""]]",0.221
power,c30_shift150,272,9120272,V5,1,1,1,0,"[[""a"", ""p""]]",0.376
power,c30_shift150,273,9120273,V6,1,1,1,0,"[[""a"", ""p""]]",0.162
power,c30_shift150,273,9120273,V5,1,1,1,0,"[[""a"", ""p""]]",0.316
power,c30_shift150,274,9120274,V6,1,1,1,0,"[[""a"", ""p""]]",0.176
power,c30_shift150,274,9120274,V5,1,1,1,0,"[[""a"", ""p""]]",0.393
power,c30_shift150,275,9120275,V6,1,1,1,0,"[[""a"", ""p""]]",0.178
power,c30_shift150,275,9120275,V5,1,1,1,0,"[[""a"", ""p""]]",0.388
power,c30_shift150,276,9120276,V6,0,0,0,0,[],0.182
power,c30_shift150,276,9120276,V5,1,1,1,0,"[[""a"", ""p""]]",0.354
power,c30_shift150,277,9120277,V6,0,0,0,0,[],0.204
power,c30_shift150,277,9120277,V5,1,1,1,0,"[[""a"", ""p""]]",0.414
power,c30_shift150,278,9120278,V6,1,1,1,0,"[[""a"", ""p""]]",0.186
power,c30_shift150,278,9120278,V5,1,1,1,0,"[[""a"", ""p""]]",0.343
power,c30_shift150,279,9120279,V6,1,1,1,0,"[[""a"", ""p""]]",0.169
power,c30_shift150,279,9120279,V5,1,1,1,0,"[[""a"", ""p""]]",0.371
power,c30_shift150,280,9120280,V6,1,1,1,0,"[[""a"", ""p""]]",0.197
power,c30_shift150,280,9120280,V5,1,1,1,0,"[[""a"", ""p""]]",0.352
power,c30_shift150,281,9120281,V6,1,1,1,0,"[[""a"", ""p""]]",0.213
power,c30_shift150,281,9120281,V5,1,1,1,0,"[[""a"", ""p""]]",0.4
power,c30_shift150,282,9120282,V6,1,1,1,0,"[[""a"", ""p""]]",0.19
power,c30_shift150,282,9120282,V5,1,1,1,0,"[[""a"", ""p""]]",0.44
power,c30_shift150,283,9120283,V6,1,1,1,0,"[[""a"", ""p""]]",0.256
power,c30_shift150,283,9120283,V5,1,1,1,0,"[[""a"", ""p""]]",0.408
power,c30_shift150,284,9120284,V6,1,1,1,0,"[[""a"", ""p""]]",0.194
power,c30_shift150,284,9120284,V5,1,1,1,0,"[[""a"", ""p""]]",0.37
power,c30_shift150,285,9120285,V6,1,1,1,0,"[[""a"", ""p""]]",0.197
power,c30_shift150,285,9120285,V5,1,1,1,0,"[[""a"", ""p""]]",0.367
power,c30_shift150,286,9120286,V6,1,1,1,0,"[[""a"", ""p""]]",0.18
power,c30_shift150,286,9120286,V5,1,1,1,0,"[[""a"", ""p""]]",0.372
power,c30_shift150,287,9120287,V6,1,1,1,0,"[[""a"", ""p""]]",0.175
power,c30_shift150,287,9120287,V5,1,1,1,0,"[[""a"", ""p""]]",0.338
power,c30_shift150,288,9120288,V6,1,1,1,0,"[[""a"", ""p""]]",0.183
power,c30_shift150,288,9120288,V5,1,1,1,0,"[[""a"", ""p""]]",0.444
power,c30_shift150,289,9120289,V6,1,1,1,0,"[[""a"", ""p""]]",0.214
power,c30_shift150,289,9120289,V5,1,1,1,0,"[[""a"", ""p""]]",0.356
power,c30_shift150,290,9120290,V6,1,1,1,0,"[[""a"", ""p""]]",0.185
power,c30_shift150,290,9120290,V5,1,1,1,0,"[[""a"", ""p""]]",0.353
power,c30_shift150,291,9120291,V6,1,1,1,0,"[[""a"", ""p""]]",0.195
power,c30_shift150,291,9120291,V5,1,1,1,0,"[[""a"", ""p""]]",0.423
power,c30_shift150,292,9120292,V6,0,0,0,0,[],0.231
power,c30_shift150,292,9120292,V5,1,1,1,0,"[[""a"", ""p""]]",0.424
power,c30_shift150,293,9120293,V6,1,1,1,0,"[[""a"", ""p""]]",0.203
power,c30_shift150,293,9120293,V5,1,1,1,0,"[[""a"", ""p""]]",0.364
power,c30_shift150,294,9120294,V6,0,0,0,0,[],0.187
power,c30_shift150,294,9120294,V5,1,1,1,0,"[[""a"", ""p""]]",0.395
power,c30_shift150,295,9120295,V6,1,1,1,0,"[[""a"", ""p""]]",0.163
power,c30_shift150,295,9120295,V5,1,1,1,0,"[[""a"", ""p""]]",0.379
power,c30_shift150,296,9120296,V6,0,0,0,0,[],0.214
power,c30_shift150,296,9120296,V5,1,1,1,0,"[[""a"", ""p""]]",0.44
power,c30_shift150,297,9120297,V6,1,1,1,0,"[[""a"", ""p""]]",0.187
power,c30_shift150,297,9120297,V5,1,1,1,0,"[[""a"", ""p""]]",0.396
power,c30_shift150,298,9120298,V6,1,1,1,0,"[[""a"", ""p""]]",0.223
power,c30_shift150,298,9120298,V5,1,1,1,0,"[[""a"", ""p""]]",0.373
power,c30_shift150,299,9120299,V6,1,1,1,0,"[[""a"", ""p""]]",0.197
power,c30_shift150,299,9120299,V5,1,1,1,0,"[[""a"", ""p""]]",0.353
power,c30_shift150,300,9120300,V6,1,1,1,0,"[[""a"", ""p""]]",0.227
power,c30_shift150,300,9120300,V5,1,1,1,0,"[[""a"", ""p""]]",0.392
power,c30_shift150,301,9120301,V6,1,1,1,0,"[[""a"", ""p""]]",0.209
power,c30_shift150,301,9120301,V5,1,1,1,0,"[[""a"", ""p""]]",0.399
power,c30_shift150,302,9120302,V6,1,1,1,0,"[[""a"", ""p""]]",0.232
power,c30_shift150,302,9120302,V5,1,1,1,0,"[[""a"", ""p""]]",0.503
power,c30_shift150,303,9120303,V6,1,1,1,0,"[[""a"", ""p""]]",0.244
power,c30_shift150,303,9120303,V5,1,1,1,0,"[[""a"", ""p""]]",0.474
power,c30_shift150,304,9120304,V6,1,1,1,0,"[[""a"", ""p""]]",0.226
power,c30_shift150,304,9120304,V5,1,1,1,0,"[[""a"", ""p""]]",0.486
power,c30_shift150,305,9120305,V6,1,1,1,0,"[[""a"", ""p""]]",0.208
power,c30_shift150,305,9120305,V5,1,1,1,0,"[[""a"", ""p""]]",0.472
power,c30_shift150,306,9120306,V6,0,0,0,0,[],0.223
power,c30_shift150,306,9120306,V5,1,1,1,0,"[[""a"", ""p""]]",0.486
power,c30_shift150,307,9120307,V6,1,1,1,0,"[[""a"", ""p""]]",0.217
power,c30_shift150,307,9120307,V5,1,1,1,0,"[[""a"", ""p""]]",0.456
power,c30_shift150,308,9120308,V6,1,1,1,0,"[[""a"", ""p""]]",0.201
power,c30_shift150,308,9120308,V5,1,1,1,0,"[[""a"", ""p""]]",0.448
power,c30_shift150,309,9120309,V6,1,1,1,0,"[[""a"", ""p""]]",0.205
power,c30_shift150,309,9120309,V5,1,1,1,0,"[[""a"", ""p""]]",0.485
power,c30_shift150,310,9120310,V6,1,1,1,0,"[[""a"", ""p""]]",0.223
power,c30_shift150,310,9120310,V5,1,1,1,0,"[[""a"", ""p""]]",0.464
power,c30_shift150,311,9120311,V6,1,1,1,0,"[[""a"", ""p""]]",0.229
power,c30_shift150,311,9120311,V5,1,1,1,0,"[[""a"", ""p""]]",0.446
power,c30_shift150,312,9120312,V6,1,1,1,0,"[[""a"", ""p""]]",0.216
power,c30_shift150,312,9120312,V5,1,1,1,0,"[[""a"", ""p""]]",0.442
power,c30_shift150,313,9120313,V6,1,1,1,0,"[[""a"", ""p""]]",0.207
power,c30_shift150,313,9120313,V5,1,1,1,0,"[[""a"", ""p""]]",0.442
power,c30_shift150,314,9120314,V6,1,1,1,0,"[[""a"", ""p""]]",0.243
power,c30_shift150,314,9120314,V5,1,1,1,0,"[[""a"", ""p""]]",0.45
power,c30_shift150,315,9120315,V6,1,1,1,0,"[[""a"", ""p""]]",0.199
power,c30_shift150,315,9120315,V5,1,1,1,0,"[[""a"", ""p""]]",0.415
power,c30_shift150,316,9120316,V6,1,1,1,0,"[[""a"", ""p""]]",0.238
power,c30_shift150,316,9120316,V5,1,1,1,0,"[[""a"", ""p""]]",0.422
power,c30_shift150,317,9120317,V6,1,1,1,0,"[[""a"", ""p""]]",0.243
power,c30_shift150,317,9120317,V5,1,1,1,0,"[[""a"", ""p""]]",0.422
power,c30_shift150,318,9120318,V6,1,1,1,0,"[[""a"", ""p""]]",0.253
power,c30_shift150,318,9120318,V5,1,1,1,0,"[[""a"", ""p""]]",0.468
power,c30_shift150,319,9120319,V6,1,1,0,1,"[[""x1""]]",0.208
power,c30_shift150,319,9120319,V5,1,2,1,1,"[[""x1""], [""a"", ""p""]]",0.4
power,c30_shift150,320,9120320,V6,1,1,1,0,"[[""a"", ""p""]]",0.24
power,c30_shift150,320,9120320,V5,1,1,1,0,"[[""a"", ""p""]]",0.435
power,c30_shift150,321,9120321,V6,1,1,1,0,"[[""a"", ""p""]]",0.246
power,c30_shift150,321,9120321,V5,1,1,1,0,"[[""a"", ""p""]]",0.415
power,c30_shift150,322,9120322,V6,1,1,1,0,"[[""a"", ""p""]]",0.261
power,c30_shift150,322,9120322,V5,1,2,1,1,"[[""x1""], [""a"", ""p""]]",0.413
power,c30_shift150,323,9120323,V6,1,1,1,0,"[[""a"", ""p""]]",0.254
power,c30_shift150,323,9120323,V5,1,1,1,0,"[[""a"", ""p""]]",0.467
power,c30_shift150,324,9120324,V6,1,1,1,0,"[[""a"", ""p""]]",0.244
power,c30_shift150,324,9120324,V5,1,1,1,0,"[[""a"", ""p""]]",0.39
power,c30_shift150,325,9120325,V6,1,1,1,0,"[[""a"", ""p""]]",0.201
power,c30_shift150,325,9120325,V5,1,1,1,0,"[[""a"", ""p""]]",0.409
power,c30_shift150,326,9120326,V6,0,0,0,0,[],0.221
power,c30_shift150,326,9120326,V5,0,0,0,0,[],0.385
power,c30_shift150,327,9120327,V6,0,0,0,0,[],0.206
power,c30_shift150,327,9120327,V5,1,1,1,0,"[[""a"", ""p""]]",0.391
power,c30_shift150,328,9120328,V6,1,1,1,0,"[[""a"", ""p""]]",0.25
power,c30_shift150,328,9120328,V5,1,1,1,0,"[[""a"", ""p""]]",0.364
power,c30_shift150,329,9120329,V6,1,2,1,1,"[[""a"", ""p""], [""z4""]]",0.262
power,c30_shift150,329,9120329,V5,1,1,1,0,"[[""a"", ""p""]]",0.426
power,c30_shift150,330,9120330,V6,1,1,1,0,"[[""a"", ""p""]]",0.215
power,c30_shift150,330,9120330,V5,1,1,1,0,"[[""a"", ""p""]]",0.399
power,c30_shift150,331,9120331,V6,1,1,1,0,"[[""a"", ""p""]]",0.227
power,c30_shift150,331,9120331,V5,1,1,1,0,"[[""a"", ""p""]]",0.365
power,c30_shift150,332,9120332,V6,1,1,1,0,"[[""a"", ""p""]]",0.188
power,c30_shift150,332,9120332,V5,1,1,1,0,"[[""a"", ""p""]]",0.38
power,c30_shift150,333,9120333,V6,0,0,0,0,[],0.181
power,c30_shift150,333,9120333,V5,0,0,0,0,[],0.393
power,c30_shift150,334,9120334,V6,1,1,1,0,"[[""a"", ""p""]]",0.193
power,c30_shift150,334,9120334,V5,1,1,1,0,"[[""a"", ""p""]]",0.414
power,c30_shift150,335,9120335,V6,0,0,0,0,[],0.175
power,c30_shift150,335,9120335,V5,1,1,1,0,"[[""a"", ""p""]]",0.395
power,c30_shift150,336,9120336,V6,1,1,1,0,"[[""a"", ""p""]]",0.201
power,c30_shift150,336,9120336,V5,1,1,1,0,"[[""a"", ""p""]]",0.4
power,c30_shift150,337,9120337,V6,0,0,0,0,[],0.249
power,c30_shift150,337,9120337,V5,1,1,1,0,"[[""a"", ""p""]]",0.411
power,c30_shift150,338,9120338,V6,1,1,1,0,"[[""a"", ""p""]]",0.243
power,c30_shift150,338,9120338,V5,1,1,1,0,"[[""a"", ""p""]]",0.477
power,c30_shift150,339,9120339,V6,0,0,0,0,[],0.246
power,c30_shift150,339,9120339,V5,1,1,1,0,"[[""a"", ""p""]]",0.409
power,c30_shift150,340,9120340,V6,0,0,0,0,[],0.202
power,c30_shift150,340,9120340,V5,0,0,0,0,[],0.386
power,c30_shift150,341,9120341,V6,1,1,1,0,"[[""a"", ""p""]]",0.198
power,c30_shift150,341,9120341,V5,1,1,1,0,"[[""a"", ""p""]]",0.4
power,c30_shift150,342,9120342,V6,0,0,0,0,[],0.183
power,c30_shift150,342,9120342,V5,1,1,1,0,"[[""a"", ""p""]]",0.387
power,c30_shift150,343,9120343,V6,1,1,1,0,"[[""a"", ""p""]]",0.2
power,c30_shift150,343,9120343,V5,1,1,1,0,"[[""a"", ""p""]]",0.442
power,c30_shift150,344,9120344,V6,1,1,1,0,"[[""a"", ""p""]]",0.177
power,c30_shift150,344,9120344,V5,1,1,1,0,"[[""a"", ""p""]]",0.436
power,c30_shift150,345,9120345,V6,1,1,1,0,"[[""a"", ""p""]]",0.17
power,c30_shift150,345,9120345,V5,1,1,1,0,"[[""a"", ""p""]]",0.432
power,c30_shift150,346,9120346,V6,1,1,1,0,"[[""a"", ""p""]]",0.235
power,c30_shift150,346,9120346,V5,1,1,1,0,"[[""a"", ""p""]]",0.451
power,c30_shift150,347,9120347,V6,1,1,1,0,"[[""a"", ""p""]]",0.246
power,c30_shift150,347,9120347,V5,1,1,1,0,"[[""a"", ""p""]]",0.442
power,c30_shift150,348,9120348,V6,1,1,1,0,"[[""a"", ""p""]]",0.222
power,c30_shift150,348,9120348,V5,1,1,1,0,"[[""a"", ""p""]]",0.417
power,c30_shift150,349,9120349,V6,1,1,1,0,"[[""a"", ""p""]]",0.252
power,c30_shift150,349,9120349,V5,1,1,1,0,"[[""a"", ""p""]]",0.411
power,c30_shift150,350,9120350,V6,0,0,0,0,[],0.188
power,c30_shift150,350,9120350,V5,1,1,1,0,"[[""a"", ""p""]]",0.399
power,c30_shift150,351,9120351,V6,1,1,1,0,"[[""a"", ""p""]]",0.207
power,c30_shift150,351,9120351,V5,1,1,1,0,"[[""a"", ""p""]]",0.399
power,c30_shift150,352,9120352,V6,0,0,0,0,[],0.228
power,c30_shift150,352,9120352,V5,0,0,0,0,[],0.395
power,c30_shift150,353,9120353,V6,1,1,1,0,"[[""a"", ""p""]]",0.231
power,c30_shift150,353,9120353,V5,1,1,1,0,"[[""a"", ""p""]]",0.371
power,c30_shift150,354,9120354,V6,1,1,1,0,"[[""a"", ""p""]]",0.251
power,c30_shift150,354,9120354,V5,1,1,1,0,"[[""a"", ""p""]]",0.388
power,c30_shift150,355,9120355,V6,1,1,1,0,"[[""a"", ""p""]]",0.221
power,c30_shift150,355,9120355,V5,1,1,1,0,"[[""a"", ""p""]]",0.35
power,c30_shift150,356,9120356,V6,1,1,1,0,"[[""a"", ""p""]]",0.19
power,c30_shift150,356,9120356,V5,0,0,0,0,[],0.349
power,c30_shift150,357,9120357,V6,1,1,1,0,"[[""a"", ""p""]]",0.197
power,c30_shift150,357,9120357,V5,1,1,1,0,"[[""a"", ""p""]]",0.335
power,c30_shift150,358,9120358,V6,1,1,1,0,"[[""a"", ""p""]]",0.235
power,c30_shift150,358,9120358,V5,1,1,1,0,"[[""a"", ""p""]]",0.385
power,c30_shift150,359,9120359,V6,1,1,1,0,"[[""a"", ""p""]]",0.195
power,c30_shift150,359,9120359,V5,1,1,1,0,"[[""a"", ""p""]]",0.366
power,c30_shift150,360,9120360,V6,1,1,1,0,"[[""a"", ""p""]]",0.173
power,c30_shift150,360,9120360,V5,1,1,1,0,"[[""a"", ""p""]]",0.316
power,c30_shift150,361,9120361,V6,1,1,1,0,"[[""a"", ""p""]]",0.216
power,c30_shift150,361,9120361,V5,1,1,1,0,"[[""a"", ""p""]]",0.345
power,c30_shift150,362,9120362,V6,1,1,1,0,"[[""a"", ""p""]]",0.196
power,c30_shift150,362,9120362,V5,1,1,1,0,"[[""a"", ""p""]]",0.362
power,c30_shift150,363,9120363,V6,1,1,1,0,"[[""a"", ""p""]]",0.155
power,c30_shift150,363,9120363,V5,1,1,1,0,"[[""a"", ""p""]]",0.34
power,c30_shift150,364,9120364,V6,1,1,1,0,"[[""a"", ""p""]]",0.169
power,c30_shift150,364,9120364,V5,1,1,1,0,"[[""a"", ""p""]]",0.382
power,c30_shift150,365,9120365,V6,1,1,1,0,"[[""a"", ""p""]]",0.184
power,c30_shift150,365,9120365,V5,1,1,1,0,"[[""a"", ""p""]]",0.361
power,c30_shift150,366,9120366,V6,1,1,1,0,"[[""a"", ""p""]]",0.167
power,c30_shift150,366,9120366,V5,1,1,1,0,"[[""a"", ""p""]]",0.348
power,c30_shift150,367,9120367,V6,1,1,1,0,"[[""a"", ""p""]]",0.19
power,c30_shift150,367,9120367,V5,1,1,1,0,"[[""a"", ""p""]]",0.422
power,c30_shift150,368,9120368,V6,1,1,1,0,"[[""a"", ""p""]]",0.184
power,c30_shift150,368,9120368,V5,0,0,0,0,[],0.387
power,c30_shift150,369,9120369,V6,1,1,1,0,"[[""a"", ""p""]]",0.191
power,c30_shift150,369,9120369,V5,1,1,1,0,"[[""a"", ""p""]]",0.356
power,c30_shift150,370,9120370,V6,1,1,1,0,"[[""a"", ""p""]]",0.212
power,c30_shift150,370,9120370,V5,1,1,1,0,"[[""a"", ""p""]]",0.398
power,c30_shift150,371,9120371,V6,0,0,0,0,[],0.213
power,c30_shift150,371,9120371,V5,0,0,0,0,[],0.396
power,c30_shift150,372,9120372,V6,1,1,1,0,"[[""a"", ""p""]]",0.182
power,c30_shift150,372,9120372,V5,1,1,1,0,"[[""a"", ""p""]]",0.384
power,c30_shift150,373,9120373,V6,1,2,1,1,"[[""a"", ""p""], [""x2""]]",0.205
power,c30_shift150,373,9120373,V5,1,2,1,1,"[[""a"", ""p""], [""x2""]]",0.348
power,c30_shift150,374,9120374,V6,1,1,1,0,"[[""a"", ""p""]]",0.203
power,c30_shift150,374,9120374,V5,1,1,1,0,"[[""a"", ""p""]]",0.419
power,c30_shift150,375,9120375,V6,1,1,1,0,"[[""a"", ""p""]]",0.171
power,c30_shift150,375,9120375,V5,1,2,1,1,"[[""x4""], [""a"", ""p""]]",0.398
power,c30_shift150,376,9120376,V6,1,1,1,0,"[[""a"", ""p""]]",0.222
power,c30_shift150,376,9120376,V5,1,1,1,0,"[[""a"", ""p""]]",0.345
power,c30_shift150,377,9120377,V6,1,1,1,0,"[[""a"", ""p""]]",0.189
power,c30_shift150,377,9120377,V5,1,1,1,0,"[[""a"", ""p""]]",0.34
power,c30_shift150,378,9120378,V6,1,1,1,0,"[[""a"", ""p""]]",0.237
power,c30_shift150,378,9120378,V5,1,1,1,0,"[[""a"", ""p""]]",0.4
power,c30_shift150,379,9120379,V6,1,1,1,0,"[[""a"", ""p""]]",0.189
power,c30_shift150,379,9120379,V5,1,1,1,0,"[[""a"", ""p""]]",0.427
power,c30_shift150,380,9120380,V6,1,1,1,0,"[[""a"", ""p""]]",0.213
power,c30_shift150,380,9120380,V5,1,1,1,0,"[[""a"", ""p""]]",0.38
power,c30_shift150,381,9120381,V6,1,1,1,0,"[[""a"", ""p""]]",0.226
power,c30_shift150,381,9120381,V5,1,1,1,0,"[[""a"", ""p""]]",0.353
power,c30_shift150,382,9120382,V6,1,1,1,0,"[[""a"", ""p""]]",0.204
power,c30_shift150,382,9120382,V5,1,1,1,0,"[[""a"", ""p""]]",0.362
power,c30_shift150,383,9120383,V6,1,1,1,0,"[[""a"", ""p""]]",0.21
power,c30_shift150,383,9120383,V5,1,1,1,0,"[[""a"", ""p""]]",0.374
power,c30_shift150,384,9120384,V6,1,2,1,1,"[[""a"", ""p""], [""z4""]]",0.205
power,c30_shift150,384,9120384,V5,1,1,1,0,"[[""a"", ""p""]]",0.348
power,c30_shift150,385,9120385,V6,1,1,1,0,"[[""a"", ""p""]]",0.173
power,c30_shift150,385,9120385,V5,1,1,1,0,"[[""a"", ""p""]]",0.33
power,c30_shift150,386,9120386,V6,1,1,1,0,"[[""a"", ""p""]]",0.145
power,c30_shift150,386,9120386,V5,1,1,1,0,"[[""a"", ""p""]]",0.323
power,c30_shift150,387,9120387,V6,1,1,1,0,"[[""a"", ""p""]]",0.167
power,c30_shift150,387,9120387,V5,1,1,1,0,"[[""a"", ""p""]]",0.327
power,c30_shift150,388,9120388,V6,1,1,1,0,"[[""a"", ""p""]]",0.163
power,c30_shift150,388,9120388,V5,1,1,1,0,"[[""a"", ""p""]]",0.349
power,c30_shift150,389,9120389,V6,1,1,1,0,"[[""a"", ""p""]]",0.178
power,c30_shift150,389,9120389,V5,1,1,1,0,"[[""a"", ""p""]]",0.344
power,c30_shift150,390,9120390,V6,1,1,1,0,"[[""a"", ""p""]]",0.203
power,c30_shift150,390,9120390,V5,1,1,1,0,"[[""a"", ""p""]]",0.371
power,c30_shift150,391,9120391,V6,1,1,1,0,"[[""a"", ""p""]]",0.207
power,c30_shift150,391,9120391,V5,1,2,1,1,"[[""x5""], [""a"", ""p""]]",0.387
power,c30_shift150,392,9120392,V6,0,0,0,0,[],0.196
power,c30_shift150,392,9120392,V5,1,1,1,0,"[[""a"", ""p""]]",0.412
power,c30_shift150,393,9120393,V6,1,1,1,0,"[[""a"", ""p""]]",0.197
power,c30_shift150,393,9120393,V5,1,1,1,0,"[[""a"", ""p""]]",0.413
power,c30_shift150,394,9120394,V6,1,1,1,0,"[[""a"", ""p""]]",0.205
power,c30_shift150,394,9120394,V5,1,1,1,0,"[[""a"", ""p""]]",0.396
power,c30_shift150,395,9120395,V6,1,1,1,0,"[[""a"", ""p""]]",0.227
power,c30_shift150,395,9120395,V5,1,1,1,0,"[[""a"", ""p""]]",0.439
power,c30_shift150,396,9120396,V6,1,1,1,0,"[[""a"", ""p""]]",0.182
power,c30_shift150,396,9120396,V5,1,1,1,0,"[[""a"", ""p""]]",0.406
power,c30_shift150,397,9120397,V6,1,1,1,0,"[[""a"", ""p""]]",0.188
power,c30_shift150,397,9120397,V5,1,1,1,0,"[[""a"", ""p""]]",0.48
power,c30_shift150,398,9120398,V6,1,1,1,0,"[[""a"", ""p""]]",0.179
power,c30_shift150,398,9120398,V5,1,1,1,0,"[[""a"", ""p""]]",0.437
power,c30_shift150,399,9120399,V6,1,1,1,0,"[[""a"", ""p""]]",0.221
power,c30_shift150,399,9120399,V5,1,1,1,0,"[[""a"", ""p""]]",0.452
power,c30_shift150,400,9120400,V6,0,0,0,0,[],0.239
power,c30_shift150,400,9120400,V5,0,0,0,0,[],0.437
power,c30_shift150,401,9120401,V6,1,1,1,0,"[[""a"", ""p""]]",0.207
power,c30_shift150,401,9120401,V5,1,1,1,0,"[[""a"", ""p""]]",0.508
power,c30_shift150,402,9120402,V6,1,1,1,0,"[[""a"", ""p""]]",0.232
power,c30_shift150,402,9120402,V5,1,1,1,0,"[[""a"", ""p""]]",0.496
power,c30_shift150,403,9120403,V6,1,1,1,0,"[[""a"", ""p""]]",0.233
power,c30_shift150,403,9120403,V5,1,1,1,0,"[[""a"", ""p""]]",0.489
power,c30_shift150,404,9120404,V6,1,1,1,0,"[[""a"", ""p""]]",0.23
power,c30_shift150,404,9120404,V5,1,1,1,0,"[[""a"", ""p""]]",0.434
power,c30_shift150,405,9120405,V6,1,1,1,0,"[[""a"", ""p""]]",0.246
power,c30_shift150,405,9120405,V5,1,2,1,1,"[[""a"", ""p""], [""x1""]]",0.505
power,c30_shift150,406,9120406,V6,1,1,1,0,"[[""a"", ""p""]]",0.19
power,c30_shift150,406,9120406,V5,1,1,1,0,"[[""a"", ""p""]]",0.52
power,c30_shift150,407,9120407,V6,0,0,0,0,[],0.271
power,c30_shift150,407,9120407,V5,0,0,0,0,[],0.484
power,c30_shift150,408,9120408,V6,1,1,1,0,"[[""a"", ""p""]]",0.231
power,c30_shift150,408,9120408,V5,1,1,1,0,"[[""a"", ""p""]]",0.469
power,c30_shift150,409,9120409,V6,1,1,1,0,"[[""a"", ""p""]]",0.271
power,c30_shift150,409,9120409,V5,1,1,1,0,"[[""a"", ""p""]]",0.5
power,c30_shift150,410,9120410,V6,1,1,1,0,"[[""a"", ""p""]]",0.29
power,c30_shift150,410,9120410,V5,1,1,1,0,"[[""a"", ""p""]]",0.464
power,c30_shift150,411,9120411,V6,1,1,1,0,"[[""a"", ""p""]]",0.232
power,c30_shift150,411,9120411,V5,1,1,1,0,"[[""a"", ""p""]]",0.489
power,c30_shift150,412,9120412,V6,1,1,1,0,"[[""a"", ""p""]]",0.198
power,c30_shift150,412,9120412,V5,1,1,1,0,"[[""a"", ""p""]]",0.488
power,c30_shift150,413,9120413,V6,1,1,1,0,"[[""a"", ""p""]]",0.25
power,c30_shift150,413,9120413,V5,1,1,1,0,"[[""a"", ""p""]]",0.476
power,c30_shift150,414,9120414,V6,1,1,1,0,"[[""a"", ""p""]]",0.258
power,c30_shift150,414,9120414,V5,1,1,1,0,"[[""a"", ""p""]]",0.425
power,c30_shift150,415,9120415,V6,1,2,1,1,"[[""a"", ""p""], [""z1""]]",0.236
power,c30_shift150,415,9120415,V5,1,1,1,0,"[[""a"", ""p""]]",0.469
power,c30_shift150,416,9120416,V6,1,1,1,0,"[[""a"", ""p""]]",0.264
power,c30_shift150,416,9120416,V5,1,1,1,0,"[[""a"", ""p""]]",0.478
power,c30_shift150,417,9120417,V6,1,1,1,0,"[[""a"", ""p""]]",0.241
power,c30_shift150,417,9120417,V5,1,1,1,0,"[[""a"", ""p""]]",0.448
power,c30_shift150,418,9120418,V6,1,1,1,0,"[[""a"", ""p""]]",0.254
power,c30_shift150,418,9120418,V5,1,1,1,0,"[[""a"", ""p""]]",0.491
power,c30_shift150,419,9120419,V6,0,0,0,0,[],0.317
power,c30_shift150,419,9120419,V5,0,0,0,0,[],0.414
power,c30_shift150,420,9120420,V6,1,1,1,0,"[[""a"", ""p""]]",0.213
power,c30_shift150,420,9120420,V5,1,1,1,0,"[[""a"", ""p""]]",0.421
power,c30_shift150,421,9120421,V6,1,1,1,0,"[[""a"", ""p""]]",0.216
power,c30_shift150,421,9120421,V5,1,1,1,0,"[[""a"", ""p""]]",0.398
power,c30_shift150,422,9120422,V6,0,0,0,0,[],0.237
power,c30_shift150,422,9120422,V5,0,0,0,0,[],0.346
power,c30_shift150,423,9120423,V6,0,0,0,0,[],0.235
power,c30_shift150,423,9120423,V5,1,1,1,0,"[[""a"", ""p""]]",0.43
power,c30_shift150,424,9120424,V6,0,0,0,0,[],0.214
power,c30_shift150,424,9120424,V5,1,1,1,0,"[[""a"", ""p""]]",0.342
power,c30_shift150,425,9120425,V6,0,0,0,0,[],0.193
power,c30_shift150,425,9120425,V5,0,0,0,0,[],0.369
power,c30_shift150,426,9120426,V6,1,1,1,0,"[[""a"", ""p""]]",0.242
power,c30_shift150,426,9120426,V5,1,1,1,0,"[[""a"", ""p""]]",0.441
power,c30_shift150,427,9120427,V6,1,1,1,0,"[[""a"", ""p""]]",0.219
power,c30_shift150,427,9120427,V5,1,1,1,0,"[[""a"", ""p""]]",0.43
power,c30_shift150,428,9120428,V6,1,1,1,0,"[[""a"", ""p""]]",0.217
power,c30_shift150,428,9120428,V5,1,1,1,0,"[[""a"", ""p""]]",0.385
power,c30_shift150,429,9120429,V6,0,0,0,0,[],0.2
power,c30_shift150,429,9120429,V5,1,1,1,0,"[[""a"", ""p""]]",0.391
power,c30_shift150,430,9120430,V6,1,1,1,0,"[[""a"", ""p""]]",0.19
power,c30_shift150,430,9120430,V5,1,1,1,0,"[[""a"", ""p""]]",0.438
power,c30_shift150,431,9120431,V6,1,1,1,0,"[[""a"", ""p""]]",0.183
power,c30_shift150,431,9120431,V5,1,1,1,0,"[[""a"", ""p""]]",0.388
power,c30_shift150,432,9120432,V6,1,1,1,0,"[[""a"", ""p""]]",0.176
power,c30_shift150,432,9120432,V5,1,1,1,0,"[[""a"", ""p""]]",0.393
power,c30_shift150,433,9120433,V6,0,0,0,0,[],0.196
power,c30_shift150,433,9120433,V5,1,1,1,0,"[[""a"", ""p""]]",0.385
power,c30_shift150,434,9120434,V6,1,1,1,0,"[[""a"", ""p""]]",0.222
power,c30_shift150,434,9120434,V5,1,1,1,0,"[[""a"", ""p""]]",0.389
power,c30_shift150,435,9120435,V6,0,0,0,0,[],0.201
power,c30_shift150,435,9120435,V5,0,0,0,0,[],0.391
power,c30_shift150,436,9120436,V6,1,1,1,0,"[[""a"", ""p""]]",0.254
power,c30_shift150,436,9120436,V5,1,1,1,0,"[[""a"", ""p""]]",0.407
power,c30_shift150,437,9120437,V6,1,1,1,0,"[[""a"", ""p""]]",0.256
power,c30_shift150,437,9120437,V5,1,1,1,0,"[[""a"", ""p""]]",0.397
power,c30_shift150,438,9120438,V6,0,0,0,0,[],0.206
power,c30_shift150,438,9120438,V5,0,0,0,0,[],0.373
power,c30_shift150,439,9120439,V6,1,1,1,0,"[[""a"", ""p""]]",0.222
power,c30_shift150,439,9120439,V5,1,1,1,0,"[[""a"", ""p""]]",0.411
power,c30_shift150,440,9120440,V6,0,0,0,0,[],0.203
power,c30_shift150,440,9120440,V5,1,1,1,0,"[[""a"", ""p""]]",0.404
power,c30_shift150,441,9120441,V6,1,2,1,1,"[[""a"", ""p""], [""x2""]]",0.189
power,c30_shift150,441,9120441,V5,1,1,1,0,"[[""a"", ""p""]]",0.365
power,c30_shift150,442,9120442,V6,1,1,1,0,"[[""a"", ""p""]]",0.199
power,c30_shift150,442,9120442,V5,1,1,1,0,"[[""a"", ""p""]]",0.426
power,c30_shift150,443,9120443,V6,1,1,1,0,"[[""a"", ""p""]]",0.195
power,c30_shift150,443,9120443,V5,1,1,1,0,"[[""a"", ""p""]]",0.37
power,c30_shift150,444,9120444,V6,1,1,1,0,"[[""a"", ""p""]]",0.189
power,c30_shift150,444,9120444,V5,1,1,1,0,"[[""a"", ""p""]]",0.371
power,c30_shift150,445,9120445,V6,0,0,0,0,[],0.19
power,c30_shift150,445,9120445,V5,1,1,1,0,"[[""a"", ""p""]]",0.351
power,c30_shift150,446,9120446,V6,1,1,1,0,"[[""a"", ""p""]]",0.21
power,c30_shift150,446,9120446,V5,1,1,1,0,"[[""a"", ""p""]]",0.41
power,c30_shift150,447,9120447,V6,0,0,0,0,[],0.176
power,c30_shift150,447,9120447,V5,1,1,1,0,"[[""a"", ""p""]]",0.359
power,c30_shift150,448,9120448,V6,1,1,1,0,"[[""a"", ""p""]]",0.189
power,c30_shift150,448,9120448,V5,1,1,1,0,"[[""a"", ""p""]]",0.386
power,c30_shift150,449,9120449,V6,1,1,1,0,"[[""a"", ""p""]]",0.198
power,c30_shift150,449,9120449,V5,1,1,1,0,"[[""a"", ""p""]]",0.361
power,c30_shift150,450,9120450,V6,1,1,1,0,"[[""a"", ""p""]]",0.203
power,c30_shift150,450,9120450,V5,1,1,1,0,"[[""a"", ""p""]]",0.404
power,c30_shift150,451,9120451,V6,1,1,1,0,"[[""a"", ""p""]]",0.204
power,c30_shift150,451,9120451,V5,1,1,1,0,"[[""a"", ""p""]]",0.472
power,c30_shift150,452,9120452,V6,1,2,1,1,"[[""a"", ""p""], [""z2""]]",0.171
power,c30_shift150,452,9120452,V5,1,2,1,1,"[[""a"", ""p""], [""z2""]]",0.416
power,c30_shift150,453,9120453,V6,1,1,1,0,"[[""a"", ""p""]]",0.232
power,c30_shift150,453,9120453,V5,1,1,1,0,"[[""a"", ""p""]]",0.397
power,c30_shift150,454,9120454,V6,1,1,1,0,"[[""a"", ""p""]]",0.236
power,c30_shift150,454,9120454,V5,1,1,1,0,"[[""a"", ""p""]]",0.38
power,c30_shift150,455,9120455,V6,1,1,1,0,"[[""a"", ""p""]]",0.258
power,c30_shift150,455,9120455,V5,1,2,1,1,"[[""x1""], [""a"", ""p""]]",0.415
power,c30_shift150,456,9120456,V6,1,1,1,0,"[[""a"", ""p""]]",0.209
power,c30_shift150,456,9120456,V5,1,1,1,0,"[[""a"", ""p""]]",0.361
power,c30_shift150,457,9120457,V6,1,1,1,0,"[[""a"", ""p""]]",0.185
power,c30_shift150,457,9120457,V5,1,1,1,0,"[[""a"", ""p""]]",0.35
power,c30_shift150,458,9120458,V6,1,1,1,0,"[[""a"", ""p""]]",0.187
power,c30_shift150,458,9120458,V5,1,1,1,0,"[[""a"", ""p""]]",0.348
power,c30_shift150,459,9120459,V6,1,1,1,0,"[[""a"", ""p""]]",0.16
power,c30_shift150,459,9120459,V5,1,1,1,0,"[[""a"", ""p""]]",0.367
power,c30_shift150,460,9120460,V6,1,1,1,0,"[[""a"", ""p""]]",0.23
power,c30_shift150,460,9120460,V5,1,1,1,0,"[[""a"", ""p""]]",0.376
power,c30_shift150,461,9120461,V6,1,2,1,1,"[[""a"", ""p""], [""x5""]]",0.203
power,c30_shift150,461,9120461,V5,1,1,1,0,"[[""a"", ""p""]]",0.351
power,c30_shift150,462,9120462,V6,0,0,0,0,[],0.206
power,c30_shift150,462,9120462,V5,1,1,1,0,"[[""a"", ""p""]]",0.317
power,c30_shift150,463,9120463,V6,1,1,1,0,"[[""a"", ""p""]]",0.165
power,c30_shift150,463,9120463,V5,1,1,1,0,"[[""a"", ""p""]]",0.369
power,c30_shift150,464,9120464,V6,0,0,0,0,[],0.226
power,c30_shift150,464,9120464,V5,0,0,0,0,[],0.363
power,c30_shift150,465,9120465,V6,1,1,1,0,"[[""a"", ""p""]]",0.177
power,c30_shift150,465,9120465,V5,1,1,1,0,"[[""a"", ""p""]]",0.329
power,c30_shift150,466,9120466,V6,1,1,1,0,"[[""a"", ""p""]]",0.175
power,c30_shift150,466,9120466,V5,1,1,1,0,"[[""a"", ""p""]]",0.327
power,c30_shift150,467,9120467,V6,1,1,1,0,"[[""a"", ""p""]]",0.181
power,c30_shift150,467,9120467,V5,1,1,1,0,"[[""a"", ""p""]]",0.388
power,c30_shift150,468,9120468,V6,1,2,1,1,"[[""a"", ""p""], [""x4""]]",0.182
power,c30_shift150,468,9120468,V5,1,2,1,1,"[[""a"", ""p""], [""x4""]]",0.388
power,c30_shift150,469,9120469,V6,1,1,1,0,"[[""a"", ""p""]]",0.179
power,c30_shift150,469,9120469,V5,1,1,1,0,"[[""a"", ""p""]]",0.339
power,c30_shift150,470,9120470,V6,1,1,1,0,"[[""a"", ""p""]]",0.154
power,c30_shift150,470,9120470,V5,1,1,1,0,"[[""a"", ""p""]]",0.363
power,c30_shift150,471,9120471,V6,1,1,1,0,"[[""a"", ""p""]]",0.194
power,c30_shift150,471,9120471,V5,1,1,1,0,"[[""a"", ""p""]]",0.344
power,c30_shift150,472,9120472,V6,1,1,1,0,"[[""a"", ""p""]]",0.17
power,c30_shift150,472,9120472,V5,1,1,1,0,"[[""a"", ""p""]]",0.343
power,c30_shift150,473,9120473,V6,1,1,1,0,"[[""a"", ""p""]]",0.192
power,c30_shift150,473,9120473,V5,1,1,1,0,"[[""a"", ""p""]]",0.33
power,c30_shift150,474,9120474,V6,1,1,1,0,"[[""a"", ""p""]]",0.201
power,c30_shift150,474,9120474,V5,1,1,1,0,"[[""a"", ""p""]]",0.338
power,c30_shift150,475,9120475,V6,1,1,1,0,"[[""a"", ""p""]]",0.178
power,c30_shift150,475,9120475,V5,1,1,1,0,"[[""a"", ""p""]]",0.377
power,c30_shift150,476,9120476,V6,1,1,1,0,"[[""a"", ""p""]]",0.174
power,c30_shift150,476,9120476,V5,1,1,1,0,"[[""a"", ""p""]]",0.384
power,c30_shift150,477,9120477,V6,1,1,1,0,"[[""a"", ""p""]]",0.184
power,c30_shift150,477,9120477,V5,1,1,1,0,"[[""a"", ""p""]]",0.441
power,c30_shift150,478,9120478,V6,1,1,1,0,"[[""a"", ""p""]]",0.165
power,c30_shift150,478,9120478,V5,1,1,1,0,"[[""a"", ""p""]]",0.373
power,c30_shift150,479,9120479,V6,1,1,1,0,"[[""a"", ""p""]]",0.198
power,c30_shift150,479,9120479,V5,1,1,1,0,"[[""a"", ""p""]]",0.346
power,c30_shift150,480,9120480,V6,1,1,1,0,"[[""a"", ""p""]]",0.192
power,c30_shift150,480,9120480,V5,1,1,1,0,"[[""a"", ""p""]]",0.382
power,c30_shift150,481,9120481,V6,1,1,1,0,"[[""a"", ""p""]]",0.231
power,c30_shift150,481,9120481,V5,1,1,1,0,"[[""a"", ""p""]]",0.437
power,c30_shift150,482,9120482,V6,1,1,1,0,"[[""a"", ""p""]]",0.185
power,c30_shift150,482,9120482,V5,1,1,1,0,"[[""a"", ""p""]]",0.379
power,c30_shift150,483,9120483,V6,1,1,1,0,"[[""a"", ""p""]]",0.223
power,c30_shift150,483,9120483,V5,1,1,1,0,"[[""a"", ""p""]]",0.394
power,c30_shift150,484,9120484,V6,1,1,1,0,"[[""a"", ""p""]]",0.195
power,c30_shift150,484,9120484,V5,1,2,1,1,"[[""a"", ""p""], [""x5""]]",0.397
power,c30_shift150,485,9120485,V6,1,1,1,0,"[[""a"", ""p""]]",0.2
power,c30_shift150,485,9120485,V5,1,1,1,0,"[[""a"", ""p""]]",0.438
power,c30_shift150,486,9120486,V6,1,1,1,0,"[[""a"", ""p""]]",0.211
power,c30_shift150,486,9120486,V5,1,1,1,0,"[[""a"", ""p""]]",0.38
power,c30_shift150,487,9120487,V6,1,1,1,0,"[[""a"", ""p""]]",0.161
power,c30_shift150,487,9120487,V5,1,1,1,0,"[[""a"", ""p""]]",0.375
power,c30_shift150,488,9120488,V6,1,1,1,0,"[[""a"", ""p""]]",0.206
power,c30_shift150,488,9120488,V5,1,1,1,0,"[[""a"", ""p""]]",0.364
power,c30_shift150,489,9120489,V6,1,1,1,0,"[[""a"", ""p""]]",0.215
power,c30_shift150,489,9120489,V5,1,1,1,0,"[[""a"", ""p""]]",0.374
power,c30_shift150,490,9120490,V6,1,1,1,0,"[[""a"", ""p""]]",0.175
power,c30_shift150,490,9120490,V5,1,1,1,0,"[[""a"", ""p""]]",0.413
power,c30_shift150,491,9120491,V6,1,1,1,0,"[[""a"", ""p""]]",0.209
power,c30_shift150,491,9120491,V5,1,1,1,0,"[[""a"", ""p""]]",0.416
power,c30_shift150,492,9120492,V6,1,1,1,0,"[[""a"", ""p""]]",0.182
power,c30_shift150,492,9120492,V5,1,1,1,0,"[[""a"", ""p""]]",0.397
power,c30_shift150,493,9120493,V6,1,1,1,0,"[[""a"", ""p""]]",0.193
power,c30_shift150,493,9120493,V5,1,1,1,0,"[[""a"", ""p""]]",0.396
power,c30_shift150,494,9120494,V6,1,1,0,1,"[[""x1""]]",0.253
power,c30_shift150,494,9120494,V5,0,0,0,0,[],0.455
power,c30_shift150,495,9120495,V6,1,1,1,0,"[[""a"", ""p""]]",0.2
power,c30_shift150,495,9120495,V5,1,1,1,0,"[[""a"", ""p""]]",0.367
power,c30_shift150,496,9120496,V6,1,1,1,0,"[[""a"", ""p""]]",0.241
power,c30_shift150,496,9120496,V5,1,1,1,0,"[[""a"", ""p""]]",0.394
power,c30_shift150,497,9120497,V6,0,0,0,0,[],0.231
power,c30_shift150,497,9120497,V5,0,0,0,0,[],0.356
power,c30_shift150,498,9120498,V6,1,1,1,0,"[[""a"", ""p""]]",0.225
power,c30_shift150,498,9120498,V5,1,1,1,0,"[[""a"", ""p""]]",0.419
power,c30_shift150,499,9120499,V6,1,1,1,0,"[[""a"", ""p""]]",0.237
power,c30_shift150,499,9120499,V5,1,1,1,0,"[[""a"", ""p""]]",0.464
power,c30_n10000,0,9130000,V6,1,1,1,0,"[[""a"", ""p""]]",0.306
power,c30_n10000,0,9130000,V5,1,1,1,0,"[[""a"", ""p""]]",0.555
power,c30_n10000,1,9130001,V6,1,1,1,0,"[[""a"", ""p""]]",0.251
power,c30_n10000,1,9130001,V5,1,1,1,0,"[[""a"", ""p""]]",0.573
power,c30_n10000,2,9130002,V6,1,2,1,1,"[[""a"", ""p""], [""x3""]]",0.269
power,c30_n10000,2,9130002,V5,1,2,1,1,"[[""a"", ""p""], [""x3""]]",0.51
power,c30_n10000,3,9130003,V6,1,2,1,1,"[[""a"", ""p""], [""x2""]]",0.252
power,c30_n10000,3,9130003,V5,1,2,1,1,"[[""a"", ""p""], [""x2""]]",0.553
power,c30_n10000,4,9130004,V6,1,1,1,0,"[[""a"", ""p""]]",0.258
power,c30_n10000,4,9130004,V5,1,1,1,0,"[[""a"", ""p""]]",0.574
power,c30_n10000,5,9130005,V6,1,1,1,0,"[[""a"", ""p""]]",0.304
power,c30_n10000,5,9130005,V5,1,1,1,0,"[[""a"", ""p""]]",0.654
power,c30_n10000,6,9130006,V6,1,1,1,0,"[[""a"", ""p""]]",0.26
power,c30_n10000,6,9130006,V5,1,1,1,0,"[[""a"", ""p""]]",0.558
power,c30_n10000,7,9130007,V6,1,1,1,0,"[[""a"", ""p""]]",0.26
power,c30_n10000,7,9130007,V5,1,1,1,0,"[[""a"", ""p""]]",0.55
power,c30_n10000,8,9130008,V6,1,2,1,1,"[[""a"", ""p""], [""x1""]]",0.266
power,c30_n10000,8,9130008,V5,1,2,1,1,"[[""a"", ""p""], [""x1""]]",0.57
power,c30_n10000,9,9130009,V6,1,1,1,0,"[[""a"", ""p""]]",0.338
power,c30_n10000,9,9130009,V5,1,1,1,0,"[[""a"", ""p""]]",0.654
power,c30_n10000,10,9130010,V6,1,1,1,0,"[[""a"", ""p""]]",0.313
power,c30_n10000,10,9130010,V5,1,1,1,0,"[[""a"", ""p""]]",0.541
power,c30_n10000,11,9130011,V6,1,1,1,0,"[[""a"", ""p""]]",0.275
power,c30_n10000,11,9130011,V5,1,1,1,0,"[[""a"", ""p""]]",0.574
power,c30_n10000,12,9130012,V6,1,1,1,0,"[[""a"", ""p""]]",0.289
power,c30_n10000,12,9130012,V5,1,1,1,0,"[[""a"", ""p""]]",0.563
power,c30_n10000,13,9130013,V6,1,1,1,0,"[[""a"", ""p""]]",0.277
power,c30_n10000,13,9130013,V5,1,1,1,0,"[[""a"", ""p""]]",0.593
power,c30_n10000,14,9130014,V6,1,1,1,0,"[[""a"", ""p""]]",0.275
power,c30_n10000,14,9130014,V5,1,1,1,0,"[[""a"", ""p""]]",0.654
power,c30_n10000,15,9130015,V6,1,1,1,0,"[[""a"", ""p""]]",0.264
power,c30_n10000,15,9130015,V5,1,1,1,0,"[[""a"", ""p""]]",0.643
power,c30_n10000,16,9130016,V6,1,1,1,0,"[[""a"", ""p""]]",0.257
power,c30_n10000,16,9130016,V5,1,1,1,0,"[[""a"", ""p""]]",0.535
power,c30_n10000,17,9130017,V6,1,1,1,0,"[[""a"", ""p""]]",0.284
power,c30_n10000,17,9130017,V5,1,1,1,0,"[[""a"", ""p""]]",0.559
power,c30_n10000,18,9130018,V6,1,1,1,0,"[[""a"", ""p""]]",0.275
power,c30_n10000,18,9130018,V5,1,1,1,0,"[[""a"", ""p""]]",0.61
power,c30_n10000,19,9130019,V6,1,1,1,0,"[[""a"", ""p""]]",0.301
power,c30_n10000,19,9130019,V5,1,1,1,0,"[[""a"", ""p""]]",0.665
power,c30_n10000,20,9130020,V6,1,2,1,1,"[[""a"", ""p""], [""x3""]]",0.286
power,c30_n10000,20,9130020,V5,1,2,1,1,"[[""a"", ""p""], [""x3""]]",0.555
power,c30_n10000,21,9130021,V6,1,1,1,0,"[[""a"", ""p""]]",0.338
power,c30_n10000,21,9130021,V5,1,1,1,0,"[[""a"", ""p""]]",0.544
power,c30_n10000,22,9130022,V6,1,1,1,0,"[[""a"", ""p""]]",0.302
power,c30_n10000,22,9130022,V5,1,1,1,0,"[[""a"", ""p""]]",0.541
power,c30_n10000,23,9130023,V6,1,1,1,0,"[[""a"", ""p""]]",0.335
power,c30_n10000,23,9130023,V5,1,1,1,0,"[[""a"", ""p""]]",0.528
power,c30_n10000,24,9130024,V6,1,1,1,0,"[[""a"", ""p""]]",0.292
power,c30_n10000,24,9130024,V5,1,1,1,0,"[[""a"", ""p""]]",0.583
power,c30_n10000,25,9130025,V6,1,1,1,0,"[[""a"", ""p""]]",0.328
power,c30_n10000,25,9130025,V5,1,1,1,0,"[[""a"", ""p""]]",0.59
power,c30_n10000,26,9130026,V6,1,1,1,0,"[[""a"", ""p""]]",0.271
power,c30_n10000,26,9130026,V5,1,1,1,0,"[[""a"", ""p""]]",0.496
power,c30_n10000,27,9130027,V6,1,1,1,0,"[[""a"", ""p""]]",0.242
power,c30_n10000,27,9130027,V5,1,1,1,0,"[[""a"", ""p""]]",0.525
power,c30_n10000,28,9130028,V6,1,1,1,0,"[[""a"", ""p""]]",0.237
power,c30_n10000,28,9130028,V5,1,1,1,0,"[[""a"", ""p""]]",0.518
power,c30_n10000,29,9130029,V6,1,1,1,0,"[[""a"", ""p""]]",0.31
power,c30_n10000,29,9130029,V5,1,1,1,0,"[[""a"", ""p""]]",0.566
power,c30_n10000,30,9130030,V6,1,1,1,0,"[[""a"", ""p""]]",0.252
power,c30_n10000,30,9130030,V5,1,1,1,0,"[[""a"", ""p""]]",0.596
power,c30_n10000,31,9130031,V6,1,1,1,0,"[[""a"", ""p""]]",0.247
power,c30_n10000,31,9130031,V5,1,1,1,0,"[[""a"", ""p""]]",0.523
power,c30_n10000,32,9130032,V6,1,1,1,0,"[[""a"", ""p""]]",0.257
power,c30_n10000,32,9130032,V5,1,1,1,0,"[[""a"", ""p""]]",0.486
power,c30_n10000,33,9130033,V6,1,1,1,0,"[[""a"", ""p""]]",0.248
power,c30_n10000,33,9130033,V5,1,1,1,0,"[[""a"", ""p""]]",0.531
power,c30_n10000,34,9130034,V6,1,1,1,0,"[[""a"", ""p""]]",0.284
power,c30_n10000,34,9130034,V5,1,1,1,0,"[[""a"", ""p""]]",0.599
power,c30_n10000,35,9130035,V6,1,1,1,0,"[[""a"", ""p""]]",0.282
power,c30_n10000,35,9130035,V5,1,1,1,0,"[[""a"", ""p""]]",0.498
power,c30_n10000,36,9130036,V6,1,1,1,0,"[[""a"", ""p""]]",0.226
power,c30_n10000,36,9130036,V5,1,1,1,0,"[[""a"", ""p""]]",0.554
power,c30_n10000,37,9130037,V6,1,1,1,0,"[[""a"", ""p""]]",0.266
power,c30_n10000,37,9130037,V5,1,1,1,0,"[[""a"", ""p""]]",0.551
power,c30_n10000,38,9130038,V6,1,1,1,0,"[[""a"", ""p""]]",0.228
power,c30_n10000,38,9130038,V5,1,1,1,0,"[[""a"", ""p""]]",0.501
power,c30_n10000,39,9130039,V6,1,1,1,0,"[[""a"", ""p""]]",0.24
power,c30_n10000,39,9130039,V5,1,1,1,0,"[[""a"", ""p""]]",0.536
power,c30_n10000,40,9130040,V6,1,1,1,0,"[[""a"", ""p""]]",0.308
power,c30_n10000,40,9130040,V5,1,1,1,0,"[[""a"", ""p""]]",0.553
power,c30_n10000,41,9130041,V6,1,1,1,0,"[[""a"", ""p""]]",0.243
power,c30_n10000,41,9130041,V5,1,1,1,0,"[[""a"", ""p""]]",0.504
power,c30_n10000,42,9130042,V6,1,1,1,0,"[[""a"", ""p""]]",0.237
power,c30_n10000,42,9130042,V5,1,1,1,0,"[[""a"", ""p""]]",0.597
power,c30_n10000,43,9130043,V6,1,1,1,0,"[[""a"", ""p""]]",0.267
power,c30_n10000,43,9130043,V5,1,1,1,0,"[[""a"", ""p""]]",0.566
power,c30_n10000,44,9130044,V6,1,1,1,0,"[[""a"", ""p""]]",0.246
power,c30_n10000,44,9130044,V5,1,1,1,0,"[[""a"", ""p""]]",0.607
power,c30_n10000,45,9130045,V6,1,1,1,0,"[[""a"", ""p""]]",0.264
power,c30_n10000,45,9130045,V5,1,1,1,0,"[[""a"", ""p""]]",0.508
power,c30_n10000,46,9130046,V6,1,1,1,0,"[[""a"", ""p""]]",0.248
power,c30_n10000,46,9130046,V5,1,1,1,0,"[[""a"", ""p""]]",0.553
power,c30_n10000,47,9130047,V6,1,1,1,0,"[[""a"", ""p""]]",0.275
power,c30_n10000,47,9130047,V5,1,1,1,0,"[[""a"", ""p""]]",0.539
power,c30_n10000,48,9130048,V6,1,1,1,0,"[[""a"", ""p""]]",0.236
power,c30_n10000,48,9130048,V5,1,1,1,0,"[[""a"", ""p""]]",0.551
power,c30_n10000,49,9130049,V6,1,1,1,0,"[[""a"", ""p""]]",0.256
power,c30_n10000,49,9130049,V5,1,1,1,0,"[[""a"", ""p""]]",0.557
power,c30_n10000,50,9130050,V6,1,1,1,0,"[[""a"", ""p""]]",0.241
power,c30_n10000,50,9130050,V5,1,1,1,0,"[[""a"", ""p""]]",0.577
power,c30_n10000,51,9130051,V6,1,1,1,0,"[[""a"", ""p""]]",0.311
power,c30_n10000,51,9130051,V5,1,1,1,0,"[[""a"", ""p""]]",0.568
power,c30_n10000,52,9130052,V6,1,1,1,0,"[[""a"", ""p""]]",0.292
power,c30_n10000,52,9130052,V5,1,1,1,0,"[[""a"", ""p""]]",0.567
power,c30_n10000,53,9130053,V6,1,1,1,0,"[[""a"", ""p""]]",0.271
power,c30_n10000,53,9130053,V5,1,1,1,0,"[[""a"", ""p""]]",0.538
power,c30_n10000,54,9130054,V6,1,1,1,0,"[[""a"", ""p""]]",0.253
power,c30_n10000,54,9130054,V5,1,1,1,0,"[[""a"", ""p""]]",0.561
power,c30_n10000,55,9130055,V6,1,1,1,0,"[[""a"", ""p""]]",0.272
power,c30_n10000,55,9130055,V5,1,1,1,0,"[[""a"", ""p""]]",0.588
power,c30_n10000,56,9130056,V6,1,1,1,0,"[[""a"", ""p""]]",0.306
power,c30_n10000,56,9130056,V5,1,1,1,0,"[[""a"", ""p""]]",0.542
power,c30_n10000,57,9130057,V6,1,1,1,0,"[[""a"", ""p""]]",0.226
power,c30_n10000,57,9130057,V5,1,1,1,0,"[[""a"", ""p""]]",0.617
power,c30_n10000,58,9130058,V6,1,1,1,0,"[[""a"", ""p""]]",0.218
power,c30_n10000,58,9130058,V5,1,2,1,1,"[[""a"", ""p""], [""z5""]]",0.546
power,c30_n10000,59,9130059,V6,1,1,1,0,"[[""a"", ""p""]]",0.267
power,c30_n10000,59,9130059,V5,1,1,1,0,"[[""a"", ""p""]]",0.531
power,c30_n10000,60,9130060,V6,1,1,1,0,"[[""a"", ""p""]]",0.229
power,c30_n10000,60,9130060,V5,1,1,1,0,"[[""a"", ""p""]]",0.524
power,c30_n10000,61,9130061,V6,1,1,1,0,"[[""a"", ""p""]]",0.277
power,c30_n10000,61,9130061,V5,1,1,1,0,"[[""a"", ""p""]]",0.597
power,c30_n10000,62,9130062,V6,1,1,1,0,"[[""a"", ""p""]]",0.247
power,c30_n10000,62,9130062,V5,1,1,1,0,"[[""a"", ""p""]]",0.55
power,c30_n10000,63,9130063,V6,1,1,1,0,"[[""a"", ""p""]]",0.26
power,c30_n10000,63,9130063,V5,1,1,1,0,"[[""a"", ""p""]]",0.522
power,c30_n10000,64,9130064,V6,1,1,1,0,"[[""a"", ""p""]]",0.299
power,c30_n10000,64,9130064,V5,1,1,1,0,"[[""a"", ""p""]]",0.583
power,c30_n10000,65,9130065,V6,1,1,1,0,"[[""a"", ""p""]]",0.272
power,c30_n10000,65,9130065,V5,1,1,1,0,"[[""a"", ""p""]]",0.562
power,c30_n10000,66,9130066,V6,1,1,1,0,"[[""a"", ""p""]]",0.266
power,c30_n10000,66,9130066,V5,1,1,1,0,"[[""a"", ""p""]]",0.493
power,c30_n10000,67,9130067,V6,1,1,1,0,"[[""a"", ""p""]]",0.274
power,c30_n10000,67,9130067,V5,1,1,1,0,"[[""a"", ""p""]]",0.527
power,c30_n10000,68,9130068,V6,1,1,1,0,"[[""a"", ""p""]]",0.264
power,c30_n10000,68,9130068,V5,1,1,1,0,"[[""a"", ""p""]]",0.499
power,c30_n10000,69,9130069,V6,1,1,1,0,"[[""a"", ""p""]]",0.267
power,c30_n10000,69,9130069,V5,1,1,1,0,"[[""a"", ""p""]]",0.538
power,c30_n10000,70,9130070,V6,1,1,1,0,"[[""a"", ""p""]]",0.279
power,c30_n10000,70,9130070,V5,1,1,1,0,"[[""a"", ""p""]]",0.563
power,c30_n10000,71,9130071,V6,1,1,1,0,"[[""a"", ""p""]]",0.204
power,c30_n10000,71,9130071,V5,1,1,1,0,"[[""a"", ""p""]]",0.581
power,c30_n10000,72,9130072,V6,1,1,1,0,"[[""a"", ""p""]]",0.243
power,c30_n10000,72,9130072,V5,1,1,1,0,"[[""a"", ""p""]]",0.516
power,c30_n10000,73,9130073,V6,1,1,1,0,"[[""a"", ""p""]]",0.245
power,c30_n10000,73,9130073,V5,1,1,1,0,"[[""a"", ""p""]]",0.572
power,c30_n10000,74,9130074,V6,1,1,1,0,"[[""a"", ""p""]]",0.285
power,c30_n10000,74,9130074,V5,1,1,1,0,"[[""a"", ""p""]]",0.609
power,c30_n10000,75,9130075,V6,1,2,1,1,"[[""a"", ""p""], [""z3""]]",0.305
power,c30_n10000,75,9130075,V5,1,1,1,0,"[[""a"", ""p""]]",0.62
power,c30_n10000,76,9130076,V6,1,1,1,0,"[[""a"", ""p""]]",0.294
power,c30_n10000,76,9130076,V5,1,1,1,0,"[[""a"", ""p""]]",0.583
power,c30_n10000,77,9130077,V6,1,1,1,0,"[[""a"", ""p""]]",0.233
power,c30_n10000,77,9130077,V5,1,1,1,0,"[[""a"", ""p""]]",0.573
power,c30_n10000,78,9130078,V6,1,1,1,0,"[[""a"", ""p""]]",0.233
power,c30_n10000,78,9130078,V5,1,1,1,0,"[[""a"", ""p""]]",0.605
power,c30_n10000,79,9130079,V6,1,1,1,0,"[[""a"", ""p""]]",0.297
power,c30_n10000,79,9130079,V5,1,1,1,0,"[[""a"", ""p""]]",0.599
power,c30_n10000,80,9130080,V6,1,1,1,0,"[[""a"", ""p""]]",0.292
power,c30_n10000,80,9130080,V5,1,1,1,0,"[[""a"", ""p""]]",0.564
power,c30_n10000,81,9130081,V6,1,1,1,0,"[[""a"", ""p""]]",0.293
power,c30_n10000,81,9130081,V5,1,1,1,0,"[[""a"", ""p""]]",0.659
power,c30_n10000,82,9130082,V6,1,1,1,0,"[[""a"", ""p""]]",0.33
power,c30_n10000,82,9130082,V5,1,1,1,0,"[[""a"", ""p""]]",0.571
power,c30_n10000,83,9130083,V6,1,1,1,0,"[[""a"", ""p""]]",0.297
power,c30_n10000,83,9130083,V5,1,1,1,0,"[[""a"", ""p""]]",0.556
power,c30_n10000,84,9130084,V6,1,1,1,0,"[[""a"", ""p""]]",0.251
power,c30_n10000,84,9130084,V5,1,1,1,0,"[[""a"", ""p""]]",0.548
power,c30_n10000,85,9130085,V6,1,1,1,0,"[[""a"", ""p""]]",0.277
power,c30_n10000,85,9130085,V5,1,1,1,0,"[[""a"", ""p""]]",0.626
power,c30_n10000,86,9130086,V6,1,1,1,0,"[[""a"", ""p""]]",0.294
power,c30_n10000,86,9130086,V5,1,1,1,0,"[[""a"", ""p""]]",0.662
power,c30_n10000,87,9130087,V6,1,1,1,0,"[[""a"", ""p""]]",0.291
power,c30_n10000,87,9130087,V5,1,1,1,0,"[[""a"", ""p""]]",0.625
power,c30_n10000,88,9130088,V6,1,1,1,0,"[[""a"", ""p""]]",0.255
power,c30_n10000,88,9130088,V5,1,1,1,0,"[[""a"", ""p""]]",0.656
power,c30_n10000,89,9130089,V6,1,1,1,0,"[[""a"", ""p""]]",0.282
power,c30_n10000,89,9130089,V5,1,1,1,0,"[[""a"", ""p""]]",0.735
power,c30_n10000,90,9130090,V6,1,1,1,0,"[[""a"", ""p""]]",0.266
power,c30_n10000,90,9130090,V5,1,1,1,0,"[[""a"", ""p""]]",0.673
power,c30_n10000,91,9130091,V6,1,1,1,0,"[[""a"", ""p""]]",0.269
power,c30_n10000,91,9130091,V5,1,1,1,0,"[[""a"", ""p""]]",0.66
power,c30_n10000,92,9130092,V6,1,1,1,0,"[[""a"", ""p""]]",0.251
power,c30_n10000,92,9130092,V5,1,1,1,0,"[[""a"", ""p""]]",0.662
power,c30_n10000,93,9130093,V6,1,1,1,0,"[[""a"", ""p""]]",0.264
power,c30_n10000,93,9130093,V5,1,1,1,0,"[[""a"", ""p""]]",0.639
power,c30_n10000,94,9130094,V6,1,1,1,0,"[[""a"", ""p""]]",0.3
power,c30_n10000,94,9130094,V5,1,1,1,0,"[[""a"", ""p""]]",0.631
power,c30_n10000,95,9130095,V6,1,1,1,0,"[[""a"", ""p""]]",0.344
power,c30_n10000,95,9130095,V5,1,1,1,0,"[[""a"", ""p""]]",0.628
power,c30_n10000,96,9130096,V6,1,1,1,0,"[[""a"", ""p""]]",0.309
power,c30_n10000,96,9130096,V5,1,1,1,0,"[[""a"", ""p""]]",0.543
power,c30_n10000,97,9130097,V6,1,1,1,0,"[[""a"", ""p""]]",0.349
power,c30_n10000,97,9130097,V5,1,1,1,0,"[[""a"", ""p""]]",0.554
power,c30_n10000,98,9130098,V6,1,1,1,0,"[[""a"", ""p""]]",0.386
power,c30_n10000,98,9130098,V5,1,1,1,0,"[[""a"", ""p""]]",0.564
power,c30_n10000,99,9130099,V6,1,1,1,0,"[[""a"", ""p""]]",0.242
power,c30_n10000,99,9130099,V5,1,1,1,0,"[[""a"", ""p""]]",0.513
power,c30_n10000,100,9130100,V6,1,1,1,0,"[[""a"", ""p""]]",0.299
power,c30_n10000,100,9130100,V5,1,1,1,0,"[[""a"", ""p""]]",0.553
power,c30_n10000,101,9130101,V6,1,1,1,0,"[[""a"", ""p""]]",0.3
power,c30_n10000,101,9130101,V5,1,1,1,0,"[[""a"", ""p""]]",0.512
power,c30_n10000,102,9130102,V6,1,1,1,0,"[[""a"", ""p""]]",0.255
power,c30_n10000,102,9130102,V5,1,1,1,0,"[[""a"", ""p""]]",0.528
power,c30_n10000,103,9130103,V6,1,1,1,0,"[[""a"", ""p""]]",0.233
power,c30_n10000,103,9130103,V5,1,1,1,0,"[[""a"", ""p""]]",0.473
power,c30_n10000,104,9130104,V6,1,1,1,0,"[[""a"", ""p""]]",0.257
power,c30_n10000,104,9130104,V5,1,1,1,0,"[[""a"", ""p""]]",0.607
power,c30_n10000,105,9130105,V6,1,1,1,0,"[[""a"", ""p""]]",0.269
power,c30_n10000,105,9130105,V5,1,1,1,0,"[[""a"", ""p""]]",0.511
power,c30_n10000,106,9130106,V6,1,1,1,0,"[[""a"", ""p""]]",0.249
power,c30_n10000,106,9130106,V5,1,1,1,0,"[[""a"", ""p""]]",0.572
power,c30_n10000,107,9130107,V6,1,1,1,0,"[[""a"", ""p""]]",0.24
power,c30_n10000,107,9130107,V5,1,1,1,0,"[[""a"", ""p""]]",0.531
power,c30_n10000,108,9130108,V6,1,1,1,0,"[[""a"", ""p""]]",0.265
power,c30_n10000,108,9130108,V5,1,1,1,0,"[[""a"", ""p""]]",0.61
power,c30_n10000,109,9130109,V6,1,1,1,0,"[[""a"", ""p""]]",0.26
power,c30_n10000,109,9130109,V5,1,1,1,0,"[[""a"", ""p""]]",0.495
power,c30_n10000,110,9130110,V6,1,2,1,1,"[[""a"", ""p""], [""x1""]]",0.232
power,c30_n10000,110,9130110,V5,1,1,1,0,"[[""a"", ""p""]]",0.593
power,c30_n10000,111,9130111,V6,1,1,1,0,"[[""a"", ""p""]]",0.225
power,c30_n10000,111,9130111,V5,1,1,1,0,"[[""a"", ""p""]]",0.534
power,c30_n10000,112,9130112,V6,1,1,1,0,"[[""a"", ""p""]]",0.248
power,c30_n10000,112,9130112,V5,1,1,1,0,"[[""a"", ""p""]]",0.569
power,c30_n10000,113,9130113,V6,1,1,1,0,"[[""a"", ""p""]]",0.288
power,c30_n10000,113,9130113,V5,1,2,1,1,"[[""a"", ""p""], [""x1""]]",0.558
power,c30_n10000,114,9130114,V6,1,1,1,0,"[[""a"", ""p""]]",0.26
power,c30_n10000,114,9130114,V5,1,1,1,0,"[[""a"", ""p""]]",0.627
power,c30_n10000,115,9130115,V6,1,1,1,0,"[[""a"", ""p""]]",0.263
power,c30_n10000,115,9130115,V5,1,1,1,0,"[[""a"", ""p""]]",0.685
power,c30_n10000,116,9130116,V6,1,1,1,0,"[[""a"", ""p""]]",0.255
power,c30_n10000,116,9130116,V5,1,1,1,0,"[[""a"", ""p""]]",0.701
power,c30_n10000,117,9130117,V6,1,1,1,0,"[[""a"", ""p""]]",0.303
power,c30_n10000,117,9130117,V5,1,1,1,0,"[[""a"", ""p""]]",0.763
power,c30_n10000,118,9130118,V6,1,1,1,0,"[[""a"", ""p""]]",0.293
power,c30_n10000,118,9130118,V5,1,1,1,0,"[[""a"", ""p""]]",0.704
power,c30_n10000,119,9130119,V6,1,1,1,0,"[[""a"", ""p""]]",0.345
power,c30_n10000,119,9130119,V5,1,1,1,0,"[[""a"", ""p""]]",0.65
power,c30_n10000,120,9130120,V6,1,1,1,0,"[[""a"", ""p""]]",0.375
power,c30_n10000,120,9130120,V5,1,1,1,0,"[[""a"", ""p""]]",0.631
power,c30_n10000,121,9130121,V6,1,1,1,0,"[[""a"", ""p""]]",0.319
power,c30_n10000,121,9130121,V5,1,1,1,0,"[[""a"", ""p""]]",0.642
power,c30_n10000,122,9130122,V6,1,1,1,0,"[[""a"", ""p""]]",0.337
power,c30_n10000,122,9130122,V5,1,1,1,0,"[[""a"", ""p""]]",0.567
power,c30_n10000,123,9130123,V6,1,1,1,0,"[[""a"", ""p""]]",0.37
power,c30_n10000,123,9130123,V5,1,1,1,0,"[[""a"", ""p""]]",0.623
power,c30_n10000,124,9130124,V6,1,1,1,0,"[[""a"", ""p""]]",0.306
power,c30_n10000,124,9130124,V5,1,1,1,0,"[[""a"", ""p""]]",0.563
power,c30_n10000,125,9130125,V6,1,1,1,0,"[[""a"", ""p""]]",0.309
power,c30_n10000,125,9130125,V5,1,1,1,0,"[[""a"", ""p""]]",0.643
power,c30_n10000,126,9130126,V6,1,1,1,0,"[[""a"", ""p""]]",0.312
power,c30_n10000,126,9130126,V5,1,1,1,0,"[[""a"", ""p""]]",0.618
power,c30_n10000,127,9130127,V6,1,2,1,1,"[[""a"", ""p""], [""z2""]]",0.313
power,c30_n10000,127,9130127,V5,1,1,1,0,"[[""a"", ""p""]]",0.625
power,c30_n10000,128,9130128,V6,1,1,1,0,"[[""a"", ""p""]]",0.279
power,c30_n10000,128,9130128,V5,1,1,1,0,"[[""a"", ""p""]]",0.624
power,c30_n10000,129,9130129,V6,1,1,1,0,"[[""a"", ""p""]]",0.316
power,c30_n10000,129,9130129,V5,1,1,1,0,"[[""a"", ""p""]]",0.544
power,c30_n10000,130,9130130,V6,1,1,1,0,"[[""a"", ""p""]]",0.305
power,c30_n10000,130,9130130,V5,1,1,1,0,"[[""a"", ""p""]]",0.593
power,c30_n10000,131,9130131,V6,1,1,1,0,"[[""a"", ""p""]]",0.237
power,c30_n10000,131,9130131,V5,1,1,1,0,"[[""a"", ""p""]]",0.55
power,c30_n10000,132,9130132,V6,1,1,1,0,"[[""a"", ""p""]]",0.289
power,c30_n10000,132,9130132,V5,1,1,1,0,"[[""a"", ""p""]]",0.601
power,c30_n10000,133,9130133,V6,1,1,1,0,"[[""a"", ""p""]]",0.255
power,c30_n10000,133,9130133,V5,1,1,1,0,"[[""a"", ""p""]]",0.602
power,c30_n10000,134,9130134,V6,1,1,1,0,"[[""a"", ""p""]]",0.266
power,c30_n10000,134,9130134,V5,1,2,1,1,"[[""a"", ""p""], [""x4""]]",0.649
power,c30_n10000,135,9130135,V6,1,1,1,0,"[[""a"", ""p""]]",0.241
power,c30_n10000,135,9130135,V5,1,1,1,0,"[[""a"", ""p""]]",0.625
power,c30_n10000,136,9130136,V6,1,2,1,1,"[[""a"", ""p""], [""x2""]]",0.275
power,c30_n10000,136,9130136,V5,1,1,1,0,"[[""a"", ""p""]]",0.53
power,c30_n10000,137,9130137,V6,1,1,1,0,"[[""a"", ""p""]]",0.235
power,c30_n10000,137,9130137,V5,1,1,1,0,"[[""a"", ""p""]]",0.642
power,c30_n10000,138,9130138,V6,1,1,1,0,"[[""a"", ""p""]]",0.308
power,c30_n10000,138,9130138,V5,1,1,1,0,"[[""a"", ""p""]]",0.643
power,c30_n10000,139,9130139,V6,1,1,1,0,"[[""a"", ""p""]]",0.245
power,c30_n10000,139,9130139,V5,1,1,1,0,"[[""a"", ""p""]]",0.67
power,c30_n10000,140,9130140,V6,1,1,1,0,"[[""a"", ""p""]]",0.272
power,c30_n10000,140,9130140,V5,1,1,1,0,"[[""a"", ""p""]]",0.64
power,c30_n10000,141,9130141,V6,1,1,1,0,"[[""a"", ""p""]]",0.263
power,c30_n10000,141,9130141,V5,1,1,1,0,"[[""a"", ""p""]]",0.597
power,c30_n10000,142,9130142,V6,1,1,1,0,"[[""a"", ""p""]]",0.309
power,c30_n10000,142,9130142,V5,1,1,1,0,"[[""a"", ""p""]]",0.681
power,c30_n10000,143,9130143,V6,1,1,1,0,"[[""a"", ""p""]]",0.305
power,c30_n10000,143,9130143,V5,1,1,1,0,"[[""a"", ""p""]]",0.614
power,c30_n10000,144,9130144,V6,1,2,1,1,"[[""a"", ""p""], [""z5""]]",0.349
power,c30_n10000,144,9130144,V5,1,1,1,0,"[[""a"", ""p""]]",0.568
power,c30_n10000,145,9130145,V6,1,1,1,0,"[[""a"", ""p""]]",0.339
power,c30_n10000,145,9130145,V5,1,1,1,0,"[[""a"", ""p""]]",0.583
power,c30_n10000,146,9130146,V6,1,1,1,0,"[[""a"", ""p""]]",0.303
power,c30_n10000,146,9130146,V5,1,1,1,0,"[[""a"", ""p""]]",0.628
power,c30_n10000,147,9130147,V6,1,1,1,0,"[[""a"", ""p""]]",0.288
power,c30_n10000,147,9130147,V5,1,1,1,0,"[[""a"", ""p""]]",0.632
power,c30_n10000,148,9130148,V6,1,1,1,0,"[[""a"", ""p""]]",0.326
power,c30_n10000,148,9130148,V5,1,1,1,0,"[[""a"", ""p""]]",0.639
power,c30_n10000,149,9130149,V6,1,1,1,0,"[[""a"", ""p""]]",0.273
power,c30_n10000,149,9130149,V5,1,1,1,0,"[[""a"", ""p""]]",0.565
power,c30_n10000,150,9130150,V6,1,1,1,0,"[[""a"", ""p""]]",0.304
power,c30_n10000,150,9130150,V5,1,1,1,0,"[[""a"", ""p""]]",0.632
power,c30_n10000,151,9130151,V6,1,1,1,0,"[[""a"", ""p""]]",0.315
power,c30_n10000,151,9130151,V5,1,1,1,0,"[[""a"", ""p""]]",0.611
power,c30_n10000,152,9130152,V6,1,1,1,0,"[[""a"", ""p""]]",0.33
power,c30_n10000,152,9130152,V5,1,1,1,0,"[[""a"", ""p""]]",0.554
power,c30_n10000,153,9130153,V6,1,1,1,0,"[[""a"", ""p""]]",0.329
power,c30_n10000,153,9130153,V5,1,1,1,0,"[[""a"", ""p""]]",0.655
power,c30_n10000,154,9130154,V6,1,1,1,0,"[[""a"", ""p""]]",0.289
power,c30_n10000,154,9130154,V5,1,1,1,0,"[[""a"", ""p""]]",0.757
power,c30_n10000,155,9130155,V6,1,1,1,0,"[[""a"", ""p""]]",0.322
power,c30_n10000,155,9130155,V5,1,1,1,0,"[[""a"", ""p""]]",0.668
power,c30_n10000,156,9130156,V6,1,1,1,0,"[[""a"", ""p""]]",0.305
power,c30_n10000,156,9130156,V5,1,1,1,0,"[[""a"", ""p""]]",0.774
power,c30_n10000,157,9130157,V6,1,1,1,0,"[[""a"", ""p""]]",0.23
power,c30_n10000,157,9130157,V5,1,1,1,0,"[[""a"", ""p""]]",0.67
power,c30_n10000,158,9130158,V6,1,1,1,0,"[[""a"", ""p""]]",0.264
power,c30_n10000,158,9130158,V5,1,1,1,0,"[[""a"", ""p""]]",0.705
power,c30_n10000,159,9130159,V6,1,1,1,0,"[[""a"", ""p""]]",0.411
power,c30_n10000,159,9130159,V5,1,1,1,0,"[[""a"", ""p""]]",0.716
power,c30_n10000,160,9130160,V6,1,1,1,0,"[[""a"", ""p""]]",0.325
power,c30_n10000,160,9130160,V5,1,1,1,0,"[[""a"", ""p""]]",0.703
power,c30_n10000,161,9130161,V6,1,1,1,0,"[[""a"", ""p""]]",0.35
power,c30_n10000,161,9130161,V5,1,1,1,0,"[[""a"", ""p""]]",0.867
power,c30_n10000,162,9130162,V6,1,1,1,0,"[[""a"", ""p""]]",0.401
power,c30_n10000,162,9130162,V5,1,1,1,0,"[[""a"", ""p""]]",0.722
power,c30_n10000,163,9130163,V6,1,1,1,0,"[[""a"", ""p""]]",0.383
power,c30_n10000,163,9130163,V5,1,1,1,0,"[[""a"", ""p""]]",0.857
power,c30_n10000,164,9130164,V6,1,1,1,0,"[[""a"", ""p""]]",0.334
power,c30_n10000,164,9130164,V5,1,1,1,0,"[[""a"", ""p""]]",0.876
power,c30_n10000,165,9130165,V6,1,1,1,0,"[[""a"", ""p""]]",0.251
power,c30_n10000,165,9130165,V5,1,1,1,0,"[[""a"", ""p""]]",0.736
power,c30_n10000,166,9130166,V6,1,1,1,0,"[[""a"", ""p""]]",0.356
power,c30_n10000,166,9130166,V5,1,1,1,0,"[[""a"", ""p""]]",0.688
power,c30_n10000,167,9130167,V6,1,1,1,0,"[[""a"", ""p""]]",0.33
power,c30_n10000,167,9130167,V5,1,1,1,0,"[[""a"", ""p""]]",0.712
power,c30_n10000,168,9130168,V6,1,1,1,0,"[[""a"", ""p""]]",0.427
power,c30_n10000,168,9130168,V5,1,1,1,0,"[[""a"", ""p""]]",0.615
power,c30_n10000,169,9130169,V6,1,1,1,0,"[[""a"", ""p""]]",0.396
power,c30_n10000,169,9130169,V5,1,1,1,0,"[[""a"", ""p""]]",0.573
power,c30_n10000,170,9130170,V6,1,1,1,0,"[[""a"", ""p""]]",0.373
power,c30_n10000,170,9130170,V5,1,1,1,0,"[[""a"", ""p""]]",0.604
power,c30_n10000,171,9130171,V6,1,1,1,0,"[[""a"", ""p""]]",0.333
power,c30_n10000,171,9130171,V5,1,1,1,0,"[[""a"", ""p""]]",0.553
power,c30_n10000,172,9130172,V6,1,1,1,0,"[[""a"", ""p""]]",0.312
power,c30_n10000,172,9130172,V5,1,1,1,0,"[[""a"", ""p""]]",0.532
power,c30_n10000,173,9130173,V6,1,1,1,0,"[[""a"", ""p""]]",0.238
power,c30_n10000,173,9130173,V5,1,1,1,0,"[[""a"", ""p""]]",0.522
power,c30_n10000,174,9130174,V6,1,1,1,0,"[[""a"", ""p""]]",0.263
power,c30_n10000,174,9130174,V5,1,1,1,0,"[[""a"", ""p""]]",0.541
power,c30_n10000,175,9130175,V6,1,1,1,0,"[[""a"", ""p""]]",0.282
power,c30_n10000,175,9130175,V5,1,1,1,0,"[[""a"", ""p""]]",0.534
power,c30_n10000,176,9130176,V6,1,1,1,0,"[[""a"", ""p""]]",0.27
power,c30_n10000,176,9130176,V5,1,1,1,0,"[[""a"", ""p""]]",0.534
power,c30_n10000,177,9130177,V6,1,1,1,0,"[[""a"", ""p""]]",0.256
power,c30_n10000,177,9130177,V5,1,1,1,0,"[[""a"", ""p""]]",0.52
power,c30_n10000,178,9130178,V6,1,1,1,0,"[[""a"", ""p""]]",0.282
power,c30_n10000,178,9130178,V5,1,1,1,0,"[[""a"", ""p""]]",0.567
power,c30_n10000,179,9130179,V6,1,1,1,0,"[[""a"", ""p""]]",0.232
power,c30_n10000,179,9130179,V5,1,1,1,0,"[[""a"", ""p""]]",0.509
power,c30_n10000,180,9130180,V6,1,1,1,0,"[[""a"", ""p""]]",0.286
power,c30_n10000,180,9130180,V5,1,1,1,0,"[[""a"", ""p""]]",0.525
power,c30_n10000,181,9130181,V6,1,1,1,0,"[[""a"", ""p""]]",0.264
power,c30_n10000,181,9130181,V5,1,1,1,0,"[[""a"", ""p""]]",0.588
power,c30_n10000,182,9130182,V6,1,1,1,0,"[[""a"", ""p""]]",0.233
power,c30_n10000,182,9130182,V5,1,1,1,0,"[[""a"", ""p""]]",0.58
power,c30_n10000,183,9130183,V6,1,1,1,0,"[[""a"", ""p""]]",0.241
power,c30_n10000,183,9130183,V5,1,1,1,0,"[[""a"", ""p""]]",0.56
power,c30_n10000,184,9130184,V6,1,1,1,0,"[[""a"", ""p""]]",0.246
power,c30_n10000,184,9130184,V5,1,1,1,0,"[[""a"", ""p""]]",0.616
power,c30_n10000,185,9130185,V6,1,1,1,0,"[[""a"", ""p""]]",0.245
power,c30_n10000,185,9130185,V5,1,1,1,0,"[[""a"", ""p""]]",0.586
power,c30_n10000,186,9130186,V6,1,1,1,0,"[[""a"", ""p""]]",0.325
power,c30_n10000,186,9130186,V5,1,1,1,0,"[[""a"", ""p""]]",0.64
power,c30_n10000,187,9130187,V6,1,1,1,0,"[[""a"", ""p""]]",0.308
power,c30_n10000,187,9130187,V5,1,1,1,0,"[[""a"", ""p""]]",0.653
power,c30_n10000,188,9130188,V6,1,1,1,0,"[[""a"", ""p""]]",0.278
power,c30_n10000,188,9130188,V5,1,1,1,0,"[[""a"", ""p""]]",0.593
power,c30_n10000,189,9130189,V6,1,1,1,0,"[[""a"", ""p""]]",0.279
power,c30_n10000,189,9130189,V5,1,1,1,0,"[[""a"", ""p""]]",0.63
power,c30_n10000,190,9130190,V6,1,1,1,0,"[[""a"", ""p""]]",0.3
power,c30_n10000,190,9130190,V5,1,1,1,0,"[[""a"", ""p""]]",0.561
power,c30_n10000,191,9130191,V6,1,2,1,1,"[[""a"", ""p""], [""x2""]]",0.295
power,c30_n10000,191,9130191,V5,1,2,1,1,"[[""a"", ""p""], [""x2""]]",0.621
power,c30_n10000,192,9130192,V6,1,2,1,1,"[[""a"", ""p""], [""x2""]]",0.29
power,c30_n10000,192,9130192,V5,1,2,1,1,"[[""a"", ""p""], [""x2""]]",0.606
power,c30_n10000,193,9130193,V6,1,1,1,0,"[[""a"", ""p""]]",0.287
power,c30_n10000,193,9130193,V5,1,1,1,0,"[[""a"", ""p""]]",0.616
power,c30_n10000,194,9130194,V6,1,2,1,1,"[[""a"", ""p""], [""x4""]]",0.275
power,c30_n10000,194,9130194,V5,1,2,1,1,"[[""a"", ""p""], [""x4""]]",0.603
power,c30_n10000,195,9130195,V6,1,1,1,0,"[[""a"", ""p""]]",0.319
power,c30_n10000,195,9130195,V5,1,1,1,0,"[[""a"", ""p""]]",0.581
power,c30_n10000,196,9130196,V6,1,1,1,0,"[[""a"", ""p""]]",0.334
power,c30_n10000,196,9130196,V5,1,1,1,0,"[[""a"", ""p""]]",0.606
power,c30_n10000,197,9130197,V6,1,1,1,0,"[[""a"", ""p""]]",0.342
power,c30_n10000,197,9130197,V5,1,1,1,0,"[[""a"", ""p""]]",0.621
power,c30_n10000,198,9130198,V6,1,1,1,0,"[[""a"", ""p""]]",0.28
power,c30_n10000,198,9130198,V5,1,1,1,0,"[[""a"", ""p""]]",0.593
power,c30_n10000,199,9130199,V6,1,2,1,1,"[[""a"", ""p""], [""x1""]]",0.277
power,c30_n10000,199,9130199,V5,1,1,1,0,"[[""a"", ""p""]]",0.594
power,c30_n10000,200,9130200,V6,1,1,1,0,"[[""a"", ""p""]]",0.255
power,c30_n10000,200,9130200,V5,1,1,1,0,"[[""a"", ""p""]]",0.577
power,c30_n10000,201,9130201,V6,1,1,1,0,"[[""a"", ""p""]]",0.273
power,c30_n10000,201,9130201,V5,1,1,1,0,"[[""a"", ""p""]]",0.692
power,c30_n10000,202,9130202,V6,1,1,1,0,"[[""a"", ""p""]]",0.287
power,c30_n10000,202,9130202,V5,1,1,1,0,"[[""a"", ""p""]]",0.583
power,c30_n10000,203,9130203,V6,1,1,1,0,"[[""a"", ""p""]]",0.316
power,c30_n10000,203,9130203,V5,1,1,1,0,"[[""a"", ""p""]]",0.557
power,c30_n10000,204,9130204,V6,1,1,1,0,"[[""a"", ""p""]]",0.292
power,c30_n10000,204,9130204,V5,1,1,1,0,"[[""a"", ""p""]]",0.592
power,c30_n10000,205,9130205,V6,1,1,1,0,"[[""a"", ""p""]]",0.252
power,c30_n10000,205,9130205,V5,1,1,1,0,"[[""a"", ""p""]]",0.576
power,c30_n10000,206,9130206,V6,1,1,1,0,"[[""a"", ""p""]]",0.268
power,c30_n10000,206,9130206,V5,1,1,1,0,"[[""a"", ""p""]]",0.577
power,c30_n10000,207,9130207,V6,1,1,1,0,"[[""a"", ""p""]]",0.282
power,c30_n10000,207,9130207,V5,1,1,1,0,"[[""a"", ""p""]]",0.58
power,c30_n10000,208,9130208,V6,1,1,1,0,"[[""a"", ""p""]]",0.36
power,c30_n10000,208,9130208,V5,1,1,1,0,"[[""a"", ""p""]]",0.649
power,c30_n10000,209,9130209,V6,1,1,1,0,"[[""a"", ""p""]]",0.276
power,c30_n10000,209,9130209,V5,1,1,1,0,"[[""a"", ""p""]]",0.602
power,c30_n10000,210,9130210,V6,1,1,1,0,"[[""a"", ""p""]]",0.253
power,c30_n10000,210,9130210,V5,1,1,1,0,"[[""a"", ""p""]]",0.594
power,c30_n10000,211,9130211,V6,1,1,1,0,"[[""a"", ""p""]]",0.309
power,c30_n10000,211,9130211,V5,1,1,1,0,"[[""a"", ""p""]]",0.556
power,c30_n10000,212,9130212,V6,1,1,1,0,"[[""a"", ""p""]]",0.267
power,c30_n10000,212,9130212,V5,1,1,1,0,"[[""a"", ""p""]]",0.587
power,c30_n10000,213,9130213,V6,1,1,1,0,"[[""a"", ""p""]]",0.336
power,c30_n10000,213,9130213,V5,1,1,1,0,"[[""a"", ""p""]]",0.574
power,c30_n10000,214,9130214,V6,1,1,1,0,"[[""a"", ""p""]]",0.304
power,c30_n10000,214,9130214,V5,1,1,1,0,"[[""a"", ""p""]]",0.652
power,c30_n10000,215,9130215,V6,1,1,1,0,"[[""a"", ""p""]]",0.263
power,c30_n10000,215,9130215,V5,1,1,1,0,"[[""a"", ""p""]]",0.613
power,c30_n10000,216,9130216,V6,1,1,1,0,"[[""a"", ""p""]]",0.283
power,c30_n10000,216,9130216,V5,1,1,1,0,"[[""a"", ""p""]]",0.545
power,c30_n10000,217,9130217,V6,1,1,1,0,"[[""a"", ""p""]]",0.273
power,c30_n10000,217,9130217,V5,1,1,1,0,"[[""a"", ""p""]]",0.586
power,c30_n10000,218,9130218,V6,1,1,1,0,"[[""a"", ""p""]]",0.279
power,c30_n10000,218,9130218,V5,1,1,1,0,"[[""a"", ""p""]]",0.57
power,c30_n10000,219,9130219,V6,1,1,1,0,"[[""a"", ""p""]]",0.24
power,c30_n10000,219,9130219,V5,1,1,1,0,"[[""a"", ""p""]]",0.629
power,c30_n10000,220,9130220,V6,1,1,1,0,"[[""a"", ""p""]]",0.319
power,c30_n10000,220,9130220,V5,1,1,1,0,"[[""a"", ""p""]]",0.585
power,c30_n10000,221,9130221,V6,1,1,1,0,"[[""a"", ""p""]]",0.255
power,c30_n10000,221,9130221,V5,1,1,1,0,"[[""a"", ""p""]]",0.585
power,c30_n10000,222,9130222,V6,1,2,1,1,"[[""a"", ""p""], [""x4""]]",0.234
power,c30_n10000,222,9130222,V5,1,2,1,1,"[[""a"", ""p""], [""x4""]]",0.552
power,c30_n10000,223,9130223,V6,1,2,1,1,"[[""a"", ""p""], [""x1""]]",0.274
power,c30_n10000,223,9130223,V5,1,1,1,0,"[[""a"", ""p""]]",0.514
power,c30_n10000,224,9130224,V6,1,1,1,0,"[[""a"", ""p""]]",0.301
power,c30_n10000,224,9130224,V5,1,1,1,0,"[[""a"", ""p""]]",0.598
power,c30_n10000,225,9130225,V6,1,1,1,0,"[[""a"", ""p""]]",0.221
power,c30_n10000,225,9130225,V5,1,1,1,0,"[[""a"", ""p""]]",0.574
power,c30_n10000,226,9130226,V6,1,1,1,0,"[[""a"", ""p""]]",0.289
power,c30_n10000,226,9130226,V5,1,1,1,0,"[[""a"", ""p""]]",0.608
power,c30_n10000,227,9130227,V6,1,1,1,0,"[[""a"", ""p""]]",0.243
power,c30_n10000,227,9130227,V5,1,1,1,0,"[[""a"", ""p""]]",0.572
power,c30_n10000,228,9130228,V6,1,1,1,0,"[[""a"", ""p""]]",0.247
power,c30_n10000,228,9130228,V5,1,1,1,0,"[[""a"", ""p""]]",0.546
power,c30_n10000,229,9130229,V6,1,1,1,0,"[[""a"", ""p""]]",0.255
power,c30_n10000,229,9130229,V5,1,1,1,0,"[[""a"", ""p""]]",0.628
power,c30_n10000,230,9130230,V6,1,1,1,0,"[[""a"", ""p""]]",0.271
power,c30_n10000,230,9130230,V5,1,1,1,0,"[[""a"", ""p""]]",0.576
power,c30_n10000,231,9130231,V6,1,1,1,0,"[[""a"", ""p""]]",0.285
power,c30_n10000,231,9130231,V5,1,1,1,0,"[[""a"", ""p""]]",0.549
power,c30_n10000,232,9130232,V6,1,1,1,0,"[[""a"", ""p""]]",0.247
power,c30_n10000,232,9130232,V5,1,1,1,0,"[[""a"", ""p""]]",0.596
power,c30_n10000,233,9130233,V6,1,1,1,0,"[[""a"", ""p""]]",0.246
power,c30_n10000,233,9130233,V5,1,1,1,0,"[[""a"", ""p""]]",0.55
power,c30_n10000,234,9130234,V6,1,1,1,0,"[[""a"", ""p""]]",0.269
power,c30_n10000,234,9130234,V5,1,1,1,0,"[[""a"", ""p""]]",0.646
power,c30_n10000,235,9130235,V6,1,1,1,0,"[[""a"", ""p""]]",0.301
power,c30_n10000,235,9130235,V5,1,1,1,0,"[[""a"", ""p""]]",0.587
power,c30_n10000,236,9130236,V6,1,1,1,0,"[[""a"", ""p""]]",0.328
power,c30_n10000,236,9130236,V5,1,1,1,0,"[[""a"", ""p""]]",0.544
power,c30_n10000,237,9130237,V6,1,1,1,0,"[[""a"", ""p""]]",0.294
power,c30_n10000,237,9130237,V5,1,1,1,0,"[[""a"", ""p""]]",0.53
power,c30_n10000,238,9130238,V6,1,1,1,0,"[[""a"", ""p""]]",0.386
power,c30_n10000,238,9130238,V5,1,1,1,0,"[[""a"", ""p""]]",0.591
power,c30_n10000,239,9130239,V6,1,1,1,0,"[[""a"", ""p""]]",0.253
power,c30_n10000,239,9130239,V5,1,1,1,0,"[[""a"", ""p""]]",0.527
power,c30_n10000,240,9130240,V6,1,1,1,0,"[[""a"", ""p""]]",0.3
power,c30_n10000,240,9130240,V5,1,1,1,0,"[[""a"", ""p""]]",0.477
power,c30_n10000,241,9130241,V6,1,1,1,0,"[[""a"", ""p""]]",0.288
power,c30_n10000,241,9130241,V5,1,1,1,0,"[[""a"", ""p""]]",0.552
power,c30_n10000,242,9130242,V6,1,1,1,0,"[[""a"", ""p""]]",0.279
power,c30_n10000,242,9130242,V5,1,1,1,0,"[[""a"", ""p""]]",0.531
power,c30_n10000,243,9130243,V6,1,1,1,0,"[[""a"", ""p""]]",0.252
power,c30_n10000,243,9130243,V5,1,1,1,0,"[[""a"", ""p""]]",0.575
power,c30_n10000,244,9130244,V6,1,1,1,0,"[[""a"", ""p""]]",0.261
power,c30_n10000,244,9130244,V5,1,1,1,0,"[[""a"", ""p""]]",0.548
power,c30_n10000,245,9130245,V6,1,1,1,0,"[[""a"", ""p""]]",0.267
power,c30_n10000,245,9130245,V5,1,1,1,0,"[[""a"", ""p""]]",0.494
power,c30_n10000,246,9130246,V6,1,1,1,0,"[[""a"", ""p""]]",0.232
power,c30_n10000,246,9130246,V5,1,1,1,0,"[[""a"", ""p""]]",0.511
power,c30_n10000,247,9130247,V6,1,1,1,0,"[[""a"", ""p""]]",0.242
power,c30_n10000,247,9130247,V5,1,1,1,0,"[[""a"", ""p""]]",0.493
power,c30_n10000,248,9130248,V6,1,1,1,0,"[[""a"", ""p""]]",0.243
power,c30_n10000,248,9130248,V5,1,1,1,0,"[[""a"", ""p""]]",0.59
power,c30_n10000,249,9130249,V6,1,1,1,0,"[[""a"", ""p""]]",0.269
power,c30_n10000,249,9130249,V5,1,1,1,0,"[[""a"", ""p""]]",0.55
power,c30_n10000,250,9130250,V6,1,1,1,0,"[[""a"", ""p""]]",0.259
power,c30_n10000,250,9130250,V5,1,1,1,0,"[[""a"", ""p""]]",0.622
power,c30_n10000,251,9130251,V6,1,1,1,0,"[[""a"", ""p""]]",0.23
power,c30_n10000,251,9130251,V5,1,1,1,0,"[[""a"", ""p""]]",0.541
power,c30_n10000,252,9130252,V6,1,1,1,0,"[[""a"", ""p""]]",0.205
power,c30_n10000,252,9130252,V5,1,1,1,0,"[[""a"", ""p""]]",0.563
power,c30_n10000,253,9130253,V6,1,1,1,0,"[[""a"", ""p""]]",0.281
power,c30_n10000,253,9130253,V5,1,1,1,0,"[[""a"", ""p""]]",0.559
power,c30_n10000,254,9130254,V6,1,1,1,0,"[[""a"", ""p""]]",0.27
power,c30_n10000,254,9130254,V5,1,1,1,0,"[[""a"", ""p""]]",0.563
power,c30_n10000,255,9130255,V6,1,1,1,0,"[[""a"", ""p""]]",0.266
power,c30_n10000,255,9130255,V5,1,1,1,0,"[[""a"", ""p""]]",0.515
power,c30_n10000,256,9130256,V6,1,1,1,0,"[[""a"", ""p""]]",0.269
power,c30_n10000,256,9130256,V5,1,1,1,0,"[[""a"", ""p""]]",0.496
power,c30_n10000,257,9130257,V6,1,1,1,0,"[[""a"", ""p""]]",0.265
power,c30_n10000,257,9130257,V5,1,1,1,0,"[[""a"", ""p""]]",0.588
power,c30_n10000,258,9130258,V6,1,2,1,1,"[[""a"", ""p""], [""z5""]]",0.261
power,c30_n10000,258,9130258,V5,1,2,1,1,"[[""a"", ""p""], [""z5""]]",0.533
power,c30_n10000,259,9130259,V6,1,1,1,0,"[[""a"", ""p""]]",0.266
power,c30_n10000,259,9130259,V5,1,1,1,0,"[[""a"", ""p""]]",0.62
power,c30_n10000,260,9130260,V6,1,1,1,0,"[[""a"", ""p""]]",0.236
power,c30_n10000,260,9130260,V5,1,1,1,0,"[[""a"", ""p""]]",0.514
power,c30_n10000,261,9130261,V6,1,1,1,0,"[[""a"", ""p""]]",0.248
power,c30_n10000,261,9130261,V5,1,1,1,0,"[[""a"", ""p""]]",0.527
power,c30_n10000,262,9130262,V6,1,1,1,0,"[[""a"", ""p""]]",0.28
power,c30_n10000,262,9130262,V5,1,1,1,0,"[[""a"", ""p""]]",0.535
power,c30_n10000,263,9130263,V6,1,1,1,0,"[[""a"", ""p""]]",0.241
power,c30_n10000,263,9130263,V5,1,1,1,0,"[[""a"", ""p""]]",0.55
power,c30_n10000,264,9130264,V6,1,1,1,0,"[[""a"", ""p""]]",0.294
power,c30_n10000,264,9130264,V5,1,1,1,0,"[[""a"", ""p""]]",0.619
power,c30_n10000,265,9130265,V6,1,1,1,0,"[[""a"", ""p""]]",0.293
power,c30_n10000,265,9130265,V5,1,1,1,0,"[[""a"", ""p""]]",0.624
power,c30_n10000,266,9130266,V6,1,1,1,0,"[[""a"", ""p""]]",0.262
power,c30_n10000,266,9130266,V5,1,1,1,0,"[[""a"", ""p""]]",0.639
power,c30_n10000,267,9130267,V6,1,1,1,0,"[[""a"", ""p""]]",0.281
power,c30_n10000,267,9130267,V5,1,1,1,0,"[[""a"", ""p""]]",0.662
power,c30_n10000,268,9130268,V6,1,1,1,0,"[[""a"", ""p""]]",0.269
power,c30_n10000,268,9130268,V5,1,1,1,0,"[[""a"", ""p""]]",0.629
power,c30_n10000,269,9130269,V6,1,1,1,0,"[[""a"", ""p""]]",0.272
power,c30_n10000,269,9130269,V5,1,1,1,0,"[[""a"", ""p""]]",0.603
power,c30_n10000,270,9130270,V6,1,1,1,0,"[[""a"", ""p""]]",0.258
power,c30_n10000,270,9130270,V5,1,1,1,0,"[[""a"", ""p""]]",0.575
power,c30_n10000,271,9130271,V6,1,1,1,0,"[[""a"", ""p""]]",0.333
power,c30_n10000,271,9130271,V5,1,1,1,0,"[[""a"", ""p""]]",0.588
power,c30_n10000,272,9130272,V6,1,1,1,0,"[[""a"", ""p""]]",0.274
power,c30_n10000,272,9130272,V5,1,1,1,0,"[[""a"", ""p""]]",0.612
power,c30_n10000,273,9130273,V6,1,1,1,0,"[[""a"", ""p""]]",0.307
power,c30_n10000,273,9130273,V5,1,1,1,0,"[[""a"", ""p""]]",0.573
power,c30_n10000,274,9130274,V6,1,1,1,0,"[[""a"", ""p""]]",0.239
power,c30_n10000,274,9130274,V5,1,1,1,0,"[[""a"", ""p""]]",0.552
power,c30_n10000,275,9130275,V6,1,1,1,0,"[[""a"", ""p""]]",0.301
power,c30_n10000,275,9130275,V5,1,1,1,0,"[[""a"", ""p""]]",0.575
power,c30_n10000,276,9130276,V6,1,2,1,1,"[[""a"", ""p""], [""z2""]]",0.296
power,c30_n10000,276,9130276,V5,1,1,1,0,"[[""a"", ""p""]]",0.623
power,c30_n10000,277,9130277,V6,1,1,1,0,"[[""a"", ""p""]]",0.241
power,c30_n10000,277,9130277,V5,1,1,1,0,"[[""a"", ""p""]]",0.558
power,c30_n10000,278,9130278,V6,1,1,1,0,"[[""a"", ""p""]]",0.312
power,c30_n10000,278,9130278,V5,1,1,1,0,"[[""a"", ""p""]]",0.559
power,c30_n10000,279,9130279,V6,1,1,1,0,"[[""a"", ""p""]]",0.286
power,c30_n10000,279,9130279,V5,1,1,1,0,"[[""a"", ""p""]]",0.545
power,c30_n10000,280,9130280,V6,1,1,1,0,"[[""a"", ""p""]]",0.297
power,c30_n10000,280,9130280,V5,1,1,1,0,"[[""a"", ""p""]]",0.599
power,c30_n10000,281,9130281,V6,1,1,1,0,"[[""a"", ""p""]]",0.278
power,c30_n10000,281,9130281,V5,1,1,1,0,"[[""a"", ""p""]]",0.501
power,c30_n10000,282,9130282,V6,1,1,1,0,"[[""a"", ""p""]]",0.253
power,c30_n10000,282,9130282,V5,1,1,1,0,"[[""a"", ""p""]]",0.556
power,c30_n10000,283,9130283,V6,1,1,1,0,"[[""a"", ""p""]]",0.287
power,c30_n10000,283,9130283,V5,1,1,1,0,"[[""a"", ""p""]]",0.568
power,c30_n10000,284,9130284,V6,1,1,1,0,"[[""a"", ""p""]]",0.246
power,c30_n10000,284,9130284,V5,1,1,1,0,"[[""a"", ""p""]]",0.57
power,c30_n10000,285,9130285,V6,1,1,1,0,"[[""a"", ""p""]]",0.248
power,c30_n10000,285,9130285,V5,1,1,1,0,"[[""a"", ""p""]]",0.547
power,c30_n10000,286,9130286,V6,1,1,1,0,"[[""a"", ""p""]]",0.305
power,c30_n10000,286,9130286,V5,1,1,1,0,"[[""a"", ""p""]]",0.525
power,c30_n10000,287,9130287,V6,1,1,1,0,"[[""a"", ""p""]]",0.272
power,c30_n10000,287,9130287,V5,1,1,1,0,"[[""a"", ""p""]]",0.495
power,c30_n10000,288,9130288,V6,1,1,1,0,"[[""a"", ""p""]]",0.289
power,c30_n10000,288,9130288,V5,1,1,1,0,"[[""a"", ""p""]]",0.539
power,c30_n10000,289,9130289,V6,1,1,1,0,"[[""a"", ""p""]]",0.237
power,c30_n10000,289,9130289,V5,1,1,1,0,"[[""a"", ""p""]]",0.584
power,c30_n10000,290,9130290,V6,1,1,1,0,"[[""a"", ""p""]]",0.246
power,c30_n10000,290,9130290,V5,1,1,1,0,"[[""a"", ""p""]]",0.542
power,c30_n10000,291,9130291,V6,1,1,1,0,"[[""a"", ""p""]]",0.267
power,c30_n10000,291,9130291,V5,1,1,1,0,"[[""a"", ""p""]]",0.515
power,c30_n10000,292,9130292,V6,1,1,1,0,"[[""a"", ""p""]]",0.291
power,c30_n10000,292,9130292,V5,1,1,1,0,"[[""a"", ""p""]]",0.521
power,c30_n10000,293,9130293,V6,1,1,1,0,"[[""a"", ""p""]]",0.31
power,c30_n10000,293,9130293,V5,1,2,1,1,"[[""a"", ""p""], [""z4""]]",0.573
power,c30_n10000,294,9130294,V6,1,1,1,0,"[[""a"", ""p""]]",0.251
power,c30_n10000,294,9130294,V5,1,1,1,0,"[[""a"", ""p""]]",0.615
power,c30_n10000,295,9130295,V6,1,1,1,0,"[[""a"", ""p""]]",0.281
power,c30_n10000,295,9130295,V5,1,1,1,0,"[[""a"", ""p""]]",0.564
power,c30_n10000,296,9130296,V6,1,1,1,0,"[[""a"", ""p""]]",0.281
power,c30_n10000,296,9130296,V5,1,1,1,0,"[[""a"", ""p""]]",0.504
power,c30_n10000,297,9130297,V6,1,2,1,1,"[[""a"", ""p""], [""x2""]]",0.269
power,c30_n10000,297,9130297,V5,1,2,1,1,"[[""a"", ""p""], [""x2""]]",0.602
power,c30_n10000,298,9130298,V6,1,1,1,0,"[[""a"", ""p""]]",0.295
power,c30_n10000,298,9130298,V5,1,1,1,0,"[[""a"", ""p""]]",0.544
power,c30_n10000,299,9130299,V6,1,1,1,0,"[[""a"", ""p""]]",0.254
power,c30_n10000,299,9130299,V5,1,1,1,0,"[[""a"", ""p""]]",0.622
power,c30_n10000,300,9130300,V6,1,1,1,0,"[[""a"", ""p""]]",0.248
power,c30_n10000,300,9130300,V5,1,1,1,0,"[[""a"", ""p""]]",0.514
power,c30_n10000,301,9130301,V6,1,1,1,0,"[[""a"", ""p""]]",0.257
power,c30_n10000,301,9130301,V5,1,1,1,0,"[[""a"", ""p""]]",0.541
power,c30_n10000,302,9130302,V6,1,1,1,0,"[[""a"", ""p""]]",0.27
power,c30_n10000,302,9130302,V5,1,1,1,0,"[[""a"", ""p""]]",0.513
power,c30_n10000,303,9130303,V6,1,1,1,0,"[[""a"", ""p""]]",0.226
power,c30_n10000,303,9130303,V5,1,1,1,0,"[[""a"", ""p""]]",0.504
power,c30_n10000,304,9130304,V6,1,1,1,0,"[[""a"", ""p""]]",0.266
power,c30_n10000,304,9130304,V5,1,1,1,0,"[[""a"", ""p""]]",0.558
power,c30_n10000,305,9130305,V6,1,1,1,0,"[[""a"", ""p""]]",0.223
power,c30_n10000,305,9130305,V5,1,1,1,0,"[[""a"", ""p""]]",0.562
power,c30_n10000,306,9130306,V6,1,1,1,0,"[[""a"", ""p""]]",0.276
power,c30_n10000,306,9130306,V5,1,1,1,0,"[[""a"", ""p""]]",0.595
power,c30_n10000,307,9130307,V6,1,1,1,0,"[[""a"", ""p""]]",0.271
power,c30_n10000,307,9130307,V5,1,1,1,0,"[[""a"", ""p""]]",0.54
power,c30_n10000,308,9130308,V6,1,1,1,0,"[[""a"", ""p""]]",0.299
power,c30_n10000,308,9130308,V5,1,1,1,0,"[[""a"", ""p""]]",0.524
power,c30_n10000,309,9130309,V6,1,1,1,0,"[[""a"", ""p""]]",0.28
power,c30_n10000,309,9130309,V5,1,1,1,0,"[[""a"", ""p""]]",0.597
power,c30_n10000,310,9130310,V6,1,1,1,0,"[[""a"", ""p""]]",0.262
power,c30_n10000,310,9130310,V5,1,1,1,0,"[[""a"", ""p""]]",0.566
power,c30_n10000,311,9130311,V6,1,2,1,1,"[[""a"", ""p""], [""x2""]]",0.238
power,c30_n10000,311,9130311,V5,1,1,1,0,"[[""a"", ""p""]]",0.525
power,c30_n10000,312,9130312,V6,1,1,1,0,"[[""a"", ""p""]]",0.314
power,c30_n10000,312,9130312,V5,1,1,1,0,"[[""a"", ""p""]]",0.636
power,c30_n10000,313,9130313,V6,1,1,1,0,"[[""a"", ""p""]]",0.261
power,c30_n10000,313,9130313,V5,1,1,1,0,"[[""a"", ""p""]]",0.588
power,c30_n10000,314,9130314,V6,1,1,1,0,"[[""a"", ""p""]]",0.225
power,c30_n10000,314,9130314,V5,1,1,1,0,"[[""a"", ""p""]]",0.555
power,c30_n10000,315,9130315,V6,1,1,1,0,"[[""a"", ""p""]]",0.251
power,c30_n10000,315,9130315,V5,1,1,1,0,"[[""a"", ""p""]]",0.562
power,c30_n10000,316,9130316,V6,1,1,1,0,"[[""a"", ""p""]]",0.255
power,c30_n10000,316,9130316,V5,1,1,1,0,"[[""a"", ""p""]]",0.597
power,c30_n10000,317,9130317,V6,1,1,1,0,"[[""a"", ""p""]]",0.254
power,c30_n10000,317,9130317,V5,1,1,1,0,"[[""a"", ""p""]]",0.664
power,c30_n10000,318,9130318,V6,1,1,1,0,"[[""a"", ""p""]]",0.272
power,c30_n10000,318,9130318,V5,1,1,1,0,"[[""a"", ""p""]]",0.611
power,c30_n10000,319,9130319,V6,1,1,1,0,"[[""a"", ""p""]]",0.29
power,c30_n10000,319,9130319,V5,1,1,1,0,"[[""a"", ""p""]]",0.58
power,c30_n10000,320,9130320,V6,1,1,1,0,"[[""a"", ""p""]]",0.346
power,c30_n10000,320,9130320,V5,1,1,1,0,"[[""a"", ""p""]]",0.518
power,c30_n10000,321,9130321,V6,1,1,1,0,"[[""a"", ""p""]]",0.328
power,c30_n10000,321,9130321,V5,1,1,1,0,"[[""a"", ""p""]]",0.528
power,c30_n10000,322,9130322,V6,1,2,1,1,"[[""a"", ""p""], [""x1""]]",0.316
power,c30_n10000,322,9130322,V5,1,1,1,0,"[[""a"", ""p""]]",0.59
power,c30_n10000,323,9130323,V6,1,1,1,0,"[[""a"", ""p""]]",0.306
power,c30_n10000,323,9130323,V5,1,1,1,0,"[[""a"", ""p""]]",0.492
power,c30_n10000,324,9130324,V6,1,1,1,0,"[[""a"", ""p""]]",0.267
power,c30_n10000,324,9130324,V5,1,1,1,0,"[[""a"", ""p""]]",0.55
power,c30_n10000,325,9130325,V6,1,1,1,0,"[[""a"", ""p""]]",0.229
power,c30_n10000,325,9130325,V5,1,1,1,0,"[[""a"", ""p""]]",0.545
power,c30_n10000,326,9130326,V6,1,1,1,0,"[[""a"", ""p""]]",0.305
power,c30_n10000,326,9130326,V5,1,1,1,0,"[[""a"", ""p""]]",0.539
power,c30_n10000,327,9130327,V6,1,2,1,1,"[[""a"", ""p""], [""x2""]]",0.233
power,c30_n10000,327,9130327,V5,1,1,1,0,"[[""a"", ""p""]]",0.587
power,c30_n10000,328,9130328,V6,1,1,1,0,"[[""a"", ""p""]]",0.25
power,c30_n10000,328,9130328,V5,1,1,1,0,"[[""a"", ""p""]]",0.561
power,c30_n10000,329,9130329,V6,1,1,1,0,"[[""a"", ""p""]]",0.296
power,c30_n10000,329,9130329,V5,1,1,1,0,"[[""a"", ""p""]]",0.542
power,c30_n10000,330,9130330,V6,1,1,1,0,"[[""a"", ""p""]]",0.253
power,c30_n10000,330,9130330,V5,1,1,1,0,"[[""a"", ""p""]]",0.594
power,c30_n10000,331,9130331,V6,1,1,1,0,"[[""a"", ""p""]]",0.278
power,c30_n10000,331,9130331,V5,1,1,1,0,"[[""a"", ""p""]]",0.589
power,c30_n10000,332,9130332,V6,1,1,1,0,"[[""a"", ""p""]]",0.247
power,c30_n10000,332,9130332,V5,1,1,1,0,"[[""a"", ""p""]]",0.629
power,c30_n10000,333,9130333,V6,1,1,1,0,"[[""a"", ""p""]]",0.249
power,c30_n10000,333,9130333,V5,1,2,1,1,"[[""a"", ""p""], [""x5""]]",0.621
power,c30_n10000,334,9130334,V6,1,1,1,0,"[[""a"", ""p""]]",0.331
power,c30_n10000,334,9130334,V5,1,1,1,0,"[[""a"", ""p""]]",0.56
power,c30_n10000,335,9130335,V6,1,1,1,0,"[[""a"", ""p""]]",0.352
power,c30_n10000,335,9130335,V5,1,1,1,0,"[[""a"", ""p""]]",0.594
power,c30_n10000,336,9130336,V6,1,1,1,0,"[[""a"", ""p""]]",0.285
power,c30_n10000,336,9130336,V5,1,1,1,0,"[[""a"", ""p""]]",0.564
power,c30_n10000,337,9130337,V6,1,1,1,0,"[[""a"", ""p""]]",0.242
power,c30_n10000,337,9130337,V5,1,1,1,0,"[[""a"", ""p""]]",0.587
power,c30_n10000,338,9130338,V6,1,1,1,0,"[[""a"", ""p""]]",0.22
power,c30_n10000,338,9130338,V5,1,1,1,0,"[[""a"", ""p""]]",0.562
power,c30_n10000,339,9130339,V6,1,1,1,0,"[[""a"", ""p""]]",0.221
power,c30_n10000,339,9130339,V5,1,1,1,0,"[[""a"", ""p""]]",0.576
power,c30_n10000,340,9130340,V6,1,1,1,0,"[[""a"", ""p""]]",0.301
power,c30_n10000,340,9130340,V5,1,1,1,0,"[[""a"", ""p""]]",0.694
power,c30_n10000,341,9130341,V6,1,1,1,0,"[[""a"", ""p""]]",0.219
power,c30_n10000,341,9130341,V5,1,1,1,0,"[[""a"", ""p""]]",0.556
power,c30_n10000,342,9130342,V6,1,1,1,0,"[[""a"", ""p""]]",0.288
power,c30_n10000,342,9130342,V5,1,1,1,0,"[[""a"", ""p""]]",0.592
power,c30_n10000,343,9130343,V6,1,1,1,0,"[[""a"", ""p""]]",0.398
power,c30_n10000,343,9130343,V5,1,1,1,0,"[[""a"", ""p""]]",0.54
power,c30_n10000,344,9130344,V6,1,1,1,0,"[[""a"", ""p""]]",0.29
power,c30_n10000,344,9130344,V5,1,1,1,0,"[[""a"", ""p""]]",0.483
power,c30_n10000,345,9130345,V6,1,1,1,0,"[[""a"", ""p""]]",0.326
power,c30_n10000,345,9130345,V5,1,1,1,0,"[[""a"", ""p""]]",0.473
power,c30_n10000,346,9130346,V6,1,1,1,0,"[[""a"", ""p""]]",0.249
power,c30_n10000,346,9130346,V5,1,1,1,0,"[[""a"", ""p""]]",0.499
power,c30_n10000,347,9130347,V6,1,1,1,0,"[[""a"", ""p""]]",0.255
power,c30_n10000,347,9130347,V5,1,1,1,0,"[[""a"", ""p""]]",0.543
power,c30_n10000,348,9130348,V6,1,1,1,0,"[[""a"", ""p""]]",0.23
power,c30_n10000,348,9130348,V5,1,1,1,0,"[[""a"", ""p""]]",0.564
power,c30_n10000,349,9130349,V6,1,1,1,0,"[[""a"", ""p""]]",0.257
power,c30_n10000,349,9130349,V5,1,1,1,0,"[[""a"", ""p""]]",0.523
power,c30_n10000,350,9130350,V6,1,1,1,0,"[[""a"", ""p""]]",0.222
power,c30_n10000,350,9130350,V5,1,1,1,0,"[[""a"", ""p""]]",0.544
power,c30_n10000,351,9130351,V6,1,1,1,0,"[[""a"", ""p""]]",0.287
power,c30_n10000,351,9130351,V5,1,1,1,0,"[[""a"", ""p""]]",0.584
power,c30_n10000,352,9130352,V6,1,1,1,0,"[[""a"", ""p""]]",0.318
power,c30_n10000,352,9130352,V5,1,1,1,0,"[[""a"", ""p""]]",0.574
power,c30_n10000,353,9130353,V6,1,1,1,0,"[[""a"", ""p""]]",0.239
power,c30_n10000,353,9130353,V5,1,1,1,0,"[[""a"", ""p""]]",0.52
power,c30_n10000,354,9130354,V6,1,1,1,0,"[[""a"", ""p""]]",0.302
power,c30_n10000,354,9130354,V5,1,1,1,0,"[[""a"", ""p""]]",0.595
power,c30_n10000,355,9130355,V6,1,1,1,0,"[[""a"", ""p""]]",0.268
power,c30_n10000,355,9130355,V5,1,1,1,0,"[[""a"", ""p""]]",0.563
power,c30_n10000,356,9130356,V6,1,1,1,0,"[[""a"", ""p""]]",0.231
power,c30_n10000,356,9130356,V5,1,1,1,0,"[[""a"", ""p""]]",0.56
power,c30_n10000,357,9130357,V6,1,1,1,0,"[[""a"", ""p""]]",0.258
power,c30_n10000,357,9130357,V5,1,1,1,0,"[[""a"", ""p""]]",0.557
power,c30_n10000,358,9130358,V6,1,2,1,1,"[[""a"", ""p""], [""x2""]]",0.234
power,c30_n10000,358,9130358,V5,1,1,1,0,"[[""a"", ""p""]]",0.625
power,c30_n10000,359,9130359,V6,1,1,1,0,"[[""a"", ""p""]]",0.219
power,c30_n10000,359,9130359,V5,1,1,1,0,"[[""a"", ""p""]]",0.567
power,c30_n10000,360,9130360,V6,1,1,1,0,"[[""a"", ""p""]]",0.259
power,c30_n10000,360,9130360,V5,1,1,1,0,"[[""a"", ""p""]]",0.618
power,c30_n10000,361,9130361,V6,1,1,1,0,"[[""a"", ""p""]]",0.252
power,c30_n10000,361,9130361,V5,1,1,1,0,"[[""a"", ""p""]]",0.706
power,c30_n10000,362,9130362,V6,1,1,1,0,"[[""a"", ""p""]]",0.32
power,c30_n10000,362,9130362,V5,1,1,1,0,"[[""a"", ""p""]]",0.606
power,c30_n10000,363,9130363,V6,1,1,1,0,"[[""a"", ""p""]]",0.252
power,c30_n10000,363,9130363,V5,1,1,1,0,"[[""a"", ""p""]]",0.629
power,c30_n10000,364,9130364,V6,1,1,1,0,"[[""a"", ""p""]]",0.255
power,c30_n10000,364,9130364,V5,1,1,1,0,"[[""a"", ""p""]]",0.674
power,c30_n10000,365,9130365,V6,1,1,1,0,"[[""a"", ""p""]]",0.243
power,c30_n10000,365,9130365,V5,1,1,1,0,"[[""a"", ""p""]]",0.617
power,c30_n10000,366,9130366,V6,1,1,1,0,"[[""a"", ""p""]]",0.255
power,c30_n10000,366,9130366,V5,1,1,1,0,"[[""a"", ""p""]]",0.578
power,c30_n10000,367,9130367,V6,1,1,1,0,"[[""a"", ""p""]]",0.282
power,c30_n10000,367,9130367,V5,1,1,1,0,"[[""a"", ""p""]]",0.593
power,c30_n10000,368,9130368,V6,1,1,1,0,"[[""a"", ""p""]]",0.273
power,c30_n10000,368,9130368,V5,1,1,1,0,"[[""a"", ""p""]]",0.595
power,c30_n10000,369,9130369,V6,1,1,1,0,"[[""a"", ""p""]]",0.297
power,c30_n10000,369,9130369,V5,1,1,1,0,"[[""a"", ""p""]]",0.586
power,c30_n10000,370,9130370,V6,1,1,1,0,"[[""a"", ""p""]]",0.351
power,c30_n10000,370,9130370,V5,1,2,1,1,"[[""a"", ""p""], [""x2""]]",0.575
power,c30_n10000,371,9130371,V6,1,1,1,0,"[[""a"", ""p""]]",0.241
power,c30_n10000,371,9130371,V5,1,1,1,0,"[[""a"", ""p""]]",0.604
power,c30_n10000,372,9130372,V6,1,1,1,0,"[[""a"", ""p""]]",0.249
power,c30_n10000,372,9130372,V5,1,1,1,0,"[[""a"", ""p""]]",0.558
power,c30_n10000,373,9130373,V6,1,1,1,0,"[[""a"", ""p""]]",0.245
power,c30_n10000,373,9130373,V5,1,1,1,0,"[[""a"", ""p""]]",0.637
power,c30_n10000,374,9130374,V6,1,1,1,0,"[[""a"", ""p""]]",0.229
power,c30_n10000,374,9130374,V5,1,1,1,0,"[[""a"", ""p""]]",0.599
power,c30_n10000,375,9130375,V6,1,1,1,0,"[[""a"", ""p""]]",0.233
power,c30_n10000,375,9130375,V5,1,1,1,0,"[[""a"", ""p""]]",0.562
power,c30_n10000,376,9130376,V6,1,1,1,0,"[[""a"", ""p""]]",0.265
power,c30_n10000,376,9130376,V5,1,1,1,0,"[[""a"", ""p""]]",0.547
power,c30_n10000,377,9130377,V6,1,1,1,0,"[[""a"", ""p""]]",0.266
power,c30_n10000,377,9130377,V5,1,1,1,0,"[[""a"", ""p""]]",0.654
power,c30_n10000,378,9130378,V6,1,1,1,0,"[[""a"", ""p""]]",0.257
power,c30_n10000,378,9130378,V5,1,1,1,0,"[[""a"", ""p""]]",0.579
power,c30_n10000,379,9130379,V6,1,1,1,0,"[[""a"", ""p""]]",0.278
power,c30_n10000,379,9130379,V5,1,1,1,0,"[[""a"", ""p""]]",0.611
power,c30_n10000,380,9130380,V6,1,1,1,0,"[[""a"", ""p""]]",0.286
power,c30_n10000,380,9130380,V5,1,1,1,0,"[[""a"", ""p""]]",0.666
power,c30_n10000,381,9130381,V6,1,1,1,0,"[[""a"", ""p""]]",0.321
power,c30_n10000,381,9130381,V5,1,1,1,0,"[[""a"", ""p""]]",0.609
power,c30_n10000,382,9130382,V6,1,1,1,0,"[[""a"", ""p""]]",0.233
power,c30_n10000,382,9130382,V5,1,1,1,0,"[[""a"", ""p""]]",0.554
power,c30_n10000,383,9130383,V6,1,1,1,0,"[[""a"", ""p""]]",0.345
power,c30_n10000,383,9130383,V5,1,1,1,0,"[[""a"", ""p""]]",0.524
power,c30_n10000,384,9130384,V6,1,1,1,0,"[[""a"", ""p""]]",0.307
power,c30_n10000,384,9130384,V5,1,1,1,0,"[[""a"", ""p""]]",0.578
power,c30_n10000,385,9130385,V6,1,1,1,0,"[[""a"", ""p""]]",0.324
power,c30_n10000,385,9130385,V5,1,1,1,0,"[[""a"", ""p""]]",0.488
power,c30_n10000,386,9130386,V6,1,1,1,0,"[[""a"", ""p""]]",0.265
power,c30_n10000,386,9130386,V5,1,1,1,0,"[[""a"", ""p""]]",0.508
power,c30_n10000,387,9130387,V6,1,1,1,0,"[[""a"", ""p""]]",0.238
power,c30_n10000,387,9130387,V5,1,1,1,0,"[[""a"", ""p""]]",0.534
power,c30_n10000,388,9130388,V6,1,1,1,0,"[[""a"", ""p""]]",0.24
power,c30_n10000,388,9130388,V5,1,1,1,0,"[[""a"", ""p""]]",0.5
power,c30_n10000,389,9130389,V6,1,1,1,0,"[[""a"", ""p""]]",0.221
power,c30_n10000,389,9130389,V5,1,1,1,0,"[[""a"", ""p""]]",0.515
power,c30_n10000,390,9130390,V6,1,1,1,0,"[[""a"", ""p""]]",0.253
power,c30_n10000,390,9130390,V5,1,1,1,0,"[[""a"", ""p""]]",0.518
power,c30_n10000,391,9130391,V6,1,1,1,0,"[[""a"", ""p""]]",0.214
power,c30_n10000,391,9130391,V5,1,1,1,0,"[[""a"", ""p""]]",0.619
power,c30_n10000,392,9130392,V6,1,1,1,0,"[[""a"", ""p""]]",0.265
power,c30_n10000,392,9130392,V5,1,1,1,0,"[[""a"", ""p""]]",0.568
power,c30_n10000,393,9130393,V6,1,1,1,0,"[[""a"", ""p""]]",0.234
power,c30_n10000,393,9130393,V5,1,1,1,0,"[[""a"", ""p""]]",0.545
power,c30_n10000,394,9130394,V6,1,1,1,0,"[[""a"", ""p""]]",0.234
power,c30_n10000,394,9130394,V5,1,1,1,0,"[[""a"", ""p""]]",0.545
power,c30_n10000,395,9130395,V6,1,1,1,0,"[[""a"", ""p""]]",0.257
power,c30_n10000,395,9130395,V5,1,1,1,0,"[[""a"", ""p""]]",0.552
power,c30_n10000,396,9130396,V6,1,1,1,0,"[[""a"", ""p""]]",0.238
power,c30_n10000,396,9130396,V5,1,1,1,0,"[[""a"", ""p""]]",0.642
power,c30_n10000,397,9130397,V6,1,1,1,0,"[[""a"", ""p""]]",0.305
power,c30_n10000,397,9130397,V5,1,1,1,0,"[[""a"", ""p""]]",0.608
power,c30_n10000,398,9130398,V6,1,1,1,0,"[[""a"", ""p""]]",0.269
power,c30_n10000,398,9130398,V5,1,1,1,0,"[[""a"", ""p""]]",0.511
power,c30_n10000,399,9130399,V6,1,1,1,0,"[[""a"", ""p""]]",0.255
power,c30_n10000,399,9130399,V5,1,1,1,0,"[[""a"", ""p""]]",0.566
power,c30_n10000,400,9130400,V6,1,1,1,0,"[[""a"", ""p""]]",0.258
power,c30_n10000,400,9130400,V5,1,1,1,0,"[[""a"", ""p""]]",0.533
power,c30_n10000,401,9130401,V6,1,1,1,0,"[[""a"", ""p""]]",0.252
power,c30_n10000,401,9130401,V5,1,1,1,0,"[[""a"", ""p""]]",0.515
power,c30_n10000,402,9130402,V6,1,1,1,0,"[[""a"", ""p""]]",0.232
power,c30_n10000,402,9130402,V5,1,1,1,0,"[[""a"", ""p""]]",0.536
power,c30_n10000,403,9130403,V6,1,1,1,0,"[[""a"", ""p""]]",0.245
power,c30_n10000,403,9130403,V5,1,1,1,0,"[[""a"", ""p""]]",0.53
power,c30_n10000,404,9130404,V6,1,1,1,0,"[[""a"", ""p""]]",0.233
power,c30_n10000,404,9130404,V5,1,1,1,0,"[[""a"", ""p""]]",0.531
power,c30_n10000,405,9130405,V6,1,1,1,0,"[[""a"", ""p""]]",0.222
power,c30_n10000,405,9130405,V5,1,1,1,0,"[[""a"", ""p""]]",0.546
power,c30_n10000,406,9130406,V6,1,1,1,0,"[[""a"", ""p""]]",0.228
power,c30_n10000,406,9130406,V5,1,1,1,0,"[[""a"", ""p""]]",0.512
power,c30_n10000,407,9130407,V6,1,1,1,0,"[[""a"", ""p""]]",0.263
power,c30_n10000,407,9130407,V5,1,1,1,0,"[[""a"", ""p""]]",0.501
power,c30_n10000,408,9130408,V6,1,1,1,0,"[[""a"", ""p""]]",0.262
power,c30_n10000,408,9130408,V5,1,1,1,0,"[[""a"", ""p""]]",0.53
power,c30_n10000,409,9130409,V6,1,1,1,0,"[[""a"", ""p""]]",0.238
power,c30_n10000,409,9130409,V5,1,1,1,0,"[[""a"", ""p""]]",0.575
power,c30_n10000,410,9130410,V6,1,1,1,0,"[[""a"", ""p""]]",0.247
power,c30_n10000,410,9130410,V5,1,1,1,0,"[[""a"", ""p""]]",0.532
power,c30_n10000,411,9130411,V6,1,1,1,0,"[[""a"", ""p""]]",0.263
power,c30_n10000,411,9130411,V5,1,1,1,0,"[[""a"", ""p""]]",0.571
power,c30_n10000,412,9130412,V6,1,1,1,0,"[[""a"", ""p""]]",0.303
power,c30_n10000,412,9130412,V5,1,1,1,0,"[[""a"", ""p""]]",0.539
power,c30_n10000,413,9130413,V6,1,1,1,0,"[[""a"", ""p""]]",0.252
power,c30_n10000,413,9130413,V5,1,1,1,0,"[[""a"", ""p""]]",0.609
power,c30_n10000,414,9130414,V6,1,1,1,0,"[[""a"", ""p""]]",0.28
power,c30_n10000,414,9130414,V5,1,1,1,0,"[[""a"", ""p""]]",0.59
power,c30_n10000,415,9130415,V6,1,1,1,0,"[[""a"", ""p""]]",0.276
power,c30_n10000,415,9130415,V5,1,1,1,0,"[[""a"", ""p""]]",0.487
power,c30_n10000,416,9130416,V6,1,1,1,0,"[[""a"", ""p""]]",0.321
power,c30_n10000,416,9130416,V5,1,1,1,0,"[[""a"", ""p""]]",0.552
power,c30_n10000,417,9130417,V6,1,1,1,0,"[[""a"", ""p""]]",0.262
power,c30_n10000,417,9130417,V5,1,1,1,0,"[[""a"", ""p""]]",0.556
power,c30_n10000,418,9130418,V6,1,1,1,0,"[[""a"", ""p""]]",0.25
power,c30_n10000,418,9130418,V5,1,1,1,0,"[[""a"", ""p""]]",0.539
power,c30_n10000,419,9130419,V6,1,1,1,0,"[[""a"", ""p""]]",0.23
power,c30_n10000,419,9130419,V5,1,1,1,0,"[[""a"", ""p""]]",0.485
power,c30_n10000,420,9130420,V6,1,1,1,0,"[[""a"", ""p""]]",0.213
power,c30_n10000,420,9130420,V5,1,1,1,0,"[[""a"", ""p""]]",0.538
power,c30_n10000,421,9130421,V6,1,1,1,0,"[[""a"", ""p""]]",0.243
power,c30_n10000,421,9130421,V5,1,1,1,0,"[[""a"", ""p""]]",0.49
power,c30_n10000,422,9130422,V6,1,1,1,0,"[[""a"", ""p""]]",0.224
power,c30_n10000,422,9130422,V5,1,1,1,0,"[[""a"", ""p""]]",0.513
power,c30_n10000,423,9130423,V6,1,1,1,0,"[[""a"", ""p""]]",0.265
power,c30_n10000,423,9130423,V5,1,1,1,0,"[[""a"", ""p""]]",0.522
power,c30_n10000,424,9130424,V6,1,1,1,0,"[[""a"", ""p""]]",0.242
power,c30_n10000,424,9130424,V5,1,1,1,0,"[[""a"", ""p""]]",0.534
power,c30_n10000,425,9130425,V6,1,1,1,0,"[[""a"", ""p""]]",0.259
power,c30_n10000,425,9130425,V5,1,1,1,0,"[[""a"", ""p""]]",0.535
power,c30_n10000,426,9130426,V6,1,1,1,0,"[[""a"", ""p""]]",0.256
power,c30_n10000,426,9130426,V5,1,1,1,0,"[[""a"", ""p""]]",0.557
power,c30_n10000,427,9130427,V6,1,1,1,0,"[[""a"", ""p""]]",0.294
power,c30_n10000,427,9130427,V5,1,1,1,0,"[[""a"", ""p""]]",0.559
power,c30_n10000,428,9130428,V6,1,1,1,0,"[[""a"", ""p""]]",0.277
power,c30_n10000,428,9130428,V5,1,1,1,0,"[[""a"", ""p""]]",0.534
power,c30_n10000,429,9130429,V6,1,2,1,1,"[[""a"", ""p""], [""x1""]]",0.247
power,c30_n10000,429,9130429,V5,1,2,1,1,"[[""a"", ""p""], [""x1""]]",0.597
power,c30_n10000,430,9130430,V6,1,2,1,1,"[[""a"", ""p""], [""x3""]]",0.294
power,c30_n10000,430,9130430,V5,1,2,1,1,"[[""a"", ""p""], [""x3""]]",0.563
power,c30_n10000,431,9130431,V6,1,1,1,0,"[[""a"", ""p""]]",0.24
power,c30_n10000,431,9130431,V5,1,1,1,0,"[[""a"", ""p""]]",0.576
power,c30_n10000,432,9130432,V6,1,1,1,0,"[[""a"", ""p""]]",0.246
power,c30_n10000,432,9130432,V5,1,1,1,0,"[[""a"", ""p""]]",0.518
power,c30_n10000,433,9130433,V6,1,1,1,0,"[[""a"", ""p""]]",0.226
power,c30_n10000,433,9130433,V5,1,1,1,0,"[[""a"", ""p""]]",0.511
power,c30_n10000,434,9130434,V6,1,1,1,0,"[[""a"", ""p""]]",0.237
power,c30_n10000,434,9130434,V5,1,1,1,0,"[[""a"", ""p""]]",0.561
power,c30_n10000,435,9130435,V6,1,1,1,0,"[[""a"", ""p""]]",0.246
power,c30_n10000,435,9130435,V5,1,1,1,0,"[[""a"", ""p""]]",0.592
power,c30_n10000,436,9130436,V6,1,1,1,0,"[[""a"", ""p""]]",0.255
power,c30_n10000,436,9130436,V5,1,1,1,0,"[[""a"", ""p""]]",0.546
power,c30_n10000,437,9130437,V6,1,1,1,0,"[[""a"", ""p""]]",0.263
power,c30_n10000,437,9130437,V5,1,1,1,0,"[[""a"", ""p""]]",0.454
power,c30_n10000,438,9130438,V6,1,1,1,0,"[[""a"", ""p""]]",0.227
power,c30_n10000,438,9130438,V5,1,1,1,0,"[[""a"", ""p""]]",0.535
power,c30_n10000,439,9130439,V6,1,1,1,0,"[[""a"", ""p""]]",0.231
power,c30_n10000,439,9130439,V5,1,1,1,0,"[[""a"", ""p""]]",0.47
power,c30_n10000,440,9130440,V6,1,1,1,0,"[[""a"", ""p""]]",0.278
power,c30_n10000,440,9130440,V5,1,1,1,0,"[[""a"", ""p""]]",0.484
power,c30_n10000,441,9130441,V6,1,1,1,0,"[[""a"", ""p""]]",0.203
power,c30_n10000,441,9130441,V5,1,1,1,0,"[[""a"", ""p""]]",0.527
power,c30_n10000,442,9130442,V6,1,1,1,0,"[[""a"", ""p""]]",0.225
power,c30_n10000,442,9130442,V5,1,1,1,0,"[[""a"", ""p""]]",0.472
power,c30_n10000,443,9130443,V6,1,1,1,0,"[[""a"", ""p""]]",0.236
power,c30_n10000,443,9130443,V5,1,1,1,0,"[[""a"", ""p""]]",0.541
power,c30_n10000,444,9130444,V6,1,1,1,0,"[[""a"", ""p""]]",0.236
power,c30_n10000,444,9130444,V5,1,1,1,0,"[[""a"", ""p""]]",0.485
power,c30_n10000,445,9130445,V6,1,1,1,0,"[[""a"", ""p""]]",0.299
power,c30_n10000,445,9130445,V5,1,1,1,0,"[[""a"", ""p""]]",0.513
power,c30_n10000,446,9130446,V6,1,1,1,0,"[[""a"", ""p""]]",0.221
power,c30_n10000,446,9130446,V5,1,1,1,0,"[[""a"", ""p""]]",0.501
power,c30_n10000,447,9130447,V6,1,1,1,0,"[[""a"", ""p""]]",0.291
power,c30_n10000,447,9130447,V5,1,1,1,0,"[[""a"", ""p""]]",0.484
power,c30_n10000,448,9130448,V6,1,1,1,0,"[[""a"", ""p""]]",0.234
power,c30_n10000,448,9130448,V5,1,1,1,0,"[[""a"", ""p""]]",0.58
power,c30_n10000,449,9130449,V6,1,1,1,0,"[[""a"", ""p""]]",0.237
power,c30_n10000,449,9130449,V5,1,1,1,0,"[[""a"", ""p""]]",0.511
power,c30_n10000,450,9130450,V6,1,1,1,0,"[[""a"", ""p""]]",0.265
power,c30_n10000,450,9130450,V5,1,1,1,0,"[[""a"", ""p""]]",0.499
power,c30_n10000,451,9130451,V6,1,1,1,0,"[[""a"", ""p""]]",0.257
power,c30_n10000,451,9130451,V5,1,1,1,0,"[[""a"", ""p""]]",0.58
power,c30_n10000,452,9130452,V6,1,1,1,0,"[[""a"", ""p""]]",0.228
power,c30_n10000,452,9130452,V5,1,1,1,0,"[[""a"", ""p""]]",0.495
power,c30_n10000,453,9130453,V6,1,1,1,0,"[[""a"", ""p""]]",0.241
power,c30_n10000,453,9130453,V5,1,1,1,0,"[[""a"", ""p""]]",0.503
power,c30_n10000,454,9130454,V6,1,1,1,0,"[[""a"", ""p""]]",0.209
power,c30_n10000,454,9130454,V5,1,1,1,0,"[[""a"", ""p""]]",0.528
power,c30_n10000,455,9130455,V6,1,1,1,0,"[[""a"", ""p""]]",0.285
power,c30_n10000,455,9130455,V5,1,1,1,0,"[[""a"", ""p""]]",0.529
power,c30_n10000,456,9130456,V6,1,1,1,0,"[[""a"", ""p""]]",0.263
power,c30_n10000,456,9130456,V5,1,1,1,0,"[[""a"", ""p""]]",0.591
power,c30_n10000,457,9130457,V6,1,1,1,0,"[[""a"", ""p""]]",0.21
power,c30_n10000,457,9130457,V5,1,1,1,0,"[[""a"", ""p""]]",0.487
power,c30_n10000,458,9130458,V6,1,1,1,0,"[[""a"", ""p""]]",0.241
power,c30_n10000,458,9130458,V5,1,1,1,0,"[[""a"", ""p""]]",0.537
power,c30_n10000,459,9130459,V6,1,1,1,0,"[[""a"", ""p""]]",0.262
power,c30_n10000,459,9130459,V5,1,1,1,0,"[[""a"", ""p""]]",0.494
power,c30_n10000,460,9130460,V6,1,1,1,0,"[[""a"", ""p""]]",0.237
power,c30_n10000,460,9130460,V5,1,1,1,0,"[[""a"", ""p""]]",0.499
power,c30_n10000,461,9130461,V6,1,1,1,0,"[[""a"", ""p""]]",0.226
power,c30_n10000,461,9130461,V5,1,1,1,0,"[[""a"", ""p""]]",0.497
power,c30_n10000,462,9130462,V6,1,1,1,0,"[[""a"", ""p""]]",0.276
power,c30_n10000,462,9130462,V5,1,1,1,0,"[[""a"", ""p""]]",0.528
power,c30_n10000,463,9130463,V6,1,2,1,1,"[[""a"", ""p""], [""x3""]]",0.28
power,c30_n10000,463,9130463,V5,1,1,1,0,"[[""a"", ""p""]]",0.5
power,c30_n10000,464,9130464,V6,1,1,1,0,"[[""a"", ""p""]]",0.255
power,c30_n10000,464,9130464,V5,1,1,1,0,"[[""a"", ""p""]]",0.534
power,c30_n10000,465,9130465,V6,1,1,1,0,"[[""a"", ""p""]]",0.224
power,c30_n10000,465,9130465,V5,1,1,1,0,"[[""a"", ""p""]]",0.554
power,c30_n10000,466,9130466,V6,1,1,1,0,"[[""a"", ""p""]]",0.263
power,c30_n10000,466,9130466,V5,1,1,1,0,"[[""a"", ""p""]]",0.593
power,c30_n10000,467,9130467,V6,1,1,1,0,"[[""a"", ""p""]]",0.238
power,c30_n10000,467,9130467,V5,1,1,1,0,"[[""a"", ""p""]]",0.62
power,c30_n10000,468,9130468,V6,1,1,1,0,"[[""a"", ""p""]]",0.262
power,c30_n10000,468,9130468,V5,1,1,1,0,"[[""a"", ""p""]]",0.51
power,c30_n10000,469,9130469,V6,1,1,1,0,"[[""a"", ""p""]]",0.252
power,c30_n10000,469,9130469,V5,1,1,1,0,"[[""a"", ""p""]]",0.562
power,c30_n10000,470,9130470,V6,1,1,1,0,"[[""a"", ""p""]]",0.262
power,c30_n10000,470,9130470,V5,1,1,1,0,"[[""a"", ""p""]]",0.544
power,c30_n10000,471,9130471,V6,1,1,1,0,"[[""a"", ""p""]]",0.242
power,c30_n10000,471,9130471,V5,1,1,1,0,"[[""a"", ""p""]]",0.584
power,c30_n10000,472,9130472,V6,1,1,1,0,"[[""a"", ""p""]]",0.236
power,c30_n10000,472,9130472,V5,1,1,1,0,"[[""a"", ""p""]]",0.519
power,c30_n10000,473,9130473,V6,1,1,1,0,"[[""a"", ""p""]]",0.261
power,c30_n10000,473,9130473,V5,1,1,1,0,"[[""a"", ""p""]]",0.603
power,c30_n10000,474,9130474,V6,1,1,1,0,"[[""a"", ""p""]]",0.241
power,c30_n10000,474,9130474,V5,1,1,1,0,"[[""a"", ""p""]]",0.545
power,c30_n10000,475,9130475,V6,1,1,1,0,"[[""a"", ""p""]]",0.248
power,c30_n10000,475,9130475,V5,1,1,1,0,"[[""a"", ""p""]]",0.535
power,c30_n10000,476,9130476,V6,1,1,1,0,"[[""a"", ""p""]]",0.251
power,c30_n10000,476,9130476,V5,1,1,1,0,"[[""a"", ""p""]]",0.595
power,c30_n10000,477,9130477,V6,1,1,1,0,"[[""a"", ""p""]]",0.26
power,c30_n10000,477,9130477,V5,1,1,1,0,"[[""a"", ""p""]]",0.587
power,c30_n10000,478,9130478,V6,1,1,1,0,"[[""a"", ""p""]]",0.261
power,c30_n10000,478,9130478,V5,1,1,1,0,"[[""a"", ""p""]]",0.553
power,c30_n10000,479,9130479,V6,1,1,1,0,"[[""a"", ""p""]]",0.271
power,c30_n10000,479,9130479,V5,1,1,1,0,"[[""a"", ""p""]]",0.551
power,c30_n10000,480,9130480,V6,1,1,1,0,"[[""a"", ""p""]]",0.303
power,c30_n10000,480,9130480,V5,1,1,1,0,"[[""a"", ""p""]]",0.578
power,c30_n10000,481,9130481,V6,1,1,1,0,"[[""a"", ""p""]]",0.299
power,c30_n10000,481,9130481,V5,1,1,1,0,"[[""a"", ""p""]]",0.551
power,c30_n10000,482,9130482,V6,1,1,1,0,"[[""a"", ""p""]]",0.281
power,c30_n10000,482,9130482,V5,1,1,1,0,"[[""a"", ""p""]]",0.572
power,c30_n10000,483,9130483,V6,1,1,1,0,"[[""a"", ""p""]]",0.246
power,c30_n10000,483,9130483,V5,1,1,1,0,"[[""a"", ""p""]]",0.524
power,c30_n10000,484,9130484,V6,1,1,1,0,"[[""a"", ""p""]]",0.287
power,c30_n10000,484,9130484,V5,1,1,1,0,"[[""a"", ""p""]]",0.603
power,c30_n10000,485,9130485,V6,1,1,1,0,"[[""a"", ""p""]]",0.239
power,c30_n10000,485,9130485,V5,1,1,1,0,"[[""a"", ""p""]]",0.549
power,c30_n10000,486,9130486,V6,1,1,1,0,"[[""a"", ""p""]]",0.273
power,c30_n10000,486,9130486,V5,1,1,1,0,"[[""a"", ""p""]]",0.543
power,c30_n10000,487,9130487,V6,1,1,1,0,"[[""a"", ""p""]]",0.311
power,c30_n10000,487,9130487,V5,1,1,1,0,"[[""a"", ""p""]]",0.583
power,c30_n10000,488,9130488,V6,1,1,1,0,"[[""a"", ""p""]]",0.294
power,c30_n10000,488,9130488,V5,1,1,1,0,"[[""a"", ""p""]]",0.579
power,c30_n10000,489,9130489,V6,1,1,1,0,"[[""a"", ""p""]]",0.276
power,c30_n10000,489,9130489,V5,1,1,1,0,"[[""a"", ""p""]]",0.559
power,c30_n10000,490,9130490,V6,1,1,1,0,"[[""a"", ""p""]]",0.248
power,c30_n10000,490,9130490,V5,1,1,1,0,"[[""a"", ""p""]]",0.519
power,c30_n10000,491,9130491,V6,1,1,1,0,"[[""a"", ""p""]]",0.299
power,c30_n10000,491,9130491,V5,1,1,1,0,"[[""a"", ""p""]]",0.524
power,c30_n10000,492,9130492,V6,1,1,1,0,"[[""a"", ""p""]]",0.288
power,c30_n10000,492,9130492,V5,1,1,1,0,"[[""a"", ""p""]]",0.608
power,c30_n10000,493,9130493,V6,1,1,1,0,"[[""a"", ""p""]]",0.241
power,c30_n10000,493,9130493,V5,1,1,1,0,"[[""a"", ""p""]]",0.535
power,c30_n10000,494,9130494,V6,1,1,1,0,"[[""a"", ""p""]]",0.319
power,c30_n10000,494,9130494,V5,1,1,1,0,"[[""a"", ""p""]]",0.504
power,c30_n10000,495,9130495,V6,1,1,1,0,"[[""a"", ""p""]]",0.272
power,c30_n10000,495,9130495,V5,1,1,1,0,"[[""a"", ""p""]]",0.567
power,c30_n10000,496,9130496,V6,1,1,1,0,"[[""a"", ""p""]]",0.266
power,c30_n10000,496,9130496,V5,1,1,1,0,"[[""a"", ""p""]]",0.571
power,c30_n10000,497,9130497,V6,1,1,1,0,"[[""a"", ""p""]]",0.286
power,c30_n10000,497,9130497,V5,1,1,1,0,"[[""a"", ""p""]]",0.556
power,c30_n10000,498,9130498,V6,1,1,1,0,"[[""a"", ""p""]]",0.304
power,c30_n10000,498,9130498,V5,1,1,1,0,"[[""a"", ""p""]]",0.547
power,c30_n10000,499,9130499,V6,1,1,1,0,"[[""a"", ""p""]]",0.278
power,c30_n10000,499,9130499,V5,1,1,1,0,"[[""a"", ""p""]]",0.582
power,c20_n10000,0,9140000,V6,1,1,1,0,"[[""a"", ""p""]]",0.297
power,c20_n10000,0,9140000,V5,1,1,1,0,"[[""a"", ""p""]]",0.608
power,c20_n10000,1,9140001,V6,0,0,0,0,[],0.255
power,c20_n10000,1,9140001,V5,0,0,0,0,[],0.512
power,c20_n10000,2,9140002,V6,1,2,1,1,"[[""a"", ""p""], [""x4""]]",0.266
power,c20_n10000,2,9140002,V5,1,2,1,1,"[[""x4""], [""a"", ""p""]]",0.555
power,c20_n10000,3,9140003,V6,1,2,1,1,"[[""a"", ""p""], [""z1""]]",0.268
power,c20_n10000,3,9140003,V5,1,2,1,1,"[[""a"", ""p""], [""z1""]]",0.569
power,c20_n10000,4,9140004,V6,1,1,1,0,"[[""a"", ""p""]]",0.234
power,c20_n10000,4,9140004,V5,1,1,1,0,"[[""a"", ""p""]]",0.473
power,c20_n10000,5,9140005,V6,1,1,1,0,"[[""a"", ""p""]]",0.244
power,c20_n10000,5,9140005,V5,1,1,1,0,"[[""a"", ""p""]]",0.512
power,c20_n10000,6,9140006,V6,1,1,1,0,"[[""a"", ""p""]]",0.24
power,c20_n10000,6,9140006,V5,1,1,1,0,"[[""a"", ""p""]]",0.587
power,c20_n10000,7,9140007,V6,1,1,1,0,"[[""a"", ""p""]]",0.265
power,c20_n10000,7,9140007,V5,1,1,1,0,"[[""a"", ""p""]]",0.583
power,c20_n10000,8,9140008,V6,1,1,1,0,"[[""a"", ""p""]]",0.246
power,c20_n10000,8,9140008,V5,1,1,1,0,"[[""a"", ""p""]]",0.584
power,c20_n10000,9,9140009,V6,1,1,1,0,"[[""a"", ""p""]]",0.24
power,c20_n10000,9,9140009,V5,1,1,1,0,"[[""a"", ""p""]]",0.553
power,c20_n10000,10,9140010,V6,1,1,1,0,"[[""a"", ""p""]]",0.226
power,c20_n10000,10,9140010,V5,1,1,1,0,"[[""a"", ""p""]]",0.615
power,c20_n10000,11,9140011,V6,1,1,1,0,"[[""a"", ""p""]]",0.284
power,c20_n10000,11,9140011,V5,1,1,1,0,"[[""a"", ""p""]]",0.537
power,c20_n10000,12,9140012,V6,1,2,1,1,"[[""a"", ""p""], [""x3""]]",0.244
power,c20_n10000,12,9140012,V5,1,1,1,0,"[[""a"", ""p""]]",0.543
power,c20_n10000,13,9140013,V6,1,1,1,0,"[[""a"", ""p""]]",0.276
power,c20_n10000,13,9140013,V5,1,1,1,0,"[[""a"", ""p""]]",0.569
power,c20_n10000,14,9140014,V6,1,1,1,0,"[[""a"", ""p""]]",0.273
power,c20_n10000,14,9140014,V5,1,1,1,0,"[[""a"", ""p""]]",0.537
power,c20_n10000,15,9140015,V6,1,1,1,0,"[[""a"", ""p""]]",0.298
power,c20_n10000,15,9140015,V5,1,1,1,0,"[[""a"", ""p""]]",0.594
power,c20_n10000,16,9140016,V6,0,0,0,0,[],0.252
power,c20_n10000,16,9140016,V5,0,0,0,0,[],0.587
power,c20_n10000,17,9140017,V6,1,1,1,0,"[[""a"", ""p""]]",0.26
power,c20_n10000,17,9140017,V5,1,1,1,0,"[[""a"", ""p""]]",0.565
power,c20_n10000,18,9140018,V6,1,1,1,0,"[[""a"", ""p""]]",0.233
power,c20_n10000,18,9140018,V5,1,1,1,0,"[[""a"", ""p""]]",0.603
power,c20_n10000,19,9140019,V6,1,1,1,0,"[[""a"", ""p""]]",0.279
power,c20_n10000,19,9140019,V5,1,1,1,0,"[[""a"", ""p""]]",0.517
power,c20_n10000,20,9140020,V6,1,1,1,0,"[[""a"", ""p""]]",0.281
power,c20_n10000,20,9140020,V5,1,1,1,0,"[[""a"", ""p""]]",0.531
power,c20_n10000,21,9140021,V6,1,1,1,0,"[[""a"", ""p""]]",0.261
power,c20_n10000,21,9140021,V5,1,1,1,0,"[[""a"", ""p""]]",0.486
power,c20_n10000,22,9140022,V6,0,0,0,0,[],0.261
power,c20_n10000,22,9140022,V5,0,0,0,0,[],0.559
power,c20_n10000,23,9140023,V6,1,1,1,0,"[[""a"", ""p""]]",0.208
power,c20_n10000,23,9140023,V5,1,1,1,0,"[[""a"", ""p""]]",0.589
power,c20_n10000,24,9140024,V6,1,2,1,1,"[[""a"", ""p""], [""x2""]]",0.258
power,c20_n10000,24,9140024,V5,1,2,1,1,"[[""x2""], [""a"", ""p""]]",0.514
power,c20_n10000,25,9140025,V6,1,1,1,0,"[[""a"", ""p""]]",0.249
power,c20_n10000,25,9140025,V5,1,1,1,0,"[[""a"", ""p""]]",0.507
power,c20_n10000,26,9140026,V6,1,1,1,0,"[[""a"", ""p""]]",0.255
power,c20_n10000,26,9140026,V5,1,1,1,0,"[[""a"", ""p""]]",0.521
power,c20_n10000,27,9140027,V6,1,1,1,0,"[[""a"", ""p""]]",0.22
power,c20_n10000,27,9140027,V5,1,1,1,0,"[[""a"", ""p""]]",0.541
power,c20_n10000,28,9140028,V6,1,1,1,0,"[[""a"", ""p""]]",0.288
power,c20_n10000,28,9140028,V5,0,0,0,0,[],0.558
power,c20_n10000,29,9140029,V6,1,1,1,0,"[[""a"", ""p""]]",0.311
power,c20_n10000,29,9140029,V5,1,1,1,0,"[[""a"", ""p""]]",0.526
power,c20_n10000,30,9140030,V6,1,1,1,0,"[[""a"", ""p""]]",0.262
power,c20_n10000,30,9140030,V5,0,0,0,0,[],0.627
power,c20_n10000,31,9140031,V6,1,1,1,0,"[[""a"", ""p""]]",0.251
power,c20_n10000,31,9140031,V5,1,1,1,0,"[[""a"", ""p""]]",0.544
power,c20_n10000,32,9140032,V6,1,1,1,0,"[[""a"", ""p""]]",0.261
power,c20_n10000,32,9140032,V5,1,1,1,0,"[[""a"", ""p""]]",0.495
power,c20_n10000,33,9140033,V6,1,1,1,0,"[[""a"", ""p""]]",0.317
power,c20_n10000,33,9140033,V5,1,1,1,0,"[[""a"", ""p""]]",0.57
power,c20_n10000,34,9140034,V6,1,1,1,0,"[[""a"", ""p""]]",0.245
power,c20_n10000,34,9140034,V5,1,1,1,0,"[[""a"", ""p""]]",0.537
power,c20_n10000,35,9140035,V6,1,1,1,0,"[[""a"", ""p""]]",0.228
power,c20_n10000,35,9140035,V5,1,1,1,0,"[[""a"", ""p""]]",0.633
power,c20_n10000,36,9140036,V6,1,1,1,0,"[[""a"", ""p""]]",0.236
power,c20_n10000,36,9140036,V5,1,1,1,0,"[[""a"", ""p""]]",0.611
power,c20_n10000,37,9140037,V6,0,0,0,0,[],0.251
power,c20_n10000,37,9140037,V5,0,0,0,0,[],0.672
power,c20_n10000,38,9140038,V6,1,1,1,0,"[[""a"", ""p""]]",0.252
power,c20_n10000,38,9140038,V5,1,1,1,0,"[[""a"", ""p""]]",0.668
power,c20_n10000,39,9140039,V6,1,1,1,0,"[[""a"", ""p""]]",0.287
power,c20_n10000,39,9140039,V5,1,1,1,0,"[[""a"", ""p""]]",0.615
power,c20_n10000,40,9140040,V6,1,1,1,0,"[[""a"", ""p""]]",0.285
power,c20_n10000,40,9140040,V5,1,1,1,0,"[[""a"", ""p""]]",0.556
power,c20_n10000,41,9140041,V6,1,1,1,0,"[[""a"", ""p""]]",0.305
power,c20_n10000,41,9140041,V5,1,1,1,0,"[[""a"", ""p""]]",0.592
power,c20_n10000,42,9140042,V6,1,1,1,0,"[[""a"", ""p""]]",0.277
power,c20_n10000,42,9140042,V5,1,2,1,1,"[[""x1""], [""a"", ""p""]]",0.564
power,c20_n10000,43,9140043,V6,1,1,1,0,"[[""a"", ""p""]]",0.342
power,c20_n10000,43,9140043,V5,1,1,1,0,"[[""a"", ""p""]]",0.593
power,c20_n10000,44,9140044,V6,0,0,0,0,[],0.314
power,c20_n10000,44,9140044,V5,0,0,0,0,[],0.571
power,c20_n10000,45,9140045,V6,1,1,1,0,"[[""a"", ""p""]]",0.251
power,c20_n10000,45,9140045,V5,1,1,1,0,"[[""a"", ""p""]]",0.527
power,c20_n10000,46,9140046,V6,1,2,1,1,"[[""a"", ""p""], [""x1""]]",0.26
power,c20_n10000,46,9140046,V5,1,2,1,1,"[[""a"", ""p""], [""x1""]]",0.645
power,c20_n10000,47,9140047,V6,1,1,1,0,"[[""a"", ""p""]]",0.31
power,c20_n10000,47,9140047,V5,1,1,1,0,"[[""a"", ""p""]]",0.764
power,c20_n10000,48,9140048,V6,1,1,1,0,"[[""a"", ""p""]]",0.264
power,c20_n10000,48,9140048,V5,1,1,1,0,"[[""a"", ""p""]]",0.796
power,c20_n10000,49,9140049,V6,1,1,1,0,"[[""a"", ""p""]]",0.26
power,c20_n10000,49,9140049,V5,1,1,1,0,"[[""a"", ""p""]]",0.644
power,c20_n10000,50,9140050,V6,1,1,1,0,"[[""a"", ""p""]]",0.301
power,c20_n10000,50,9140050,V5,1,1,1,0,"[[""a"", ""p""]]",0.839
power,c20_n10000,51,9140051,V6,1,1,1,0,"[[""a"", ""p""]]",0.302
power,c20_n10000,51,9140051,V5,1,1,1,0,"[[""a"", ""p""]]",0.653
power,c20_n10000,52,9140052,V6,1,1,1,0,"[[""a"", ""p""]]",0.255
power,c20_n10000,52,9140052,V5,1,1,1,0,"[[""a"", ""p""]]",0.646
power,c20_n10000,53,9140053,V6,1,1,1,0,"[[""a"", ""p""]]",0.358
power,c20_n10000,53,9140053,V5,1,1,1,0,"[[""a"", ""p""]]",0.574
power,c20_n10000,54,9140054,V6,1,1,1,0,"[[""a"", ""p""]]",0.36
power,c20_n10000,54,9140054,V5,1,1,1,0,"[[""a"", ""p""]]",0.645
power,c20_n10000,55,9140055,V6,1,1,1,0,"[[""a"", ""p""]]",0.353
power,c20_n10000,55,9140055,V5,1,1,1,0,"[[""a"", ""p""]]",0.583
power,c20_n10000,56,9140056,V6,1,1,1,0,"[[""a"", ""p""]]",0.292
power,c20_n10000,56,9140056,V5,1,1,1,0,"[[""a"", ""p""]]",0.76
power,c20_n10000,57,9140057,V6,1,1,1,0,"[[""a"", ""p""]]",0.273
power,c20_n10000,57,9140057,V5,1,1,1,0,"[[""a"", ""p""]]",0.757
power,c20_n10000,58,9140058,V6,0,0,0,0,[],0.352
power,c20_n10000,58,9140058,V5,0,0,0,0,[],0.833
power,c20_n10000,59,9140059,V6,1,1,1,0,"[[""a"", ""p""]]",0.433
power,c20_n10000,59,9140059,V5,1,1,1,0,"[[""a"", ""p""]]",0.861
power,c20_n10000,60,9140060,V6,1,1,1,0,"[[""a"", ""p""]]",0.321
power,c20_n10000,60,9140060,V5,1,1,1,0,"[[""a"", ""p""]]",0.791
power,c20_n10000,61,9140061,V6,1,1,1,0,"[[""a"", ""p""]]",0.335
power,c20_n10000,61,9140061,V5,1,1,1,0,"[[""a"", ""p""]]",0.892
power,c20_n10000,62,9140062,V6,1,1,1,0,"[[""a"", ""p""]]",0.384
power,c20_n10000,62,9140062,V5,1,1,1,0,"[[""a"", ""p""]]",0.792
power,c20_n10000,63,9140063,V6,1,1,1,0,"[[""a"", ""p""]]",0.424
power,c20_n10000,63,9140063,V5,1,1,1,0,"[[""a"", ""p""]]",0.79
power,c20_n10000,64,9140064,V6,1,1,1,0,"[[""a"", ""p""]]",0.383
power,c20_n10000,64,9140064,V5,1,1,1,0,"[[""a"", ""p""]]",0.809
power,c20_n10000,65,9140065,V6,1,1,1,0,"[[""a"", ""p""]]",0.328
power,c20_n10000,65,9140065,V5,0,0,0,0,[],0.807
power,c20_n10000,66,9140066,V6,1,1,1,0,"[[""a"", ""p""]]",0.409
power,c20_n10000,66,9140066,V5,1,1,1,0,"[[""a"", ""p""]]",0.683
power,c20_n10000,67,9140067,V6,1,1,1,0,"[[""a"", ""p""]]",0.432
power,c20_n10000,67,9140067,V5,1,1,1,0,"[[""a"", ""p""]]",0.618
power,c20_n10000,68,9140068,V6,1,1,1,0,"[[""a"", ""p""]]",0.333
power,c20_n10000,68,9140068,V5,1,2,1,1,"[[""x5""], [""a"", ""p""]]",0.697
power,c20_n10000,69,9140069,V6,1,1,1,0,"[[""a"", ""p""]]",0.295
power,c20_n10000,69,9140069,V5,1,1,1,0,"[[""a"", ""p""]]",0.617
power,c20_n10000,70,9140070,V6,1,1,1,0,"[[""a"", ""p""]]",0.288
power,c20_n10000,70,9140070,V5,1,1,1,0,"[[""a"", ""p""]]",0.555
power,c20_n10000,71,9140071,V6,0,0,0,0,[],0.268
power,c20_n10000,71,9140071,V5,0,0,0,0,[],0.604
power,c20_n10000,72,9140072,V6,1,1,1,0,"[[""a"", ""p""]]",0.27
power,c20_n10000,72,9140072,V5,0,0,0,0,[],0.561
power,c20_n10000,73,9140073,V6,0,0,0,0,[],0.267
power,c20_n10000,73,9140073,V5,0,0,0,0,[],0.63
power,c20_n10000,74,9140074,V6,1,1,1,0,"[[""a"", ""p""]]",0.268
power,c20_n10000,74,9140074,V5,1,1,1,0,"[[""a"", ""p""]]",0.669
power,c20_n10000,75,9140075,V6,0,0,0,0,[],0.402
power,c20_n10000,75,9140075,V5,0,0,0,0,[],0.612
power,c20_n10000,76,9140076,V6,1,1,1,0,"[[""a"", ""p""]]",0.279
power,c20_n10000,76,9140076,V5,1,1,1,0,"[[""a"", ""p""]]",0.609
power,c20_n10000,77,9140077,V6,1,1,1,0,"[[""a"", ""p""]]",0.28
power,c20_n10000,77,9140077,V5,1,1,1,0,"[[""a"", ""p""]]",0.568
power,c20_n10000,78,9140078,V6,1,1,1,0,"[[""a"", ""p""]]",0.281
power,c20_n10000,78,9140078,V5,1,1,1,0,"[[""a"", ""p""]]",0.571
power,c20_n10000,79,9140079,V6,1,1,1,0,"[[""a"", ""p""]]",0.331
power,c20_n10000,79,9140079,V5,1,1,1,0,"[[""a"", ""p""]]",0.483
power,c20_n10000,80,9140080,V6,1,1,1,0,"[[""a"", ""p""]]",0.239
power,c20_n10000,80,9140080,V5,1,1,1,0,"[[""a"", ""p""]]",0.5
power,c20_n10000,81,9140081,V6,1,1,1,0,"[[""a"", ""p""]]",0.276
power,c20_n10000,81,9140081,V5,1,1,1,0,"[[""a"", ""p""]]",0.521
power,c20_n10000,82,9140082,V6,1,1,1,0,"[[""a"", ""p""]]",0.279
power,c20_n10000,82,9140082,V5,1,1,1,0,"[[""a"", ""p""]]",0.517
power,c20_n10000,83,9140083,V6,1,1,1,0,"[[""a"", ""p""]]",0.286
power,c20_n10000,83,9140083,V5,1,1,1,0,"[[""a"", ""p""]]",0.508
power,c20_n10000,84,9140084,V6,1,1,1,0,"[[""a"", ""p""]]",0.255
power,c20_n10000,84,9140084,V5,1,1,1,0,"[[""a"", ""p""]]",0.543
power,c20_n10000,85,9140085,V6,0,0,0,0,[],0.26
power,c20_n10000,85,9140085,V5,0,0,0,0,[],0.548
power,c20_n10000,86,9140086,V6,0,0,0,0,[],0.252
power,c20_n10000,86,9140086,V5,0,0,0,0,[],0.516
power,c20_n10000,87,9140087,V6,0,0,0,0,[],0.213
power,c20_n10000,87,9140087,V5,0,0,0,0,[],0.679
power,c20_n10000,88,9140088,V6,1,1,1,0,"[[""a"", ""p""]]",0.267
power,c20_n10000,88,9140088,V5,1,1,1,0,"[[""a"", ""p""]]",0.653
power,c20_n10000,89,9140089,V6,1,1,1,0,"[[""a"", ""p""]]",0.293
power,c20_n10000,89,9140089,V5,1,1,1,0,"[[""a"", ""p""]]",0.698
power,c20_n10000,90,9140090,V6,0,0,0,0,[],0.222
power,c20_n10000,90,9140090,V5,0,0,0,0,[],0.666
power,c20_n10000,91,9140091,V6,1,1,1,0,"[[""a"", ""p""]]",0.214
power,c20_n10000,91,9140091,V5,1,1,1,0,"[[""a"", ""p""]]",0.667
power,c20_n10000,92,9140092,V6,1,1,1,0,"[[""a"", ""p""]]",0.221
power,c20_n10000,92,9140092,V5,1,1,1,0,"[[""a"", ""p""]]",0.639
power,c20_n10000,93,9140093,V6,1,1,1,0,"[[""a"", ""p""]]",0.236
power,c20_n10000,93,9140093,V5,1,1,1,0,"[[""a"", ""p""]]",0.637
power,c20_n10000,94,9140094,V6,1,1,1,0,"[[""a"", ""p""]]",0.269
power,c20_n10000,94,9140094,V5,1,1,1,0,"[[""a"", ""p""]]",0.668
power,c20_n10000,95,9140095,V6,1,1,1,0,"[[""a"", ""p""]]",0.255
power,c20_n10000,95,9140095,V5,1,1,1,0,"[[""a"", ""p""]]",0.706
power,c20_n10000,96,9140096,V6,1,1,1,0,"[[""a"", ""p""]]",0.445
power,c20_n10000,96,9140096,V5,1,1,1,0,"[[""a"", ""p""]]",0.534
power,c20_n10000,97,9140097,V6,1,1,1,0,"[[""a"", ""p""]]",0.257
power,c20_n10000,97,9140097,V5,1,1,1,0,"[[""a"", ""p""]]",0.523
power,c20_n10000,98,9140098,V6,0,0,0,0,[],0.247
power,c20_n10000,98,9140098,V5,1,1,1,0,"[[""a"", ""p""]]",0.548
power,c20_n10000,99,9140099,V6,1,1,1,0,"[[""a"", ""p""]]",0.275
power,c20_n10000,99,9140099,V5,1,1,1,0,"[[""a"", ""p""]]",0.547
power,c20_n10000,100,9140100,V6,1,1,1,0,"[[""a"", ""p""]]",0.255
power,c20_n10000,100,9140100,V5,1,1,1,0,"[[""a"", ""p""]]",0.47
power,c20_n10000,101,9140101,V6,1,1,1,0,"[[""a"", ""p""]]",0.275
power,c20_n10000,101,9140101,V5,1,1,1,0,"[[""a"", ""p""]]",0.52
power,c20_n10000,102,9140102,V6,1,1,1,0,"[[""a"", ""p""]]",0.261
power,c20_n10000,102,9140102,V5,1,1,1,0,"[[""a"", ""p""]]",0.504
power,c20_n10000,103,9140103,V6,1,1,1,0,"[[""a"", ""p""]]",0.269
power,c20_n10000,103,9140103,V5,1,1,1,0,"[[""a"", ""p""]]",0.583
power,c20_n10000,104,9140104,V6,1,1,1,0,"[[""a"", ""p""]]",0.211
power,c20_n10000,104,9140104,V5,1,1,1,0,"[[""a"", ""p""]]",0.56
power,c20_n10000,105,9140105,V6,0,0,0,0,[],0.242
power,c20_n10000,105,9140105,V5,0,0,0,0,[],0.551
power,c20_n10000,106,9140106,V6,1,1,1,0,"[[""a"", ""p""]]",0.291
power,c20_n10000,106,9140106,V5,1,1,1,0,"[[""a"", ""p""]]",0.607
power,c20_n10000,107,9140107,V6,1,1,1,0,"[[""a"", ""p""]]",0.255
power,c20_n10000,107,9140107,V5,1,1,1,0,"[[""a"", ""p""]]",0.619
power,c20_n10000,108,9140108,V6,1,1,1,0,"[[""a"", ""p""]]",0.251
power,c20_n10000,108,9140108,V5,1,1,1,0,"[[""a"", ""p""]]",0.515
power,c20_n10000,109,9140109,V6,0,0,0,0,[],0.279
power,c20_n10000,109,9140109,V5,0,0,0,0,[],0.542
power,c20_n10000,110,9140110,V6,0,0,0,0,[],0.243
power,c20_n10000,110,9140110,V5,0,0,0,0,[],0.571
power,c20_n10000,111,9140111,V6,0,0,0,0,[],0.239
power,c20_n10000,111,9140111,V5,0,0,0,0,[],0.613
power,c20_n10000,112,9140112,V6,1,1,1,0,"[[""a"", ""p""]]",0.304
power,c20_n10000,112,9140112,V5,1,1,1,0,"[[""a"", ""p""]]",0.568
power,c20_n10000,113,9140113,V6,1,1,1,0,"[[""a"", ""p""]]",0.243
power,c20_n10000,113,9140113,V5,1,1,1,0,"[[""a"", ""p""]]",0.562
power,c20_n10000,114,9140114,V6,1,1,1,0,"[[""a"", ""p""]]",0.278
power,c20_n10000,114,9140114,V5,1,1,1,0,"[[""a"", ""p""]]",0.632
power,c20_n10000,115,9140115,V6,1,1,1,0,"[[""a"", ""p""]]",0.271
power,c20_n10000,115,9140115,V5,1,1,1,0,"[[""a"", ""p""]]",0.575
power,c20_n10000,116,9140116,V6,0,0,0,0,[],0.264
power,c20_n10000,116,9140116,V5,0,0,0,0,[],0.596
power,c20_n10000,117,9140117,V6,1,1,1,0,"[[""a"", ""p""]]",0.274
power,c20_n10000,117,9140117,V5,1,1,1,0,"[[""a"", ""p""]]",0.546
power,c20_n10000,118,9140118,V6,1,1,1,0,"[[""a"", ""p""]]",0.302
power,c20_n10000,118,9140118,V5,1,1,1,0,"[[""a"", ""p""]]",0.527
power,c20_n10000,119,9140119,V6,1,1,1,0,"[[""a"", ""p""]]",0.262
power,c20_n10000,119,9140119,V5,1,1,1,0,"[[""a"", ""p""]]",0.546
power,c20_n10000,120,9140120,V6,1,1,1,0,"[[""a"", ""p""]]",0.318
power,c20_n10000,120,9140120,V5,1,1,1,0,"[[""a"", ""p""]]",0.532
power,c20_n10000,121,9140121,V6,0,0,0,0,[],0.286
power,c20_n10000,121,9140121,V5,1,1,1,0,"[[""a"", ""p""]]",0.538
power,c20_n10000,122,9140122,V6,1,1,1,0,"[[""a"", ""p""]]",0.314
power,c20_n10000,122,9140122,V5,1,1,1,0,"[[""a"", ""p""]]",0.541
power,c20_n10000,123,9140123,V6,1,1,1,0,"[[""a"", ""p""]]",0.287
power,c20_n10000,123,9140123,V5,1,1,1,0,"[[""a"", ""p""]]",0.542
power,c20_n10000,124,9140124,V6,1,1,1,0,"[[""a"", ""p""]]",0.235
power,c20_n10000,124,9140124,V5,1,1,1,0,"[[""a"", ""p""]]",0.522
power,c20_n10000,125,9140125,V6,1,1,1,0,"[[""a"", ""p""]]",0.265
power,c20_n10000,125,9140125,V5,1,1,1,0,"[[""a"", ""p""]]",0.582
power,c20_n10000,126,9140126,V6,1,1,1,0,"[[""a"", ""p""]]",0.286
power,c20_n10000,126,9140126,V5,1,1,1,0,"[[""a"", ""p""]]",0.557
power,c20_n10000,127,9140127,V6,1,1,1,0,"[[""a"", ""p""]]",0.238
power,c20_n10000,127,9140127,V5,1,1,1,0,"[[""a"", ""p""]]",0.591
power,c20_n10000,128,9140128,V6,1,1,1,0,"[[""a"", ""p""]]",0.24
power,c20_n10000,128,9140128,V5,1,1,1,0,"[[""a"", ""p""]]",0.507
power,c20_n10000,129,9140129,V6,1,1,1,0,"[[""a"", ""p""]]",0.236
power,c20_n10000,129,9140129,V5,1,1,1,0,"[[""a"", ""p""]]",0.611
power,c20_n10000,130,9140130,V6,0,0,0,0,[],0.257
power,c20_n10000,130,9140130,V5,0,0,0,0,[],0.517
power,c20_n10000,131,9140131,V6,1,1,1,0,"[[""a"", ""p""]]",0.267
power,c20_n10000,131,9140131,V5,1,1,1,0,"[[""a"", ""p""]]",0.567
power,c20_n10000,132,9140132,V6,1,1,1,0,"[[""a"", ""p""]]",0.261
power,c20_n10000,132,9140132,V5,0,0,0,0,[],0.504
power,c20_n10000,133,9140133,V6,1,1,1,0,"[[""a"", ""p""]]",0.255
power,c20_n10000,133,9140133,V5,1,1,1,0,"[[""a"", ""p""]]",0.521
power,c20_n10000,134,9140134,V6,1,1,1,0,"[[""a"", ""p""]]",0.24
power,c20_n10000,134,9140134,V5,1,1,1,0,"[[""a"", ""p""]]",0.5
power,c20_n10000,135,9140135,V6,1,1,1,0,"[[""a"", ""p""]]",0.249
power,c20_n10000,135,9140135,V5,1,1,1,0,"[[""a"", ""p""]]",0.51
power,c20_n10000,136,9140136,V6,1,1,1,0,"[[""a"", ""p""]]",0.241
power,c20_n10000,136,9140136,V5,1,1,1,0,"[[""a"", ""p""]]",0.569
power,c20_n10000,137,9140137,V6,1,1,1,0,"[[""a"", ""p""]]",0.264
power,c20_n10000,137,9140137,V5,1,1,1,0,"[[""a"", ""p""]]",0.603
power,c20_n10000,138,9140138,V6,1,1,1,0,"[[""a"", ""p""]]",0.304
power,c20_n10000,138,9140138,V5,1,1,1,0,"[[""a"", ""p""]]",0.509
power,c20_n10000,139,9140139,V6,1,1,1,0,"[[""a"", ""p""]]",0.249
power,c20_n10000,139,9140139,V5,1,1,1,0,"[[""a"", ""p""]]",0.566
power,c20_n10000,140,9140140,V6,1,1,1,0,"[[""a"", ""p""]]",0.268
power,c20_n10000,140,9140140,V5,1,1,1,0,"[[""a"", ""p""]]",0.564
power,c20_n10000,141,9140141,V6,1,1,1,0,"[[""a"", ""p""]]",0.279
power,c20_n10000,141,9140141,V5,1,1,1,0,"[[""a"", ""p""]]",0.53
power,c20_n10000,142,9140142,V6,1,1,1,0,"[[""a"", ""p""]]",0.245
power,c20_n10000,142,9140142,V5,1,1,1,0,"[[""a"", ""p""]]",0.478
power,c20_n10000,143,9140143,V6,1,1,1,0,"[[""a"", ""p""]]",0.238
power,c20_n10000,143,9140143,V5,1,1,1,0,"[[""a"", ""p""]]",0.529
power,c20_n10000,144,9140144,V6,1,1,1,0,"[[""a"", ""p""]]",0.241
power,c20_n10000,144,9140144,V5,1,1,1,0,"[[""a"", ""p""]]",0.517
power,c20_n10000,145,9140145,V6,1,1,1,0,"[[""a"", ""p""]]",0.245
power,c20_n10000,145,9140145,V5,1,1,1,0,"[[""a"", ""p""]]",0.504
power,c20_n10000,146,9140146,V6,1,1,1,0,"[[""a"", ""p""]]",0.271
power,c20_n10000,146,9140146,V5,1,1,1,0,"[[""a"", ""p""]]",0.512
power,c20_n10000,147,9140147,V6,0,0,0,0,[],0.312
power,c20_n10000,147,9140147,V5,0,0,0,0,[],0.53
power,c20_n10000,148,9140148,V6,1,1,1,0,"[[""a"", ""p""]]",0.25
power,c20_n10000,148,9140148,V5,1,1,1,0,"[[""a"", ""p""]]",0.493
power,c20_n10000,149,9140149,V6,1,1,1,0,"[[""a"", ""p""]]",0.242
power,c20_n10000,149,9140149,V5,1,1,1,0,"[[""a"", ""p""]]",0.558
power,c20_n10000,150,9140150,V6,1,1,1,0,"[[""a"", ""p""]]",0.233
power,c20_n10000,150,9140150,V5,1,1,1,0,"[[""a"", ""p""]]",0.542
power,c20_n10000,151,9140151,V6,1,1,1,0,"[[""a"", ""p""]]",0.27
power,c20_n10000,151,9140151,V5,1,1,1,0,"[[""a"", ""p""]]",0.505
power,c20_n10000,152,9140152,V6,1,1,1,0,"[[""a"", ""p""]]",0.275
power,c20_n10000,152,9140152,V5,1,1,1,0,"[[""a"", ""p""]]",0.508
power,c20_n10000,153,9140153,V6,1,1,1,0,"[[""a"", ""p""]]",0.302
power,c20_n10000,153,9140153,V5,1,1,1,0,"[[""a"", ""p""]]",0.592
power,c20_n10000,154,9140154,V6,1,1,1,0,"[[""a"", ""p""]]",0.302
power,c20_n10000,154,9140154,V5,1,1,1,0,"[[""a"", ""p""]]",0.58
power,c20_n10000,155,9140155,V6,1,1,1,0,"[[""a"", ""p""]]",0.253
power,c20_n10000,155,9140155,V5,1,1,1,0,"[[""a"", ""p""]]",0.564
power,c20_n10000,156,9140156,V6,1,1,1,0,"[[""a"", ""p""]]",0.307
power,c20_n10000,156,9140156,V5,1,1,1,0,"[[""a"", ""p""]]",0.531
power,c20_n10000,157,9140157,V6,1,1,1,0,"[[""a"", ""p""]]",0.273
power,c20_n10000,157,9140157,V5,1,1,1,0,"[[""a"", ""p""]]",0.498
power,c20_n10000,158,9140158,V6,1,1,1,0,"[[""a"", ""p""]]",0.271
power,c20_n10000,158,9140158,V5,1,1,1,0,"[[""a"", ""p""]]",0.532
power,c20_n10000,159,9140159,V6,0,0,0,0,[],0.267
power,c20_n10000,159,9140159,V5,0,0,0,0,[],0.551
power,c20_n10000,160,9140160,V6,1,1,1,0,"[[""a"", ""p""]]",0.256
power,c20_n10000,160,9140160,V5,1,1,1,0,"[[""a"", ""p""]]",0.542
power,c20_n10000,161,9140161,V6,1,1,1,0,"[[""a"", ""p""]]",0.253
power,c20_n10000,161,9140161,V5,1,1,1,0,"[[""a"", ""p""]]",0.555
power,c20_n10000,162,9140162,V6,1,1,1,0,"[[""a"", ""p""]]",0.258
power,c20_n10000,162,9140162,V5,1,1,1,0,"[[""a"", ""p""]]",0.566
power,c20_n10000,163,9140163,V6,1,2,1,1,"[[""a"", ""p""], [""x1""]]",0.238
power,c20_n10000,163,9140163,V5,1,1,1,0,"[[""a"", ""p""]]",0.546
power,c20_n10000,164,9140164,V6,1,1,1,0,"[[""a"", ""p""]]",0.252
power,c20_n10000,164,9140164,V5,1,1,1,0,"[[""a"", ""p""]]",0.536
power,c20_n10000,165,9140165,V6,1,1,1,0,"[[""a"", ""p""]]",0.314
power,c20_n10000,165,9140165,V5,1,1,1,0,"[[""a"", ""p""]]",0.584
power,c20_n10000,166,9140166,V6,1,1,1,0,"[[""a"", ""p""]]",0.254
power,c20_n10000,166,9140166,V5,1,1,1,0,"[[""a"", ""p""]]",0.505
power,c20_n10000,167,9140167,V6,1,1,1,0,"[[""a"", ""p""]]",0.25
power,c20_n10000,167,9140167,V5,1,1,1,0,"[[""a"", ""p""]]",0.495
power,c20_n10000,168,9140168,V6,1,1,1,0,"[[""a"", ""p""]]",0.239
power,c20_n10000,168,9140168,V5,1,1,1,0,"[[""a"", ""p""]]",0.515
power,c20_n10000,169,9140169,V6,1,1,1,0,"[[""a"", ""p""]]",0.279
power,c20_n10000,169,9140169,V5,1,1,1,0,"[[""a"", ""p""]]",0.503
power,c20_n10000,170,9140170,V6,0,0,0,0,[],0.265
power,c20_n10000,170,9140170,V5,1,1,1,0,"[[""a"", ""p""]]",0.517
power,c20_n10000,171,9140171,V6,0,0,0,0,[],0.255
power,c20_n10000,171,9140171,V5,0,0,0,0,[],0.499
power,c20_n10000,172,9140172,V6,1,1,1,0,"[[""a"", ""p""]]",0.249
power,c20_n10000,172,9140172,V5,1,1,1,0,"[[""a"", ""p""]]",0.561
power,c20_n10000,173,9140173,V6,0,0,0,0,[],0.262
power,c20_n10000,173,9140173,V5,1,1,1,0,"[[""a"", ""p""]]",0.491
power,c20_n10000,174,9140174,V6,1,1,1,0,"[[""a"", ""p""]]",0.277
power,c20_n10000,174,9140174,V5,1,1,1,0,"[[""a"", ""p""]]",0.55
power,c20_n10000,175,9140175,V6,1,1,1,0,"[[""a"", ""p""]]",0.227
power,c20_n10000,175,9140175,V5,1,1,1,0,"[[""a"", ""p""]]",0.506
power,c20_n10000,176,9140176,V6,1,1,1,0,"[[""a"", ""p""]]",0.224
power,c20_n10000,176,9140176,V5,1,1,1,0,"[[""a"", ""p""]]",0.483
power,c20_n10000,177,9140177,V6,0,0,0,0,[],0.263
power,c20_n10000,177,9140177,V5,0,0,0,0,[],0.548
power,c20_n10000,178,9140178,V6,1,1,1,0,"[[""a"", ""p""]]",0.231
power,c20_n10000,178,9140178,V5,1,1,1,0,"[[""a"", ""p""]]",0.479
power,c20_n10000,179,9140179,V6,1,1,1,0,"[[""a"", ""p""]]",0.254
power,c20_n10000,179,9140179,V5,1,1,1,0,"[[""a"", ""p""]]",0.542
power,c20_n10000,180,9140180,V6,1,1,1,0,"[[""a"", ""p""]]",0.262
power,c20_n10000,180,9140180,V5,1,1,1,0,"[[""a"", ""p""]]",0.485
power,c20_n10000,181,9140181,V6,1,1,1,0,"[[""a"", ""p""]]",0.223
power,c20_n10000,181,9140181,V5,1,1,1,0,"[[""a"", ""p""]]",0.574
power,c20_n10000,182,9140182,V6,1,1,1,0,"[[""a"", ""p""]]",0.243
power,c20_n10000,182,9140182,V5,1,1,1,0,"[[""a"", ""p""]]",0.549
power,c20_n10000,183,9140183,V6,1,1,1,0,"[[""a"", ""p""]]",0.23
power,c20_n10000,183,9140183,V5,1,1,1,0,"[[""a"", ""p""]]",0.525
power,c20_n10000,184,9140184,V6,1,1,1,0,"[[""a"", ""p""]]",0.28
power,c20_n10000,184,9140184,V5,1,1,1,0,"[[""a"", ""p""]]",0.562
power,c20_n10000,185,9140185,V6,1,1,1,0,"[[""a"", ""p""]]",0.217
power,c20_n10000,185,9140185,V5,1,1,1,0,"[[""a"", ""p""]]",0.562
power,c20_n10000,186,9140186,V6,1,1,1,0,"[[""a"", ""p""]]",0.251
power,c20_n10000,186,9140186,V5,1,1,1,0,"[[""a"", ""p""]]",0.643
power,c20_n10000,187,9140187,V6,0,0,0,0,[],0.246
power,c20_n10000,187,9140187,V5,0,0,0,0,[],0.575
power,c20_n10000,188,9140188,V6,1,1,1,0,"[[""a"", ""p""]]",0.298
power,c20_n10000,188,9140188,V5,1,1,1,0,"[[""a"", ""p""]]",0.558
power,c20_n10000,189,9140189,V6,1,1,1,0,"[[""a"", ""p""]]",0.298
power,c20_n10000,189,9140189,V5,1,1,1,0,"[[""a"", ""p""]]",0.593
power,c20_n10000,190,9140190,V6,0,0,0,0,[],0.25
power,c20_n10000,190,9140190,V5,0,0,0,0,[],0.562
power,c20_n10000,191,9140191,V6,1,1,1,0,"[[""a"", ""p""]]",0.259
power,c20_n10000,191,9140191,V5,1,1,1,0,"[[""a"", ""p""]]",0.654
power,c20_n10000,192,9140192,V6,1,1,1,0,"[[""a"", ""p""]]",0.278
power,c20_n10000,192,9140192,V5,1,1,1,0,"[[""a"", ""p""]]",0.62
power,c20_n10000,193,9140193,V6,1,1,1,0,"[[""a"", ""p""]]",0.322
power,c20_n10000,193,9140193,V5,1,1,1,0,"[[""a"", ""p""]]",0.639
power,c20_n10000,194,9140194,V6,1,1,1,0,"[[""a"", ""p""]]",0.277
power,c20_n10000,194,9140194,V5,1,1,1,0,"[[""a"", ""p""]]",0.6
power,c20_n10000,195,9140195,V6,1,1,1,0,"[[""a"", ""p""]]",0.304
power,c20_n10000,195,9140195,V5,0,0,0,0,[],0.644
power,c20_n10000,196,9140196,V6,1,1,1,0,"[[""a"", ""p""]]",0.265
power,c20_n10000,196,9140196,V5,1,1,1,0,"[[""a"", ""p""]]",0.629
power,c20_n10000,197,9140197,V6,0,0,0,0,[],0.352
power,c20_n10000,197,9140197,V5,0,0,0,0,[],0.569
power,c20_n10000,198,9140198,V6,1,1,1,0,"[[""a"", ""p""]]",0.306
power,c20_n10000,198,9140198,V5,1,1,1,0,"[[""a"", ""p""]]",0.608
power,c20_n10000,199,9140199,V6,1,2,1,1,"[[""a"", ""p""], [""x5""]]",0.319
power,c20_n10000,199,9140199,V5,1,2,1,1,"[[""a"", ""p""], [""x5""]]",0.535
power,c20_n10000,200,9140200,V6,1,1,1,0,"[[""a"", ""p""]]",0.302
power,c20_n10000,200,9140200,V5,1,1,1,0,"[[""a"", ""p""]]",0.558
power,c20_n10000,201,9140201,V6,1,1,1,0,"[[""a"", ""p""]]",0.305
power,c20_n10000,201,9140201,V5,1,1,1,0,"[[""a"", ""p""]]",0.619
power,c20_n10000,202,9140202,V6,1,1,1,0,"[[""a"", ""p""]]",0.271
power,c20_n10000,202,9140202,V5,1,1,1,0,"[[""a"", ""p""]]",0.641
power,c20_n10000,203,9140203,V6,1,1,1,0,"[[""a"", ""p""]]",0.286
power,c20_n10000,203,9140203,V5,1,1,1,0,"[[""a"", ""p""]]",0.606
power,c20_n10000,204,9140204,V6,1,1,1,0,"[[""a"", ""p""]]",0.223
power,c20_n10000,204,9140204,V5,1,1,1,0,"[[""a"", ""p""]]",0.591
power,c20_n10000,205,9140205,V6,1,1,1,0,"[[""a"", ""p""]]",0.325
power,c20_n10000,205,9140205,V5,1,1,1,0,"[[""a"", ""p""]]",0.568
power,c20_n10000,206,9140206,V6,1,1,1,0,"[[""a"", ""p""]]",0.321
power,c20_n10000,206,9140206,V5,1,1,1,0,"[[""a"", ""p""]]",0.533
power,c20_n10000,207,9140207,V6,1,1,1,0,"[[""a"", ""p""]]",0.283
power,c20_n10000,207,9140207,V5,1,1,1,0,"[[""a"", ""p""]]",0.556
power,c20_n10000,208,9140208,V6,1,1,1,0,"[[""a"", ""p""]]",0.279
power,c20_n10000,208,9140208,V5,1,1,1,0,"[[""a"", ""p""]]",0.564
power,c20_n10000,209,9140209,V6,1,1,1,0,"[[""a"", ""p""]]",0.269
power,c20_n10000,209,9140209,V5,1,1,1,0,"[[""a"", ""p""]]",0.588
power,c20_n10000,210,9140210,V6,1,1,1,0,"[[""a"", ""p""]]",0.297
power,c20_n10000,210,9140210,V5,1,1,1,0,"[[""a"", ""p""]]",0.566
power,c20_n10000,211,9140211,V6,1,1,1,0,"[[""a"", ""p""]]",0.274
power,c20_n10000,211,9140211,V5,1,1,1,0,"[[""a"", ""p""]]",0.566
power,c20_n10000,212,9140212,V6,1,1,1,0,"[[""a"", ""p""]]",0.287
power,c20_n10000,212,9140212,V5,1,1,1,0,"[[""a"", ""p""]]",0.527
power,c20_n10000,213,9140213,V6,1,1,1,0,"[[""a"", ""p""]]",0.246
power,c20_n10000,213,9140213,V5,1,1,1,0,"[[""a"", ""p""]]",0.553
power,c20_n10000,214,9140214,V6,0,0,0,0,[],0.278
power,c20_n10000,214,9140214,V5,0,0,0,0,[],0.608
power,c20_n10000,215,9140215,V6,1,1,1,0,"[[""a"", ""p""]]",0.266
power,c20_n10000,215,9140215,V5,1,1,1,0,"[[""a"", ""p""]]",0.563
power,c20_n10000,216,9140216,V6,1,1,1,0,"[[""a"", ""p""]]",0.264
power,c20_n10000,216,9140216,V5,1,1,1,0,"[[""a"", ""p""]]",0.515
power,c20_n10000,217,9140217,V6,1,1,1,0,"[[""a"", ""p""]]",0.249
power,c20_n10000,217,9140217,V5,1,1,1,0,"[[""a"", ""p""]]",0.602
power,c20_n10000,218,9140218,V6,1,1,1,0,"[[""a"", ""p""]]",0.265
power,c20_n10000,218,9140218,V5,1,1,1,0,"[[""a"", ""p""]]",0.53
power,c20_n10000,219,9140219,V6,1,1,1,0,"[[""a"", ""p""]]",0.299
power,c20_n10000,219,9140219,V5,1,1,1,0,"[[""a"", ""p""]]",0.525
power,c20_n10000,220,9140220,V6,1,1,1,0,"[[""a"", ""p""]]",0.261
power,c20_n10000,220,9140220,V5,1,1,1,0,"[[""a"", ""p""]]",0.509
power,c20_n10000,221,9140221,V6,1,1,1,0,"[[""a"", ""p""]]",0.285
power,c20_n10000,221,9140221,V5,1,1,1,0,"[[""a"", ""p""]]",0.586
power,c20_n10000,222,9140222,V6,0,0,0,0,[],0.293
power,c20_n10000,222,9140222,V5,0,0,0,0,[],0.592
power,c20_n10000,223,9140223,V6,1,1,1,0,"[[""a"", ""p""]]",0.223
power,c20_n10000,223,9140223,V5,1,1,1,0,"[[""a"", ""p""]]",0.617
power,c20_n10000,224,9140224,V6,1,1,1,0,"[[""a"", ""p""]]",0.263
power,c20_n10000,224,9140224,V5,1,1,1,0,"[[""a"", ""p""]]",0.514
power,c20_n10000,225,9140225,V6,1,1,1,0,"[[""a"", ""p""]]",0.238
power,c20_n10000,225,9140225,V5,1,1,1,0,"[[""a"", ""p""]]",0.512
power,c20_n10000,226,9140226,V6,1,1,1,0,"[[""a"", ""p""]]",0.285
power,c20_n10000,226,9140226,V5,1,1,1,0,"[[""a"", ""p""]]",0.601
power,c20_n10000,227,9140227,V6,1,1,1,0,"[[""a"", ""p""]]",0.262
power,c20_n10000,227,9140227,V5,1,1,1,0,"[[""a"", ""p""]]",0.49
power,c20_n10000,228,9140228,V6,1,1,1,0,"[[""a"", ""p""]]",0.25
power,c20_n10000,228,9140228,V5,1,1,1,0,"[[""a"", ""p""]]",0.564
power,c20_n10000,229,9140229,V6,1,1,1,0,"[[""a"", ""p""]]",0.231
power,c20_n10000,229,9140229,V5,1,1,1,0,"[[""a"", ""p""]]",0.545
power,c20_n10000,230,9140230,V6,1,2,1,1,"[[""a"", ""p""], [""x1""]]",0.282
power,c20_n10000,230,9140230,V5,1,2,1,1,"[[""a"", ""p""], [""x1""]]",0.533
power,c20_n10000,231,9140231,V6,1,1,1,0,"[[""a"", ""p""]]",0.225
power,c20_n10000,231,9140231,V5,1,1,1,0,"[[""a"", ""p""]]",0.524
power,c20_n10000,232,9140232,V6,1,1,1,0,"[[""a"", ""p""]]",0.222
power,c20_n10000,232,9140232,V5,1,1,1,0,"[[""a"", ""p""]]",0.503
power,c20_n10000,233,9140233,V6,1,1,1,0,"[[""a"", ""p""]]",0.269
power,c20_n10000,233,9140233,V5,1,1,1,0,"[[""a"", ""p""]]",0.573
power,c20_n10000,234,9140234,V6,0,0,0,0,[],0.257
power,c20_n10000,234,9140234,V5,0,0,0,0,[],0.526
power,c20_n10000,235,9140235,V6,1,1,1,0,"[[""a"", ""p""]]",0.229
power,c20_n10000,235,9140235,V5,1,1,1,0,"[[""a"", ""p""]]",0.614
power,c20_n10000,236,9140236,V6,1,1,1,0,"[[""a"", ""p""]]",0.259
power,c20_n10000,236,9140236,V5,1,1,1,0,"[[""a"", ""p""]]",0.613
power,c20_n10000,237,9140237,V6,0,0,0,0,[],0.257
power,c20_n10000,237,9140237,V5,0,0,0,0,[],0.54
power,c20_n10000,238,9140238,V6,1,1,1,0,"[[""a"", ""p""]]",0.323
power,c20_n10000,238,9140238,V5,1,1,1,0,"[[""a"", ""p""]]",0.61
power,c20_n10000,239,9140239,V6,1,1,1,0,"[[""a"", ""p""]]",0.274
power,c20_n10000,239,9140239,V5,1,1,1,0,"[[""a"", ""p""]]",0.535
power,c20_n10000,240,9140240,V6,1,1,1,0,"[[""a"", ""p""]]",0.226
power,c20_n10000,240,9140240,V5,1,1,1,0,"[[""a"", ""p""]]",0.524
power,c20_n10000,241,9140241,V6,1,2,1,1,"[[""a"", ""p""], [""x2""]]",0.289
power,c20_n10000,241,9140241,V5,1,2,1,1,"[[""a"", ""p""], [""x2""]]",0.541
power,c20_n10000,242,9140242,V6,1,1,1,0,"[[""a"", ""p""]]",0.252
power,c20_n10000,242,9140242,V5,1,1,1,0,"[[""a"", ""p""]]",0.527
power,c20_n10000,243,9140243,V6,1,1,1,0,"[[""a"", ""p""]]",0.224
power,c20_n10000,243,9140243,V5,1,1,1,0,"[[""a"", ""p""]]",0.568
power,c20_n10000,244,9140244,V6,1,1,1,0,"[[""a"", ""p""]]",0.238
power,c20_n10000,244,9140244,V5,1,1,1,0,"[[""a"", ""p""]]",0.542
power,c20_n10000,245,9140245,V6,1,1,1,0,"[[""a"", ""p""]]",0.224
power,c20_n10000,245,9140245,V5,0,0,0,0,[],0.498
power,c20_n10000,246,9140246,V6,1,1,1,0,"[[""a"", ""p""]]",0.241
power,c20_n10000,246,9140246,V5,1,1,1,0,"[[""a"", ""p""]]",0.532
power,c20_n10000,247,9140247,V6,1,1,1,0,"[[""a"", ""p""]]",0.234
power,c20_n10000,247,9140247,V5,1,1,1,0,"[[""a"", ""p""]]",0.565
power,c20_n10000,248,9140248,V6,1,1,1,0,"[[""a"", ""p""]]",0.256
power,c20_n10000,248,9140248,V5,1,1,1,0,"[[""a"", ""p""]]",0.486
power,c20_n10000,249,9140249,V6,1,1,1,0,"[[""a"", ""p""]]",0.24
power,c20_n10000,249,9140249,V5,1,1,1,0,"[[""a"", ""p""]]",0.476
power,c20_n10000,250,9140250,V6,1,1,1,0,"[[""a"", ""p""]]",0.266
power,c20_n10000,250,9140250,V5,1,2,1,1,"[[""a"", ""p""], [""x5""]]",0.58
power,c20_n10000,251,9140251,V6,1,1,1,0,"[[""a"", ""p""]]",0.283
power,c20_n10000,251,9140251,V5,1,1,1,0,"[[""a"", ""p""]]",0.583
power,c20_n10000,252,9140252,V6,1,1,1,0,"[[""a"", ""p""]]",0.304
power,c20_n10000,252,9140252,V5,0,0,0,0,[],0.559
power,c20_n10000,253,9140253,V6,1,1,1,0,"[[""a"", ""p""]]",0.293
power,c20_n10000,253,9140253,V5,1,1,1,0,"[[""a"", ""p""]]",0.558
power,c20_n10000,254,9140254,V6,1,1,1,0,"[[""a"", ""p""]]",0.237
power,c20_n10000,254,9140254,V5,1,1,1,0,"[[""a"", ""p""]]",0.597
power,c20_n10000,255,9140255,V6,1,1,1,0,"[[""a"", ""p""]]",0.254
power,c20_n10000,255,9140255,V5,1,1,1,0,"[[""a"", ""p""]]",0.613
power,c20_n10000,256,9140256,V6,1,1,1,0,"[[""a"", ""p""]]",0.272
power,c20_n10000,256,9140256,V5,1,1,1,0,"[[""a"", ""p""]]",0.648
power,c20_n10000,257,9140257,V6,1,1,1,0,"[[""a"", ""p""]]",0.273
power,c20_n10000,257,9140257,V5,1,1,1,0,"[[""a"", ""p""]]",0.616
power,c20_n10000,258,9140258,V6,1,1,1,0,"[[""a"", ""p""]]",0.271
power,c20_n10000,258,9140258,V5,1,1,1,0,"[[""a"", ""p""]]",0.595
power,c20_n10000,259,9140259,V6,1,1,1,0,"[[""a"", ""p""]]",0.278
power,c20_n10000,259,9140259,V5,1,1,1,0,"[[""a"", ""p""]]",0.543
power,c20_n10000,260,9140260,V6,1,1,1,0,"[[""a"", ""p""]]",0.287
power,c20_n10000,260,9140260,V5,1,1,1,0,"[[""a"", ""p""]]",0.6
power,c20_n10000,261,9140261,V6,1,1,1,0,"[[""a"", ""p""]]",0.284
power,c20_n10000,261,9140261,V5,1,1,1,0,"[[""a"", ""p""]]",0.599
power,c20_n10000,262,9140262,V6,0,0,0,0,[],0.307
power,c20_n10000,262,9140262,V5,0,0,0,0,[],0.549
power,c20_n10000,263,9140263,V6,1,1,1,0,"[[""a"", ""p""]]",0.279
power,c20_n10000,263,9140263,V5,1,1,1,0,"[[""a"", ""p""]]",0.575
power,c20_n10000,264,9140264,V6,0,0,0,0,[],0.319
power,c20_n10000,264,9140264,V5,0,0,0,0,[],0.556
power,c20_n10000,265,9140265,V6,1,1,1,0,"[[""a"", ""p""]]",0.343
power,c20_n10000,265,9140265,V5,1,1,1,0,"[[""a"", ""p""]]",0.533
power,c20_n10000,266,9140266,V6,1,1,1,0,"[[""a"", ""p""]]",0.32
power,c20_n10000,266,9140266,V5,1,1,1,0,"[[""a"", ""p""]]",0.534
power,c20_n10000,267,9140267,V6,1,1,1,0,"[[""a"", ""p""]]",0.287
power,c20_n10000,267,9140267,V5,1,1,1,0,"[[""a"", ""p""]]",0.544
power,c20_n10000,268,9140268,V6,1,1,1,0,"[[""a"", ""p""]]",0.269
power,c20_n10000,268,9140268,V5,1,1,1,0,"[[""a"", ""p""]]",0.491
power,c20_n10000,269,9140269,V6,1,1,1,0,"[[""a"", ""p""]]",0.263
power,c20_n10000,269,9140269,V5,1,1,1,0,"[[""a"", ""p""]]",0.574
power,c20_n10000,270,9140270,V6,1,1,1,0,"[[""a"", ""p""]]",0.276
power,c20_n10000,270,9140270,V5,1,1,1,0,"[[""a"", ""p""]]",0.523
power,c20_n10000,271,9140271,V6,1,1,1,0,"[[""a"", ""p""]]",0.294
power,c20_n10000,271,9140271,V5,1,1,1,0,"[[""a"", ""p""]]",0.509
power,c20_n10000,272,9140272,V6,1,1,1,0,"[[""a"", ""p""]]",0.222
power,c20_n10000,272,9140272,V5,1,1,1,0,"[[""a"", ""p""]]",0.524
power,c20_n10000,273,9140273,V6,0,0,0,0,[],0.229
power,c20_n10000,273,9140273,V5,1,1,1,0,"[[""a"", ""p""]]",0.492
power,c20_n10000,274,9140274,V6,1,1,1,0,"[[""a"", ""p""]]",0.25
power,c20_n10000,274,9140274,V5,1,1,1,0,"[[""a"", ""p""]]",0.516
power,c20_n10000,275,9140275,V6,0,0,0,0,[],0.239
power,c20_n10000,275,9140275,V5,0,0,0,0,[],0.566
power,c20_n10000,276,9140276,V6,1,1,1,0,"[[""a"", ""p""]]",0.247
power,c20_n10000,276,9140276,V5,1,1,1,0,"[[""a"", ""p""]]",0.636
power,c20_n10000,277,9140277,V6,1,1,1,0,"[[""a"", ""p""]]",0.254
power,c20_n10000,277,9140277,V5,1,1,1,0,"[[""a"", ""p""]]",0.605
power,c20_n10000,278,9140278,V6,1,1,1,0,"[[""a"", ""p""]]",0.253
power,c20_n10000,278,9140278,V5,1,1,1,0,"[[""a"", ""p""]]",0.596
power,c20_n10000,279,9140279,V6,1,1,1,0,"[[""a"", ""p""]]",0.257
power,c20_n10000,279,9140279,V5,1,1,1,0,"[[""a"", ""p""]]",0.632
power,c20_n10000,280,9140280,V6,0,0,0,0,[],0.344
power,c20_n10000,280,9140280,V5,0,0,0,0,[],0.566
power,c20_n10000,281,9140281,V6,1,1,1,0,"[[""a"", ""p""]]",0.24
power,c20_n10000,281,9140281,V5,0,0,0,0,[],0.63
power,c20_n10000,282,9140282,V6,1,1,1,0,"[[""a"", ""p""]]",0.289
power,c20_n10000,282,9140282,V5,1,1,1,0,"[[""a"", ""p""]]",0.546
power,c20_n10000,283,9140283,V6,0,0,0,0,[],0.352
power,c20_n10000,283,9140283,V5,0,0,0,0,[],0.576
power,c20_n10000,284,9140284,V6,0,0,0,0,[],0.309
power,c20_n10000,284,9140284,V5,0,0,0,0,[],0.495
power,c20_n10000,285,9140285,V6,1,1,1,0,"[[""a"", ""p""]]",0.244
power,c20_n10000,285,9140285,V5,1,1,1,0,"[[""a"", ""p""]]",0.576
power,c20_n10000,286,9140286,V6,1,1,1,0,"[[""a"", ""p""]]",0.271
power,c20_n10000,286,9140286,V5,1,1,1,0,"[[""a"", ""p""]]",0.511
power,c20_n10000,287,9140287,V6,1,1,1,0,"[[""a"", ""p""]]",0.241
power,c20_n10000,287,9140287,V5,1,1,1,0,"[[""a"", ""p""]]",0.538
power,c20_n10000,288,9140288,V6,0,0,0,0,[],0.224
power,c20_n10000,288,9140288,V5,0,0,0,0,[],0.565
power,c20_n10000,289,9140289,V6,1,1,1,0,"[[""a"", ""p""]]",0.264
power,c20_n10000,289,9140289,V5,0,0,0,0,[],0.516
power,c20_n10000,290,9140290,V6,1,1,1,0,"[[""a"", ""p""]]",0.241
power,c20_n10000,290,9140290,V5,1,1,1,0,"[[""a"", ""p""]]",0.516
power,c20_n10000,291,9140291,V6,0,0,0,0,[],0.269
power,c20_n10000,291,9140291,V5,0,0,0,0,[],0.517
power,c20_n10000,292,9140292,V6,1,1,1,0,"[[""a"", ""p""]]",0.248
power,c20_n10000,292,9140292,V5,1,1,1,0,"[[""a"", ""p""]]",0.584
power,c20_n10000,293,9140293,V6,1,1,1,0,"[[""a"", ""p""]]",0.244
power,c20_n10000,293,9140293,V5,1,1,1,0,"[[""a"", ""p""]]",0.605
power,c20_n10000,294,9140294,V6,0,0,0,0,[],0.262
power,c20_n10000,294,9140294,V5,0,0,0,0,[],0.51
power,c20_n10000,295,9140295,V6,0,0,0,0,[],0.254
power,c20_n10000,295,9140295,V5,0,0,0,0,[],0.489
power,c20_n10000,296,9140296,V6,1,1,1,0,"[[""a"", ""p""]]",0.252
power,c20_n10000,296,9140296,V5,1,1,1,0,"[[""a"", ""p""]]",0.511
power,c20_n10000,297,9140297,V6,1,1,1,0,"[[""a"", ""p""]]",0.262
power,c20_n10000,297,9140297,V5,1,1,1,0,"[[""a"", ""p""]]",0.524
power,c20_n10000,298,9140298,V6,1,1,1,0,"[[""a"", ""p""]]",0.235
power,c20_n10000,298,9140298,V5,1,1,1,0,"[[""a"", ""p""]]",0.579
power,c20_n10000,299,9140299,V6,1,1,1,0,"[[""a"", ""p""]]",0.212
power,c20_n10000,299,9140299,V5,0,0,0,0,[],0.544
power,c20_n10000,300,9140300,V6,1,1,1,0,"[[""a"", ""p""]]",0.239
power,c20_n10000,300,9140300,V5,1,1,1,0,"[[""a"", ""p""]]",0.573
power,c20_n10000,301,9140301,V6,1,1,1,0,"[[""a"", ""p""]]",0.25
power,c20_n10000,301,9140301,V5,1,1,1,0,"[[""a"", ""p""]]",0.612
power,c20_n10000,302,9140302,V6,1,1,1,0,"[[""a"", ""p""]]",0.314
power,c20_n10000,302,9140302,V5,1,1,1,0,"[[""a"", ""p""]]",0.586
power,c20_n10000,303,9140303,V6,1,1,1,0,"[[""a"", ""p""]]",0.261
power,c20_n10000,303,9140303,V5,0,0,0,0,[],0.539
power,c20_n10000,304,9140304,V6,1,1,1,0,"[[""a"", ""p""]]",0.256
power,c20_n10000,304,9140304,V5,1,1,1,0,"[[""a"", ""p""]]",0.618
power,c20_n10000,305,9140305,V6,1,1,1,0,"[[""a"", ""p""]]",0.229
power,c20_n10000,305,9140305,V5,1,1,1,0,"[[""a"", ""p""]]",0.594
power,c20_n10000,306,9140306,V6,1,1,1,0,"[[""a"", ""p""]]",0.251
power,c20_n10000,306,9140306,V5,1,1,1,0,"[[""a"", ""p""]]",0.631
power,c20_n10000,307,9140307,V6,1,1,1,0,"[[""a"", ""p""]]",0.293
power,c20_n10000,307,9140307,V5,1,1,1,0,"[[""a"", ""p""]]",0.539
power,c20_n10000,308,9140308,V6,0,0,0,0,[],0.266
power,c20_n10000,308,9140308,V5,0,0,0,0,[],0.539
power,c20_n10000,309,9140309,V6,1,1,1,0,"[[""a"", ""p""]]",0.287
power,c20_n10000,309,9140309,V5,1,1,1,0,"[[""a"", ""p""]]",0.525
power,c20_n10000,310,9140310,V6,1,1,1,0,"[[""a"", ""p""]]",0.267
power,c20_n10000,310,9140310,V5,1,1,1,0,"[[""a"", ""p""]]",0.578
power,c20_n10000,311,9140311,V6,1,1,1,0,"[[""a"", ""p""]]",0.268
power,c20_n10000,311,9140311,V5,0,0,0,0,[],0.618
power,c20_n10000,312,9140312,V6,1,1,1,0,"[[""a"", ""p""]]",0.273
power,c20_n10000,312,9140312,V5,1,1,1,0,"[[""a"", ""p""]]",0.559
power,c20_n10000,313,9140313,V6,1,1,1,0,"[[""a"", ""p""]]",0.27
power,c20_n10000,313,9140313,V5,1,1,1,0,"[[""a"", ""p""]]",0.518
power,c20_n10000,314,9140314,V6,1,1,1,0,"[[""a"", ""p""]]",0.256
power,c20_n10000,314,9140314,V5,1,1,1,0,"[[""a"", ""p""]]",0.526
power,c20_n10000,315,9140315,V6,1,1,1,0,"[[""a"", ""p""]]",0.292
power,c20_n10000,315,9140315,V5,1,1,1,0,"[[""a"", ""p""]]",0.56
power,c20_n10000,316,9140316,V6,1,1,1,0,"[[""a"", ""p""]]",0.243
power,c20_n10000,316,9140316,V5,1,1,1,0,"[[""a"", ""p""]]",0.597
power,c20_n10000,317,9140317,V6,1,1,1,0,"[[""a"", ""p""]]",0.239
power,c20_n10000,317,9140317,V5,1,1,1,0,"[[""a"", ""p""]]",0.546
power,c20_n10000,318,9140318,V6,1,1,1,0,"[[""a"", ""p""]]",0.295
power,c20_n10000,318,9140318,V5,1,1,1,0,"[[""a"", ""p""]]",0.615
power,c20_n10000,319,9140319,V6,1,1,1,0,"[[""a"", ""p""]]",0.233
power,c20_n10000,319,9140319,V5,1,1,1,0,"[[""a"", ""p""]]",0.616
power,c20_n10000,320,9140320,V6,1,1,1,0,"[[""a"", ""p""]]",0.259
power,c20_n10000,320,9140320,V5,1,1,1,0,"[[""a"", ""p""]]",0.53
power,c20_n10000,321,9140321,V6,1,1,1,0,"[[""a"", ""p""]]",0.271
power,c20_n10000,321,9140321,V5,1,1,1,0,"[[""a"", ""p""]]",0.515
power,c20_n10000,322,9140322,V6,1,1,1,0,"[[""a"", ""p""]]",0.244
power,c20_n10000,322,9140322,V5,1,1,1,0,"[[""a"", ""p""]]",0.529
power,c20_n10000,323,9140323,V6,0,0,0,0,[],0.226
power,c20_n10000,323,9140323,V5,0,0,0,0,[],0.536
power,c20_n10000,324,9140324,V6,1,1,1,0,"[[""a"", ""p""]]",0.283
power,c20_n10000,324,9140324,V5,1,1,1,0,"[[""a"", ""p""]]",0.544
power,c20_n10000,325,9140325,V6,0,0,0,0,[],0.263
power,c20_n10000,325,9140325,V5,0,0,0,0,[],0.518
power,c20_n10000,326,9140326,V6,1,1,1,0,"[[""a"", ""p""]]",0.235
power,c20_n10000,326,9140326,V5,1,1,1,0,"[[""a"", ""p""]]",0.519
power,c20_n10000,327,9140327,V6,1,1,1,0,"[[""a"", ""p""]]",0.291
power,c20_n10000,327,9140327,V5,1,1,1,0,"[[""a"", ""p""]]",0.531
power,c20_n10000,328,9140328,V6,1,1,1,0,"[[""a"", ""p""]]",0.235
power,c20_n10000,328,9140328,V5,1,1,1,0,"[[""a"", ""p""]]",0.558
power,c20_n10000,329,9140329,V6,0,0,0,0,[],0.276
power,c20_n10000,329,9140329,V5,0,0,0,0,[],0.605
power,c20_n10000,330,9140330,V6,1,1,1,0,"[[""a"", ""p""]]",0.259
power,c20_n10000,330,9140330,V5,1,1,1,0,"[[""a"", ""p""]]",0.527
power,c20_n10000,331,9140331,V6,1,1,1,0,"[[""a"", ""p""]]",0.257
power,c20_n10000,331,9140331,V5,1,1,1,0,"[[""a"", ""p""]]",0.561
power,c20_n10000,332,9140332,V6,1,1,1,0,"[[""a"", ""p""]]",0.298
power,c20_n10000,332,9140332,V5,0,0,0,0,[],0.595
power,c20_n10000,333,9140333,V6,1,1,1,0,"[[""a"", ""p""]]",0.221
power,c20_n10000,333,9140333,V5,1,1,1,0,"[[""a"", ""p""]]",0.524
power,c20_n10000,334,9140334,V6,1,1,1,0,"[[""a"", ""p""]]",0.284
power,c20_n10000,334,9140334,V5,1,1,1,0,"[[""a"", ""p""]]",0.591
power,c20_n10000,335,9140335,V6,1,1,1,0,"[[""a"", ""p""]]",0.288
power,c20_n10000,335,9140335,V5,1,1,1,0,"[[""a"", ""p""]]",0.485
power,c20_n10000,336,9140336,V6,1,1,1,0,"[[""a"", ""p""]]",0.218
power,c20_n10000,336,9140336,V5,1,1,1,0,"[[""a"", ""p""]]",0.544
power,c20_n10000,337,9140337,V6,0,0,0,0,[],0.263
power,c20_n10000,337,9140337,V5,0,0,0,0,[],0.589
power,c20_n10000,338,9140338,V6,1,1,1,0,"[[""a"", ""p""]]",0.223
power,c20_n10000,338,9140338,V5,0,0,0,0,[],0.564
power,c20_n10000,339,9140339,V6,1,1,1,0,"[[""a"", ""p""]]",0.274
power,c20_n10000,339,9140339,V5,1,1,1,0,"[[""a"", ""p""]]",0.613
power,c20_n10000,340,9140340,V6,1,1,1,0,"[[""a"", ""p""]]",0.282
power,c20_n10000,340,9140340,V5,1,1,1,0,"[[""a"", ""p""]]",0.601
power,c20_n10000,341,9140341,V6,1,1,1,0,"[[""a"", ""p""]]",0.261
power,c20_n10000,341,9140341,V5,1,1,1,0,"[[""a"", ""p""]]",0.589
power,c20_n10000,342,9140342,V6,1,1,1,0,"[[""a"", ""p""]]",0.296
power,c20_n10000,342,9140342,V5,1,1,1,0,"[[""a"", ""p""]]",0.629
power,c20_n10000,343,9140343,V6,1,1,1,0,"[[""a"", ""p""]]",0.315
power,c20_n10000,343,9140343,V5,1,1,1,0,"[[""a"", ""p""]]",0.631
power,c20_n10000,344,9140344,V6,1,1,1,0,"[[""a"", ""p""]]",0.277
power,c20_n10000,344,9140344,V5,1,1,1,0,"[[""a"", ""p""]]",0.637
power,c20_n10000,345,9140345,V6,0,0,0,0,[],0.245
power,c20_n10000,345,9140345,V5,0,0,0,0,[],0.617
power,c20_n10000,346,9140346,V6,1,1,1,0,"[[""a"", ""p""]]",0.255
power,c20_n10000,346,9140346,V5,1,1,1,0,"[[""a"", ""p""]]",0.584
power,c20_n10000,347,9140347,V6,1,1,1,0,"[[""a"", ""p""]]",0.271
power,c20_n10000,347,9140347,V5,1,1,1,0,"[[""a"", ""p""]]",0.655
power,c20_n10000,348,9140348,V6,1,1,1,0,"[[""a"", ""p""]]",0.326
power,c20_n10000,348,9140348,V5,1,1,1,0,"[[""a"", ""p""]]",0.634
power,c20_n10000,349,9140349,V6,1,1,1,0,"[[""a"", ""p""]]",0.307
power,c20_n10000,349,9140349,V5,1,1,1,0,"[[""a"", ""p""]]",0.717
power,c20_n10000,350,9140350,V6,1,1,1,0,"[[""a"", ""p""]]",0.349
power,c20_n10000,350,9140350,V5,1,1,1,0,"[[""a"", ""p""]]",0.614
power,c20_n10000,351,9140351,V6,1,1,1,0,"[[""a"", ""p""]]",0.357
power,c20_n10000,351,9140351,V5,1,1,1,0,"[[""a"", ""p""]]",0.631
power,c20_n10000,352,9140352,V6,1,1,1,0,"[[""a"", ""p""]]",0.307
power,c20_n10000,352,9140352,V5,1,1,1,0,"[[""a"", ""p""]]",0.661
power,c20_n10000,353,9140353,V6,1,1,1,0,"[[""a"", ""p""]]",0.284
power,c20_n10000,353,9140353,V5,1,1,1,0,"[[""a"", ""p""]]",0.609
power,c20_n10000,354,9140354,V6,1,1,1,0,"[[""a"", ""p""]]",0.31
power,c20_n10000,354,9140354,V5,1,1,1,0,"[[""a"", ""p""]]",0.593
power,c20_n10000,355,9140355,V6,1,1,1,0,"[[""a"", ""p""]]",0.334
power,c20_n10000,355,9140355,V5,0,0,0,0,[],0.617
power,c20_n10000,356,9140356,V6,1,1,1,0,"[[""a"", ""p""]]",0.319
power,c20_n10000,356,9140356,V5,1,1,1,0,"[[""a"", ""p""]]",0.617
power,c20_n10000,357,9140357,V6,1,1,1,0,"[[""a"", ""p""]]",0.361
power,c20_n10000,357,9140357,V5,1,1,1,0,"[[""a"", ""p""]]",0.656
power,c20_n10000,358,9140358,V6,0,0,0,0,[],0.285
power,c20_n10000,358,9140358,V5,0,0,0,0,[],0.643
power,c20_n10000,359,9140359,V6,1,2,1,1,"[[""a"", ""p""], [""z5""]]",0.289
power,c20_n10000,359,9140359,V5,1,2,1,1,"[[""a"", ""p""], [""z5""]]",0.65
power,c20_n10000,360,9140360,V6,1,2,1,1,"[[""a"", ""p""], [""x5""]]",0.283
power,c20_n10000,360,9140360,V5,1,1,1,0,"[[""a"", ""p""]]",0.596
power,c20_n10000,361,9140361,V6,1,1,1,0,"[[""a"", ""p""]]",0.316
power,c20_n10000,361,9140361,V5,1,1,1,0,"[[""a"", ""p""]]",0.606
power,c20_n10000,362,9140362,V6,0,0,0,0,[],0.292
power,c20_n10000,362,9140362,V5,0,0,0,0,[],0.63
power,c20_n10000,363,9140363,V6,1,1,1,0,"[[""a"", ""p""]]",0.315
power,c20_n10000,363,9140363,V5,1,1,1,0,"[[""a"", ""p""]]",0.596
power,c20_n10000,364,9140364,V6,1,1,1,0,"[[""a"", ""p""]]",0.315
power,c20_n10000,364,9140364,V5,1,1,1,0,"[[""a"", ""p""]]",0.586
power,c20_n10000,365,9140365,V6,1,1,1,0,"[[""a"", ""p""]]",0.365
power,c20_n10000,365,9140365,V5,1,1,1,0,"[[""a"", ""p""]]",0.577
power,c20_n10000,366,9140366,V6,1,1,1,0,"[[""a"", ""p""]]",0.3
power,c20_n10000,366,9140366,V5,1,1,1,0,"[[""a"", ""p""]]",0.53
power,c20_n10000,367,9140367,V6,1,2,1,1,"[[""a"", ""p""], [""x1""]]",0.222
power,c20_n10000,367,9140367,V5,1,1,1,0,"[[""a"", ""p""]]",0.532
power,c20_n10000,368,9140368,V6,1,1,1,0,"[[""a"", ""p""]]",0.247
power,c20_n10000,368,9140368,V5,1,1,1,0,"[[""a"", ""p""]]",0.512
power,c20_n10000,369,9140369,V6,1,1,1,0,"[[""a"", ""p""]]",0.282
power,c20_n10000,369,9140369,V5,1,1,1,0,"[[""a"", ""p""]]",0.516
power,c20_n10000,370,9140370,V6,1,1,1,0,"[[""a"", ""p""]]",0.283
power,c20_n10000,370,9140370,V5,1,1,1,0,"[[""a"", ""p""]]",0.524
power,c20_n10000,371,9140371,V6,1,1,1,0,"[[""a"", ""p""]]",0.254
power,c20_n10000,371,9140371,V5,1,1,1,0,"[[""a"", ""p""]]",0.618
power,c20_n10000,372,9140372,V6,1,1,1,0,"[[""a"", ""p""]]",0.249
power,c20_n10000,372,9140372,V5,1,1,1,0,"[[""a"", ""p""]]",0.519
power,c20_n10000,373,9140373,V6,1,1,1,0,"[[""a"", ""p""]]",0.278
power,c20_n10000,373,9140373,V5,1,1,1,0,"[[""a"", ""p""]]",0.566
power,c20_n10000,374,9140374,V6,1,1,1,0,"[[""a"", ""p""]]",0.278
power,c20_n10000,374,9140374,V5,1,1,1,0,"[[""a"", ""p""]]",0.52
power,c20_n10000,375,9140375,V6,0,0,0,0,[],0.275
power,c20_n10000,375,9140375,V5,0,0,0,0,[],0.603
power,c20_n10000,376,9140376,V6,1,1,1,0,"[[""a"", ""p""]]",0.231
power,c20_n10000,376,9140376,V5,0,0,0,0,[],0.543
power,c20_n10000,377,9140377,V6,1,1,1,0,"[[""a"", ""p""]]",0.252
power,c20_n10000,377,9140377,V5,1,1,1,0,"[[""a"", ""p""]]",0.539
power,c20_n10000,378,9140378,V6,1,2,1,1,"[[""z2""], [""a"", ""p""]]",0.255
power,c20_n10000,378,9140378,V5,1,2,1,1,"[[""z2""], [""a"", ""p""]]",0.59
power,c20_n10000,379,9140379,V6,1,1,1,0,"[[""a"", ""p""]]",0.245
power,c20_n10000,379,9140379,V5,1,1,1,0,"[[""a"", ""p""]]",0.558
power,c20_n10000,380,9140380,V6,1,1,1,0,"[[""a"", ""p""]]",0.282
power,c20_n10000,380,9140380,V5,1,1,1,0,"[[""a"", ""p""]]",0.518
power,c20_n10000,381,9140381,V6,1,1,1,0,"[[""a"", ""p""]]",0.249
power,c20_n10000,381,9140381,V5,1,1,1,0,"[[""a"", ""p""]]",0.486
power,c20_n10000,382,9140382,V6,1,1,1,0,"[[""a"", ""p""]]",0.244
power,c20_n10000,382,9140382,V5,1,1,1,0,"[[""a"", ""p""]]",0.584
power,c20_n10000,383,9140383,V6,1,1,1,0,"[[""a"", ""p""]]",0.283
power,c20_n10000,383,9140383,V5,0,0,0,0,[],0.571
power,c20_n10000,384,9140384,V6,1,1,1,0,"[[""a"", ""p""]]",0.252
power,c20_n10000,384,9140384,V5,1,1,1,0,"[[""a"", ""p""]]",0.567
power,c20_n10000,385,9140385,V6,1,1,1,0,"[[""a"", ""p""]]",0.27
power,c20_n10000,385,9140385,V5,1,1,1,0,"[[""a"", ""p""]]",0.471
power,c20_n10000,386,9140386,V6,1,1,1,0,"[[""a"", ""p""]]",0.288
power,c20_n10000,386,9140386,V5,0,0,0,0,[],0.541
power,c20_n10000,387,9140387,V6,1,1,1,0,"[[""a"", ""p""]]",0.2
power,c20_n10000,387,9140387,V5,1,1,1,0,"[[""a"", ""p""]]",0.498
power,c20_n10000,388,9140388,V6,1,1,1,0,"[[""a"", ""p""]]",0.274
power,c20_n10000,388,9140388,V5,1,1,1,0,"[[""a"", ""p""]]",0.552
power,c20_n10000,389,9140389,V6,1,1,1,0,"[[""a"", ""p""]]",0.236
power,c20_n10000,389,9140389,V5,0,0,0,0,[],0.531
power,c20_n10000,390,9140390,V6,0,0,0,0,[],0.248
power,c20_n10000,390,9140390,V5,0,0,0,0,[],0.586
power,c20_n10000,391,9140391,V6,1,1,1,0,"[[""a"", ""p""]]",0.236
power,c20_n10000,391,9140391,V5,1,1,1,0,"[[""a"", ""p""]]",0.601
power,c20_n10000,392,9140392,V6,1,1,1,0,"[[""a"", ""p""]]",0.268
power,c20_n10000,392,9140392,V5,1,1,1,0,"[[""a"", ""p""]]",0.542
power,c20_n10000,393,9140393,V6,1,1,1,0,"[[""a"", ""p""]]",0.241
power,c20_n10000,393,9140393,V5,1,1,1,0,"[[""a"", ""p""]]",0.507
power,c20_n10000,394,9140394,V6,1,1,1,0,"[[""a"", ""p""]]",0.258
power,c20_n10000,394,9140394,V5,1,1,1,0,"[[""a"", ""p""]]",0.503
power,c20_n10000,395,9140395,V6,1,1,1,0,"[[""a"", ""p""]]",0.214
power,c20_n10000,395,9140395,V5,1,1,1,0,"[[""a"", ""p""]]",0.515
power,c20_n10000,396,9140396,V6,1,1,1,0,"[[""a"", ""p""]]",0.277
power,c20_n10000,396,9140396,V5,1,1,1,0,"[[""a"", ""p""]]",0.507
power,c20_n10000,397,9140397,V6,0,0,0,0,[],0.271
power,c20_n10000,397,9140397,V5,0,0,0,0,[],0.517
power,c20_n10000,398,9140398,V6,1,1,1,0,"[[""a"", ""p""]]",0.302
power,c20_n10000,398,9140398,V5,1,1,1,0,"[[""a"", ""p""]]",0.517
power,c20_n10000,399,9140399,V6,0,0,0,0,[],0.252
power,c20_n10000,399,9140399,V5,1,1,1,0,"[[""a"", ""p""]]",0.606
power,c20_n10000,400,9140400,V6,1,1,1,0,"[[""a"", ""p""]]",0.256
power,c20_n10000,400,9140400,V5,1,1,1,0,"[[""a"", ""p""]]",0.593
power,c20_n10000,401,9140401,V6,1,1,1,0,"[[""a"", ""p""]]",0.23
power,c20_n10000,401,9140401,V5,1,1,1,0,"[[""a"", ""p""]]",0.563
power,c20_n10000,402,9140402,V6,1,1,1,0,"[[""a"", ""p""]]",0.214
power,c20_n10000,402,9140402,V5,1,1,1,0,"[[""a"", ""p""]]",0.659
power,c20_n10000,403,9140403,V6,0,0,0,0,[],0.234
power,c20_n10000,403,9140403,V5,0,0,0,0,[],0.605
power,c20_n10000,404,9140404,V6,1,1,1,0,"[[""a"", ""p""]]",0.266
power,c20_n10000,404,9140404,V5,1,1,1,0,"[[""a"", ""p""]]",0.644
power,c20_n10000,405,9140405,V6,1,1,1,0,"[[""a"", ""p""]]",0.218
power,c20_n10000,405,9140405,V5,1,1,1,0,"[[""a"", ""p""]]",0.666
power,c20_n10000,406,9140406,V6,1,1,1,0,"[[""a"", ""p""]]",0.251
power,c20_n10000,406,9140406,V5,1,1,1,0,"[[""a"", ""p""]]",0.601
power,c20_n10000,407,9140407,V6,1,1,1,0,"[[""a"", ""p""]]",0.31
power,c20_n10000,407,9140407,V5,1,1,1,0,"[[""a"", ""p""]]",0.6
power,c20_n10000,408,9140408,V6,1,1,1,0,"[[""a"", ""p""]]",0.324
power,c20_n10000,408,9140408,V5,1,1,1,0,"[[""a"", ""p""]]",0.596
power,c20_n10000,409,9140409,V6,1,1,1,0,"[[""a"", ""p""]]",0.297
power,c20_n10000,409,9140409,V5,1,1,1,0,"[[""a"", ""p""]]",0.567
power,c20_n10000,410,9140410,V6,1,1,1,0,"[[""a"", ""p""]]",0.257
power,c20_n10000,410,9140410,V5,1,1,1,0,"[[""a"", ""p""]]",0.554
power,c20_n10000,411,9140411,V6,0,0,0,0,[],0.317
power,c20_n10000,411,9140411,V5,0,0,0,0,[],0.559
power,c20_n10000,412,9140412,V6,0,0,0,0,[],0.284
power,c20_n10000,412,9140412,V5,0,0,0,0,[],0.529
power,c20_n10000,413,9140413,V6,1,1,1,0,"[[""a"", ""p""]]",0.283
power,c20_n10000,413,9140413,V5,1,1,1,0,"[[""a"", ""p""]]",0.57
power,c20_n10000,414,9140414,V6,1,1,1,0,"[[""a"", ""p""]]",0.271
power,c20_n10000,414,9140414,V5,1,1,1,0,"[[""a"", ""p""]]",0.536
power,c20_n10000,415,9140415,V6,1,1,1,0,"[[""a"", ""p""]]",0.305
power,c20_n10000,415,9140415,V5,1,1,1,0,"[[""a"", ""p""]]",0.583
power,c20_n10000,416,9140416,V6,1,1,1,0,"[[""a"", ""p""]]",0.287
power,c20_n10000,416,9140416,V5,1,1,1,0,"[[""a"", ""p""]]",0.488
power,c20_n10000,417,9140417,V6,1,2,1,1,"[[""a"", ""p""], [""x1""]]",0.282
power,c20_n10000,417,9140417,V5,1,2,1,1,"[[""a"", ""p""], [""x1""]]",0.596
power,c20_n10000,418,9140418,V6,0,0,0,0,[],0.234
power,c20_n10000,418,9140418,V5,0,0,0,0,[],0.525
power,c20_n10000,419,9140419,V6,1,1,1,0,"[[""a"", ""p""]]",0.22
power,c20_n10000,419,9140419,V5,1,1,1,0,"[[""a"", ""p""]]",0.55
power,c20_n10000,420,9140420,V6,1,1,1,0,"[[""a"", ""p""]]",0.217
power,c20_n10000,420,9140420,V5,1,1,1,0,"[[""a"", ""p""]]",0.581
power,c20_n10000,421,9140421,V6,1,1,1,0,"[[""a"", ""p""]]",0.237
power,c20_n10000,421,9140421,V5,1,1,1,0,"[[""a"", ""p""]]",0.52
power,c20_n10000,422,9140422,V6,0,0,0,0,[],0.279
power,c20_n10000,422,9140422,V5,0,0,0,0,[],0.496
power,c20_n10000,423,9140423,V6,0,0,0,0,[],0.288
power,c20_n10000,423,9140423,V5,0,0,0,0,[],0.518
power,c20_n10000,424,9140424,V6,1,1,1,0,"[[""a"", ""p""]]",0.281
power,c20_n10000,424,9140424,V5,1,1,1,0,"[[""a"", ""p""]]",0.533
power,c20_n10000,425,9140425,V6,1,1,1,0,"[[""a"", ""p""]]",0.234
power,c20_n10000,425,9140425,V5,1,1,1,0,"[[""a"", ""p""]]",0.585
power,c20_n10000,426,9140426,V6,0,0,0,0,[],0.254
power,c20_n10000,426,9140426,V5,0,0,0,0,[],0.563
power,c20_n10000,427,9140427,V6,1,1,1,0,"[[""a"", ""p""]]",0.279
power,c20_n10000,427,9140427,V5,1,1,1,0,"[[""a"", ""p""]]",0.61
power,c20_n10000,428,9140428,V6,1,1,1,0,"[[""a"", ""p""]]",0.268
power,c20_n10000,428,9140428,V5,1,1,1,0,"[[""a"", ""p""]]",0.591
power,c20_n10000,429,9140429,V6,1,2,1,1,"[[""a"", ""p""], [""x2""]]",0.266
power,c20_n10000,429,9140429,V5,1,1,1,0,"[[""a"", ""p""]]",0.553
power,c20_n10000,430,9140430,V6,1,1,1,0,"[[""a"", ""p""]]",0.305
power,c20_n10000,430,9140430,V5,1,1,1,0,"[[""a"", ""p""]]",0.592
power,c20_n10000,431,9140431,V6,1,1,1,0,"[[""a"", ""p""]]",0.286
power,c20_n10000,431,9140431,V5,1,1,1,0,"[[""a"", ""p""]]",0.589
power,c20_n10000,432,9140432,V6,1,1,1,0,"[[""a"", ""p""]]",0.331
power,c20_n10000,432,9140432,V5,1,1,1,0,"[[""a"", ""p""]]",0.557
power,c20_n10000,433,9140433,V6,1,1,1,0,"[[""a"", ""p""]]",0.258
power,c20_n10000,433,9140433,V5,1,1,1,0,"[[""a"", ""p""]]",0.539
power,c20_n10000,434,9140434,V6,1,1,1,0,"[[""a"", ""p""]]",0.295
power,c20_n10000,434,9140434,V5,1,1,1,0,"[[""a"", ""p""]]",0.523
power,c20_n10000,435,9140435,V6,0,0,0,0,[],0.278
power,c20_n10000,435,9140435,V5,0,0,0,0,[],0.49
power,c20_n10000,436,9140436,V6,1,1,1,0,"[[""a"", ""p""]]",0.262
power,c20_n10000,436,9140436,V5,1,1,1,0,"[[""a"", ""p""]]",0.48
power,c20_n10000,437,9140437,V6,1,1,1,0,"[[""a"", ""p""]]",0.274
power,c20_n10000,437,9140437,V5,1,1,1,0,"[[""a"", ""p""]]",0.521
power,c20_n10000,438,9140438,V6,0,0,0,0,[],0.257
power,c20_n10000,438,9140438,V5,1,1,1,0,"[[""a"", ""p""]]",0.541
power,c20_n10000,439,9140439,V6,1,1,1,0,"[[""a"", ""p""]]",0.238
power,c20_n10000,439,9140439,V5,1,1,1,0,"[[""a"", ""p""]]",0.507
power,c20_n10000,440,9140440,V6,1,1,1,0,"[[""a"", ""p""]]",0.265
power,c20_n10000,440,9140440,V5,1,1,1,0,"[[""a"", ""p""]]",0.454
power,c20_n10000,441,9140441,V6,1,1,1,0,"[[""a"", ""p""]]",0.242
power,c20_n10000,441,9140441,V5,1,1,1,0,"[[""a"", ""p""]]",0.513
power,c20_n10000,442,9140442,V6,1,1,1,0,"[[""a"", ""p""]]",0.273
power,c20_n10000,442,9140442,V5,1,1,1,0,"[[""a"", ""p""]]",0.501
power,c20_n10000,443,9140443,V6,0,0,0,0,[],0.255
power,c20_n10000,443,9140443,V5,0,0,0,0,[],0.496
power,c20_n10000,444,9140444,V6,0,0,0,0,[],0.228
power,c20_n10000,444,9140444,V5,1,1,1,0,"[[""a"", ""p""]]",0.542
power,c20_n10000,445,9140445,V6,1,1,1,0,"[[""a"", ""p""]]",0.251
power,c20_n10000,445,9140445,V5,1,1,1,0,"[[""a"", ""p""]]",0.524
power,c20_n10000,446,9140446,V6,0,0,0,0,[],0.245
power,c20_n10000,446,9140446,V5,1,1,1,0,"[[""a"", ""p""]]",0.496
power,c20_n10000,447,9140447,V6,1,1,1,0,"[[""a"", ""p""]]",0.247
power,c20_n10000,447,9140447,V5,1,1,1,0,"[[""a"", ""p""]]",0.553
power,c20_n10000,448,9140448,V6,1,1,1,0,"[[""a"", ""p""]]",0.244
power,c20_n10000,448,9140448,V5,1,1,1,0,"[[""a"", ""p""]]",0.639
power,c20_n10000,449,9140449,V6,1,1,1,0,"[[""a"", ""p""]]",0.279
power,c20_n10000,449,9140449,V5,1,1,1,0,"[[""a"", ""p""]]",0.529
power,c20_n10000,450,9140450,V6,1,1,1,0,"[[""a"", ""p""]]",0.234
power,c20_n10000,450,9140450,V5,1,1,1,0,"[[""a"", ""p""]]",0.551
power,c20_n10000,451,9140451,V6,1,1,1,0,"[[""a"", ""p""]]",0.257
power,c20_n10000,451,9140451,V5,1,1,1,0,"[[""a"", ""p""]]",0.679
power,c20_n10000,452,9140452,V6,1,3,1,1,"[[""x5""], [""a"", ""p""], [""x4""]]",0.265
power,c20_n10000,452,9140452,V5,1,3,1,1,"[[""x5""], [""x4""], [""a"", ""p""]]",0.563
power,c20_n10000,453,9140453,V6,0,0,0,0,[],0.314
power,c20_n10000,453,9140453,V5,0,0,0,0,[],0.659
power,c20_n10000,454,9140454,V6,1,1,1,0,"[[""a"", ""p""]]",0.349
power,c20_n10000,454,9140454,V5,1,1,1,0,"[[""a"", ""p""]]",0.592
power,c20_n10000,455,9140455,V6,1,1,1,0,"[[""a"", ""p""]]",0.306
power,c20_n10000,455,9140455,V5,1,1,1,0,"[[""a"", ""p""]]",0.576
power,c20_n10000,456,9140456,V6,1,1,1,0,"[[""a"", ""p""]]",0.269
power,c20_n10000,456,9140456,V5,1,1,1,0,"[[""a"", ""p""]]",0.632
power,c20_n10000,457,9140457,V6,1,1,1,0,"[[""a"", ""p""]]",0.258
power,c20_n10000,457,9140457,V5,0,0,0,0,[],0.59
power,c20_n10000,458,9140458,V6,1,1,1,0,"[[""a"", ""p""]]",0.294
power,c20_n10000,458,9140458,V5,1,1,1,0,"[[""a"", ""p""]]",0.632
power,c20_n10000,459,9140459,V6,1,1,1,0,"[[""a"", ""p""]]",0.339
power,c20_n10000,459,9140459,V5,1,1,1,0,"[[""a"", ""p""]]",0.582
power,c20_n10000,460,9140460,V6,1,1,1,0,"[[""a"", ""p""]]",0.273
power,c20_n10000,460,9140460,V5,1,1,1,0,"[[""a"", ""p""]]",0.511
power,c20_n10000,461,9140461,V6,1,1,1,0,"[[""a"", ""p""]]",0.285
power,c20_n10000,461,9140461,V5,1,1,1,0,"[[""a"", ""p""]]",0.498
power,c20_n10000,462,9140462,V6,1,1,1,0,"[[""a"", ""p""]]",0.28
power,c20_n10000,462,9140462,V5,1,1,1,0,"[[""a"", ""p""]]",0.527
power,c20_n10000,463,9140463,V6,0,0,0,0,[],0.285
power,c20_n10000,463,9140463,V5,0,0,0,0,[],0.586
power,c20_n10000,464,9140464,V6,1,2,1,1,"[[""a"", ""p""], [""z3""]]",0.265
power,c20_n10000,464,9140464,V5,1,2,1,1,"[[""z3""], [""a"", ""p""]]",0.515
power,c20_n10000,465,9140465,V6,0,0,0,0,[],0.279
power,c20_n10000,465,9140465,V5,0,0,0,0,[],0.595
power,c20_n10000,466,9140466,V6,0,0,0,0,[],0.313
power,c20_n10000,466,9140466,V5,0,0,0,0,[],0.554
power,c20_n10000,467,9140467,V6,1,1,1,0,"[[""a"", ""p""]]",0.261
power,c20_n10000,467,9140467,V5,1,1,1,0,"[[""a"", ""p""]]",0.522
power,c20_n10000,468,9140468,V6,1,1,1,0,"[[""a"", ""p""]]",0.244
power,c20_n10000,468,9140468,V5,1,1,1,0,"[[""a"", ""p""]]",0.548
power,c20_n10000,469,9140469,V6,1,1,1,0,"[[""a"", ""p""]]",0.232
power,c20_n10000,469,9140469,V5,1,1,1,0,"[[""a"", ""p""]]",0.569
power,c20_n10000,470,9140470,V6,1,1,1,0,"[[""a"", ""p""]]",0.268
power,c20_n10000,470,9140470,V5,1,1,1,0,"[[""a"", ""p""]]",0.556
power,c20_n10000,471,9140471,V6,0,0,0,0,[],0.231
power,c20_n10000,471,9140471,V5,1,1,1,0,"[[""a"", ""p""]]",0.555
power,c20_n10000,472,9140472,V6,1,1,1,0,"[[""a"", ""p""]]",0.279
power,c20_n10000,472,9140472,V5,1,1,1,0,"[[""a"", ""p""]]",0.562
power,c20_n10000,473,9140473,V6,1,1,1,0,"[[""a"", ""p""]]",0.291
power,c20_n10000,473,9140473,V5,1,1,1,0,"[[""a"", ""p""]]",0.558
power,c20_n10000,474,9140474,V6,1,1,1,0,"[[""a"", ""p""]]",0.313
power,c20_n10000,474,9140474,V5,0,0,0,0,[],0.628
power,c20_n10000,475,9140475,V6,1,1,1,0,"[[""a"", ""p""]]",0.244
power,c20_n10000,475,9140475,V5,0,0,0,0,[],0.53
power,c20_n10000,476,9140476,V6,1,1,1,0,"[[""a"", ""p""]]",0.262
power,c20_n10000,476,9140476,V5,1,1,1,0,"[[""a"", ""p""]]",0.551
power,c20_n10000,477,9140477,V6,1,1,1,0,"[[""a"", ""p""]]",0.331
power,c20_n10000,477,9140477,V5,1,1,1,0,"[[""a"", ""p""]]",0.523
power,c20_n10000,478,9140478,V6,1,1,1,0,"[[""a"", ""p""]]",0.242
power,c20_n10000,478,9140478,V5,0,0,0,0,[],0.492
power,c20_n10000,479,9140479,V6,1,1,1,0,"[[""a"", ""p""]]",0.253
power,c20_n10000,479,9140479,V5,1,1,1,0,"[[""a"", ""p""]]",0.546
power,c20_n10000,480,9140480,V6,1,1,1,0,"[[""a"", ""p""]]",0.221
power,c20_n10000,480,9140480,V5,1,1,1,0,"[[""a"", ""p""]]",0.562
power,c20_n10000,481,9140481,V6,1,1,1,0,"[[""a"", ""p""]]",0.222
power,c20_n10000,481,9140481,V5,1,1,1,0,"[[""a"", ""p""]]",0.496
power,c20_n10000,482,9140482,V6,1,1,1,0,"[[""a"", ""p""]]",0.25
power,c20_n10000,482,9140482,V5,1,1,1,0,"[[""a"", ""p""]]",0.513
power,c20_n10000,483,9140483,V6,1,1,1,0,"[[""a"", ""p""]]",0.248
power,c20_n10000,483,9140483,V5,1,1,1,0,"[[""a"", ""p""]]",0.612
power,c20_n10000,484,9140484,V6,1,1,1,0,"[[""a"", ""p""]]",0.212
power,c20_n10000,484,9140484,V5,1,1,1,0,"[[""a"", ""p""]]",0.472
power,c20_n10000,485,9140485,V6,1,1,1,0,"[[""a"", ""p""]]",0.272
power,c20_n10000,485,9140485,V5,1,1,1,0,"[[""a"", ""p""]]",0.586
power,c20_n10000,486,9140486,V6,1,1,1,0,"[[""a"", ""p""]]",0.253
power,c20_n10000,486,9140486,V5,1,1,1,0,"[[""a"", ""p""]]",0.509
power,c20_n10000,487,9140487,V6,0,0,0,0,[],0.232
power,c20_n10000,487,9140487,V5,0,0,0,0,[],0.467
power,c20_n10000,488,9140488,V6,1,1,1,0,"[[""a"", ""p""]]",0.209
power,c20_n10000,488,9140488,V5,1,1,1,0,"[[""a"", ""p""]]",0.465
power,c20_n10000,489,9140489,V6,1,1,1,0,"[[""a"", ""p""]]",0.2
power,c20_n10000,489,9140489,V5,1,1,1,0,"[[""a"", ""p""]]",0.479
power,c20_n10000,490,9140490,V6,0,0,0,0,[],0.251
power,c20_n10000,490,9140490,V5,0,0,0,0,[],0.518
power,c20_n10000,491,9140491,V6,1,1,1,0,"[[""a"", ""p""]]",0.247
power,c20_n10000,491,9140491,V5,1,1,1,0,"[[""a"", ""p""]]",0.566
power,c20_n10000,492,9140492,V6,0,0,0,0,[],0.215
power,c20_n10000,492,9140492,V5,0,0,0,0,[],0.486
power,c20_n10000,493,9140493,V6,0,0,0,0,[],0.268
power,c20_n10000,493,9140493,V5,0,0,0,0,[],0.465
power,c20_n10000,494,9140494,V6,0,0,0,0,[],0.248
power,c20_n10000,494,9140494,V5,0,0,0,0,[],0.451
power,c20_n10000,495,9140495,V6,1,1,1,0,"[[""a"", ""p""]]",0.246
power,c20_n10000,495,9140495,V5,1,1,1,0,"[[""a"", ""p""]]",0.457
power,c20_n10000,496,9140496,V6,1,1,1,0,"[[""a"", ""p""]]",0.234
power,c20_n10000,496,9140496,V5,1,1,1,0,"[[""a"", ""p""]]",0.442
power,c20_n10000,497,9140497,V6,0,0,0,0,[],0.233
power,c20_n10000,497,9140497,V5,1,1,1,0,"[[""a"", ""p""]]",0.397
power,c20_n10000,498,9140498,V6,0,0,0,0,[],0.227
power,c20_n10000,498,9140498,V5,0,0,0,0,[],0.413
power,c20_n10000,499,9140499,V6,1,1,1,0,"[[""a"", ""p""]]",0.279
power,c20_n10000,499,9140499,V5,1,1,1,0,"[[""a"", ""p""]]",0.379
