dataset,condition,rep,seed,method,corruption,shift,alarm,target_selected,off_target_selected,selected
COMPAS,clean,0,3000000,V6,0.0,0.0,0,0,0,[]
COMPAS,clean,0,3000000,V5,0.0,0.0,0,0,0,[]
COMPAS,clean,1,3000001,V6,0.0,0.0,0,0,0,[]
COMPAS,clean,1,3000001,V5,0.0,0.0,0,0,0,[]
COMPAS,clean,2,3000002,V6,0.0,0.0,0,0,0,[]
COMPAS,clean,2,3000002,V5,0.0,0.0,0,0,0,[]
COMPAS,clean,3,3000003,V6,0.0,0.0,0,0,0,[]
COMPAS,clean,3,3000003,V5,0.0,0.0,0,0,0,[]
COMPAS,clean,4,3000004,V6,0.0,0.0,0,0,0,[]
COMPAS,clean,4,3000004,V5,0.0,0.0,0,0,0,[]
COMPAS,clean,5,3000005,V6,0.0,0.0,0,0,0,[]
COMPAS,clean,5,3000005,V5,0.0,0.0,0,0,0,[]
COMPAS,clean,6,3000006,V6,0.0,0.0,0,0,0,[]
COMPAS,clean,6,3000006,V5,0.0,0.0,0,0,0,[]
COMPAS,clean,7,3000007,V6,0.0,0.0,0,0,0,[]
COMPAS,clean,7,3000007,V5,0.0,0.0,0,0,0,[]
COMPAS,clean,8,3000008,V6,0.0,0.0,0,0,0,[]
COMPAS,clean,8,3000008,V5,0.0,0.0,0,0,0,[]
COMPAS,clean,9,3000009,V6,0.0,0.0,0,0,0,[]
COMPAS,clean,9,3000009,V5,0.0,0.0,0,0,0,[]
COMPAS,clean,10,3000010,V6,0.0,0.0,0,0,0,[]
COMPAS,clean,10,3000010,V5,0.0,0.0,0,0,0,[]
COMPAS,clean,11,3000011,V6,0.0,0.0,0,0,0,[]
COMPAS,clean,11,3000011,V5,0.0,0.0,0,0,0,[]
COMPAS,clean,12,3000012,V6,0.0,0.0,0,0,0,[]
COMPAS,clean,12,3000012,V5,0.0,0.0,0,0,0,[]
COMPAS,clean,13,3000013,V6,0.0,0.0,0,0,0,[]
COMPAS,clean,13,3000013,V5,0.0,0.0,0,0,0,[]
COMPAS,clean,14,3000014,V6,0.0,0.0,0,0,0,[]
COMPAS,clean,14,3000014,V5,0.0,0.0,0,0,0,[]
COMPAS,clean,15,3000015,V6,0.0,0.0,0,0,0,[]
COMPAS,clean,15,3000015,V5,0.0,0.0,0,0,0,[]
COMPAS,clean,16,3000016,V6,0.0,0.0,0,0,0,[]
COMPAS,clean,16,3000016,V5,0.0,0.0,0,0,0,[]
COMPAS,clean,17,3000017,V6,0.0,0.0,0,0,0,[]
COMPAS,clean,17,3000017,V5,0.0,0.0,0,0,0,[]
COMPAS,clean,18,3000018,V6,0.0,0.0,0,0,0,[]
COMPAS,clean,18,3000018,V5,0.0,0.0,0,0,0,[]
COMPAS,clean,19,3000019,V6,0.0,0.0,0,0,0,[]
COMPAS,clean,19,3000019,V5,0.0,0.0,0,0,0,[]
COMPAS,clean,20,3000020,V6,0.0,0.0,0,0,0,[]
COMPAS,clean,20,3000020,V5,0.0,0.0,0,0,0,[]
COMPAS,clean,21,3000021,V6,0.0,0.0,0,0,0,[]
COMPAS,clean,21,3000021,V5,0.0,0.0,0,0,0,[]
COMPAS,clean,22,3000022,V6,0.0,0.0,0,0,0,[]
COMPAS,clean,22,3000022,V5,0.0,0.0,0,0,0,[]
COMPAS,clean,23,3000023,V6,0.0,0.0,0,0,0,[]
COMPAS,clean,23,3000023,V5,0.0,0.0,0,0,0,[]
COMPAS,clean,24,3000024,V6,0.0,0.0,0,0,0,[]
COMPAS,clean,24,3000024,V5,0.0,0.0,0,0,0,[]
COMPAS,clean,25,3000025,V6,0.0,0.0,0,0,0,[]
COMPAS,clean,25,3000025,V5,0.0,0.0,0,0,0,[]
COMPAS,clean,26,3000026,V6,0.0,0.0,0,0,0,[]
COMPAS,clean,26,3000026,V5,0.0,0.0,0,0,0,[]
COMPAS,clean,27,3000027,V6,0.0,0.0,0,0,0,[]
COMPAS,clean,27,3000027,V5,0.0,0.0,0,0,0,[]
COMPAS,clean,28,3000028,V6,0.0,0.0,0,0,0,[]
COMPAS,clean,28,3000028,V5,0.0,0.0,0,0,0,[]
COMPAS,clean,29,3000029,V6,0.0,0.0,0,0,0,[]
COMPAS,clean,29,3000029,V5,0.0,0.0,0,0,0,[]
COMPAS,clean,30,3000030,V6,0.0,0.0,0,0,0,[]
COMPAS,clean,30,3000030,V5,0.0,0.0,0,0,0,[]
COMPAS,clean,31,3000031,V6,0.0,0.0,0,0,0,[]
COMPAS,clean,31,3000031,V5,0.0,0.0,0,0,0,[]
COMPAS,clean,32,3000032,V6,0.0,0.0,0,0,0,[]
COMPAS,clean,32,3000032,V5,0.0,0.0,0,0,0,[]
COMPAS,clean,33,3000033,V6,0.0,0.0,0,0,0,[]
COMPAS,clean,33,3000033,V5,0.0,0.0,0,0,0,[]
COMPAS,clean,34,3000034,V6,0.0,0.0,0,0,0,[]
COMPAS,clean,34,3000034,V5,0.0,0.0,0,0,0,[]
COMPAS,clean,35,3000035,V6,0.0,0.0,0,0,0,[]
COMPAS,clean,35,3000035,V5,0.0,0.0,0,0,0,[]
COMPAS,clean,36,3000036,V6,0.0,0.0,0,0,0,[]
COMPAS,clean,36,3000036,V5,0.0,0.0,0,0,0,[]
COMPAS,clean,37,3000037,V6,0.0,0.0,0,0,0,[]
COMPAS,clean,37,3000037,V5,0.0,0.0,0,0,0,[]
COMPAS,clean,38,3000038,V6,0.0,0.0,0,0,0,[]
COMPAS,clean,38,3000038,V5,0.0,0.0,0,0,0,[]
COMPAS,clean,39,3000039,V6,0.0,0.0,1,1,0,"[[""race""]]"
COMPAS,clean,39,3000039,V5,0.0,0.0,0,0,0,[]
COMPAS,clean,40,3000040,V6,0.0,0.0,0,0,0,[]
COMPAS,clean,40,3000040,V5,0.0,0.0,0,0,0,[]
COMPAS,clean,41,3000041,V6,0.0,0.0,0,0,0,[]
COMPAS,clean,41,3000041,V5,0.0,0.0,0,0,0,[]
COMPAS,clean,42,3000042,V6,0.0,0.0,0,0,0,[]
COMPAS,clean,42,3000042,V5,0.0,0.0,0,0,0,[]
COMPAS,clean,43,3000043,V6,0.0,0.0,0,0,0,[]
COMPAS,clean,43,3000043,V5,0.0,0.0,0,0,0,[]
COMPAS,clean,44,3000044,V6,0.0,0.0,0,0,0,[]
COMPAS,clean,44,3000044,V5,0.0,0.0,0,0,0,[]
COMPAS,clean,45,3000045,V6,0.0,0.0,0,0,0,[]
COMPAS,clean,45,3000045,V5,0.0,0.0,0,0,0,[]
COMPAS,clean,46,3000046,V6,0.0,0.0,0,0,0,[]
COMPAS,clean,46,3000046,V5,0.0,0.0,0,0,0,[]
COMPAS,clean,47,3000047,V6,0.0,0.0,0,0,0,[]
COMPAS,clean,47,3000047,V5,0.0,0.0,0,0,0,[]
COMPAS,clean,48,3000048,V6,0.0,0.0,0,0,0,[]
COMPAS,clean,48,3000048,V5,0.0,0.0,0,0,0,[]
COMPAS,clean,49,3000049,V6,0.0,0.0,0,0,0,[]
COMPAS,clean,49,3000049,V5,0.0,0.0,0,0,0,[]
COMPAS,clean,50,3000050,V6,0.0,0.0,0,0,0,[]
COMPAS,clean,50,3000050,V5,0.0,0.0,0,0,0,[]
COMPAS,clean,51,3000051,V6,0.0,0.0,0,0,0,[]
COMPAS,clean,51,3000051,V5,0.0,0.0,1,0,1,"[[""age"", ""age_cat""]]"
COMPAS,clean,52,3000052,V6,0.0,0.0,0,0,0,[]
COMPAS,clean,52,3000052,V5,0.0,0.0,0,0,0,[]
COMPAS,clean,53,3000053,V6,0.0,0.0,0,0,0,[]
COMPAS,clean,53,3000053,V5,0.0,0.0,0,0,0,[]
COMPAS,clean,54,3000054,V6,0.0,0.0,0,0,0,[]
COMPAS,clean,54,3000054,V5,0.0,0.0,0,0,0,[]
COMPAS,clean,55,3000055,V6,0.0,0.0,0,0,0,[]
COMPAS,clean,55,3000055,V5,0.0,0.0,0,0,0,[]
COMPAS,clean,56,3000056,V6,0.0,0.0,0,0,0,[]
COMPAS,clean,56,3000056,V5,0.0,0.0,0,0,0,[]
COMPAS,clean,57,3000057,V6,0.0,0.0,0,0,0,[]
COMPAS,clean,57,3000057,V5,0.0,0.0,0,0,0,[]
COMPAS,clean,58,3000058,V6,0.0,0.0,0,0,0,[]
COMPAS,clean,58,3000058,V5,0.0,0.0,0,0,0,[]
COMPAS,clean,59,3000059,V6,0.0,0.0,0,0,0,[]
COMPAS,clean,59,3000059,V5,0.0,0.0,0,0,0,[]
COMPAS,clean,60,3000060,V6,0.0,0.0,0,0,0,[]
COMPAS,clean,60,3000060,V5,0.0,0.0,0,0,0,[]
COMPAS,clean,61,3000061,V6,0.0,0.0,0,0,0,[]
COMPAS,clean,61,3000061,V5,0.0,0.0,0,0,0,[]
COMPAS,clean,62,3000062,V6,0.0,0.0,0,0,0,[]
COMPAS,clean,62,3000062,V5,0.0,0.0,0,0,0,[]
COMPAS,clean,63,3000063,V6,0.0,0.0,0,0,0,[]
COMPAS,clean,63,3000063,V5,0.0,0.0,0,0,0,[]
COMPAS,clean,64,3000064,V6,0.0,0.0,0,0,0,[]
COMPAS,clean,64,3000064,V5,0.0,0.0,0,0,0,[]
COMPAS,clean,65,3000065,V6,0.0,0.0,0,0,0,[]
COMPAS,clean,65,3000065,V5,0.0,0.0,0,0,0,[]
COMPAS,clean,66,3000066,V6,0.0,0.0,0,0,0,[]
COMPAS,clean,66,3000066,V5,0.0,0.0,0,0,0,[]
COMPAS,clean,67,3000067,V6,0.0,0.0,0,0,0,[]
COMPAS,clean,67,3000067,V5,0.0,0.0,0,0,0,[]
COMPAS,clean,68,3000068,V6,0.0,0.0,0,0,0,[]
COMPAS,clean,68,3000068,V5,0.0,0.0,0,0,0,[]
COMPAS,clean,69,3000069,V6,0.0,0.0,0,0,0,[]
COMPAS,clean,69,3000069,V5,0.0,0.0,0,0,0,[]
COMPAS,clean,70,3000070,V6,0.0,0.0,0,0,0,[]
COMPAS,clean,70,3000070,V5,0.0,0.0,0,0,0,[]
COMPAS,clean,71,3000071,V6,0.0,0.0,0,0,0,[]
COMPAS,clean,71,3000071,V5,0.0,0.0,0,0,0,[]
COMPAS,clean,72,3000072,V6,0.0,0.0,0,0,0,[]
COMPAS,clean,72,3000072,V5,0.0,0.0,0,0,0,[]
COMPAS,clean,73,3000073,V6,0.0,0.0,0,0,0,[]
COMPAS,clean,73,3000073,V5,0.0,0.0,0,0,0,[]
COMPAS,clean,74,3000074,V6,0.0,0.0,0,0,0,[]
COMPAS,clean,74,3000074,V5,0.0,0.0,0,0,0,[]
COMPAS,clean,75,3000075,V6,0.0,0.0,1,1,0,"[[""race""]]"
COMPAS,clean,75,3000075,V5,0.0,0.0,0,0,0,[]
COMPAS,clean,76,3000076,V6,0.0,0.0,0,0,0,[]
COMPAS,clean,76,3000076,V5,0.0,0.0,0,0,0,[]
COMPAS,clean,77,3000077,V6,0.0,0.0,0,0,0,[]
COMPAS,clean,77,3000077,V5,0.0,0.0,0,0,0,[]
COMPAS,clean,78,3000078,V6,0.0,0.0,0,0,0,[]
COMPAS,clean,78,3000078,V5,0.0,0.0,0,0,0,[]
COMPAS,clean,79,3000079,V6,0.0,0.0,0,0,0,[]
COMPAS,clean,79,3000079,V5,0.0,0.0,0,0,0,[]
COMPAS,clean,80,3000080,V6,0.0,0.0,0,0,0,[]
COMPAS,clean,80,3000080,V5,0.0,0.0,0,0,0,[]
COMPAS,clean,81,3000081,V6,0.0,0.0,0,0,0,[]
COMPAS,clean,81,3000081,V5,0.0,0.0,0,0,0,[]
COMPAS,clean,82,3000082,V6,0.0,0.0,0,0,0,[]
COMPAS,clean,82,3000082,V5,0.0,0.0,0,0,0,[]
COMPAS,clean,83,3000083,V6,0.0,0.0,0,0,0,[]
COMPAS,clean,83,3000083,V5,0.0,0.0,0,0,0,[]
COMPAS,clean,84,3000084,V6,0.0,0.0,0,0,0,[]
COMPAS,clean,84,3000084,V5,0.0,0.0,0,0,0,[]
COMPAS,clean,85,3000085,V6,0.0,0.0,0,0,0,[]
COMPAS,clean,85,3000085,V5,0.0,0.0,0,0,0,[]
COMPAS,clean,86,3000086,V6,0.0,0.0,0,0,0,[]
COMPAS,clean,86,3000086,V5,0.0,0.0,0,0,0,[]
COMPAS,clean,87,3000087,V6,0.0,0.0,0,0,0,[]
COMPAS,clean,87,3000087,V5,0.0,0.0,0,0,0,[]
COMPAS,clean,88,3000088,V6,0.0,0.0,0,0,0,[]
COMPAS,clean,88,3000088,V5,0.0,0.0,0,0,0,[]
COMPAS,clean,89,3000089,V6,0.0,0.0,0,0,0,[]
COMPAS,clean,89,3000089,V5,0.0,0.0,0,0,0,[]
COMPAS,clean,90,3000090,V6,0.0,0.0,0,0,0,[]
COMPAS,clean,90,3000090,V5,0.0,0.0,0,0,0,[]
COMPAS,clean,91,3000091,V6,0.0,0.0,0,0,0,[]
COMPAS,clean,91,3000091,V5,0.0,0.0,0,0,0,[]
COMPAS,clean,92,3000092,V6,0.0,0.0,0,0,0,[]
COMPAS,clean,92,3000092,V5,0.0,0.0,0,0,0,[]
COMPAS,clean,93,3000093,V6,0.0,0.0,0,0,0,[]
COMPAS,clean,93,3000093,V5,0.0,0.0,0,0,0,[]
COMPAS,clean,94,3000094,V6,0.0,0.0,0,0,0,[]
COMPAS,clean,94,3000094,V5,0.0,0.0,0,0,0,[]
COMPAS,clean,95,3000095,V6,0.0,0.0,0,0,0,[]
COMPAS,clean,95,3000095,V5,0.0,0.0,0,0,0,[]
COMPAS,clean,96,3000096,V6,0.0,0.0,0,0,0,[]
COMPAS,clean,96,3000096,V5,0.0,0.0,0,0,0,[]
COMPAS,clean,97,3000097,V6,0.0,0.0,0,0,0,[]
COMPAS,clean,97,3000097,V5,0.0,0.0,0,0,0,[]
COMPAS,clean,98,3000098,V6,0.0,0.0,0,0,0,[]
COMPAS,clean,98,3000098,V5,0.0,0.0,0,0,0,[]
COMPAS,clean,99,3000099,V6,0.0,0.0,0,0,0,[]
COMPAS,clean,99,3000099,V5,0.0,0.0,0,0,0,[]
COMPAS,clean,100,3000100,V6,0.0,0.0,0,0,0,[]
COMPAS,clean,100,3000100,V5,0.0,0.0,0,0,0,[]
COMPAS,clean,101,3000101,V6,0.0,0.0,0,0,0,[]
COMPAS,clean,101,3000101,V5,0.0,0.0,0,0,0,[]
COMPAS,clean,102,3000102,V6,0.0,0.0,0,0,0,[]
COMPAS,clean,102,3000102,V5,0.0,0.0,0,0,0,[]
COMPAS,clean,103,3000103,V6,0.0,0.0,0,0,0,[]
COMPAS,clean,103,3000103,V5,0.0,0.0,0,0,0,[]
COMPAS,clean,104,3000104,V6,0.0,0.0,0,0,0,[]
COMPAS,clean,104,3000104,V5,0.0,0.0,0,0,0,[]
COMPAS,clean,105,3000105,V6,0.0,0.0,0,0,0,[]
COMPAS,clean,105,3000105,V5,0.0,0.0,0,0,0,[]
COMPAS,clean,106,3000106,V6,0.0,0.0,0,0,0,[]
COMPAS,clean,106,3000106,V5,0.0,0.0,0,0,0,[]
COMPAS,clean,107,3000107,V6,0.0,0.0,0,0,0,[]
COMPAS,clean,107,3000107,V5,0.0,0.0,0,0,0,[]
COMPAS,clean,108,3000108,V6,0.0,0.0,0,0,0,[]
COMPAS,clean,108,3000108,V5,0.0,0.0,0,0,0,[]
COMPAS,clean,109,3000109,V6,0.0,0.0,0,0,0,[]
COMPAS,clean,109,3000109,V5,0.0,0.0,0,0,0,[]
COMPAS,clean,110,3000110,V6,0.0,0.0,1,0,1,"[[""sex""]]"
COMPAS,clean,110,3000110,V5,0.0,0.0,0,0,0,[]
COMPAS,clean,111,3000111,V6,0.0,0.0,0,0,0,[]
COMPAS,clean,111,3000111,V5,0.0,0.0,0,0,0,[]
COMPAS,clean,112,3000112,V6,0.0,0.0,0,0,0,[]
COMPAS,clean,112,3000112,V5,0.0,0.0,0,0,0,[]
COMPAS,clean,113,3000113,V6,0.0,0.0,0,0,0,[]
COMPAS,clean,113,3000113,V5,0.0,0.0,0,0,0,[]
COMPAS,clean,114,3000114,V6,0.0,0.0,0,0,0,[]
COMPAS,clean,114,3000114,V5,0.0,0.0,0,0,0,[]
COMPAS,clean,115,3000115,V6,0.0,0.0,0,0,0,[]
COMPAS,clean,115,3000115,V5,0.0,0.0,0,0,0,[]
COMPAS,clean,116,3000116,V6,0.0,0.0,1,0,1,"[[""juv_other_count""]]"
COMPAS,clean,116,3000116,V5,0.0,0.0,0,0,0,[]
COMPAS,clean,117,3000117,V6,0.0,0.0,0,0,0,[]
COMPAS,clean,117,3000117,V5,0.0,0.0,0,0,0,[]
COMPAS,clean,118,3000118,V6,0.0,0.0,0,0,0,[]
COMPAS,clean,118,3000118,V5,0.0,0.0,0,0,0,[]
COMPAS,clean,119,3000119,V6,0.0,0.0,0,0,0,[]
COMPAS,clean,119,3000119,V5,0.0,0.0,0,0,0,[]
COMPAS,clean,120,3000120,V6,0.0,0.0,0,0,0,[]
COMPAS,clean,120,3000120,V5,0.0,0.0,0,0,0,[]
COMPAS,clean,121,3000121,V6,0.0,0.0,0,0,0,[]
COMPAS,clean,121,3000121,V5,0.0,0.0,0,0,0,[]
COMPAS,clean,122,3000122,V6,0.0,0.0,0,0,0,[]
COMPAS,clean,122,3000122,V5,0.0,0.0,0,0,0,[]
COMPAS,clean,123,3000123,V6,0.0,0.0,1,0,1,"[[""juv_fel_count""]]"
COMPAS,clean,123,3000123,V5,0.0,0.0,0,0,0,[]
COMPAS,clean,124,3000124,V6,0.0,0.0,0,0,0,[]
COMPAS,clean,124,3000124,V5,0.0,0.0,0,0,0,[]
COMPAS,clean,125,3000125,V6,0.0,0.0,0,0,0,[]
COMPAS,clean,125,3000125,V5,0.0,0.0,0,0,0,[]
COMPAS,clean,126,3000126,V6,0.0,0.0,0,0,0,[]
COMPAS,clean,126,3000126,V5,0.0,0.0,0,0,0,[]
COMPAS,clean,127,3000127,V6,0.0,0.0,0,0,0,[]
COMPAS,clean,127,3000127,V5,0.0,0.0,0,0,0,[]
COMPAS,clean,128,3000128,V6,0.0,0.0,0,0,0,[]
COMPAS,clean,128,3000128,V5,0.0,0.0,0,0,0,[]
COMPAS,clean,129,3000129,V6,0.0,0.0,0,0,0,[]
COMPAS,clean,129,3000129,V5,0.0,0.0,0,0,0,[]
COMPAS,clean,130,3000130,V6,0.0,0.0,0,0,0,[]
COMPAS,clean,130,3000130,V5,0.0,0.0,0,0,0,[]
COMPAS,clean,131,3000131,V6,0.0,0.0,0,0,0,[]
COMPAS,clean,131,3000131,V5,0.0,0.0,0,0,0,[]
COMPAS,clean,132,3000132,V6,0.0,0.0,0,0,0,[]
COMPAS,clean,132,3000132,V5,0.0,0.0,0,0,0,[]
COMPAS,clean,133,3000133,V6,0.0,0.0,0,0,0,[]
COMPAS,clean,133,3000133,V5,0.0,0.0,0,0,0,[]
COMPAS,clean,134,3000134,V6,0.0,0.0,0,0,0,[]
COMPAS,clean,134,3000134,V5,0.0,0.0,0,0,0,[]
COMPAS,clean,135,3000135,V6,0.0,0.0,0,0,0,[]
COMPAS,clean,135,3000135,V5,0.0,0.0,0,0,0,[]
COMPAS,clean,136,3000136,V6,0.0,0.0,0,0,0,[]
COMPAS,clean,136,3000136,V5,0.0,0.0,0,0,0,[]
COMPAS,clean,137,3000137,V6,0.0,0.0,0,0,0,[]
COMPAS,clean,137,3000137,V5,0.0,0.0,0,0,0,[]
COMPAS,clean,138,3000138,V6,0.0,0.0,0,0,0,[]
COMPAS,clean,138,3000138,V5,0.0,0.0,0,0,0,[]
COMPAS,clean,139,3000139,V6,0.0,0.0,0,0,0,[]
COMPAS,clean,139,3000139,V5,0.0,0.0,0,0,0,[]
COMPAS,clean,140,3000140,V6,0.0,0.0,0,0,0,[]
COMPAS,clean,140,3000140,V5,0.0,0.0,0,0,0,[]
COMPAS,clean,141,3000141,V6,0.0,0.0,0,0,0,[]
COMPAS,clean,141,3000141,V5,0.0,0.0,0,0,0,[]
COMPAS,clean,142,3000142,V6,0.0,0.0,0,0,0,[]
COMPAS,clean,142,3000142,V5,0.0,0.0,0,0,0,[]
COMPAS,clean,143,3000143,V6,0.0,0.0,0,0,0,[]
COMPAS,clean,143,3000143,V5,0.0,0.0,0,0,0,[]
COMPAS,clean,144,3000144,V6,0.0,0.0,0,0,0,[]
COMPAS,clean,144,3000144,V5,0.0,0.0,0,0,0,[]
COMPAS,clean,145,3000145,V6,0.0,0.0,0,0,0,[]
COMPAS,clean,145,3000145,V5,0.0,0.0,0,0,0,[]
COMPAS,clean,146,3000146,V6,0.0,0.0,0,0,0,[]
COMPAS,clean,146,3000146,V5,0.0,0.0,0,0,0,[]
COMPAS,clean,147,3000147,V6,0.0,0.0,0,0,0,[]
COMPAS,clean,147,3000147,V5,0.0,0.0,0,0,0,[]
COMPAS,clean,148,3000148,V6,0.0,0.0,0,0,0,[]
COMPAS,clean,148,3000148,V5,0.0,0.0,0,0,0,[]
COMPAS,clean,149,3000149,V6,0.0,0.0,0,0,0,[]
COMPAS,clean,149,3000149,V5,0.0,0.0,0,0,0,[]
COMPAS,clean,150,3000150,V6,0.0,0.0,0,0,0,[]
COMPAS,clean,150,3000150,V5,0.0,0.0,0,0,0,[]
COMPAS,clean,151,3000151,V6,0.0,0.0,0,0,0,[]
COMPAS,clean,151,3000151,V5,0.0,0.0,0,0,0,[]
COMPAS,clean,152,3000152,V6,0.0,0.0,0,0,0,[]
COMPAS,clean,152,3000152,V5,0.0,0.0,0,0,0,[]
COMPAS,clean,153,3000153,V6,0.0,0.0,0,0,0,[]
COMPAS,clean,153,3000153,V5,0.0,0.0,0,0,0,[]
COMPAS,clean,154,3000154,V6,0.0,0.0,0,0,0,[]
COMPAS,clean,154,3000154,V5,0.0,0.0,0,0,0,[]
COMPAS,clean,155,3000155,V6,0.0,0.0,0,0,0,[]
COMPAS,clean,155,3000155,V5,0.0,0.0,0,0,0,[]
COMPAS,clean,156,3000156,V6,0.0,0.0,0,0,0,[]
COMPAS,clean,156,3000156,V5,0.0,0.0,0,0,0,[]
COMPAS,clean,157,3000157,V6,0.0,0.0,0,0,0,[]
COMPAS,clean,157,3000157,V5,0.0,0.0,0,0,0,[]
COMPAS,clean,158,3000158,V6,0.0,0.0,0,0,0,[]
COMPAS,clean,158,3000158,V5,0.0,0.0,0,0,0,[]
COMPAS,clean,159,3000159,V6,0.0,0.0,0,0,0,[]
COMPAS,clean,159,3000159,V5,0.0,0.0,0,0,0,[]
COMPAS,clean,160,3000160,V6,0.0,0.0,0,0,0,[]
COMPAS,clean,160,3000160,V5,0.0,0.0,0,0,0,[]
COMPAS,clean,161,3000161,V6,0.0,0.0,0,0,0,[]
COMPAS,clean,161,3000161,V5,0.0,0.0,0,0,0,[]
COMPAS,clean,162,3000162,V6,0.0,0.0,0,0,0,[]
COMPAS,clean,162,3000162,V5,0.0,0.0,0,0,0,[]
COMPAS,clean,163,3000163,V6,0.0,0.0,0,0,0,[]
COMPAS,clean,163,3000163,V5,0.0,0.0,0,0,0,[]
COMPAS,clean,164,3000164,V6,0.0,0.0,0,0,0,[]
COMPAS,clean,164,3000164,V5,0.0,0.0,0,0,0,[]
COMPAS,clean,165,3000165,V6,0.0,0.0,0,0,0,[]
COMPAS,clean,165,3000165,V5,0.0,0.0,0,0,0,[]
COMPAS,clean,166,3000166,V6,0.0,0.0,0,0,0,[]
COMPAS,clean,166,3000166,V5,0.0,0.0,0,0,0,[]
COMPAS,clean,167,3000167,V6,0.0,0.0,0,0,0,[]
COMPAS,clean,167,3000167,V5,0.0,0.0,0,0,0,[]
COMPAS,clean,168,3000168,V6,0.0,0.0,0,0,0,[]
COMPAS,clean,168,3000168,V5,0.0,0.0,0,0,0,[]
COMPAS,clean,169,3000169,V6,0.0,0.0,0,0,0,[]
COMPAS,clean,169,3000169,V5,0.0,0.0,0,0,0,[]
COMPAS,clean,170,3000170,V6,0.0,0.0,0,0,0,[]
COMPAS,clean,170,3000170,V5,0.0,0.0,0,0,0,[]
COMPAS,clean,171,3000171,V6,0.0,0.0,0,0,0,[]
COMPAS,clean,171,3000171,V5,0.0,0.0,0,0,0,[]
COMPAS,clean,172,3000172,V6,0.0,0.0,0,0,0,[]
COMPAS,clean,172,3000172,V5,0.0,0.0,0,0,0,[]
COMPAS,clean,173,3000173,V6,0.0,0.0,0,0,0,[]
COMPAS,clean,173,3000173,V5,0.0,0.0,0,0,0,[]
COMPAS,clean,174,3000174,V6,0.0,0.0,0,0,0,[]
COMPAS,clean,174,3000174,V5,0.0,0.0,0,0,0,[]
COMPAS,clean,175,3000175,V6,0.0,0.0,0,0,0,[]
COMPAS,clean,175,3000175,V5,0.0,0.0,0,0,0,[]
COMPAS,clean,176,3000176,V6,0.0,0.0,0,0,0,[]
COMPAS,clean,176,3000176,V5,0.0,0.0,0,0,0,[]
COMPAS,clean,177,3000177,V6,0.0,0.0,0,0,0,[]
COMPAS,clean,177,3000177,V5,0.0,0.0,0,0,0,[]
COMPAS,clean,178,3000178,V6,0.0,0.0,0,0,0,[]
COMPAS,clean,178,3000178,V5,0.0,0.0,0,0,0,[]
COMPAS,clean,179,3000179,V6,0.0,0.0,0,0,0,[]
COMPAS,clean,179,3000179,V5,0.0,0.0,0,0,0,[]
COMPAS,clean,180,3000180,V6,0.0,0.0,0,0,0,[]
COMPAS,clean,180,3000180,V5,0.0,0.0,0,0,0,[]
COMPAS,clean,181,3000181,V6,0.0,0.0,0,0,0,[]
COMPAS,clean,181,3000181,V5,0.0,0.0,0,0,0,[]
COMPAS,clean,182,3000182,V6,0.0,0.0,0,0,0,[]
COMPAS,clean,182,3000182,V5,0.0,0.0,0,0,0,[]
COMPAS,clean,183,3000183,V6,0.0,0.0,0,0,0,[]
COMPAS,clean,183,3000183,V5,0.0,0.0,0,0,0,[]
COMPAS,clean,184,3000184,V6,0.0,0.0,0,0,0,[]
COMPAS,clean,184,3000184,V5,0.0,0.0,0,0,0,[]
COMPAS,clean,185,3000185,V6,0.0,0.0,0,0,0,[]
COMPAS,clean,185,3000185,V5,0.0,0.0,0,0,0,[]
COMPAS,clean,186,3000186,V6,0.0,0.0,0,0,0,[]
COMPAS,clean,186,3000186,V5,0.0,0.0,0,0,0,[]
COMPAS,clean,187,3000187,V6,0.0,0.0,0,0,0,[]
COMPAS,clean,187,3000187,V5,0.0,0.0,0,0,0,[]
COMPAS,clean,188,3000188,V6,0.0,0.0,0,0,0,[]
COMPAS,clean,188,3000188,V5,0.0,0.0,0,0,0,[]
COMPAS,clean,189,3000189,V6,0.0,0.0,0,0,0,[]
COMPAS,clean,189,3000189,V5,0.0,0.0,0,0,0,[]
COMPAS,clean,190,3000190,V6,0.0,0.0,0,0,0,[]
COMPAS,clean,190,3000190,V5,0.0,0.0,0,0,0,[]
COMPAS,clean,191,3000191,V6,0.0,0.0,0,0,0,[]
COMPAS,clean,191,3000191,V5,0.0,0.0,0,0,0,[]
COMPAS,clean,192,3000192,V6,0.0,0.0,0,0,0,[]
COMPAS,clean,192,3000192,V5,0.0,0.0,0,0,0,[]
COMPAS,clean,193,3000193,V6,0.0,0.0,0,0,0,[]
COMPAS,clean,193,3000193,V5,0.0,0.0,0,0,0,[]
COMPAS,clean,194,3000194,V6,0.0,0.0,0,0,0,[]
COMPAS,clean,194,3000194,V5,0.0,0.0,0,0,0,[]
COMPAS,clean,195,3000195,V6,0.0,0.0,0,0,0,[]
COMPAS,clean,195,3000195,V5,0.0,0.0,0,0,0,[]
COMPAS,clean,196,3000196,V6,0.0,0.0,0,0,0,[]
COMPAS,clean,196,3000196,V5,0.0,0.0,0,0,0,[]
COMPAS,clean,197,3000197,V6,0.0,0.0,0,0,0,[]
COMPAS,clean,197,3000197,V5,0.0,0.0,0,0,0,[]
COMPAS,clean,198,3000198,V6,0.0,0.0,0,0,0,[]
COMPAS,clean,198,3000198,V5,0.0,0.0,0,0,0,[]
COMPAS,clean,199,3000199,V6,0.0,0.0,0,0,0,[]
COMPAS,clean,199,3000199,V5,0.0,0.0,0,0,0,[]
COMPAS,shift_age_1.0,0,3010000,V6,0.0,1.0,0,0,0,[]
COMPAS,shift_age_1.0,0,3010000,V5,0.0,1.0,0,0,0,[]
COMPAS,shift_age_1.0,1,3010001,V6,0.0,1.0,0,0,0,[]
COMPAS,shift_age_1.0,1,3010001,V5,0.0,1.0,0,0,0,[]
COMPAS,shift_age_1.0,2,3010002,V6,0.0,1.0,0,0,0,[]
COMPAS,shift_age_1.0,2,3010002,V5,0.0,1.0,0,0,0,[]
COMPAS,shift_age_1.0,3,3010003,V6,0.0,1.0,0,0,0,[]
COMPAS,shift_age_1.0,3,3010003,V5,0.0,1.0,0,0,0,[]
COMPAS,shift_age_1.0,4,3010004,V6,0.0,1.0,0,0,0,[]
COMPAS,shift_age_1.0,4,3010004,V5,0.0,1.0,0,0,0,[]
COMPAS,shift_age_1.0,5,3010005,V6,0.0,1.0,0,0,0,[]
COMPAS,shift_age_1.0,5,3010005,V5,0.0,1.0,0,0,0,[]
COMPAS,shift_age_1.0,6,3010006,V6,0.0,1.0,0,0,0,[]
COMPAS,shift_age_1.0,6,3010006,V5,0.0,1.0,0,0,0,[]
COMPAS,shift_age_1.0,7,3010007,V6,0.0,1.0,0,0,0,[]
COMPAS,shift_age_1.0,7,3010007,V5,0.0,1.0,0,0,0,[]
COMPAS,shift_age_1.0,8,3010008,V6,0.0,1.0,0,0,0,[]
COMPAS,shift_age_1.0,8,3010008,V5,0.0,1.0,0,0,0,[]
COMPAS,shift_age_1.0,9,3010009,V6,0.0,1.0,0,0,0,[]
COMPAS,shift_age_1.0,9,3010009,V5,0.0,1.0,0,0,0,[]
COMPAS,shift_age_1.0,10,3010010,V6,0.0,1.0,0,0,0,[]
COMPAS,shift_age_1.0,10,3010010,V5,0.0,1.0,0,0,0,[]
COMPAS,shift_age_1.0,11,3010011,V6,0.0,1.0,0,0,0,[]
COMPAS,shift_age_1.0,11,3010011,V5,0.0,1.0,0,0,0,[]
COMPAS,shift_age_1.0,12,3010012,V6,0.0,1.0,0,0,0,[]
COMPAS,shift_age_1.0,12,3010012,V5,0.0,1.0,0,0,0,[]
COMPAS,shift_age_1.0,13,3010013,V6,0.0,1.0,0,0,0,[]
COMPAS,shift_age_1.0,13,3010013,V5,0.0,1.0,0,0,0,[]
COMPAS,shift_age_1.0,14,3010014,V6,0.0,1.0,0,0,0,[]
COMPAS,shift_age_1.0,14,3010014,V5,0.0,1.0,0,0,0,[]
COMPAS,shift_age_1.0,15,3010015,V6,0.0,1.0,0,0,0,[]
COMPAS,shift_age_1.0,15,3010015,V5,0.0,1.0,0,0,0,[]
COMPAS,shift_age_1.0,16,3010016,V6,0.0,1.0,0,0,0,[]
COMPAS,shift_age_1.0,16,3010016,V5,0.0,1.0,0,0,0,[]
COMPAS,shift_age_1.0,17,3010017,V6,0.0,1.0,0,0,0,[]
COMPAS,shift_age_1.0,17,3010017,V5,0.0,1.0,0,0,0,[]
COMPAS,shift_age_1.0,18,3010018,V6,0.0,1.0,0,0,0,[]
COMPAS,shift_age_1.0,18,3010018,V5,0.0,1.0,0,0,0,[]
COMPAS,shift_age_1.0,19,3010019,V6,0.0,1.0,0,0,0,[]
COMPAS,shift_age_1.0,19,3010019,V5,0.0,1.0,0,0,0,[]
COMPAS,shift_age_1.0,20,3010020,V6,0.0,1.0,0,0,0,[]
COMPAS,shift_age_1.0,20,3010020,V5,0.0,1.0,0,0,0,[]
COMPAS,shift_age_1.0,21,3010021,V6,0.0,1.0,0,0,0,[]
COMPAS,shift_age_1.0,21,3010021,V5,0.0,1.0,0,0,0,[]
COMPAS,shift_age_1.0,22,3010022,V6,0.0,1.0,0,0,0,[]
COMPAS,shift_age_1.0,22,3010022,V5,0.0,1.0,0,0,0,[]
COMPAS,shift_age_1.0,23,3010023,V6,0.0,1.0,0,0,0,[]
COMPAS,shift_age_1.0,23,3010023,V5,0.0,1.0,0,0,0,[]
COMPAS,shift_age_1.0,24,3010024,V6,0.0,1.0,0,0,0,[]
COMPAS,shift_age_1.0,24,3010024,V5,0.0,1.0,0,0,0,[]
COMPAS,shift_age_1.0,25,3010025,V6,0.0,1.0,0,0,0,[]
COMPAS,shift_age_1.0,25,3010025,V5,0.0,1.0,0,0,0,[]
COMPAS,shift_age_1.0,26,3010026,V6,0.0,1.0,0,0,0,[]
COMPAS,shift_age_1.0,26,3010026,V5,0.0,1.0,0,0,0,[]
COMPAS,shift_age_1.0,27,3010027,V6,0.0,1.0,0,0,0,[]
COMPAS,shift_age_1.0,27,3010027,V5,0.0,1.0,0,0,0,[]
COMPAS,shift_age_1.0,28,3010028,V6,0.0,1.0,0,0,0,[]
COMPAS,shift_age_1.0,28,3010028,V5,0.0,1.0,0,0,0,[]
COMPAS,shift_age_1.0,29,3010029,V6,0.0,1.0,0,0,0,[]
COMPAS,shift_age_1.0,29,3010029,V5,0.0,1.0,0,0,0,[]
COMPAS,shift_age_1.0,30,3010030,V6,0.0,1.0,0,0,0,[]
COMPAS,shift_age_1.0,30,3010030,V5,0.0,1.0,0,0,0,[]
COMPAS,shift_age_1.0,31,3010031,V6,0.0,1.0,0,0,0,[]
COMPAS,shift_age_1.0,31,3010031,V5,0.0,1.0,0,0,0,[]
COMPAS,shift_age_1.0,32,3010032,V6,0.0,1.0,0,0,0,[]
COMPAS,shift_age_1.0,32,3010032,V5,0.0,1.0,0,0,0,[]
COMPAS,shift_age_1.0,33,3010033,V6,0.0,1.0,0,0,0,[]
COMPAS,shift_age_1.0,33,3010033,V5,0.0,1.0,0,0,0,[]
COMPAS,shift_age_1.0,34,3010034,V6,0.0,1.0,0,0,0,[]
COMPAS,shift_age_1.0,34,3010034,V5,0.0,1.0,0,0,0,[]
COMPAS,shift_age_1.0,35,3010035,V6,0.0,1.0,0,0,0,[]
COMPAS,shift_age_1.0,35,3010035,V5,0.0,1.0,0,0,0,[]
COMPAS,shift_age_1.0,36,3010036,V6,0.0,1.0,0,0,0,[]
COMPAS,shift_age_1.0,36,3010036,V5,0.0,1.0,0,0,0,[]
COMPAS,shift_age_1.0,37,3010037,V6,0.0,1.0,0,0,0,[]
COMPAS,shift_age_1.0,37,3010037,V5,0.0,1.0,0,0,0,[]
COMPAS,shift_age_1.0,38,3010038,V6,0.0,1.0,0,0,0,[]
COMPAS,shift_age_1.0,38,3010038,V5,0.0,1.0,0,0,0,[]
COMPAS,shift_age_1.0,39,3010039,V6,0.0,1.0,0,0,0,[]
COMPAS,shift_age_1.0,39,3010039,V5,0.0,1.0,0,0,0,[]
COMPAS,shift_age_1.0,40,3010040,V6,0.0,1.0,0,0,0,[]
COMPAS,shift_age_1.0,40,3010040,V5,0.0,1.0,0,0,0,[]
COMPAS,shift_age_1.0,41,3010041,V6,0.0,1.0,0,0,0,[]
COMPAS,shift_age_1.0,41,3010041,V5,0.0,1.0,0,0,0,[]
COMPAS,shift_age_1.0,42,3010042,V6,0.0,1.0,0,0,0,[]
COMPAS,shift_age_1.0,42,3010042,V5,0.0,1.0,0,0,0,[]
COMPAS,shift_age_1.0,43,3010043,V6,0.0,1.0,0,0,0,[]
COMPAS,shift_age_1.0,43,3010043,V5,0.0,1.0,0,0,0,[]
COMPAS,shift_age_1.0,44,3010044,V6,0.0,1.0,0,0,0,[]
COMPAS,shift_age_1.0,44,3010044,V5,0.0,1.0,0,0,0,[]
COMPAS,shift_age_1.0,45,3010045,V6,0.0,1.0,0,0,0,[]
COMPAS,shift_age_1.0,45,3010045,V5,0.0,1.0,0,0,0,[]
COMPAS,shift_age_1.0,46,3010046,V6,0.0,1.0,0,0,0,[]
COMPAS,shift_age_1.0,46,3010046,V5,0.0,1.0,0,0,0,[]
COMPAS,shift_age_1.0,47,3010047,V6,0.0,1.0,0,0,0,[]
COMPAS,shift_age_1.0,47,3010047,V5,0.0,1.0,0,0,0,[]
COMPAS,shift_age_1.0,48,3010048,V6,0.0,1.0,0,0,0,[]
COMPAS,shift_age_1.0,48,3010048,V5,0.0,1.0,0,0,0,[]
COMPAS,shift_age_1.0,49,3010049,V6,0.0,1.0,0,0,0,[]
COMPAS,shift_age_1.0,49,3010049,V5,0.0,1.0,0,0,0,[]
COMPAS,shift_age_1.0,50,3010050,V6,0.0,1.0,0,0,0,[]
COMPAS,shift_age_1.0,50,3010050,V5,0.0,1.0,0,0,0,[]
COMPAS,shift_age_1.0,51,3010051,V6,0.0,1.0,0,0,0,[]
COMPAS,shift_age_1.0,51,3010051,V5,0.0,1.0,0,0,0,[]
COMPAS,shift_age_1.0,52,3010052,V6,0.0,1.0,0,0,0,[]
COMPAS,shift_age_1.0,52,3010052,V5,0.0,1.0,0,0,0,[]
COMPAS,shift_age_1.0,53,3010053,V6,0.0,1.0,0,0,0,[]
COMPAS,shift_age_1.0,53,3010053,V5,0.0,1.0,0,0,0,[]
COMPAS,shift_age_1.0,54,3010054,V6,0.0,1.0,0,0,0,[]
COMPAS,shift_age_1.0,54,3010054,V5,0.0,1.0,0,0,0,[]
COMPAS,shift_age_1.0,55,3010055,V6,0.0,1.0,0,0,0,[]
COMPAS,shift_age_1.0,55,3010055,V5,0.0,1.0,0,0,0,[]
COMPAS,shift_age_1.0,56,3010056,V6,0.0,1.0,0,0,0,[]
COMPAS,shift_age_1.0,56,3010056,V5,0.0,1.0,0,0,0,[]
COMPAS,shift_age_1.0,57,3010057,V6,0.0,1.0,0,0,0,[]
COMPAS,shift_age_1.0,57,3010057,V5,0.0,1.0,0,0,0,[]
COMPAS,shift_age_1.0,58,3010058,V6,0.0,1.0,0,0,0,[]
COMPAS,shift_age_1.0,58,3010058,V5,0.0,1.0,0,0,0,[]
COMPAS,shift_age_1.0,59,3010059,V6,0.0,1.0,0,0,0,[]
COMPAS,shift_age_1.0,59,3010059,V5,0.0,1.0,0,0,0,[]
COMPAS,shift_age_1.0,60,3010060,V6,0.0,1.0,0,0,0,[]
COMPAS,shift_age_1.0,60,3010060,V5,0.0,1.0,0,0,0,[]
COMPAS,shift_age_1.0,61,3010061,V6,0.0,1.0,0,0,0,[]
COMPAS,shift_age_1.0,61,3010061,V5,0.0,1.0,0,0,0,[]
COMPAS,shift_age_1.0,62,3010062,V6,0.0,1.0,0,0,0,[]
COMPAS,shift_age_1.0,62,3010062,V5,0.0,1.0,0,0,0,[]
COMPAS,shift_age_1.0,63,3010063,V6,0.0,1.0,0,0,0,[]
COMPAS,shift_age_1.0,63,3010063,V5,0.0,1.0,0,0,0,[]
COMPAS,shift_age_1.0,64,3010064,V6,0.0,1.0,0,0,0,[]
COMPAS,shift_age_1.0,64,3010064,V5,0.0,1.0,0,0,0,[]
COMPAS,shift_age_1.0,65,3010065,V6,0.0,1.0,0,0,0,[]
COMPAS,shift_age_1.0,65,3010065,V5,0.0,1.0,0,0,0,[]
COMPAS,shift_age_1.0,66,3010066,V6,0.0,1.0,0,0,0,[]
COMPAS,shift_age_1.0,66,3010066,V5,0.0,1.0,0,0,0,[]
COMPAS,shift_age_1.0,67,3010067,V6,0.0,1.0,0,0,0,[]
COMPAS,shift_age_1.0,67,3010067,V5,0.0,1.0,0,0,0,[]
COMPAS,shift_age_1.0,68,3010068,V6,0.0,1.0,0,0,0,[]
COMPAS,shift_age_1.0,68,3010068,V5,0.0,1.0,1,0,1,"[[""age"", ""age_cat""]]"
COMPAS,shift_age_1.0,69,3010069,V6,0.0,1.0,0,0,0,[]
COMPAS,shift_age_1.0,69,3010069,V5,0.0,1.0,0,0,0,[]
COMPAS,shift_age_1.0,70,3010070,V6,0.0,1.0,0,0,0,[]
COMPAS,shift_age_1.0,70,3010070,V5,0.0,1.0,0,0,0,[]
COMPAS,shift_age_1.0,71,3010071,V6,0.0,1.0,0,0,0,[]
COMPAS,shift_age_1.0,71,3010071,V5,0.0,1.0,0,0,0,[]
COMPAS,shift_age_1.0,72,3010072,V6,0.0,1.0,0,0,0,[]
COMPAS,shift_age_1.0,72,3010072,V5,0.0,1.0,0,0,0,[]
COMPAS,shift_age_1.0,73,3010073,V6,0.0,1.0,0,0,0,[]
COMPAS,shift_age_1.0,73,3010073,V5,0.0,1.0,0,0,0,[]
COMPAS,shift_age_1.0,74,3010074,V6,0.0,1.0,0,0,0,[]
COMPAS,shift_age_1.0,74,3010074,V5,0.0,1.0,0,0,0,[]
COMPAS,shift_age_1.0,75,3010075,V6,0.0,1.0,0,0,0,[]
COMPAS,shift_age_1.0,75,3010075,V5,0.0,1.0,0,0,0,[]
COMPAS,shift_age_1.0,76,3010076,V6,0.0,1.0,0,0,0,[]
COMPAS,shift_age_1.0,76,3010076,V5,0.0,1.0,0,0,0,[]
COMPAS,shift_age_1.0,77,3010077,V6,0.0,1.0,0,0,0,[]
COMPAS,shift_age_1.0,77,3010077,V5,0.0,1.0,0,0,0,[]
COMPAS,shift_age_1.0,78,3010078,V6,0.0,1.0,0,0,0,[]
COMPAS,shift_age_1.0,78,3010078,V5,0.0,1.0,0,0,0,[]
COMPAS,shift_age_1.0,79,3010079,V6,0.0,1.0,0,0,0,[]
COMPAS,shift_age_1.0,79,3010079,V5,0.0,1.0,0,0,0,[]
COMPAS,shift_age_1.0,80,3010080,V6,0.0,1.0,0,0,0,[]
COMPAS,shift_age_1.0,80,3010080,V5,0.0,1.0,0,0,0,[]
COMPAS,shift_age_1.0,81,3010081,V6,0.0,1.0,0,0,0,[]
COMPAS,shift_age_1.0,81,3010081,V5,0.0,1.0,0,0,0,[]
COMPAS,shift_age_1.0,82,3010082,V6,0.0,1.0,0,0,0,[]
COMPAS,shift_age_1.0,82,3010082,V5,0.0,1.0,0,0,0,[]
COMPAS,shift_age_1.0,83,3010083,V6,0.0,1.0,0,0,0,[]
COMPAS,shift_age_1.0,83,3010083,V5,0.0,1.0,0,0,0,[]
COMPAS,shift_age_1.0,84,3010084,V6,0.0,1.0,0,0,0,[]
COMPAS,shift_age_1.0,84,3010084,V5,0.0,1.0,0,0,0,[]
COMPAS,shift_age_1.0,85,3010085,V6,0.0,1.0,0,0,0,[]
COMPAS,shift_age_1.0,85,3010085,V5,0.0,1.0,0,0,0,[]
COMPAS,shift_age_1.0,86,3010086,V6,0.0,1.0,0,0,0,[]
COMPAS,shift_age_1.0,86,3010086,V5,0.0,1.0,0,0,0,[]
COMPAS,shift_age_1.0,87,3010087,V6,0.0,1.0,0,0,0,[]
COMPAS,shift_age_1.0,87,3010087,V5,0.0,1.0,0,0,0,[]
COMPAS,shift_age_1.0,88,3010088,V6,0.0,1.0,0,0,0,[]
COMPAS,shift_age_1.0,88,3010088,V5,0.0,1.0,0,0,0,[]
COMPAS,shift_age_1.0,89,3010089,V6,0.0,1.0,0,0,0,[]
COMPAS,shift_age_1.0,89,3010089,V5,0.0,1.0,0,0,0,[]
COMPAS,shift_age_1.0,90,3010090,V6,0.0,1.0,0,0,0,[]
COMPAS,shift_age_1.0,90,3010090,V5,0.0,1.0,0,0,0,[]
COMPAS,shift_age_1.0,91,3010091,V6,0.0,1.0,0,0,0,[]
COMPAS,shift_age_1.0,91,3010091,V5,0.0,1.0,0,0,0,[]
COMPAS,shift_age_1.0,92,3010092,V6,0.0,1.0,0,0,0,[]
COMPAS,shift_age_1.0,92,3010092,V5,0.0,1.0,0,0,0,[]
COMPAS,shift_age_1.0,93,3010093,V6,0.0,1.0,0,0,0,[]
COMPAS,shift_age_1.0,93,3010093,V5,0.0,1.0,0,0,0,[]
COMPAS,shift_age_1.0,94,3010094,V6,0.0,1.0,0,0,0,[]
COMPAS,shift_age_1.0,94,3010094,V5,0.0,1.0,0,0,0,[]
COMPAS,shift_age_1.0,95,3010095,V6,0.0,1.0,0,0,0,[]
COMPAS,shift_age_1.0,95,3010095,V5,0.0,1.0,0,0,0,[]
COMPAS,shift_age_1.0,96,3010096,V6,0.0,1.0,0,0,0,[]
COMPAS,shift_age_1.0,96,3010096,V5,0.0,1.0,0,0,0,[]
COMPAS,shift_age_1.0,97,3010097,V6,0.0,1.0,0,0,0,[]
COMPAS,shift_age_1.0,97,3010097,V5,0.0,1.0,0,0,0,[]
COMPAS,shift_age_1.0,98,3010098,V6,0.0,1.0,0,0,0,[]
COMPAS,shift_age_1.0,98,3010098,V5,0.0,1.0,0,0,0,[]
COMPAS,shift_age_1.0,99,3010099,V6,0.0,1.0,0,0,0,[]
COMPAS,shift_age_1.0,99,3010099,V5,0.0,1.0,0,0,0,[]
COMPAS,shift_age_1.0,100,3010100,V6,0.0,1.0,0,0,0,[]
COMPAS,shift_age_1.0,100,3010100,V5,0.0,1.0,0,0,0,[]
COMPAS,shift_age_1.0,101,3010101,V6,0.0,1.0,0,0,0,[]
COMPAS,shift_age_1.0,101,3010101,V5,0.0,1.0,0,0,0,[]
COMPAS,shift_age_1.0,102,3010102,V6,0.0,1.0,0,0,0,[]
COMPAS,shift_age_1.0,102,3010102,V5,0.0,1.0,0,0,0,[]
COMPAS,shift_age_1.0,103,3010103,V6,0.0,1.0,0,0,0,[]
COMPAS,shift_age_1.0,103,3010103,V5,0.0,1.0,0,0,0,[]
COMPAS,shift_age_1.0,104,3010104,V6,0.0,1.0,0,0,0,[]
COMPAS,shift_age_1.0,104,3010104,V5,0.0,1.0,0,0,0,[]
COMPAS,shift_age_1.0,105,3010105,V6,0.0,1.0,0,0,0,[]
COMPAS,shift_age_1.0,105,3010105,V5,0.0,1.0,0,0,0,[]
COMPAS,shift_age_1.0,106,3010106,V6,0.0,1.0,0,0,0,[]
COMPAS,shift_age_1.0,106,3010106,V5,0.0,1.0,0,0,0,[]
COMPAS,shift_age_1.0,107,3010107,V6,0.0,1.0,0,0,0,[]
COMPAS,shift_age_1.0,107,3010107,V5,0.0,1.0,0,0,0,[]
COMPAS,shift_age_1.0,108,3010108,V6,0.0,1.0,0,0,0,[]
COMPAS,shift_age_1.0,108,3010108,V5,0.0,1.0,0,0,0,[]
COMPAS,shift_age_1.0,109,3010109,V6,0.0,1.0,0,0,0,[]
COMPAS,shift_age_1.0,109,3010109,V5,0.0,1.0,0,0,0,[]
COMPAS,shift_age_1.0,110,3010110,V6,0.0,1.0,0,0,0,[]
COMPAS,shift_age_1.0,110,3010110,V5,0.0,1.0,0,0,0,[]
COMPAS,shift_age_1.0,111,3010111,V6,0.0,1.0,0,0,0,[]
COMPAS,shift_age_1.0,111,3010111,V5,0.0,1.0,1,0,1,"[[""c_charge_degree""]]"
COMPAS,shift_age_1.0,112,3010112,V6,0.0,1.0,0,0,0,[]
COMPAS,shift_age_1.0,112,3010112,V5,0.0,1.0,0,0,0,[]
COMPAS,shift_age_1.0,113,3010113,V6,0.0,1.0,0,0,0,[]
COMPAS,shift_age_1.0,113,3010113,V5,0.0,1.0,0,0,0,[]
COMPAS,shift_age_1.0,114,3010114,V6,0.0,1.0,0,0,0,[]
COMPAS,shift_age_1.0,114,3010114,V5,0.0,1.0,0,0,0,[]
COMPAS,shift_age_1.0,115,3010115,V6,0.0,1.0,0,0,0,[]
COMPAS,shift_age_1.0,115,3010115,V5,0.0,1.0,0,0,0,[]
COMPAS,shift_age_1.0,116,3010116,V6,0.0,1.0,0,0,0,[]
COMPAS,shift_age_1.0,116,3010116,V5,0.0,1.0,0,0,0,[]
COMPAS,shift_age_1.0,117,3010117,V6,0.0,1.0,0,0,0,[]
COMPAS,shift_age_1.0,117,3010117,V5,0.0,1.0,0,0,0,[]
COMPAS,shift_age_1.0,118,3010118,V6,0.0,1.0,0,0,0,[]
COMPAS,shift_age_1.0,118,3010118,V5,0.0,1.0,0,0,0,[]
COMPAS,shift_age_1.0,119,3010119,V6,0.0,1.0,0,0,0,[]
COMPAS,shift_age_1.0,119,3010119,V5,0.0,1.0,0,0,0,[]
COMPAS,shift_age_1.0,120,3010120,V6,0.0,1.0,0,0,0,[]
COMPAS,shift_age_1.0,120,3010120,V5,0.0,1.0,0,0,0,[]
COMPAS,shift_age_1.0,121,3010121,V6,0.0,1.0,0,0,0,[]
COMPAS,shift_age_1.0,121,3010121,V5,0.0,1.0,0,0,0,[]
COMPAS,shift_age_1.0,122,3010122,V6,0.0,1.0,0,0,0,[]
COMPAS,shift_age_1.0,122,3010122,V5,0.0,1.0,0,0,0,[]
COMPAS,shift_age_1.0,123,3010123,V6,0.0,1.0,0,0,0,[]
COMPAS,shift_age_1.0,123,3010123,V5,0.0,1.0,0,0,0,[]
COMPAS,shift_age_1.0,124,3010124,V6,0.0,1.0,0,0,0,[]
COMPAS,shift_age_1.0,124,3010124,V5,0.0,1.0,0,0,0,[]
COMPAS,shift_age_1.0,125,3010125,V6,0.0,1.0,0,0,0,[]
COMPAS,shift_age_1.0,125,3010125,V5,0.0,1.0,0,0,0,[]
COMPAS,shift_age_1.0,126,3010126,V6,0.0,1.0,0,0,0,[]
COMPAS,shift_age_1.0,126,3010126,V5,0.0,1.0,0,0,0,[]
COMPAS,shift_age_1.0,127,3010127,V6,0.0,1.0,0,0,0,[]
COMPAS,shift_age_1.0,127,3010127,V5,0.0,1.0,0,0,0,[]
COMPAS,shift_age_1.0,128,3010128,V6,0.0,1.0,0,0,0,[]
COMPAS,shift_age_1.0,128,3010128,V5,0.0,1.0,0,0,0,[]
COMPAS,shift_age_1.0,129,3010129,V6,0.0,1.0,0,0,0,[]
COMPAS,shift_age_1.0,129,3010129,V5,0.0,1.0,0,0,0,[]
COMPAS,shift_age_1.0,130,3010130,V6,0.0,1.0,0,0,0,[]
COMPAS,shift_age_1.0,130,3010130,V5,0.0,1.0,0,0,0,[]
COMPAS,shift_age_1.0,131,3010131,V6,0.0,1.0,0,0,0,[]
COMPAS,shift_age_1.0,131,3010131,V5,0.0,1.0,0,0,0,[]
COMPAS,shift_age_1.0,132,3010132,V6,0.0,1.0,0,0,0,[]
COMPAS,shift_age_1.0,132,3010132,V5,0.0,1.0,0,0,0,[]
COMPAS,shift_age_1.0,133,3010133,V6,0.0,1.0,0,0,0,[]
COMPAS,shift_age_1.0,133,3010133,V5,0.0,1.0,0,0,0,[]
COMPAS,shift_age_1.0,134,3010134,V6,0.0,1.0,0,0,0,[]
COMPAS,shift_age_1.0,134,3010134,V5,0.0,1.0,0,0,0,[]
COMPAS,shift_age_1.0,135,3010135,V6,0.0,1.0,0,0,0,[]
COMPAS,shift_age_1.0,135,3010135,V5,0.0,1.0,0,0,0,[]
COMPAS,shift_age_1.0,136,3010136,V6,0.0,1.0,0,0,0,[]
COMPAS,shift_age_1.0,136,3010136,V5,0.0,1.0,0,0,0,[]
COMPAS,shift_age_1.0,137,3010137,V6,0.0,1.0,0,0,0,[]
COMPAS,shift_age_1.0,137,3010137,V5,0.0,1.0,0,0,0,[]
COMPAS,shift_age_1.0,138,3010138,V6,0.0,1.0,0,0,0,[]
COMPAS,shift_age_1.0,138,3010138,V5,0.0,1.0,0,0,0,[]
COMPAS,shift_age_1.0,139,3010139,V6,0.0,1.0,0,0,0,[]
COMPAS,shift_age_1.0,139,3010139,V5,0.0,1.0,0,0,0,[]
COMPAS,shift_age_1.0,140,3010140,V6,0.0,1.0,0,0,0,[]
COMPAS,shift_age_1.0,140,3010140,V5,0.0,1.0,0,0,0,[]
COMPAS,shift_age_1.0,141,3010141,V6,0.0,1.0,0,0,0,[]
COMPAS,shift_age_1.0,141,3010141,V5,0.0,1.0,0,0,0,[]
COMPAS,shift_age_1.0,142,3010142,V6,0.0,1.0,0,0,0,[]
COMPAS,shift_age_1.0,142,3010142,V5,0.0,1.0,0,0,0,[]
COMPAS,shift_age_1.0,143,3010143,V6,0.0,1.0,0,0,0,[]
COMPAS,shift_age_1.0,143,3010143,V5,0.0,1.0,0,0,0,[]
COMPAS,shift_age_1.0,144,3010144,V6,0.0,1.0,0,0,0,[]
COMPAS,shift_age_1.0,144,3010144,V5,0.0,1.0,0,0,0,[]
COMPAS,shift_age_1.0,145,3010145,V6,0.0,1.0,0,0,0,[]
COMPAS,shift_age_1.0,145,3010145,V5,0.0,1.0,0,0,0,[]
COMPAS,shift_age_1.0,146,3010146,V6,0.0,1.0,0,0,0,[]
COMPAS,shift_age_1.0,146,3010146,V5,0.0,1.0,0,0,0,[]
COMPAS,shift_age_1.0,147,3010147,V6,0.0,1.0,0,0,0,[]
COMPAS,shift_age_1.0,147,3010147,V5,0.0,1.0,0,0,0,[]
COMPAS,shift_age_1.0,148,3010148,V6,0.0,1.0,0,0,0,[]
COMPAS,shift_age_1.0,148,3010148,V5,0.0,1.0,0,0,0,[]
COMPAS,shift_age_1.0,149,3010149,V6,0.0,1.0,0,0,0,[]
COMPAS,shift_age_1.0,149,3010149,V5,0.0,1.0,0,0,0,[]
COMPAS,shift_age_1.0,150,3010150,V6,0.0,1.0,0,0,0,[]
COMPAS,shift_age_1.0,150,3010150,V5,0.0,1.0,0,0,0,[]
COMPAS,shift_age_1.0,151,3010151,V6,0.0,1.0,1,0,1,"[[""c_charge_degree""]]"
COMPAS,shift_age_1.0,151,3010151,V5,0.0,1.0,0,0,0,[]
COMPAS,shift_age_1.0,152,3010152,V6,0.0,1.0,0,0,0,[]
COMPAS,shift_age_1.0,152,3010152,V5,0.0,1.0,0,0,0,[]
COMPAS,shift_age_1.0,153,3010153,V6,0.0,1.0,0,0,0,[]
COMPAS,shift_age_1.0,153,3010153,V5,0.0,1.0,0,0,0,[]
COMPAS,shift_age_1.0,154,3010154,V6,0.0,1.0,0,0,0,[]
COMPAS,shift_age_1.0,154,3010154,V5,0.0,1.0,0,0,0,[]
COMPAS,shift_age_1.0,155,3010155,V6,0.0,1.0,0,0,0,[]
COMPAS,shift_age_1.0,155,3010155,V5,0.0,1.0,0,0,0,[]
COMPAS,shift_age_1.0,156,3010156,V6,0.0,1.0,0,0,0,[]
COMPAS,shift_age_1.0,156,3010156,V5,0.0,1.0,0,0,0,[]
COMPAS,shift_age_1.0,157,3010157,V6,0.0,1.0,0,0,0,[]
COMPAS,shift_age_1.0,157,3010157,V5,0.0,1.0,0,0,0,[]
COMPAS,shift_age_1.0,158,3010158,V6,0.0,1.0,0,0,0,[]
COMPAS,shift_age_1.0,158,3010158,V5,0.0,1.0,0,0,0,[]
COMPAS,shift_age_1.0,159,3010159,V6,0.0,1.0,0,0,0,[]
COMPAS,shift_age_1.0,159,3010159,V5,0.0,1.0,0,0,0,[]
COMPAS,shift_age_1.0,160,3010160,V6,0.0,1.0,0,0,0,[]
COMPAS,shift_age_1.0,160,3010160,V5,0.0,1.0,0,0,0,[]
COMPAS,shift_age_1.0,161,3010161,V6,0.0,1.0,0,0,0,[]
COMPAS,shift_age_1.0,161,3010161,V5,0.0,1.0,0,0,0,[]
COMPAS,shift_age_1.0,162,3010162,V6,0.0,1.0,0,0,0,[]
COMPAS,shift_age_1.0,162,3010162,V5,0.0,1.0,0,0,0,[]
COMPAS,shift_age_1.0,163,3010163,V6,0.0,1.0,0,0,0,[]
COMPAS,shift_age_1.0,163,3010163,V5,0.0,1.0,0,0,0,[]
COMPAS,shift_age_1.0,164,3010164,V6,0.0,1.0,0,0,0,[]
COMPAS,shift_age_1.0,164,3010164,V5,0.0,1.0,0,0,0,[]
COMPAS,shift_age_1.0,165,3010165,V6,0.0,1.0,0,0,0,[]
COMPAS,shift_age_1.0,165,3010165,V5,0.0,1.0,0,0,0,[]
COMPAS,shift_age_1.0,166,3010166,V6,0.0,1.0,0,0,0,[]
COMPAS,shift_age_1.0,166,3010166,V5,0.0,1.0,0,0,0,[]
COMPAS,shift_age_1.0,167,3010167,V6,0.0,1.0,0,0,0,[]
COMPAS,shift_age_1.0,167,3010167,V5,0.0,1.0,0,0,0,[]
COMPAS,shift_age_1.0,168,3010168,V6,0.0,1.0,0,0,0,[]
COMPAS,shift_age_1.0,168,3010168,V5,0.0,1.0,0,0,0,[]
COMPAS,shift_age_1.0,169,3010169,V6,0.0,1.0,0,0,0,[]
COMPAS,shift_age_1.0,169,3010169,V5,0.0,1.0,0,0,0,[]
COMPAS,shift_age_1.0,170,3010170,V6,0.0,1.0,0,0,0,[]
COMPAS,shift_age_1.0,170,3010170,V5,0.0,1.0,0,0,0,[]
COMPAS,shift_age_1.0,171,3010171,V6,0.0,1.0,0,0,0,[]
COMPAS,shift_age_1.0,171,3010171,V5,0.0,1.0,0,0,0,[]
COMPAS,shift_age_1.0,172,3010172,V6,0.0,1.0,0,0,0,[]
COMPAS,shift_age_1.0,172,3010172,V5,0.0,1.0,0,0,0,[]
COMPAS,shift_age_1.0,173,3010173,V6,0.0,1.0,0,0,0,[]
COMPAS,shift_age_1.0,173,3010173,V5,0.0,1.0,0,0,0,[]
COMPAS,shift_age_1.0,174,3010174,V6,0.0,1.0,0,0,0,[]
COMPAS,shift_age_1.0,174,3010174,V5,0.0,1.0,0,0,0,[]
COMPAS,shift_age_1.0,175,3010175,V6,0.0,1.0,0,0,0,[]
COMPAS,shift_age_1.0,175,3010175,V5,0.0,1.0,0,0,0,[]
COMPAS,shift_age_1.0,176,3010176,V6,0.0,1.0,0,0,0,[]
COMPAS,shift_age_1.0,176,3010176,V5,0.0,1.0,0,0,0,[]
COMPAS,shift_age_1.0,177,3010177,V6,0.0,1.0,0,0,0,[]
COMPAS,shift_age_1.0,177,3010177,V5,0.0,1.0,0,0,0,[]
COMPAS,shift_age_1.0,178,3010178,V6,0.0,1.0,0,0,0,[]
COMPAS,shift_age_1.0,178,3010178,V5,0.0,1.0,0,0,0,[]
COMPAS,shift_age_1.0,179,3010179,V6,0.0,1.0,0,0,0,[]
COMPAS,shift_age_1.0,179,3010179,V5,0.0,1.0,0,0,0,[]
COMPAS,shift_age_1.0,180,3010180,V6,0.0,1.0,0,0,0,[]
COMPAS,shift_age_1.0,180,3010180,V5,0.0,1.0,0,0,0,[]
COMPAS,shift_age_1.0,181,3010181,V6,0.0,1.0,0,0,0,[]
COMPAS,shift_age_1.0,181,3010181,V5,0.0,1.0,0,0,0,[]
COMPAS,shift_age_1.0,182,3010182,V6,0.0,1.0,0,0,0,[]
COMPAS,shift_age_1.0,182,3010182,V5,0.0,1.0,0,0,0,[]
COMPAS,shift_age_1.0,183,3010183,V6,0.0,1.0,0,0,0,[]
COMPAS,shift_age_1.0,183,3010183,V5,0.0,1.0,0,0,0,[]
COMPAS,shift_age_1.0,184,3010184,V6,0.0,1.0,0,0,0,[]
COMPAS,shift_age_1.0,184,3010184,V5,0.0,1.0,0,0,0,[]
COMPAS,shift_age_1.0,185,3010185,V6,0.0,1.0,0,0,0,[]
COMPAS,shift_age_1.0,185,3010185,V5,0.0,1.0,0,0,0,[]
COMPAS,shift_age_1.0,186,3010186,V6,0.0,1.0,0,0,0,[]
COMPAS,shift_age_1.0,186,3010186,V5,0.0,1.0,0,0,0,[]
COMPAS,shift_age_1.0,187,3010187,V6,0.0,1.0,0,0,0,[]
COMPAS,shift_age_1.0,187,3010187,V5,0.0,1.0,0,0,0,[]
COMPAS,shift_age_1.0,188,3010188,V6,0.0,1.0,0,0,0,[]
COMPAS,shift_age_1.0,188,3010188,V5,0.0,1.0,0,0,0,[]
COMPAS,shift_age_1.0,189,3010189,V6,0.0,1.0,0,0,0,[]
COMPAS,shift_age_1.0,189,3010189,V5,0.0,1.0,0,0,0,[]
COMPAS,shift_age_1.0,190,3010190,V6,0.0,1.0,0,0,0,[]
COMPAS,shift_age_1.0,190,3010190,V5,0.0,1.0,0,0,0,[]
COMPAS,shift_age_1.0,191,3010191,V6,0.0,1.0,0,0,0,[]
COMPAS,shift_age_1.0,191,3010191,V5,0.0,1.0,0,0,0,[]
COMPAS,shift_age_1.0,192,3010192,V6,0.0,1.0,0,0,0,[]
COMPAS,shift_age_1.0,192,3010192,V5,0.0,1.0,0,0,0,[]
COMPAS,shift_age_1.0,193,3010193,V6,0.0,1.0,0,0,0,[]
COMPAS,shift_age_1.0,193,3010193,V5,0.0,1.0,0,0,0,[]
COMPAS,shift_age_1.0,194,3010194,V6,0.0,1.0,0,0,0,[]
COMPAS,shift_age_1.0,194,3010194,V5,0.0,1.0,0,0,0,[]
COMPAS,shift_age_1.0,195,3010195,V6,0.0,1.0,0,0,0,[]
COMPAS,shift_age_1.0,195,3010195,V5,0.0,1.0,0,0,0,[]
COMPAS,shift_age_1.0,196,3010196,V6,0.0,1.0,0,0,0,[]
COMPAS,shift_age_1.0,196,3010196,V5,0.0,1.0,0,0,0,[]
COMPAS,shift_age_1.0,197,3010197,V6,0.0,1.0,0,0,0,[]
COMPAS,shift_age_1.0,197,3010197,V5,0.0,1.0,0,0,0,[]
COMPAS,shift_age_1.0,198,3010198,V6,0.0,1.0,0,0,0,[]
COMPAS,shift_age_1.0,198,3010198,V5,0.0,1.0,0,0,0,[]
COMPAS,shift_age_1.0,199,3010199,V6,0.0,1.0,0,0,0,[]
COMPAS,shift_age_1.0,199,3010199,V5,0.0,1.0,0,0,0,[]
COMPAS,shift_age_1.5,0,3020000,V6,0.0,1.5,0,0,0,[]
COMPAS,shift_age_1.5,0,3020000,V5,0.0,1.5,0,0,0,[]
COMPAS,shift_age_1.5,1,3020001,V6,0.0,1.5,0,0,0,[]
COMPAS,shift_age_1.5,1,3020001,V5,0.0,1.5,0,0,0,[]
COMPAS,shift_age_1.5,2,3020002,V6,0.0,1.5,0,0,0,[]
COMPAS,shift_age_1.5,2,3020002,V5,0.0,1.5,0,0,0,[]
COMPAS,shift_age_1.5,3,3020003,V6,0.0,1.5,0,0,0,[]
COMPAS,shift_age_1.5,3,3020003,V5,0.0,1.5,0,0,0,[]
COMPAS,shift_age_1.5,4,3020004,V6,0.0,1.5,0,0,0,[]
COMPAS,shift_age_1.5,4,3020004,V5,0.0,1.5,0,0,0,[]
COMPAS,shift_age_1.5,5,3020005,V6,0.0,1.5,0,0,0,[]
COMPAS,shift_age_1.5,5,3020005,V5,0.0,1.5,0,0,0,[]
COMPAS,shift_age_1.5,6,3020006,V6,0.0,1.5,0,0,0,[]
COMPAS,shift_age_1.5,6,3020006,V5,0.0,1.5,0,0,0,[]
COMPAS,shift_age_1.5,7,3020007,V6,0.0,1.5,0,0,0,[]
COMPAS,shift_age_1.5,7,3020007,V5,0.0,1.5,0,0,0,[]
COMPAS,shift_age_1.5,8,3020008,V6,0.0,1.5,0,0,0,[]
COMPAS,shift_age_1.5,8,3020008,V5,0.0,1.5,0,0,0,[]
COMPAS,shift_age_1.5,9,3020009,V6,0.0,1.5,0,0,0,[]
COMPAS,shift_age_1.5,9,3020009,V5,0.0,1.5,0,0,0,[]
COMPAS,shift_age_1.5,10,3020010,V6,0.0,1.5,0,0,0,[]
COMPAS,shift_age_1.5,10,3020010,V5,0.0,1.5,0,0,0,[]
COMPAS,shift_age_1.5,11,3020011,V6,0.0,1.5,0,0,0,[]
COMPAS,shift_age_1.5,11,3020011,V5,0.0,1.5,0,0,0,[]
COMPAS,shift_age_1.5,12,3020012,V6,0.0,1.5,0,0,0,[]
COMPAS,shift_age_1.5,12,3020012,V5,0.0,1.5,0,0,0,[]
COMPAS,shift_age_1.5,13,3020013,V6,0.0,1.5,0,0,0,[]
COMPAS,shift_age_1.5,13,3020013,V5,0.0,1.5,0,0,0,[]
COMPAS,shift_age_1.5,14,3020014,V6,0.0,1.5,0,0,0,[]
COMPAS,shift_age_1.5,14,3020014,V5,0.0,1.5,0,0,0,[]
COMPAS,shift_age_1.5,15,3020015,V6,0.0,1.5,0,0,0,[]
COMPAS,shift_age_1.5,15,3020015,V5,0.0,1.5,0,0,0,[]
COMPAS,shift_age_1.5,16,3020016,V6,0.0,1.5,0,0,0,[]
COMPAS,shift_age_1.5,16,3020016,V5,0.0,1.5,0,0,0,[]
COMPAS,shift_age_1.5,17,3020017,V6,0.0,1.5,0,0,0,[]
COMPAS,shift_age_1.5,17,3020017,V5,0.0,1.5,0,0,0,[]
COMPAS,shift_age_1.5,18,3020018,V6,0.0,1.5,0,0,0,[]
COMPAS,shift_age_1.5,18,3020018,V5,0.0,1.5,0,0,0,[]
COMPAS,shift_age_1.5,19,3020019,V6,0.0,1.5,1,0,1,"[[""juv_fel_count""]]"
COMPAS,shift_age_1.5,19,3020019,V5,0.0,1.5,0,0,0,[]
COMPAS,shift_age_1.5,20,3020020,V6,0.0,1.5,0,0,0,[]
COMPAS,shift_age_1.5,20,3020020,V5,0.0,1.5,0,0,0,[]
COMPAS,shift_age_1.5,21,3020021,V6,0.0,1.5,0,0,0,[]
COMPAS,shift_age_1.5,21,3020021,V5,0.0,1.5,0,0,0,[]
COMPAS,shift_age_1.5,22,3020022,V6,0.0,1.5,0,0,0,[]
COMPAS,shift_age_1.5,22,3020022,V5,0.0,1.5,0,0,0,[]
COMPAS,shift_age_1.5,23,3020023,V6,0.0,1.5,0,0,0,[]
COMPAS,shift_age_1.5,23,3020023,V5,0.0,1.5,0,0,0,[]
COMPAS,shift_age_1.5,24,3020024,V6,0.0,1.5,0,0,0,[]
COMPAS,shift_age_1.5,24,3020024,V5,0.0,1.5,0,0,0,[]
COMPAS,shift_age_1.5,25,3020025,V6,0.0,1.5,0,0,0,[]
COMPAS,shift_age_1.5,25,3020025,V5,0.0,1.5,0,0,0,[]
COMPAS,shift_age_1.5,26,3020026,V6,0.0,1.5,0,0,0,[]
COMPAS,shift_age_1.5,26,3020026,V5,0.0,1.5,0,0,0,[]
COMPAS,shift_age_1.5,27,3020027,V6,0.0,1.5,0,0,0,[]
COMPAS,shift_age_1.5,27,3020027,V5,0.0,1.5,0,0,0,[]
COMPAS,shift_age_1.5,28,3020028,V6,0.0,1.5,0,0,0,[]
COMPAS,shift_age_1.5,28,3020028,V5,0.0,1.5,0,0,0,[]
COMPAS,shift_age_1.5,29,3020029,V6,0.0,1.5,0,0,0,[]
COMPAS,shift_age_1.5,29,3020029,V5,0.0,1.5,0,0,0,[]
COMPAS,shift_age_1.5,30,3020030,V6,0.0,1.5,0,0,0,[]
COMPAS,shift_age_1.5,30,3020030,V5,0.0,1.5,0,0,0,[]
COMPAS,shift_age_1.5,31,3020031,V6,0.0,1.5,0,0,0,[]
COMPAS,shift_age_1.5,31,3020031,V5,0.0,1.5,0,0,0,[]
COMPAS,shift_age_1.5,32,3020032,V6,0.0,1.5,0,0,0,[]
COMPAS,shift_age_1.5,32,3020032,V5,0.0,1.5,0,0,0,[]
COMPAS,shift_age_1.5,33,3020033,V6,0.0,1.5,0,0,0,[]
COMPAS,shift_age_1.5,33,3020033,V5,0.0,1.5,0,0,0,[]
COMPAS,shift_age_1.5,34,3020034,V6,0.0,1.5,0,0,0,[]
COMPAS,shift_age_1.5,34,3020034,V5,0.0,1.5,0,0,0,[]
COMPAS,shift_age_1.5,35,3020035,V6,0.0,1.5,0,0,0,[]
COMPAS,shift_age_1.5,35,3020035,V5,0.0,1.5,0,0,0,[]
COMPAS,shift_age_1.5,36,3020036,V6,0.0,1.5,0,0,0,[]
COMPAS,shift_age_1.5,36,3020036,V5,0.0,1.5,0,0,0,[]
COMPAS,shift_age_1.5,37,3020037,V6,0.0,1.5,0,0,0,[]
COMPAS,shift_age_1.5,37,3020037,V5,0.0,1.5,0,0,0,[]
COMPAS,shift_age_1.5,38,3020038,V6,0.0,1.5,0,0,0,[]
COMPAS,shift_age_1.5,38,3020038,V5,0.0,1.5,0,0,0,[]
COMPAS,shift_age_1.5,39,3020039,V6,0.0,1.5,0,0,0,[]
COMPAS,shift_age_1.5,39,3020039,V5,0.0,1.5,0,0,0,[]
COMPAS,shift_age_1.5,40,3020040,V6,0.0,1.5,0,0,0,[]
COMPAS,shift_age_1.5,40,3020040,V5,0.0,1.5,0,0,0,[]
COMPAS,shift_age_1.5,41,3020041,V6,0.0,1.5,0,0,0,[]
COMPAS,shift_age_1.5,41,3020041,V5,0.0,1.5,0,0,0,[]
COMPAS,shift_age_1.5,42,3020042,V6,0.0,1.5,0,0,0,[]
COMPAS,shift_age_1.5,42,3020042,V5,0.0,1.5,0,0,0,[]
COMPAS,shift_age_1.5,43,3020043,V6,0.0,1.5,0,0,0,[]
COMPAS,shift_age_1.5,43,3020043,V5,0.0,1.5,0,0,0,[]
COMPAS,shift_age_1.5,44,3020044,V6,0.0,1.5,0,0,0,[]
COMPAS,shift_age_1.5,44,3020044,V5,0.0,1.5,0,0,0,[]
COMPAS,shift_age_1.5,45,3020045,V6,0.0,1.5,0,0,0,[]
COMPAS,shift_age_1.5,45,3020045,V5,0.0,1.5,0,0,0,[]
COMPAS,shift_age_1.5,46,3020046,V6,0.0,1.5,0,0,0,[]
COMPAS,shift_age_1.5,46,3020046,V5,0.0,1.5,0,0,0,[]
COMPAS,shift_age_1.5,47,3020047,V6,0.0,1.5,0,0,0,[]
COMPAS,shift_age_1.5,47,3020047,V5,0.0,1.5,0,0,0,[]
COMPAS,shift_age_1.5,48,3020048,V6,0.0,1.5,0,0,0,[]
COMPAS,shift_age_1.5,48,3020048,V5,0.0,1.5,0,0,0,[]
COMPAS,shift_age_1.5,49,3020049,V6,0.0,1.5,0,0,0,[]
COMPAS,shift_age_1.5,49,3020049,V5,0.0,1.5,0,0,0,[]
COMPAS,shift_age_1.5,50,3020050,V6,0.0,1.5,0,0,0,[]
COMPAS,shift_age_1.5,50,3020050,V5,0.0,1.5,0,0,0,[]
COMPAS,shift_age_1.5,51,3020051,V6,0.0,1.5,0,0,0,[]
COMPAS,shift_age_1.5,51,3020051,V5,0.0,1.5,0,0,0,[]
COMPAS,shift_age_1.5,52,3020052,V6,0.0,1.5,0,0,0,[]
COMPAS,shift_age_1.5,52,3020052,V5,0.0,1.5,0,0,0,[]
COMPAS,shift_age_1.5,53,3020053,V6,0.0,1.5,1,1,0,"[[""race""]]"
COMPAS,shift_age_1.5,53,3020053,V5,0.0,1.5,0,0,0,[]
COMPAS,shift_age_1.5,54,3020054,V6,0.0,1.5,0,0,0,[]
COMPAS,shift_age_1.5,54,3020054,V5,0.0,1.5,0,0,0,[]
COMPAS,shift_age_1.5,55,3020055,V6,0.0,1.5,0,0,0,[]
COMPAS,shift_age_1.5,55,3020055,V5,0.0,1.5,0,0,0,[]
COMPAS,shift_age_1.5,56,3020056,V6,0.0,1.5,0,0,0,[]
COMPAS,shift_age_1.5,56,3020056,V5,0.0,1.5,0,0,0,[]
COMPAS,shift_age_1.5,57,3020057,V6,0.0,1.5,0,0,0,[]
COMPAS,shift_age_1.5,57,3020057,V5,0.0,1.5,0,0,0,[]
COMPAS,shift_age_1.5,58,3020058,V6,0.0,1.5,0,0,0,[]
COMPAS,shift_age_1.5,58,3020058,V5,0.0,1.5,0,0,0,[]
COMPAS,shift_age_1.5,59,3020059,V6,0.0,1.5,0,0,0,[]
COMPAS,shift_age_1.5,59,3020059,V5,0.0,1.5,0,0,0,[]
COMPAS,shift_age_1.5,60,3020060,V6,0.0,1.5,0,0,0,[]
COMPAS,shift_age_1.5,60,3020060,V5,0.0,1.5,0,0,0,[]
COMPAS,shift_age_1.5,61,3020061,V6,0.0,1.5,0,0,0,[]
COMPAS,shift_age_1.5,61,3020061,V5,0.0,1.5,0,0,0,[]
COMPAS,shift_age_1.5,62,3020062,V6,0.0,1.5,0,0,0,[]
COMPAS,shift_age_1.5,62,3020062,V5,0.0,1.5,0,0,0,[]
COMPAS,shift_age_1.5,63,3020063,V6,0.0,1.5,0,0,0,[]
COMPAS,shift_age_1.5,63,3020063,V5,0.0,1.5,0,0,0,[]
COMPAS,shift_age_1.5,64,3020064,V6,0.0,1.5,0,0,0,[]
COMPAS,shift_age_1.5,64,3020064,V5,0.0,1.5,0,0,0,[]
COMPAS,shift_age_1.5,65,3020065,V6,0.0,1.5,0,0,0,[]
COMPAS,shift_age_1.5,65,3020065,V5,0.0,1.5,0,0,0,[]
COMPAS,shift_age_1.5,66,3020066,V6,0.0,1.5,0,0,0,[]
COMPAS,shift_age_1.5,66,3020066,V5,0.0,1.5,0,0,0,[]
COMPAS,shift_age_1.5,67,3020067,V6,0.0,1.5,0,0,0,[]
COMPAS,shift_age_1.5,67,3020067,V5,0.0,1.5,0,0,0,[]
COMPAS,shift_age_1.5,68,3020068,V6,0.0,1.5,0,0,0,[]
COMPAS,shift_age_1.5,68,3020068,V5,0.0,1.5,0,0,0,[]
COMPAS,shift_age_1.5,69,3020069,V6,0.0,1.5,0,0,0,[]
COMPAS,shift_age_1.5,69,3020069,V5,0.0,1.5,0,0,0,[]
COMPAS,shift_age_1.5,70,3020070,V6,0.0,1.5,0,0,0,[]
COMPAS,shift_age_1.5,70,3020070,V5,0.0,1.5,0,0,0,[]
COMPAS,shift_age_1.5,71,3020071,V6,0.0,1.5,0,0,0,[]
COMPAS,shift_age_1.5,71,3020071,V5,0.0,1.5,0,0,0,[]
COMPAS,shift_age_1.5,72,3020072,V6,0.0,1.5,0,0,0,[]
COMPAS,shift_age_1.5,72,3020072,V5,0.0,1.5,0,0,0,[]
COMPAS,shift_age_1.5,73,3020073,V6,0.0,1.5,0,0,0,[]
COMPAS,shift_age_1.5,73,3020073,V5,0.0,1.5,0,0,0,[]
COMPAS,shift_age_1.5,74,3020074,V6,0.0,1.5,0,0,0,[]
COMPAS,shift_age_1.5,74,3020074,V5,0.0,1.5,0,0,0,[]
COMPAS,shift_age_1.5,75,3020075,V6,0.0,1.5,0,0,0,[]
COMPAS,shift_age_1.5,75,3020075,V5,0.0,1.5,0,0,0,[]
COMPAS,shift_age_1.5,76,3020076,V6,0.0,1.5,0,0,0,[]
COMPAS,shift_age_1.5,76,3020076,V5,0.0,1.5,0,0,0,[]
COMPAS,shift_age_1.5,77,3020077,V6,0.0,1.5,0,0,0,[]
COMPAS,shift_age_1.5,77,3020077,V5,0.0,1.5,0,0,0,[]
COMPAS,shift_age_1.5,78,3020078,V6,0.0,1.5,0,0,0,[]
COMPAS,shift_age_1.5,78,3020078,V5,0.0,1.5,0,0,0,[]
COMPAS,shift_age_1.5,79,3020079,V6,0.0,1.5,0,0,0,[]
COMPAS,shift_age_1.5,79,3020079,V5,0.0,1.5,0,0,0,[]
COMPAS,shift_age_1.5,80,3020080,V6,0.0,1.5,0,0,0,[]
COMPAS,shift_age_1.5,80,3020080,V5,0.0,1.5,0,0,0,[]
COMPAS,shift_age_1.5,81,3020081,V6,0.0,1.5,0,0,0,[]
COMPAS,shift_age_1.5,81,3020081,V5,0.0,1.5,0,0,0,[]
COMPAS,shift_age_1.5,82,3020082,V6,0.0,1.5,0,0,0,[]
COMPAS,shift_age_1.5,82,3020082,V5,0.0,1.5,0,0,0,[]
COMPAS,shift_age_1.5,83,3020083,V6,0.0,1.5,0,0,0,[]
COMPAS,shift_age_1.5,83,3020083,V5,0.0,1.5,0,0,0,[]
COMPAS,shift_age_1.5,84,3020084,V6,0.0,1.5,0,0,0,[]
COMPAS,shift_age_1.5,84,3020084,V5,0.0,1.5,0,0,0,[]
COMPAS,shift_age_1.5,85,3020085,V6,0.0,1.5,0,0,0,[]
COMPAS,shift_age_1.5,85,3020085,V5,0.0,1.5,0,0,0,[]
COMPAS,shift_age_1.5,86,3020086,V6,0.0,1.5,0,0,0,[]
COMPAS,shift_age_1.5,86,3020086,V5,0.0,1.5,0,0,0,[]
COMPAS,shift_age_1.5,87,3020087,V6,0.0,1.5,1,1,0,"[[""race""]]"
COMPAS,shift_age_1.5,87,3020087,V5,0.0,1.5,0,0,0,[]
COMPAS,shift_age_1.5,88,3020088,V6,0.0,1.5,0,0,0,[]
COMPAS,shift_age_1.5,88,3020088,V5,0.0,1.5,0,0,0,[]
COMPAS,shift_age_1.5,89,3020089,V6,0.0,1.5,0,0,0,[]
COMPAS,shift_age_1.5,89,3020089,V5,0.0,1.5,0,0,0,[]
COMPAS,shift_age_1.5,90,3020090,V6,0.0,1.5,0,0,0,[]
COMPAS,shift_age_1.5,90,3020090,V5,0.0,1.5,0,0,0,[]
COMPAS,shift_age_1.5,91,3020091,V6,0.0,1.5,0,0,0,[]
COMPAS,shift_age_1.5,91,3020091,V5,0.0,1.5,0,0,0,[]
COMPAS,shift_age_1.5,92,3020092,V6,0.0,1.5,0,0,0,[]
COMPAS,shift_age_1.5,92,3020092,V5,0.0,1.5,0,0,0,[]
COMPAS,shift_age_1.5,93,3020093,V6,0.0,1.5,0,0,0,[]
COMPAS,shift_age_1.5,93,3020093,V5,0.0,1.5,0,0,0,[]
COMPAS,shift_age_1.5,94,3020094,V6,0.0,1.5,0,0,0,[]
COMPAS,shift_age_1.5,94,3020094,V5,0.0,1.5,0,0,0,[]
COMPAS,shift_age_1.5,95,3020095,V6,0.0,1.5,0,0,0,[]
COMPAS,shift_age_1.5,95,3020095,V5,0.0,1.5,0,0,0,[]
COMPAS,shift_age_1.5,96,3020096,V6,0.0,1.5,0,0,0,[]
COMPAS,shift_age_1.5,96,3020096,V5,0.0,1.5,0,0,0,[]
COMPAS,shift_age_1.5,97,3020097,V6,0.0,1.5,0,0,0,[]
COMPAS,shift_age_1.5,97,3020097,V5,0.0,1.5,0,0,0,[]
COMPAS,shift_age_1.5,98,3020098,V6,0.0,1.5,0,0,0,[]
COMPAS,shift_age_1.5,98,3020098,V5,0.0,1.5,0,0,0,[]
COMPAS,shift_age_1.5,99,3020099,V6,0.0,1.5,0,0,0,[]
COMPAS,shift_age_1.5,99,3020099,V5,0.0,1.5,0,0,0,[]
COMPAS,shift_age_1.5,100,3020100,V6,0.0,1.5,0,0,0,[]
COMPAS,shift_age_1.5,100,3020100,V5,0.0,1.5,0,0,0,[]
COMPAS,shift_age_1.5,101,3020101,V6,0.0,1.5,0,0,0,[]
COMPAS,shift_age_1.5,101,3020101,V5,0.0,1.5,0,0,0,[]
COMPAS,shift_age_1.5,102,3020102,V6,0.0,1.5,0,0,0,[]
COMPAS,shift_age_1.5,102,3020102,V5,0.0,1.5,0,0,0,[]
COMPAS,shift_age_1.5,103,3020103,V6,0.0,1.5,0,0,0,[]
COMPAS,shift_age_1.5,103,3020103,V5,0.0,1.5,0,0,0,[]
COMPAS,shift_age_1.5,104,3020104,V6,0.0,1.5,0,0,0,[]
COMPAS,shift_age_1.5,104,3020104,V5,0.0,1.5,0,0,0,[]
COMPAS,shift_age_1.5,105,3020105,V6,0.0,1.5,0,0,0,[]
COMPAS,shift_age_1.5,105,3020105,V5,0.0,1.5,0,0,0,[]
COMPAS,shift_age_1.5,106,3020106,V6,0.0,1.5,0,0,0,[]
COMPAS,shift_age_1.5,106,3020106,V5,0.0,1.5,0,0,0,[]
COMPAS,shift_age_1.5,107,3020107,V6,0.0,1.5,0,0,0,[]
COMPAS,shift_age_1.5,107,3020107,V5,0.0,1.5,0,0,0,[]
COMPAS,shift_age_1.5,108,3020108,V6,0.0,1.5,0,0,0,[]
COMPAS,shift_age_1.5,108,3020108,V5,0.0,1.5,0,0,0,[]
COMPAS,shift_age_1.5,109,3020109,V6,0.0,1.5,0,0,0,[]
COMPAS,shift_age_1.5,109,3020109,V5,0.0,1.5,0,0,0,[]
COMPAS,shift_age_1.5,110,3020110,V6,0.0,1.5,0,0,0,[]
COMPAS,shift_age_1.5,110,3020110,V5,0.0,1.5,0,0,0,[]
COMPAS,shift_age_1.5,111,3020111,V6,0.0,1.5,0,0,0,[]
COMPAS,shift_age_1.5,111,3020111,V5,0.0,1.5,0,0,0,[]
COMPAS,shift_age_1.5,112,3020112,V6,0.0,1.5,0,0,0,[]
COMPAS,shift_age_1.5,112,3020112,V5,0.0,1.5,0,0,0,[]
COMPAS,shift_age_1.5,113,3020113,V6,0.0,1.5,0,0,0,[]
COMPAS,shift_age_1.5,113,3020113,V5,0.0,1.5,0,0,0,[]
COMPAS,shift_age_1.5,114,3020114,V6,0.0,1.5,0,0,0,[]
COMPAS,shift_age_1.5,114,3020114,V5,0.0,1.5,0,0,0,[]
COMPAS,shift_age_1.5,115,3020115,V6,0.0,1.5,0,0,0,[]
COMPAS,shift_age_1.5,115,3020115,V5,0.0,1.5,0,0,0,[]
COMPAS,shift_age_1.5,116,3020116,V6,0.0,1.5,0,0,0,[]
COMPAS,shift_age_1.5,116,3020116,V5,0.0,1.5,0,0,0,[]
COMPAS,shift_age_1.5,117,3020117,V6,0.0,1.5,0,0,0,[]
COMPAS,shift_age_1.5,117,3020117,V5,0.0,1.5,0,0,0,[]
COMPAS,shift_age_1.5,118,3020118,V6,0.0,1.5,0,0,0,[]
COMPAS,shift_age_1.5,118,3020118,V5,0.0,1.5,0,0,0,[]
COMPAS,shift_age_1.5,119,3020119,V6,0.0,1.5,0,0,0,[]
COMPAS,shift_age_1.5,119,3020119,V5,0.0,1.5,1,0,1,"[[""c_charge_degree""]]"
COMPAS,shift_age_1.5,120,3020120,V6,0.0,1.5,0,0,0,[]
COMPAS,shift_age_1.5,120,3020120,V5,0.0,1.5,0,0,0,[]
COMPAS,shift_age_1.5,121,3020121,V6,0.0,1.5,0,0,0,[]
COMPAS,shift_age_1.5,121,3020121,V5,0.0,1.5,0,0,0,[]
COMPAS,shift_age_1.5,122,3020122,V6,0.0,1.5,0,0,0,[]
COMPAS,shift_age_1.5,122,3020122,V5,0.0,1.5,0,0,0,[]
COMPAS,shift_age_1.5,123,3020123,V6,0.0,1.5,0,0,0,[]
COMPAS,shift_age_1.5,123,3020123,V5,0.0,1.5,0,0,0,[]
COMPAS,shift_age_1.5,124,3020124,V6,0.0,1.5,0,0,0,[]
COMPAS,shift_age_1.5,124,3020124,V5,0.0,1.5,0,0,0,[]
COMPAS,shift_age_1.5,125,3020125,V6,0.0,1.5,0,0,0,[]
COMPAS,shift_age_1.5,125,3020125,V5,0.0,1.5,0,0,0,[]
COMPAS,shift_age_1.5,126,3020126,V6,0.0,1.5,0,0,0,[]
COMPAS,shift_age_1.5,126,3020126,V5,0.0,1.5,0,0,0,[]
COMPAS,shift_age_1.5,127,3020127,V6,0.0,1.5,0,0,0,[]
COMPAS,shift_age_1.5,127,3020127,V5,0.0,1.5,0,0,0,[]
COMPAS,shift_age_1.5,128,3020128,V6,0.0,1.5,0,0,0,[]
COMPAS,shift_age_1.5,128,3020128,V5,0.0,1.5,0,0,0,[]
COMPAS,shift_age_1.5,129,3020129,V6,0.0,1.5,0,0,0,[]
COMPAS,shift_age_1.5,129,3020129,V5,0.0,1.5,0,0,0,[]
COMPAS,shift_age_1.5,130,3020130,V6,0.0,1.5,0,0,0,[]
COMPAS,shift_age_1.5,130,3020130,V5,0.0,1.5,0,0,0,[]
COMPAS,shift_age_1.5,131,3020131,V6,0.0,1.5,0,0,0,[]
COMPAS,shift_age_1.5,131,3020131,V5,0.0,1.5,0,0,0,[]
COMPAS,shift_age_1.5,132,3020132,V6,0.0,1.5,0,0,0,[]
COMPAS,shift_age_1.5,132,3020132,V5,0.0,1.5,0,0,0,[]
COMPAS,shift_age_1.5,133,3020133,V6,0.0,1.5,0,0,0,[]
COMPAS,shift_age_1.5,133,3020133,V5,0.0,1.5,0,0,0,[]
COMPAS,shift_age_1.5,134,3020134,V6,0.0,1.5,0,0,0,[]
COMPAS,shift_age_1.5,134,3020134,V5,0.0,1.5,0,0,0,[]
COMPAS,shift_age_1.5,135,3020135,V6,0.0,1.5,0,0,0,[]
COMPAS,shift_age_1.5,135,3020135,V5,0.0,1.5,0,0,0,[]
COMPAS,shift_age_1.5,136,3020136,V6,0.0,1.5,0,0,0,[]
COMPAS,shift_age_1.5,136,3020136,V5,0.0,1.5,0,0,0,[]
COMPAS,shift_age_1.5,137,3020137,V6,0.0,1.5,0,0,0,[]
COMPAS,shift_age_1.5,137,3020137,V5,0.0,1.5,0,0,0,[]
COMPAS,shift_age_1.5,138,3020138,V6,0.0,1.5,0,0,0,[]
COMPAS,shift_age_1.5,138,3020138,V5,0.0,1.5,0,0,0,[]
COMPAS,shift_age_1.5,139,3020139,V6,0.0,1.5,0,0,0,[]
COMPAS,shift_age_1.5,139,3020139,V5,0.0,1.5,0,0,0,[]
COMPAS,shift_age_1.5,140,3020140,V6,0.0,1.5,0,0,0,[]
COMPAS,shift_age_1.5,140,3020140,V5,0.0,1.5,0,0,0,[]
COMPAS,shift_age_1.5,141,3020141,V6,0.0,1.5,0,0,0,[]
COMPAS,shift_age_1.5,141,3020141,V5,0.0,1.5,0,0,0,[]
COMPAS,shift_age_1.5,142,3020142,V6,0.0,1.5,0,0,0,[]
COMPAS,shift_age_1.5,142,3020142,V5,0.0,1.5,0,0,0,[]
COMPAS,shift_age_1.5,143,3020143,V6,0.0,1.5,0,0,0,[]
COMPAS,shift_age_1.5,143,3020143,V5,0.0,1.5,0,0,0,[]
COMPAS,shift_age_1.5,144,3020144,V6,0.0,1.5,1,0,1,"[[""juv_misd_count""]]"
COMPAS,shift_age_1.5,144,3020144,V5,0.0,1.5,0,0,0,[]
COMPAS,shift_age_1.5,145,3020145,V6,0.0,1.5,0,0,0,[]
COMPAS,shift_age_1.5,145,3020145,V5,0.0,1.5,0,0,0,[]
COMPAS,shift_age_1.5,146,3020146,V6,0.0,1.5,0,0,0,[]
COMPAS,shift_age_1.5,146,3020146,V5,0.0,1.5,0,0,0,[]
COMPAS,shift_age_1.5,147,3020147,V6,0.0,1.5,0,0,0,[]
COMPAS,shift_age_1.5,147,3020147,V5,0.0,1.5,0,0,0,[]
COMPAS,shift_age_1.5,148,3020148,V6,0.0,1.5,0,0,0,[]
COMPAS,shift_age_1.5,148,3020148,V5,0.0,1.5,0,0,0,[]
COMPAS,shift_age_1.5,149,3020149,V6,0.0,1.5,0,0,0,[]
COMPAS,shift_age_1.5,149,3020149,V5,0.0,1.5,0,0,0,[]
COMPAS,shift_age_1.5,150,3020150,V6,0.0,1.5,0,0,0,[]
COMPAS,shift_age_1.5,150,3020150,V5,0.0,1.5,0,0,0,[]
COMPAS,shift_age_1.5,151,3020151,V6,0.0,1.5,0,0,0,[]
COMPAS,shift_age_1.5,151,3020151,V5,0.0,1.5,0,0,0,[]
COMPAS,shift_age_1.5,152,3020152,V6,0.0,1.5,0,0,0,[]
COMPAS,shift_age_1.5,152,3020152,V5,0.0,1.5,0,0,0,[]
COMPAS,shift_age_1.5,153,3020153,V6,0.0,1.5,0,0,0,[]
COMPAS,shift_age_1.5,153,3020153,V5,0.0,1.5,0,0,0,[]
COMPAS,shift_age_1.5,154,3020154,V6,0.0,1.5,0,0,0,[]
COMPAS,shift_age_1.5,154,3020154,V5,0.0,1.5,0,0,0,[]
COMPAS,shift_age_1.5,155,3020155,V6,0.0,1.5,0,0,0,[]
COMPAS,shift_age_1.5,155,3020155,V5,0.0,1.5,0,0,0,[]
COMPAS,shift_age_1.5,156,3020156,V6,0.0,1.5,0,0,0,[]
COMPAS,shift_age_1.5,156,3020156,V5,0.0,1.5,0,0,0,[]
COMPAS,shift_age_1.5,157,3020157,V6,0.0,1.5,0,0,0,[]
COMPAS,shift_age_1.5,157,3020157,V5,0.0,1.5,0,0,0,[]
COMPAS,shift_age_1.5,158,3020158,V6,0.0,1.5,0,0,0,[]
COMPAS,shift_age_1.5,158,3020158,V5,0.0,1.5,0,0,0,[]
COMPAS,shift_age_1.5,159,3020159,V6,0.0,1.5,0,0,0,[]
COMPAS,shift_age_1.5,159,3020159,V5,0.0,1.5,0,0,0,[]
COMPAS,shift_age_1.5,160,3020160,V6,0.0,1.5,0,0,0,[]
COMPAS,shift_age_1.5,160,3020160,V5,0.0,1.5,0,0,0,[]
COMPAS,shift_age_1.5,161,3020161,V6,0.0,1.5,0,0,0,[]
COMPAS,shift_age_1.5,161,3020161,V5,0.0,1.5,0,0,0,[]
COMPAS,shift_age_1.5,162,3020162,V6,0.0,1.5,0,0,0,[]
COMPAS,shift_age_1.5,162,3020162,V5,0.0,1.5,0,0,0,[]
COMPAS,shift_age_1.5,163,3020163,V6,0.0,1.5,0,0,0,[]
COMPAS,shift_age_1.5,163,3020163,V5,0.0,1.5,0,0,0,[]
COMPAS,shift_age_1.5,164,3020164,V6,0.0,1.5,0,0,0,[]
COMPAS,shift_age_1.5,164,3020164,V5,0.0,1.5,0,0,0,[]
COMPAS,shift_age_1.5,165,3020165,V6,0.0,1.5,0,0,0,[]
COMPAS,shift_age_1.5,165,3020165,V5,0.0,1.5,0,0,0,[]
COMPAS,shift_age_1.5,166,3020166,V6,0.0,1.5,0,0,0,[]
COMPAS,shift_age_1.5,166,3020166,V5,0.0,1.5,0,0,0,[]
COMPAS,shift_age_1.5,167,3020167,V6,0.0,1.5,0,0,0,[]
COMPAS,shift_age_1.5,167,3020167,V5,0.0,1.5,0,0,0,[]
COMPAS,shift_age_1.5,168,3020168,V6,0.0,1.5,0,0,0,[]
COMPAS,shift_age_1.5,168,3020168,V5,0.0,1.5,0,0,0,[]
COMPAS,shift_age_1.5,169,3020169,V6,0.0,1.5,0,0,0,[]
COMPAS,shift_age_1.5,169,3020169,V5,0.0,1.5,0,0,0,[]
COMPAS,shift_age_1.5,170,3020170,V6,0.0,1.5,0,0,0,[]
COMPAS,shift_age_1.5,170,3020170,V5,0.0,1.5,0,0,0,[]
COMPAS,shift_age_1.5,171,3020171,V6,0.0,1.5,0,0,0,[]
COMPAS,shift_age_1.5,171,3020171,V5,0.0,1.5,0,0,0,[]
COMPAS,shift_age_1.5,172,3020172,V6,0.0,1.5,0,0,0,[]
COMPAS,shift_age_1.5,172,3020172,V5,0.0,1.5,0,0,0,[]
COMPAS,shift_age_1.5,173,3020173,V6,0.0,1.5,0,0,0,[]
COMPAS,shift_age_1.5,173,3020173,V5,0.0,1.5,0,0,0,[]
COMPAS,shift_age_1.5,174,3020174,V6,0.0,1.5,0,0,0,[]
COMPAS,shift_age_1.5,174,3020174,V5,0.0,1.5,0,0,0,[]
COMPAS,shift_age_1.5,175,3020175,V6,0.0,1.5,0,0,0,[]
COMPAS,shift_age_1.5,175,3020175,V5,0.0,1.5,0,0,0,[]
COMPAS,shift_age_1.5,176,3020176,V6,0.0,1.5,0,0,0,[]
COMPAS,shift_age_1.5,176,3020176,V5,0.0,1.5,0,0,0,[]
COMPAS,shift_age_1.5,177,3020177,V6,0.0,1.5,0,0,0,[]
COMPAS,shift_age_1.5,177,3020177,V5,0.0,1.5,0,0,0,[]
COMPAS,shift_age_1.5,178,3020178,V6,0.0,1.5,0,0,0,[]
COMPAS,shift_age_1.5,178,3020178,V5,0.0,1.5,0,0,0,[]
COMPAS,shift_age_1.5,179,3020179,V6,0.0,1.5,0,0,0,[]
COMPAS,shift_age_1.5,179,3020179,V5,0.0,1.5,0,0,0,[]
COMPAS,shift_age_1.5,180,3020180,V6,0.0,1.5,0,0,0,[]
COMPAS,shift_age_1.5,180,3020180,V5,0.0,1.5,0,0,0,[]
COMPAS,shift_age_1.5,181,3020181,V6,0.0,1.5,0,0,0,[]
COMPAS,shift_age_1.5,181,3020181,V5,0.0,1.5,0,0,0,[]
COMPAS,shift_age_1.5,182,3020182,V6,0.0,1.5,0,0,0,[]
COMPAS,shift_age_1.5,182,3020182,V5,0.0,1.5,0,0,0,[]
COMPAS,shift_age_1.5,183,3020183,V6,0.0,1.5,0,0,0,[]
COMPAS,shift_age_1.5,183,3020183,V5,0.0,1.5,0,0,0,[]
COMPAS,shift_age_1.5,184,3020184,V6,0.0,1.5,0,0,0,[]
COMPAS,shift_age_1.5,184,3020184,V5,0.0,1.5,0,0,0,[]
COMPAS,shift_age_1.5,185,3020185,V6,0.0,1.5,0,0,0,[]
COMPAS,shift_age_1.5,185,3020185,V5,0.0,1.5,0,0,0,[]
COMPAS,shift_age_1.5,186,3020186,V6,0.0,1.5,0,0,0,[]
COMPAS,shift_age_1.5,186,3020186,V5,0.0,1.5,0,0,0,[]
COMPAS,shift_age_1.5,187,3020187,V6,0.0,1.5,0,0,0,[]
COMPAS,shift_age_1.5,187,3020187,V5,0.0,1.5,0,0,0,[]
COMPAS,shift_age_1.5,188,3020188,V6,0.0,1.5,0,0,0,[]
COMPAS,shift_age_1.5,188,3020188,V5,0.0,1.5,0,0,0,[]
COMPAS,shift_age_1.5,189,3020189,V6,0.0,1.5,0,0,0,[]
COMPAS,shift_age_1.5,189,3020189,V5,0.0,1.5,0,0,0,[]
COMPAS,shift_age_1.5,190,3020190,V6,0.0,1.5,0,0,0,[]
COMPAS,shift_age_1.5,190,3020190,V5,0.0,1.5,0,0,0,[]
COMPAS,shift_age_1.5,191,3020191,V6,0.0,1.5,0,0,0,[]
COMPAS,shift_age_1.5,191,3020191,V5,0.0,1.5,0,0,0,[]
COMPAS,shift_age_1.5,192,3020192,V6,0.0,1.5,0,0,0,[]
COMPAS,shift_age_1.5,192,3020192,V5,0.0,1.5,0,0,0,[]
COMPAS,shift_age_1.5,193,3020193,V6,0.0,1.5,0,0,0,[]
COMPAS,shift_age_1.5,193,3020193,V5,0.0,1.5,0,0,0,[]
COMPAS,shift_age_1.5,194,3020194,V6,0.0,1.5,0,0,0,[]
COMPAS,shift_age_1.5,194,3020194,V5,0.0,1.5,0,0,0,[]
COMPAS,shift_age_1.5,195,3020195,V6,0.0,1.5,0,0,0,[]
COMPAS,shift_age_1.5,195,3020195,V5,0.0,1.5,0,0,0,[]
COMPAS,shift_age_1.5,196,3020196,V6,0.0,1.5,0,0,0,[]
COMPAS,shift_age_1.5,196,3020196,V5,0.0,1.5,0,0,0,[]
COMPAS,shift_age_1.5,197,3020197,V6,0.0,1.5,0,0,0,[]
COMPAS,shift_age_1.5,197,3020197,V5,0.0,1.5,0,0,0,[]
COMPAS,shift_age_1.5,198,3020198,V6,0.0,1.5,0,0,0,[]
COMPAS,shift_age_1.5,198,3020198,V5,0.0,1.5,0,0,0,[]
COMPAS,shift_age_1.5,199,3020199,V6,0.0,1.5,0,0,0,[]
COMPAS,shift_age_1.5,199,3020199,V5,0.0,1.5,0,0,0,[]
COMPAS,corrupt_10,0,3030000,V6,0.1,0.0,0,0,0,[]
COMPAS,corrupt_10,0,3030000,V5,0.1,0.0,0,0,0,[]
COMPAS,corrupt_10,1,3030001,V6,0.1,0.0,0,0,0,[]
COMPAS,corrupt_10,1,3030001,V5,0.1,0.0,0,0,0,[]
COMPAS,corrupt_10,2,3030002,V6,0.1,0.0,0,0,0,[]
COMPAS,corrupt_10,2,3030002,V5,0.1,0.0,0,0,0,[]
COMPAS,corrupt_10,3,3030003,V6,0.1,0.0,1,0,1,"[[""priors_count""]]"
COMPAS,corrupt_10,3,3030003,V5,0.1,0.0,1,0,1,"[[""priors_count""]]"
COMPAS,corrupt_10,4,3030004,V6,0.1,0.0,0,0,0,[]
COMPAS,corrupt_10,4,3030004,V5,0.1,0.0,0,0,0,[]
COMPAS,corrupt_10,5,3030005,V6,0.1,0.0,0,0,0,[]
COMPAS,corrupt_10,5,3030005,V5,0.1,0.0,0,0,0,[]
COMPAS,corrupt_10,6,3030006,V6,0.1,0.0,0,0,0,[]
COMPAS,corrupt_10,6,3030006,V5,0.1,0.0,0,0,0,[]
COMPAS,corrupt_10,7,3030007,V6,0.1,0.0,0,0,0,[]
COMPAS,corrupt_10,7,3030007,V5,0.1,0.0,0,0,0,[]
COMPAS,corrupt_10,8,3030008,V6,0.1,0.0,0,0,0,[]
COMPAS,corrupt_10,8,3030008,V5,0.1,0.0,0,0,0,[]
COMPAS,corrupt_10,9,3030009,V6,0.1,0.0,0,0,0,[]
COMPAS,corrupt_10,9,3030009,V5,0.1,0.0,0,0,0,[]
COMPAS,corrupt_10,10,3030010,V6,0.1,0.0,0,0,0,[]
COMPAS,corrupt_10,10,3030010,V5,0.1,0.0,0,0,0,[]
COMPAS,corrupt_10,11,3030011,V6,0.1,0.0,0,0,0,[]
COMPAS,corrupt_10,11,3030011,V5,0.1,0.0,0,0,0,[]
COMPAS,corrupt_10,12,3030012,V6,0.1,0.0,0,0,0,[]
COMPAS,corrupt_10,12,3030012,V5,0.1,0.0,0,0,0,[]
COMPAS,corrupt_10,13,3030013,V6,0.1,0.0,0,0,0,[]
COMPAS,corrupt_10,13,3030013,V5,0.1,0.0,0,0,0,[]
COMPAS,corrupt_10,14,3030014,V6,0.1,0.0,0,0,0,[]
COMPAS,corrupt_10,14,3030014,V5,0.1,0.0,0,0,0,[]
COMPAS,corrupt_10,15,3030015,V6,0.1,0.0,0,0,0,[]
COMPAS,corrupt_10,15,3030015,V5,0.1,0.0,0,0,0,[]
COMPAS,corrupt_10,16,3030016,V6,0.1,0.0,1,0,1,"[[""priors_count""]]"
COMPAS,corrupt_10,16,3030016,V5,0.1,0.0,0,0,0,[]
COMPAS,corrupt_10,17,3030017,V6,0.1,0.0,0,0,0,[]
COMPAS,corrupt_10,17,3030017,V5,0.1,0.0,0,0,0,[]
COMPAS,corrupt_10,18,3030018,V6,0.1,0.0,0,0,0,[]
COMPAS,corrupt_10,18,3030018,V5,0.1,0.0,0,0,0,[]
COMPAS,corrupt_10,19,3030019,V6,0.1,0.0,0,0,0,[]
COMPAS,corrupt_10,19,3030019,V5,0.1,0.0,0,0,0,[]
COMPAS,corrupt_10,20,3030020,V6,0.1,0.0,0,0,0,[]
COMPAS,corrupt_10,20,3030020,V5,0.1,0.0,0,0,0,[]
COMPAS,corrupt_10,21,3030021,V6,0.1,0.0,0,0,0,[]
COMPAS,corrupt_10,21,3030021,V5,0.1,0.0,0,0,0,[]
COMPAS,corrupt_10,22,3030022,V6,0.1,0.0,0,0,0,[]
COMPAS,corrupt_10,22,3030022,V5,0.1,0.0,0,0,0,[]
COMPAS,corrupt_10,23,3030023,V6,0.1,0.0,0,0,0,[]
COMPAS,corrupt_10,23,3030023,V5,0.1,0.0,0,0,0,[]
COMPAS,corrupt_10,24,3030024,V6,0.1,0.0,0,0,0,[]
COMPAS,corrupt_10,24,3030024,V5,0.1,0.0,0,0,0,[]
COMPAS,corrupt_10,25,3030025,V6,0.1,0.0,0,0,0,[]
COMPAS,corrupt_10,25,3030025,V5,0.1,0.0,0,0,0,[]
COMPAS,corrupt_10,26,3030026,V6,0.1,0.0,0,0,0,[]
COMPAS,corrupt_10,26,3030026,V5,0.1,0.0,0,0,0,[]
COMPAS,corrupt_10,27,3030027,V6,0.1,0.0,0,0,0,[]
COMPAS,corrupt_10,27,3030027,V5,0.1,0.0,0,0,0,[]
COMPAS,corrupt_10,28,3030028,V6,0.1,0.0,0,0,0,[]
COMPAS,corrupt_10,28,3030028,V5,0.1,0.0,0,0,0,[]
COMPAS,corrupt_10,29,3030029,V6,0.1,0.0,0,0,0,[]
COMPAS,corrupt_10,29,3030029,V5,0.1,0.0,0,0,0,[]
COMPAS,corrupt_10,30,3030030,V6,0.1,0.0,0,0,0,[]
COMPAS,corrupt_10,30,3030030,V5,0.1,0.0,0,0,0,[]
COMPAS,corrupt_10,31,3030031,V6,0.1,0.0,0,0,0,[]
COMPAS,corrupt_10,31,3030031,V5,0.1,0.0,0,0,0,[]
COMPAS,corrupt_10,32,3030032,V6,0.1,0.0,0,0,0,[]
COMPAS,corrupt_10,32,3030032,V5,0.1,0.0,0,0,0,[]
COMPAS,corrupt_10,33,3030033,V6,0.1,0.0,0,0,0,[]
COMPAS,corrupt_10,33,3030033,V5,0.1,0.0,0,0,0,[]
COMPAS,corrupt_10,34,3030034,V6,0.1,0.0,0,0,0,[]
COMPAS,corrupt_10,34,3030034,V5,0.1,0.0,0,0,0,[]
COMPAS,corrupt_10,35,3030035,V6,0.1,0.0,0,0,0,[]
COMPAS,corrupt_10,35,3030035,V5,0.1,0.0,0,0,0,[]
COMPAS,corrupt_10,36,3030036,V6,0.1,0.0,0,0,0,[]
COMPAS,corrupt_10,36,3030036,V5,0.1,0.0,0,0,0,[]
COMPAS,corrupt_10,37,3030037,V6,0.1,0.0,0,0,0,[]
COMPAS,corrupt_10,37,3030037,V5,0.1,0.0,0,0,0,[]
COMPAS,corrupt_10,38,3030038,V6,0.1,0.0,0,0,0,[]
COMPAS,corrupt_10,38,3030038,V5,0.1,0.0,0,0,0,[]
COMPAS,corrupt_10,39,3030039,V6,0.1,0.0,0,0,0,[]
COMPAS,corrupt_10,39,3030039,V5,0.1,0.0,0,0,0,[]
COMPAS,corrupt_10,40,3030040,V6,0.1,0.0,0,0,0,[]
COMPAS,corrupt_10,40,3030040,V5,0.1,0.0,0,0,0,[]
COMPAS,corrupt_10,41,3030041,V6,0.1,0.0,0,0,0,[]
COMPAS,corrupt_10,41,3030041,V5,0.1,0.0,0,0,0,[]
COMPAS,corrupt_10,42,3030042,V6,0.1,0.0,0,0,0,[]
COMPAS,corrupt_10,42,3030042,V5,0.1,0.0,0,0,0,[]
COMPAS,corrupt_10,43,3030043,V6,0.1,0.0,0,0,0,[]
COMPAS,corrupt_10,43,3030043,V5,0.1,0.0,0,0,0,[]
COMPAS,corrupt_10,44,3030044,V6,0.1,0.0,0,0,0,[]
COMPAS,corrupt_10,44,3030044,V5,0.1,0.0,0,0,0,[]
COMPAS,corrupt_10,45,3030045,V6,0.1,0.0,0,0,0,[]
COMPAS,corrupt_10,45,3030045,V5,0.1,0.0,0,0,0,[]
COMPAS,corrupt_10,46,3030046,V6,0.1,0.0,0,0,0,[]
COMPAS,corrupt_10,46,3030046,V5,0.1,0.0,0,0,0,[]
COMPAS,corrupt_10,47,3030047,V6,0.1,0.0,0,0,0,[]
COMPAS,corrupt_10,47,3030047,V5,0.1,0.0,0,0,0,[]
COMPAS,corrupt_10,48,3030048,V6,0.1,0.0,0,0,0,[]
COMPAS,corrupt_10,48,3030048,V5,0.1,0.0,0,0,0,[]
COMPAS,corrupt_10,49,3030049,V6,0.1,0.0,0,0,0,[]
COMPAS,corrupt_10,49,3030049,V5,0.1,0.0,0,0,0,[]
COMPAS,corrupt_10,50,3030050,V6,0.1,0.0,0,0,0,[]
COMPAS,corrupt_10,50,3030050,V5,0.1,0.0,0,0,0,[]
COMPAS,corrupt_10,51,3030051,V6,0.1,0.0,0,0,0,[]
COMPAS,corrupt_10,51,3030051,V5,0.1,0.0,0,0,0,[]
COMPAS,corrupt_10,52,3030052,V6,0.1,0.0,0,0,0,[]
COMPAS,corrupt_10,52,3030052,V5,0.1,0.0,0,0,0,[]
COMPAS,corrupt_10,53,3030053,V6,0.1,0.0,0,0,0,[]
COMPAS,corrupt_10,53,3030053,V5,0.1,0.0,0,0,0,[]
COMPAS,corrupt_10,54,3030054,V6,0.1,0.0,0,0,0,[]
COMPAS,corrupt_10,54,3030054,V5,0.1,0.0,0,0,0,[]
COMPAS,corrupt_10,55,3030055,V6,0.1,0.0,0,0,0,[]
COMPAS,corrupt_10,55,3030055,V5,0.1,0.0,0,0,0,[]
COMPAS,corrupt_10,56,3030056,V6,0.1,0.0,0,0,0,[]
COMPAS,corrupt_10,56,3030056,V5,0.1,0.0,0,0,0,[]
COMPAS,corrupt_10,57,3030057,V6,0.1,0.0,0,0,0,[]
COMPAS,corrupt_10,57,3030057,V5,0.1,0.0,0,0,0,[]
COMPAS,corrupt_10,58,3030058,V6,0.1,0.0,0,0,0,[]
COMPAS,corrupt_10,58,3030058,V5,0.1,0.0,0,0,0,[]
COMPAS,corrupt_10,59,3030059,V6,0.1,0.0,0,0,0,[]
COMPAS,corrupt_10,59,3030059,V5,0.1,0.0,0,0,0,[]
COMPAS,corrupt_10,60,3030060,V6,0.1,0.0,0,0,0,[]
COMPAS,corrupt_10,60,3030060,V5,0.1,0.0,0,0,0,[]
COMPAS,corrupt_10,61,3030061,V6,0.1,0.0,0,0,0,[]
COMPAS,corrupt_10,61,3030061,V5,0.1,0.0,0,0,0,[]
COMPAS,corrupt_10,62,3030062,V6,0.1,0.0,0,0,0,[]
COMPAS,corrupt_10,62,3030062,V5,0.1,0.0,0,0,0,[]
COMPAS,corrupt_10,63,3030063,V6,0.1,0.0,0,0,0,[]
COMPAS,corrupt_10,63,3030063,V5,0.1,0.0,0,0,0,[]
COMPAS,corrupt_10,64,3030064,V6,0.1,0.0,0,0,0,[]
COMPAS,corrupt_10,64,3030064,V5,0.1,0.0,0,0,0,[]
COMPAS,corrupt_10,65,3030065,V6,0.1,0.0,0,0,0,[]
COMPAS,corrupt_10,65,3030065,V5,0.1,0.0,0,0,0,[]
COMPAS,corrupt_10,66,3030066,V6,0.1,0.0,0,0,0,[]
COMPAS,corrupt_10,66,3030066,V5,0.1,0.0,0,0,0,[]
COMPAS,corrupt_10,67,3030067,V6,0.1,0.0,0,0,0,[]
COMPAS,corrupt_10,67,3030067,V5,0.1,0.0,0,0,0,[]
COMPAS,corrupt_10,68,3030068,V6,0.1,0.0,0,0,0,[]
COMPAS,corrupt_10,68,3030068,V5,0.1,0.0,0,0,0,[]
COMPAS,corrupt_10,69,3030069,V6,0.1,0.0,0,0,0,[]
COMPAS,corrupt_10,69,3030069,V5,0.1,0.0,0,0,0,[]
COMPAS,corrupt_10,70,3030070,V6,0.1,0.0,0,0,0,[]
COMPAS,corrupt_10,70,3030070,V5,0.1,0.0,0,0,0,[]
COMPAS,corrupt_10,71,3030071,V6,0.1,0.0,0,0,0,[]
COMPAS,corrupt_10,71,3030071,V5,0.1,0.0,0,0,0,[]
COMPAS,corrupt_10,72,3030072,V6,0.1,0.0,0,0,0,[]
COMPAS,corrupt_10,72,3030072,V5,0.1,0.0,0,0,0,[]
COMPAS,corrupt_10,73,3030073,V6,0.1,0.0,0,0,0,[]
COMPAS,corrupt_10,73,3030073,V5,0.1,0.0,0,0,0,[]
COMPAS,corrupt_10,74,3030074,V6,0.1,0.0,0,0,0,[]
COMPAS,corrupt_10,74,3030074,V5,0.1,0.0,0,0,0,[]
COMPAS,corrupt_10,75,3030075,V6,0.1,0.0,0,0,0,[]
COMPAS,corrupt_10,75,3030075,V5,0.1,0.0,0,0,0,[]
COMPAS,corrupt_10,76,3030076,V6,0.1,0.0,0,0,0,[]
COMPAS,corrupt_10,76,3030076,V5,0.1,0.0,0,0,0,[]
COMPAS,corrupt_10,77,3030077,V6,0.1,0.0,0,0,0,[]
COMPAS,corrupt_10,77,3030077,V5,0.1,0.0,0,0,0,[]
COMPAS,corrupt_10,78,3030078,V6,0.1,0.0,0,0,0,[]
COMPAS,corrupt_10,78,3030078,V5,0.1,0.0,0,0,0,[]
COMPAS,corrupt_10,79,3030079,V6,0.1,0.0,0,0,0,[]
COMPAS,corrupt_10,79,3030079,V5,0.1,0.0,0,0,0,[]
COMPAS,corrupt_10,80,3030080,V6,0.1,0.0,0,0,0,[]
COMPAS,corrupt_10,80,3030080,V5,0.1,0.0,0,0,0,[]
COMPAS,corrupt_10,81,3030081,V6,0.1,0.0,0,0,0,[]
COMPAS,corrupt_10,81,3030081,V5,0.1,0.0,0,0,0,[]
COMPAS,corrupt_10,82,3030082,V6,0.1,0.0,0,0,0,[]
COMPAS,corrupt_10,82,3030082,V5,0.1,0.0,0,0,0,[]
COMPAS,corrupt_10,83,3030083,V6,0.1,0.0,0,0,0,[]
COMPAS,corrupt_10,83,3030083,V5,0.1,0.0,0,0,0,[]
COMPAS,corrupt_10,84,3030084,V6,0.1,0.0,0,0,0,[]
COMPAS,corrupt_10,84,3030084,V5,0.1,0.0,0,0,0,[]
COMPAS,corrupt_10,85,3030085,V6,0.1,0.0,0,0,0,[]
COMPAS,corrupt_10,85,3030085,V5,0.1,0.0,0,0,0,[]
COMPAS,corrupt_10,86,3030086,V6,0.1,0.0,0,0,0,[]
COMPAS,corrupt_10,86,3030086,V5,0.1,0.0,0,0,0,[]
COMPAS,corrupt_10,87,3030087,V6,0.1,0.0,0,0,0,[]
COMPAS,corrupt_10,87,3030087,V5,0.1,0.0,0,0,0,[]
COMPAS,corrupt_10,88,3030088,V6,0.1,0.0,0,0,0,[]
COMPAS,corrupt_10,88,3030088,V5,0.1,0.0,0,0,0,[]
COMPAS,corrupt_10,89,3030089,V6,0.1,0.0,0,0,0,[]
COMPAS,corrupt_10,89,3030089,V5,0.1,0.0,0,0,0,[]
COMPAS,corrupt_10,90,3030090,V6,0.1,0.0,0,0,0,[]
COMPAS,corrupt_10,90,3030090,V5,0.1,0.0,0,0,0,[]
COMPAS,corrupt_10,91,3030091,V6,0.1,0.0,0,0,0,[]
COMPAS,corrupt_10,91,3030091,V5,0.1,0.0,0,0,0,[]
COMPAS,corrupt_10,92,3030092,V6,0.1,0.0,0,0,0,[]
COMPAS,corrupt_10,92,3030092,V5,0.1,0.0,0,0,0,[]
COMPAS,corrupt_10,93,3030093,V6,0.1,0.0,0,0,0,[]
COMPAS,corrupt_10,93,3030093,V5,0.1,0.0,0,0,0,[]
COMPAS,corrupt_10,94,3030094,V6,0.1,0.0,0,0,0,[]
COMPAS,corrupt_10,94,3030094,V5,0.1,0.0,0,0,0,[]
COMPAS,corrupt_10,95,3030095,V6,0.1,0.0,0,0,0,[]
COMPAS,corrupt_10,95,3030095,V5,0.1,0.0,0,0,0,[]
COMPAS,corrupt_10,96,3030096,V6,0.1,0.0,0,0,0,[]
COMPAS,corrupt_10,96,3030096,V5,0.1,0.0,0,0,0,[]
COMPAS,corrupt_10,97,3030097,V6,0.1,0.0,0,0,0,[]
COMPAS,corrupt_10,97,3030097,V5,0.1,0.0,0,0,0,[]
COMPAS,corrupt_10,98,3030098,V6,0.1,0.0,0,0,0,[]
COMPAS,corrupt_10,98,3030098,V5,0.1,0.0,0,0,0,[]
COMPAS,corrupt_10,99,3030099,V6,0.1,0.0,0,0,0,[]
COMPAS,corrupt_10,99,3030099,V5,0.1,0.0,0,0,0,[]
COMPAS,corrupt_10,100,3030100,V6,0.1,0.0,0,0,0,[]
COMPAS,corrupt_10,100,3030100,V5,0.1,0.0,0,0,0,[]
COMPAS,corrupt_10,101,3030101,V6,0.1,0.0,0,0,0,[]
COMPAS,corrupt_10,101,3030101,V5,0.1,0.0,0,0,0,[]
COMPAS,corrupt_10,102,3030102,V6,0.1,0.0,0,0,0,[]
COMPAS,corrupt_10,102,3030102,V5,0.1,0.0,0,0,0,[]
COMPAS,corrupt_10,103,3030103,V6,0.1,0.0,0,0,0,[]
COMPAS,corrupt_10,103,3030103,V5,0.1,0.0,0,0,0,[]
COMPAS,corrupt_10,104,3030104,V6,0.1,0.0,0,0,0,[]
COMPAS,corrupt_10,104,3030104,V5,0.1,0.0,0,0,0,[]
COMPAS,corrupt_10,105,3030105,V6,0.1,0.0,0,0,0,[]
COMPAS,corrupt_10,105,3030105,V5,0.1,0.0,0,0,0,[]
COMPAS,corrupt_10,106,3030106,V6,0.1,0.0,0,0,0,[]
COMPAS,corrupt_10,106,3030106,V5,0.1,0.0,0,0,0,[]
COMPAS,corrupt_10,107,3030107,V6,0.1,0.0,1,1,0,"[[""race""]]"
COMPAS,corrupt_10,107,3030107,V5,0.1,0.0,0,0,0,[]
COMPAS,corrupt_10,108,3030108,V6,0.1,0.0,0,0,0,[]
COMPAS,corrupt_10,108,3030108,V5,0.1,0.0,0,0,0,[]
COMPAS,corrupt_10,109,3030109,V6,0.1,0.0,0,0,0,[]
COMPAS,corrupt_10,109,3030109,V5,0.1,0.0,0,0,0,[]
COMPAS,corrupt_10,110,3030110,V6,0.1,0.0,0,0,0,[]
COMPAS,corrupt_10,110,3030110,V5,0.1,0.0,0,0,0,[]
COMPAS,corrupt_10,111,3030111,V6,0.1,0.0,0,0,0,[]
COMPAS,corrupt_10,111,3030111,V5,0.1,0.0,0,0,0,[]
COMPAS,corrupt_10,112,3030112,V6,0.1,0.0,0,0,0,[]
COMPAS,corrupt_10,112,3030112,V5,0.1,0.0,0,0,0,[]
COMPAS,corrupt_10,113,3030113,V6,0.1,0.0,0,0,0,[]
COMPAS,corrupt_10,113,3030113,V5,0.1,0.0,0,0,0,[]
COMPAS,corrupt_10,114,3030114,V6,0.1,0.0,0,0,0,[]
COMPAS,corrupt_10,114,3030114,V5,0.1,0.0,0,0,0,[]
COMPAS,corrupt_10,115,3030115,V6,0.1,0.0,0,0,0,[]
COMPAS,corrupt_10,115,3030115,V5,0.1,0.0,0,0,0,[]
COMPAS,corrupt_10,116,3030116,V6,0.1,0.0,0,0,0,[]
COMPAS,corrupt_10,116,3030116,V5,0.1,0.0,0,0,0,[]
COMPAS,corrupt_10,117,3030117,V6,0.1,0.0,0,0,0,[]
COMPAS,corrupt_10,117,3030117,V5,0.1,0.0,0,0,0,[]
COMPAS,corrupt_10,118,3030118,V6,0.1,0.0,0,0,0,[]
COMPAS,corrupt_10,118,3030118,V5,0.1,0.0,0,0,0,[]
COMPAS,corrupt_10,119,3030119,V6,0.1,0.0,0,0,0,[]
COMPAS,corrupt_10,119,3030119,V5,0.1,0.0,0,0,0,[]
COMPAS,corrupt_10,120,3030120,V6,0.1,0.0,0,0,0,[]
COMPAS,corrupt_10,120,3030120,V5,0.1,0.0,0,0,0,[]
COMPAS,corrupt_10,121,3030121,V6,0.1,0.0,0,0,0,[]
COMPAS,corrupt_10,121,3030121,V5,0.1,0.0,0,0,0,[]
COMPAS,corrupt_10,122,3030122,V6,0.1,0.0,0,0,0,[]
COMPAS,corrupt_10,122,3030122,V5,0.1,0.0,0,0,0,[]
COMPAS,corrupt_10,123,3030123,V6,0.1,0.0,0,0,0,[]
COMPAS,corrupt_10,123,3030123,V5,0.1,0.0,0,0,0,[]
COMPAS,corrupt_10,124,3030124,V6,0.1,0.0,0,0,0,[]
COMPAS,corrupt_10,124,3030124,V5,0.1,0.0,0,0,0,[]
COMPAS,corrupt_10,125,3030125,V6,0.1,0.0,0,0,0,[]
COMPAS,corrupt_10,125,3030125,V5,0.1,0.0,0,0,0,[]
COMPAS,corrupt_10,126,3030126,V6,0.1,0.0,0,0,0,[]
COMPAS,corrupt_10,126,3030126,V5,0.1,0.0,0,0,0,[]
COMPAS,corrupt_10,127,3030127,V6,0.1,0.0,0,0,0,[]
COMPAS,corrupt_10,127,3030127,V5,0.1,0.0,0,0,0,[]
COMPAS,corrupt_10,128,3030128,V6,0.1,0.0,0,0,0,[]
COMPAS,corrupt_10,128,3030128,V5,0.1,0.0,0,0,0,[]
COMPAS,corrupt_10,129,3030129,V6,0.1,0.0,0,0,0,[]
COMPAS,corrupt_10,129,3030129,V5,0.1,0.0,0,0,0,[]
COMPAS,corrupt_10,130,3030130,V6,0.1,0.0,0,0,0,[]
COMPAS,corrupt_10,130,3030130,V5,0.1,0.0,0,0,0,[]
COMPAS,corrupt_10,131,3030131,V6,0.1,0.0,0,0,0,[]
COMPAS,corrupt_10,131,3030131,V5,0.1,0.0,0,0,0,[]
COMPAS,corrupt_10,132,3030132,V6,0.1,0.0,0,0,0,[]
COMPAS,corrupt_10,132,3030132,V5,0.1,0.0,0,0,0,[]
COMPAS,corrupt_10,133,3030133,V6,0.1,0.0,0,0,0,[]
COMPAS,corrupt_10,133,3030133,V5,0.1,0.0,0,0,0,[]
COMPAS,corrupt_10,134,3030134,V6,0.1,0.0,0,0,0,[]
COMPAS,corrupt_10,134,3030134,V5,0.1,0.0,0,0,0,[]
COMPAS,corrupt_10,135,3030135,V6,0.1,0.0,0,0,0,[]
COMPAS,corrupt_10,135,3030135,V5,0.1,0.0,0,0,0,[]
COMPAS,corrupt_10,136,3030136,V6,0.1,0.0,0,0,0,[]
COMPAS,corrupt_10,136,3030136,V5,0.1,0.0,0,0,0,[]
COMPAS,corrupt_10,137,3030137,V6,0.1,0.0,0,0,0,[]
COMPAS,corrupt_10,137,3030137,V5,0.1,0.0,0,0,0,[]
COMPAS,corrupt_10,138,3030138,V6,0.1,0.0,0,0,0,[]
COMPAS,corrupt_10,138,3030138,V5,0.1,0.0,0,0,0,[]
COMPAS,corrupt_10,139,3030139,V6,0.1,0.0,0,0,0,[]
COMPAS,corrupt_10,139,3030139,V5,0.1,0.0,0,0,0,[]
COMPAS,corrupt_10,140,3030140,V6,0.1,0.0,0,0,0,[]
COMPAS,corrupt_10,140,3030140,V5,0.1,0.0,0,0,0,[]
COMPAS,corrupt_10,141,3030141,V6,0.1,0.0,0,0,0,[]
COMPAS,corrupt_10,141,3030141,V5,0.1,0.0,0,0,0,[]
COMPAS,corrupt_10,142,3030142,V6,0.1,0.0,0,0,0,[]
COMPAS,corrupt_10,142,3030142,V5,0.1,0.0,0,0,0,[]
COMPAS,corrupt_10,143,3030143,V6,0.1,0.0,0,0,0,[]
COMPAS,corrupt_10,143,3030143,V5,0.1,0.0,0,0,0,[]
COMPAS,corrupt_10,144,3030144,V6,0.1,0.0,0,0,0,[]
COMPAS,corrupt_10,144,3030144,V5,0.1,0.0,0,0,0,[]
COMPAS,corrupt_10,145,3030145,V6,0.1,0.0,0,0,0,[]
COMPAS,corrupt_10,145,3030145,V5,0.1,0.0,0,0,0,[]
COMPAS,corrupt_10,146,3030146,V6,0.1,0.0,0,0,0,[]
COMPAS,corrupt_10,146,3030146,V5,0.1,0.0,0,0,0,[]
COMPAS,corrupt_10,147,3030147,V6,0.1,0.0,0,0,0,[]
COMPAS,corrupt_10,147,3030147,V5,0.1,0.0,0,0,0,[]
COMPAS,corrupt_10,148,3030148,V6,0.1,0.0,0,0,0,[]
COMPAS,corrupt_10,148,3030148,V5,0.1,0.0,0,0,0,[]
COMPAS,corrupt_10,149,3030149,V6,0.1,0.0,0,0,0,[]
COMPAS,corrupt_10,149,3030149,V5,0.1,0.0,0,0,0,[]
COMPAS,corrupt_10,150,3030150,V6,0.1,0.0,0,0,0,[]
COMPAS,corrupt_10,150,3030150,V5,0.1,0.0,0,0,0,[]
COMPAS,corrupt_10,151,3030151,V6,0.1,0.0,0,0,0,[]
COMPAS,corrupt_10,151,3030151,V5,0.1,0.0,0,0,0,[]
COMPAS,corrupt_10,152,3030152,V6,0.1,0.0,0,0,0,[]
COMPAS,corrupt_10,152,3030152,V5,0.1,0.0,0,0,0,[]
COMPAS,corrupt_10,153,3030153,V6,0.1,0.0,0,0,0,[]
COMPAS,corrupt_10,153,3030153,V5,0.1,0.0,1,0,1,"[[""juv_other_count""]]"
COMPAS,corrupt_10,154,3030154,V6,0.1,0.0,0,0,0,[]
COMPAS,corrupt_10,154,3030154,V5,0.1,0.0,0,0,0,[]
COMPAS,corrupt_10,155,3030155,V6,0.1,0.0,0,0,0,[]
COMPAS,corrupt_10,155,3030155,V5,0.1,0.0,0,0,0,[]
COMPAS,corrupt_10,156,3030156,V6,0.1,0.0,0,0,0,[]
COMPAS,corrupt_10,156,3030156,V5,0.1,0.0,0,0,0,[]
COMPAS,corrupt_10,157,3030157,V6,0.1,0.0,0,0,0,[]
COMPAS,corrupt_10,157,3030157,V5,0.1,0.0,0,0,0,[]
COMPAS,corrupt_10,158,3030158,V6,0.1,0.0,0,0,0,[]
COMPAS,corrupt_10,158,3030158,V5,0.1,0.0,0,0,0,[]
COMPAS,corrupt_10,159,3030159,V6,0.1,0.0,0,0,0,[]
COMPAS,corrupt_10,159,3030159,V5,0.1,0.0,0,0,0,[]
COMPAS,corrupt_10,160,3030160,V6,0.1,0.0,0,0,0,[]
COMPAS,corrupt_10,160,3030160,V5,0.1,0.0,0,0,0,[]
COMPAS,corrupt_10,161,3030161,V6,0.1,0.0,0,0,0,[]
COMPAS,corrupt_10,161,3030161,V5,0.1,0.0,0,0,0,[]
COMPAS,corrupt_10,162,3030162,V6,0.1,0.0,0,0,0,[]
COMPAS,corrupt_10,162,3030162,V5,0.1,0.0,0,0,0,[]
COMPAS,corrupt_10,163,3030163,V6,0.1,0.0,0,0,0,[]
COMPAS,corrupt_10,163,3030163,V5,0.1,0.0,0,0,0,[]
COMPAS,corrupt_10,164,3030164,V6,0.1,0.0,0,0,0,[]
COMPAS,corrupt_10,164,3030164,V5,0.1,0.0,0,0,0,[]
COMPAS,corrupt_10,165,3030165,V6,0.1,0.0,0,0,0,[]
COMPAS,corrupt_10,165,3030165,V5,0.1,0.0,0,0,0,[]
COMPAS,corrupt_10,166,3030166,V6,0.1,0.0,0,0,0,[]
COMPAS,corrupt_10,166,3030166,V5,0.1,0.0,0,0,0,[]
COMPAS,corrupt_10,167,3030167,V6,0.1,0.0,0,0,0,[]
COMPAS,corrupt_10,167,3030167,V5,0.1,0.0,0,0,0,[]
COMPAS,corrupt_10,168,3030168,V6,0.1,0.0,0,0,0,[]
COMPAS,corrupt_10,168,3030168,V5,0.1,0.0,0,0,0,[]
COMPAS,corrupt_10,169,3030169,V6,0.1,0.0,0,0,0,[]
COMPAS,corrupt_10,169,3030169,V5,0.1,0.0,0,0,0,[]
COMPAS,corrupt_10,170,3030170,V6,0.1,0.0,0,0,0,[]
COMPAS,corrupt_10,170,3030170,V5,0.1,0.0,0,0,0,[]
COMPAS,corrupt_10,171,3030171,V6,0.1,0.0,0,0,0,[]
COMPAS,corrupt_10,171,3030171,V5,0.1,0.0,0,0,0,[]
COMPAS,corrupt_10,172,3030172,V6,0.1,0.0,0,0,0,[]
COMPAS,corrupt_10,172,3030172,V5,0.1,0.0,0,0,0,[]
COMPAS,corrupt_10,173,3030173,V6,0.1,0.0,0,0,0,[]
COMPAS,corrupt_10,173,3030173,V5,0.1,0.0,0,0,0,[]
COMPAS,corrupt_10,174,3030174,V6,0.1,0.0,0,0,0,[]
COMPAS,corrupt_10,174,3030174,V5,0.1,0.0,0,0,0,[]
COMPAS,corrupt_10,175,3030175,V6,0.1,0.0,0,0,0,[]
COMPAS,corrupt_10,175,3030175,V5,0.1,0.0,0,0,0,[]
COMPAS,corrupt_10,176,3030176,V6,0.1,0.0,0,0,0,[]
COMPAS,corrupt_10,176,3030176,V5,0.1,0.0,0,0,0,[]
COMPAS,corrupt_10,177,3030177,V6,0.1,0.0,1,0,1,"[[""priors_count""]]"
COMPAS,corrupt_10,177,3030177,V5,0.1,0.0,0,0,0,[]
COMPAS,corrupt_10,178,3030178,V6,0.1,0.0,0,0,0,[]
COMPAS,corrupt_10,178,3030178,V5,0.1,0.0,0,0,0,[]
COMPAS,corrupt_10,179,3030179,V6,0.1,0.0,0,0,0,[]
COMPAS,corrupt_10,179,3030179,V5,0.1,0.0,0,0,0,[]
COMPAS,corrupt_10,180,3030180,V6,0.1,0.0,0,0,0,[]
COMPAS,corrupt_10,180,3030180,V5,0.1,0.0,0,0,0,[]
COMPAS,corrupt_10,181,3030181,V6,0.1,0.0,0,0,0,[]
COMPAS,corrupt_10,181,3030181,V5,0.1,0.0,0,0,0,[]
COMPAS,corrupt_10,182,3030182,V6,0.1,0.0,0,0,0,[]
COMPAS,corrupt_10,182,3030182,V5,0.1,0.0,0,0,0,[]
COMPAS,corrupt_10,183,3030183,V6,0.1,0.0,0,0,0,[]
COMPAS,corrupt_10,183,3030183,V5,0.1,0.0,0,0,0,[]
COMPAS,corrupt_10,184,3030184,V6,0.1,0.0,0,0,0,[]
COMPAS,corrupt_10,184,3030184,V5,0.1,0.0,0,0,0,[]
COMPAS,corrupt_10,185,3030185,V6,0.1,0.0,0,0,0,[]
COMPAS,corrupt_10,185,3030185,V5,0.1,0.0,0,0,0,[]
COMPAS,corrupt_10,186,3030186,V6,0.1,0.0,0,0,0,[]
COMPAS,corrupt_10,186,3030186,V5,0.1,0.0,0,0,0,[]
COMPAS,corrupt_10,187,3030187,V6,0.1,0.0,0,0,0,[]
COMPAS,corrupt_10,187,3030187,V5,0.1,0.0,0,0,0,[]
COMPAS,corrupt_10,188,3030188,V6,0.1,0.0,0,0,0,[]
COMPAS,corrupt_10,188,3030188,V5,0.1,0.0,0,0,0,[]
COMPAS,corrupt_10,189,3030189,V6,0.1,0.0,0,0,0,[]
COMPAS,corrupt_10,189,3030189,V5,0.1,0.0,0,0,0,[]
COMPAS,corrupt_10,190,3030190,V6,0.1,0.0,0,0,0,[]
COMPAS,corrupt_10,190,3030190,V5,0.1,0.0,0,0,0,[]
COMPAS,corrupt_10,191,3030191,V6,0.1,0.0,0,0,0,[]
COMPAS,corrupt_10,191,3030191,V5,0.1,0.0,0,0,0,[]
COMPAS,corrupt_10,192,3030192,V6,0.1,0.0,0,0,0,[]
COMPAS,corrupt_10,192,3030192,V5,0.1,0.0,0,0,0,[]
COMPAS,corrupt_10,193,3030193,V6,0.1,0.0,0,0,0,[]
COMPAS,corrupt_10,193,3030193,V5,0.1,0.0,0,0,0,[]
COMPAS,corrupt_10,194,3030194,V6,0.1,0.0,0,0,0,[]
COMPAS,corrupt_10,194,3030194,V5,0.1,0.0,0,0,0,[]
COMPAS,corrupt_10,195,3030195,V6,0.1,0.0,0,0,0,[]
COMPAS,corrupt_10,195,3030195,V5,0.1,0.0,0,0,0,[]
COMPAS,corrupt_10,196,3030196,V6,0.1,0.0,0,0,0,[]
COMPAS,corrupt_10,196,3030196,V5,0.1,0.0,0,0,0,[]
COMPAS,corrupt_10,197,3030197,V6,0.1,0.0,1,0,1,"[[""juv_misd_count""]]"
COMPAS,corrupt_10,197,3030197,V5,0.1,0.0,0,0,0,[]
COMPAS,corrupt_10,198,3030198,V6,0.1,0.0,0,0,0,[]
COMPAS,corrupt_10,198,3030198,V5,0.1,0.0,0,0,0,[]
COMPAS,corrupt_10,199,3030199,V6,0.1,0.0,0,0,0,[]
COMPAS,corrupt_10,199,3030199,V5,0.1,0.0,0,0,0,[]
COMPAS,corrupt_20,0,3040000,V6,0.2,0.0,0,0,0,[]
COMPAS,corrupt_20,0,3040000,V5,0.2,0.0,0,0,0,[]
COMPAS,corrupt_20,1,3040001,V6,0.2,0.0,0,0,0,[]
COMPAS,corrupt_20,1,3040001,V5,0.2,0.0,0,0,0,[]
COMPAS,corrupt_20,2,3040002,V6,0.2,0.0,0,0,0,[]
COMPAS,corrupt_20,2,3040002,V5,0.2,0.0,0,0,0,[]
COMPAS,corrupt_20,3,3040003,V6,0.2,0.0,1,1,0,"[[""race""]]"
COMPAS,corrupt_20,3,3040003,V5,0.2,0.0,0,0,0,[]
COMPAS,corrupt_20,4,3040004,V6,0.2,0.0,0,0,0,[]
COMPAS,corrupt_20,4,3040004,V5,0.2,0.0,0,0,0,[]
COMPAS,corrupt_20,5,3040005,V6,0.2,0.0,0,0,0,[]
COMPAS,corrupt_20,5,3040005,V5,0.2,0.0,0,0,0,[]
COMPAS,corrupt_20,6,3040006,V6,0.2,0.0,0,0,0,[]
COMPAS,corrupt_20,6,3040006,V5,0.2,0.0,0,0,0,[]
COMPAS,corrupt_20,7,3040007,V6,0.2,0.0,0,0,0,[]
COMPAS,corrupt_20,7,3040007,V5,0.2,0.0,0,0,0,[]
COMPAS,corrupt_20,8,3040008,V6,0.2,0.0,0,0,0,[]
COMPAS,corrupt_20,8,3040008,V5,0.2,0.0,0,0,0,[]
COMPAS,corrupt_20,9,3040009,V6,0.2,0.0,0,0,0,[]
COMPAS,corrupt_20,9,3040009,V5,0.2,0.0,0,0,0,[]
COMPAS,corrupt_20,10,3040010,V6,0.2,0.0,0,0,0,[]
COMPAS,corrupt_20,10,3040010,V5,0.2,0.0,0,0,0,[]
COMPAS,corrupt_20,11,3040011,V6,0.2,0.0,0,0,0,[]
COMPAS,corrupt_20,11,3040011,V5,0.2,0.0,0,0,0,[]
COMPAS,corrupt_20,12,3040012,V6,0.2,0.0,0,0,0,[]
COMPAS,corrupt_20,12,3040012,V5,0.2,0.0,0,0,0,[]
COMPAS,corrupt_20,13,3040013,V6,0.2,0.0,0,0,0,[]
COMPAS,corrupt_20,13,3040013,V5,0.2,0.0,0,0,0,[]
COMPAS,corrupt_20,14,3040014,V6,0.2,0.0,0,0,0,[]
COMPAS,corrupt_20,14,3040014,V5,0.2,0.0,0,0,0,[]
COMPAS,corrupt_20,15,3040015,V6,0.2,0.0,0,0,0,[]
COMPAS,corrupt_20,15,3040015,V5,0.2,0.0,0,0,0,[]
COMPAS,corrupt_20,16,3040016,V6,0.2,0.0,0,0,0,[]
COMPAS,corrupt_20,16,3040016,V5,0.2,0.0,0,0,0,[]
COMPAS,corrupt_20,17,3040017,V6,0.2,0.0,0,0,0,[]
COMPAS,corrupt_20,17,3040017,V5,0.2,0.0,0,0,0,[]
COMPAS,corrupt_20,18,3040018,V6,0.2,0.0,0,0,0,[]
COMPAS,corrupt_20,18,3040018,V5,0.2,0.0,0,0,0,[]
COMPAS,corrupt_20,19,3040019,V6,0.2,0.0,1,1,0,"[[""race""]]"
COMPAS,corrupt_20,19,3040019,V5,0.2,0.0,0,0,0,[]
COMPAS,corrupt_20,20,3040020,V6,0.2,0.0,1,1,0,"[[""race""]]"
COMPAS,corrupt_20,20,3040020,V5,0.2,0.0,0,0,0,[]
COMPAS,corrupt_20,21,3040021,V6,0.2,0.0,0,0,0,[]
COMPAS,corrupt_20,21,3040021,V5,0.2,0.0,0,0,0,[]
COMPAS,corrupt_20,22,3040022,V6,0.2,0.0,0,0,0,[]
COMPAS,corrupt_20,22,3040022,V5,0.2,0.0,0,0,0,[]
COMPAS,corrupt_20,23,3040023,V6,0.2,0.0,0,0,0,[]
COMPAS,corrupt_20,23,3040023,V5,0.2,0.0,0,0,0,[]
COMPAS,corrupt_20,24,3040024,V6,0.2,0.0,0,0,0,[]
COMPAS,corrupt_20,24,3040024,V5,0.2,0.0,0,0,0,[]
COMPAS,corrupt_20,25,3040025,V6,0.2,0.0,0,0,0,[]
COMPAS,corrupt_20,25,3040025,V5,0.2,0.0,0,0,0,[]
COMPAS,corrupt_20,26,3040026,V6,0.2,0.0,0,0,0,[]
COMPAS,corrupt_20,26,3040026,V5,0.2,0.0,0,0,0,[]
COMPAS,corrupt_20,27,3040027,V6,0.2,0.0,0,0,0,[]
COMPAS,corrupt_20,27,3040027,V5,0.2,0.0,0,0,0,[]
COMPAS,corrupt_20,28,3040028,V6,0.2,0.0,0,0,0,[]
COMPAS,corrupt_20,28,3040028,V5,0.2,0.0,0,0,0,[]
COMPAS,corrupt_20,29,3040029,V6,0.2,0.0,0,0,0,[]
COMPAS,corrupt_20,29,3040029,V5,0.2,0.0,0,0,0,[]
COMPAS,corrupt_20,30,3040030,V6,0.2,0.0,0,0,0,[]
COMPAS,corrupt_20,30,3040030,V5,0.2,0.0,0,0,0,[]
COMPAS,corrupt_20,31,3040031,V6,0.2,0.0,0,0,0,[]
COMPAS,corrupt_20,31,3040031,V5,0.2,0.0,0,0,0,[]
COMPAS,corrupt_20,32,3040032,V6,0.2,0.0,0,0,0,[]
COMPAS,corrupt_20,32,3040032,V5,0.2,0.0,0,0,0,[]
COMPAS,corrupt_20,33,3040033,V6,0.2,0.0,0,0,0,[]
COMPAS,corrupt_20,33,3040033,V5,0.2,0.0,0,0,0,[]
COMPAS,corrupt_20,34,3040034,V6,0.2,0.0,0,0,0,[]
COMPAS,corrupt_20,34,3040034,V5,0.2,0.0,0,0,0,[]
COMPAS,corrupt_20,35,3040035,V6,0.2,0.0,0,0,0,[]
COMPAS,corrupt_20,35,3040035,V5,0.2,0.0,0,0,0,[]
COMPAS,corrupt_20,36,3040036,V6,0.2,0.0,0,0,0,[]
COMPAS,corrupt_20,36,3040036,V5,0.2,0.0,0,0,0,[]
COMPAS,corrupt_20,37,3040037,V6,0.2,0.0,0,0,0,[]
COMPAS,corrupt_20,37,3040037,V5,0.2,0.0,0,0,0,[]
COMPAS,corrupt_20,38,3040038,V6,0.2,0.0,1,1,0,"[[""race""]]"
COMPAS,corrupt_20,38,3040038,V5,0.2,0.0,0,0,0,[]
COMPAS,corrupt_20,39,3040039,V6,0.2,0.0,0,0,0,[]
COMPAS,corrupt_20,39,3040039,V5,0.2,0.0,0,0,0,[]
COMPAS,corrupt_20,40,3040040,V6,0.2,0.0,0,0,0,[]
COMPAS,corrupt_20,40,3040040,V5,0.2,0.0,0,0,0,[]
COMPAS,corrupt_20,41,3040041,V6,0.2,0.0,0,0,0,[]
COMPAS,corrupt_20,41,3040041,V5,0.2,0.0,0,0,0,[]
COMPAS,corrupt_20,42,3040042,V6,0.2,0.0,0,0,0,[]
COMPAS,corrupt_20,42,3040042,V5,0.2,0.0,0,0,0,[]
COMPAS,corrupt_20,43,3040043,V6,0.2,0.0,0,0,0,[]
COMPAS,corrupt_20,43,3040043,V5,0.2,0.0,0,0,0,[]
COMPAS,corrupt_20,44,3040044,V6,0.2,0.0,0,0,0,[]
COMPAS,corrupt_20,44,3040044,V5,0.2,0.0,0,0,0,[]
COMPAS,corrupt_20,45,3040045,V6,0.2,0.0,1,1,0,"[[""race""]]"
COMPAS,corrupt_20,45,3040045,V5,0.2,0.0,0,0,0,[]
COMPAS,corrupt_20,46,3040046,V6,0.2,0.0,0,0,0,[]
COMPAS,corrupt_20,46,3040046,V5,0.2,0.0,0,0,0,[]
COMPAS,corrupt_20,47,3040047,V6,0.2,0.0,0,0,0,[]
COMPAS,corrupt_20,47,3040047,V5,0.2,0.0,0,0,0,[]
COMPAS,corrupt_20,48,3040048,V6,0.2,0.0,0,0,0,[]
COMPAS,corrupt_20,48,3040048,V5,0.2,0.0,0,0,0,[]
COMPAS,corrupt_20,49,3040049,V6,0.2,0.0,0,0,0,[]
COMPAS,corrupt_20,49,3040049,V5,0.2,0.0,0,0,0,[]
COMPAS,corrupt_20,50,3040050,V6,0.2,0.0,0,0,0,[]
COMPAS,corrupt_20,50,3040050,V5,0.2,0.0,0,0,0,[]
COMPAS,corrupt_20,51,3040051,V6,0.2,0.0,1,1,0,"[[""race""]]"
COMPAS,corrupt_20,51,3040051,V5,0.2,0.0,0,0,0,[]
COMPAS,corrupt_20,52,3040052,V6,0.2,0.0,1,1,0,"[[""race""]]"
COMPAS,corrupt_20,52,3040052,V5,0.2,0.0,0,0,0,[]
COMPAS,corrupt_20,53,3040053,V6,0.2,0.0,0,0,0,[]
COMPAS,corrupt_20,53,3040053,V5,0.2,0.0,0,0,0,[]
COMPAS,corrupt_20,54,3040054,V6,0.2,0.0,0,0,0,[]
COMPAS,corrupt_20,54,3040054,V5,0.2,0.0,0,0,0,[]
COMPAS,corrupt_20,55,3040055,V6,0.2,0.0,0,0,0,[]
COMPAS,corrupt_20,55,3040055,V5,0.2,0.0,0,0,0,[]
COMPAS,corrupt_20,56,3040056,V6,0.2,0.0,0,0,0,[]
COMPAS,corrupt_20,56,3040056,V5,0.2,0.0,0,0,0,[]
COMPAS,corrupt_20,57,3040057,V6,0.2,0.0,0,0,0,[]
COMPAS,corrupt_20,57,3040057,V5,0.2,0.0,0,0,0,[]
COMPAS,corrupt_20,58,3040058,V6,0.2,0.0,0,0,0,[]
COMPAS,corrupt_20,58,3040058,V5,0.2,0.0,0,0,0,[]
COMPAS,corrupt_20,59,3040059,V6,0.2,0.0,1,0,1,"[[""juv_fel_count""], [""priors_count""]]"
COMPAS,corrupt_20,59,3040059,V5,0.2,0.0,0,0,0,[]
COMPAS,corrupt_20,60,3040060,V6,0.2,0.0,0,0,0,[]
COMPAS,corrupt_20,60,3040060,V5,0.2,0.0,0,0,0,[]
COMPAS,corrupt_20,61,3040061,V6,0.2,0.0,1,1,0,"[[""race""]]"
COMPAS,corrupt_20,61,3040061,V5,0.2,0.0,0,0,0,[]
COMPAS,corrupt_20,62,3040062,V6,0.2,0.0,1,1,0,"[[""race""]]"
COMPAS,corrupt_20,62,3040062,V5,0.2,0.0,0,0,0,[]
COMPAS,corrupt_20,63,3040063,V6,0.2,0.0,1,1,0,"[[""race""]]"
COMPAS,corrupt_20,63,3040063,V5,0.2,0.0,0,0,0,[]
COMPAS,corrupt_20,64,3040064,V6,0.2,0.0,0,0,0,[]
COMPAS,corrupt_20,64,3040064,V5,0.2,0.0,0,0,0,[]
COMPAS,corrupt_20,65,3040065,V6,0.2,0.0,0,0,0,[]
COMPAS,corrupt_20,65,3040065,V5,0.2,0.0,0,0,0,[]
COMPAS,corrupt_20,66,3040066,V6,0.2,0.0,1,1,0,"[[""race""]]"
COMPAS,corrupt_20,66,3040066,V5,0.2,0.0,0,0,0,[]
COMPAS,corrupt_20,67,3040067,V6,0.2,0.0,0,0,0,[]
COMPAS,corrupt_20,67,3040067,V5,0.2,0.0,0,0,0,[]
COMPAS,corrupt_20,68,3040068,V6,0.2,0.0,1,0,1,"[[""juv_fel_count""]]"
COMPAS,corrupt_20,68,3040068,V5,0.2,0.0,0,0,0,[]
COMPAS,corrupt_20,69,3040069,V6,0.2,0.0,0,0,0,[]
COMPAS,corrupt_20,69,3040069,V5,0.2,0.0,0,0,0,[]
COMPAS,corrupt_20,70,3040070,V6,0.2,0.0,0,0,0,[]
COMPAS,corrupt_20,70,3040070,V5,0.2,0.0,0,0,0,[]
COMPAS,corrupt_20,71,3040071,V6,0.2,0.0,1,1,0,"[[""race""]]"
COMPAS,corrupt_20,71,3040071,V5,0.2,0.0,0,0,0,[]
COMPAS,corrupt_20,72,3040072,V6,0.2,0.0,0,0,0,[]
COMPAS,corrupt_20,72,3040072,V5,0.2,0.0,0,0,0,[]
COMPAS,corrupt_20,73,3040073,V6,0.2,0.0,0,0,0,[]
COMPAS,corrupt_20,73,3040073,V5,0.2,0.0,0,0,0,[]
COMPAS,corrupt_20,74,3040074,V6,0.2,0.0,0,0,0,[]
COMPAS,corrupt_20,74,3040074,V5,0.2,0.0,0,0,0,[]
COMPAS,corrupt_20,75,3040075,V6,0.2,0.0,0,0,0,[]
COMPAS,corrupt_20,75,3040075,V5,0.2,0.0,0,0,0,[]
COMPAS,corrupt_20,76,3040076,V6,0.2,0.0,1,1,0,"[[""race""]]"
COMPAS,corrupt_20,76,3040076,V5,0.2,0.0,0,0,0,[]
COMPAS,corrupt_20,77,3040077,V6,0.2,0.0,1,1,0,"[[""race""]]"
COMPAS,corrupt_20,77,3040077,V5,0.2,0.0,0,0,0,[]
COMPAS,corrupt_20,78,3040078,V6,0.2,0.0,0,0,0,[]
COMPAS,corrupt_20,78,3040078,V5,0.2,0.0,0,0,0,[]
COMPAS,corrupt_20,79,3040079,V6,0.2,0.0,0,0,0,[]
COMPAS,corrupt_20,79,3040079,V5,0.2,0.0,0,0,0,[]
COMPAS,corrupt_20,80,3040080,V6,0.2,0.0,1,1,0,"[[""race""]]"
COMPAS,corrupt_20,80,3040080,V5,0.2,0.0,0,0,0,[]
COMPAS,corrupt_20,81,3040081,V6,0.2,0.0,1,1,0,"[[""race""]]"
COMPAS,corrupt_20,81,3040081,V5,0.2,0.0,0,0,0,[]
COMPAS,corrupt_20,82,3040082,V6,0.2,0.0,1,1,0,"[[""race""]]"
COMPAS,corrupt_20,82,3040082,V5,0.2,0.0,0,0,0,[]
COMPAS,corrupt_20,83,3040083,V6,0.2,0.0,0,0,0,[]
COMPAS,corrupt_20,83,3040083,V5,0.2,0.0,0,0,0,[]
COMPAS,corrupt_20,84,3040084,V6,0.2,0.0,0,0,0,[]
COMPAS,corrupt_20,84,3040084,V5,0.2,0.0,0,0,0,[]
COMPAS,corrupt_20,85,3040085,V6,0.2,0.0,1,1,0,"[[""race""]]"
COMPAS,corrupt_20,85,3040085,V5,0.2,0.0,0,0,0,[]
COMPAS,corrupt_20,86,3040086,V6,0.2,0.0,0,0,0,[]
COMPAS,corrupt_20,86,3040086,V5,0.2,0.0,0,0,0,[]
COMPAS,corrupt_20,87,3040087,V6,0.2,0.0,1,1,1,"[[""juv_fel_count""], [""race""]]"
COMPAS,corrupt_20,87,3040087,V5,0.2,0.0,0,0,0,[]
COMPAS,corrupt_20,88,3040088,V6,0.2,0.0,0,0,0,[]
COMPAS,corrupt_20,88,3040088,V5,0.2,0.0,0,0,0,[]
COMPAS,corrupt_20,89,3040089,V6,0.2,0.0,0,0,0,[]
COMPAS,corrupt_20,89,3040089,V5,0.2,0.0,0,0,0,[]
COMPAS,corrupt_20,90,3040090,V6,0.2,0.0,0,0,0,[]
COMPAS,corrupt_20,90,3040090,V5,0.2,0.0,0,0,0,[]
COMPAS,corrupt_20,91,3040091,V6,0.2,0.0,0,0,0,[]
COMPAS,corrupt_20,91,3040091,V5,0.2,0.0,0,0,0,[]
COMPAS,corrupt_20,92,3040092,V6,0.2,0.0,0,0,0,[]
COMPAS,corrupt_20,92,3040092,V5,0.2,0.0,0,0,0,[]
COMPAS,corrupt_20,93,3040093,V6,0.2,0.0,0,0,0,[]
COMPAS,corrupt_20,93,3040093,V5,0.2,0.0,0,0,0,[]
COMPAS,corrupt_20,94,3040094,V6,0.2,0.0,1,1,0,"[[""race""]]"
COMPAS,corrupt_20,94,3040094,V5,0.2,0.0,0,0,0,[]
COMPAS,corrupt_20,95,3040095,V6,0.2,0.0,0,0,0,[]
COMPAS,corrupt_20,95,3040095,V5,0.2,0.0,0,0,0,[]
COMPAS,corrupt_20,96,3040096,V6,0.2,0.0,0,0,0,[]
COMPAS,corrupt_20,96,3040096,V5,0.2,0.0,0,0,0,[]
COMPAS,corrupt_20,97,3040097,V6,0.2,0.0,0,0,0,[]
COMPAS,corrupt_20,97,3040097,V5,0.2,0.0,0,0,0,[]
COMPAS,corrupt_20,98,3040098,V6,0.2,0.0,0,0,0,[]
COMPAS,corrupt_20,98,3040098,V5,0.2,0.0,0,0,0,[]
COMPAS,corrupt_20,99,3040099,V6,0.2,0.0,0,0,0,[]
COMPAS,corrupt_20,99,3040099,V5,0.2,0.0,0,0,0,[]
COMPAS,corrupt_20,100,3040100,V6,0.2,0.0,0,0,0,[]
COMPAS,corrupt_20,100,3040100,V5,0.2,0.0,0,0,0,[]
COMPAS,corrupt_20,101,3040101,V6,0.2,0.0,0,0,0,[]
COMPAS,corrupt_20,101,3040101,V5,0.2,0.0,0,0,0,[]
COMPAS,corrupt_20,102,3040102,V6,0.2,0.0,0,0,0,[]
COMPAS,corrupt_20,102,3040102,V5,0.2,0.0,0,0,0,[]
COMPAS,corrupt_20,103,3040103,V6,0.2,0.0,0,0,0,[]
COMPAS,corrupt_20,103,3040103,V5,0.2,0.0,0,0,0,[]
COMPAS,corrupt_20,104,3040104,V6,0.2,0.0,0,0,0,[]
COMPAS,corrupt_20,104,3040104,V5,0.2,0.0,0,0,0,[]
COMPAS,corrupt_20,105,3040105,V6,0.2,0.0,0,0,0,[]
COMPAS,corrupt_20,105,3040105,V5,0.2,0.0,0,0,0,[]
COMPAS,corrupt_20,106,3040106,V6,0.2,0.0,0,0,0,[]
COMPAS,corrupt_20,106,3040106,V5,0.2,0.0,0,0,0,[]
COMPAS,corrupt_20,107,3040107,V6,0.2,0.0,0,0,0,[]
COMPAS,corrupt_20,107,3040107,V5,0.2,0.0,0,0,0,[]
COMPAS,corrupt_20,108,3040108,V6,0.2,0.0,0,0,0,[]
COMPAS,corrupt_20,108,3040108,V5,0.2,0.0,0,0,0,[]
COMPAS,corrupt_20,109,3040109,V6,0.2,0.0,0,0,0,[]
COMPAS,corrupt_20,109,3040109,V5,0.2,0.0,0,0,0,[]
COMPAS,corrupt_20,110,3040110,V6,0.2,0.0,0,0,0,[]
COMPAS,corrupt_20,110,3040110,V5,0.2,0.0,0,0,0,[]
COMPAS,corrupt_20,111,3040111,V6,0.2,0.0,0,0,0,[]
COMPAS,corrupt_20,111,3040111,V5,0.2,0.0,0,0,0,[]
COMPAS,corrupt_20,112,3040112,V6,0.2,0.0,0,0,0,[]
COMPAS,corrupt_20,112,3040112,V5,0.2,0.0,1,0,1,"[[""c_charge_degree""]]"
COMPAS,corrupt_20,113,3040113,V6,0.2,0.0,0,0,0,[]
COMPAS,corrupt_20,113,3040113,V5,0.2,0.0,0,0,0,[]
COMPAS,corrupt_20,114,3040114,V6,0.2,0.0,0,0,0,[]
COMPAS,corrupt_20,114,3040114,V5,0.2,0.0,0,0,0,[]
COMPAS,corrupt_20,115,3040115,V6,0.2,0.0,0,0,0,[]
COMPAS,corrupt_20,115,3040115,V5,0.2,0.0,0,0,0,[]
COMPAS,corrupt_20,116,3040116,V6,0.2,0.0,0,0,0,[]
COMPAS,corrupt_20,116,3040116,V5,0.2,0.0,0,0,0,[]
COMPAS,corrupt_20,117,3040117,V6,0.2,0.0,1,1,1,"[[""race""], [""juv_fel_count""]]"
COMPAS,corrupt_20,117,3040117,V5,0.2,0.0,0,0,0,[]
COMPAS,corrupt_20,118,3040118,V6,0.2,0.0,0,0,0,[]
COMPAS,corrupt_20,118,3040118,V5,0.2,0.0,0,0,0,[]
COMPAS,corrupt_20,119,3040119,V6,0.2,0.0,0,0,0,[]
COMPAS,corrupt_20,119,3040119,V5,0.2,0.0,0,0,0,[]
COMPAS,corrupt_20,120,3040120,V6,0.2,0.0,1,1,0,"[[""race""]]"
COMPAS,corrupt_20,120,3040120,V5,0.2,0.0,0,0,0,[]
COMPAS,corrupt_20,121,3040121,V6,0.2,0.0,0,0,0,[]
COMPAS,corrupt_20,121,3040121,V5,0.2,0.0,0,0,0,[]
COMPAS,corrupt_20,122,3040122,V6,0.2,0.0,0,0,0,[]
COMPAS,corrupt_20,122,3040122,V5,0.2,0.0,0,0,0,[]
COMPAS,corrupt_20,123,3040123,V6,0.2,0.0,0,0,0,[]
COMPAS,corrupt_20,123,3040123,V5,0.2,0.0,0,0,0,[]
COMPAS,corrupt_20,124,3040124,V6,0.2,0.0,1,1,1,"[[""race""], [""sex""]]"
COMPAS,corrupt_20,124,3040124,V5,0.2,0.0,0,0,0,[]
COMPAS,corrupt_20,125,3040125,V6,0.2,0.0,0,0,0,[]
COMPAS,corrupt_20,125,3040125,V5,0.2,0.0,0,0,0,[]
COMPAS,corrupt_20,126,3040126,V6,0.2,0.0,0,0,0,[]
COMPAS,corrupt_20,126,3040126,V5,0.2,0.0,0,0,0,[]
COMPAS,corrupt_20,127,3040127,V6,0.2,0.0,0,0,0,[]
COMPAS,corrupt_20,127,3040127,V5,0.2,0.0,0,0,0,[]
COMPAS,corrupt_20,128,3040128,V6,0.2,0.0,0,0,0,[]
COMPAS,corrupt_20,128,3040128,V5,0.2,0.0,0,0,0,[]
COMPAS,corrupt_20,129,3040129,V6,0.2,0.0,0,0,0,[]
COMPAS,corrupt_20,129,3040129,V5,0.2,0.0,0,0,0,[]
COMPAS,corrupt_20,130,3040130,V6,0.2,0.0,0,0,0,[]
COMPAS,corrupt_20,130,3040130,V5,0.2,0.0,0,0,0,[]
COMPAS,corrupt_20,131,3040131,V6,0.2,0.0,1,0,1,"[[""juv_fel_count""]]"
COMPAS,corrupt_20,131,3040131,V5,0.2,0.0,0,0,0,[]
COMPAS,corrupt_20,132,3040132,V6,0.2,0.0,0,0,0,[]
COMPAS,corrupt_20,132,3040132,V5,0.2,0.0,0,0,0,[]
COMPAS,corrupt_20,133,3040133,V6,0.2,0.0,0,0,0,[]
COMPAS,corrupt_20,133,3040133,V5,0.2,0.0,0,0,0,[]
COMPAS,corrupt_20,134,3040134,V6,0.2,0.0,1,1,0,"[[""race""]]"
COMPAS,corrupt_20,134,3040134,V5,0.2,0.0,0,0,0,[]
COMPAS,corrupt_20,135,3040135,V6,0.2,0.0,0,0,0,[]
COMPAS,corrupt_20,135,3040135,V5,0.2,0.0,0,0,0,[]
COMPAS,corrupt_20,136,3040136,V6,0.2,0.0,0,0,0,[]
COMPAS,corrupt_20,136,3040136,V5,0.2,0.0,0,0,0,[]
COMPAS,corrupt_20,137,3040137,V6,0.2,0.0,0,0,0,[]
COMPAS,corrupt_20,137,3040137,V5,0.2,0.0,0,0,0,[]
COMPAS,corrupt_20,138,3040138,V6,0.2,0.0,0,0,0,[]
COMPAS,corrupt_20,138,3040138,V5,0.2,0.0,0,0,0,[]
COMPAS,corrupt_20,139,3040139,V6,0.2,0.0,0,0,0,[]
COMPAS,corrupt_20,139,3040139,V5,0.2,0.0,0,0,0,[]
COMPAS,corrupt_20,140,3040140,V6,0.2,0.0,0,0,0,[]
COMPAS,corrupt_20,140,3040140,V5,0.2,0.0,0,0,0,[]
COMPAS,corrupt_20,141,3040141,V6,0.2,0.0,1,0,1,"[[""juv_fel_count""]]"
COMPAS,corrupt_20,141,3040141,V5,0.2,0.0,0,0,0,[]
COMPAS,corrupt_20,142,3040142,V6,0.2,0.0,0,0,0,[]
COMPAS,corrupt_20,142,3040142,V5,0.2,0.0,0,0,0,[]
COMPAS,corrupt_20,143,3040143,V6,0.2,0.0,1,1,0,"[[""race""]]"
COMPAS,corrupt_20,143,3040143,V5,0.2,0.0,0,0,0,[]
COMPAS,corrupt_20,144,3040144,V6,0.2,0.0,0,0,0,[]
COMPAS,corrupt_20,144,3040144,V5,0.2,0.0,0,0,0,[]
COMPAS,corrupt_20,145,3040145,V6,0.2,0.0,0,0,0,[]
COMPAS,corrupt_20,145,3040145,V5,0.2,0.0,0,0,0,[]
COMPAS,corrupt_20,146,3040146,V6,0.2,0.0,0,0,0,[]
COMPAS,corrupt_20,146,3040146,V5,0.2,0.0,0,0,0,[]
COMPAS,corrupt_20,147,3040147,V6,0.2,0.0,1,1,0,"[[""race""]]"
COMPAS,corrupt_20,147,3040147,V5,0.2,0.0,0,0,0,[]
COMPAS,corrupt_20,148,3040148,V6,0.2,0.0,0,0,0,[]
COMPAS,corrupt_20,148,3040148,V5,0.2,0.0,0,0,0,[]
COMPAS,corrupt_20,149,3040149,V6,0.2,0.0,0,0,0,[]
COMPAS,corrupt_20,149,3040149,V5,0.2,0.0,0,0,0,[]
COMPAS,corrupt_20,150,3040150,V6,0.2,0.0,0,0,0,[]
COMPAS,corrupt_20,150,3040150,V5,0.2,0.0,0,0,0,[]
COMPAS,corrupt_20,151,3040151,V6,0.2,0.0,0,0,0,[]
COMPAS,corrupt_20,151,3040151,V5,0.2,0.0,0,0,0,[]
COMPAS,corrupt_20,152,3040152,V6,0.2,0.0,0,0,0,[]
COMPAS,corrupt_20,152,3040152,V5,0.2,0.0,0,0,0,[]
COMPAS,corrupt_20,153,3040153,V6,0.2,0.0,0,0,0,[]
COMPAS,corrupt_20,153,3040153,V5,0.2,0.0,0,0,0,[]
COMPAS,corrupt_20,154,3040154,V6,0.2,0.0,0,0,0,[]
COMPAS,corrupt_20,154,3040154,V5,0.2,0.0,0,0,0,[]
COMPAS,corrupt_20,155,3040155,V6,0.2,0.0,0,0,0,[]
COMPAS,corrupt_20,155,3040155,V5,0.2,0.0,0,0,0,[]
COMPAS,corrupt_20,156,3040156,V6,0.2,0.0,0,0,0,[]
COMPAS,corrupt_20,156,3040156,V5,0.2,0.0,0,0,0,[]
COMPAS,corrupt_20,157,3040157,V6,0.2,0.0,0,0,0,[]
COMPAS,corrupt_20,157,3040157,V5,0.2,0.0,0,0,0,[]
COMPAS,corrupt_20,158,3040158,V6,0.2,0.0,1,1,0,"[[""race""]]"
COMPAS,corrupt_20,158,3040158,V5,0.2,0.0,0,0,0,[]
COMPAS,corrupt_20,159,3040159,V6,0.2,0.0,0,0,0,[]
COMPAS,corrupt_20,159,3040159,V5,0.2,0.0,0,0,0,[]
COMPAS,corrupt_20,160,3040160,V6,0.2,0.0,0,0,0,[]
COMPAS,corrupt_20,160,3040160,V5,0.2,0.0,0,0,0,[]
COMPAS,corrupt_20,161,3040161,V6,0.2,0.0,0,0,0,[]
COMPAS,corrupt_20,161,3040161,V5,0.2,0.0,0,0,0,[]
COMPAS,corrupt_20,162,3040162,V6,0.2,0.0,1,0,1,"[[""juv_other_count""]]"
COMPAS,corrupt_20,162,3040162,V5,0.2,0.0,0,0,0,[]
COMPAS,corrupt_20,163,3040163,V6,0.2,0.0,0,0,0,[]
COMPAS,corrupt_20,163,3040163,V5,0.2,0.0,0,0,0,[]
COMPAS,corrupt_20,164,3040164,V6,0.2,0.0,1,0,1,"[[""juv_other_count""]]"
COMPAS,corrupt_20,164,3040164,V5,0.2,0.0,0,0,0,[]
COMPAS,corrupt_20,165,3040165,V6,0.2,0.0,1,1,0,"[[""race""]]"
COMPAS,corrupt_20,165,3040165,V5,0.2,0.0,0,0,0,[]
COMPAS,corrupt_20,166,3040166,V6,0.2,0.0,0,0,0,[]
COMPAS,corrupt_20,166,3040166,V5,0.2,0.0,0,0,0,[]
COMPAS,corrupt_20,167,3040167,V6,0.2,0.0,0,0,0,[]
COMPAS,corrupt_20,167,3040167,V5,0.2,0.0,0,0,0,[]
COMPAS,corrupt_20,168,3040168,V6,0.2,0.0,0,0,0,[]
COMPAS,corrupt_20,168,3040168,V5,0.2,0.0,0,0,0,[]
COMPAS,corrupt_20,169,3040169,V6,0.2,0.0,0,0,0,[]
COMPAS,corrupt_20,169,3040169,V5,0.2,0.0,0,0,0,[]
COMPAS,corrupt_20,170,3040170,V6,0.2,0.0,0,0,0,[]
COMPAS,corrupt_20,170,3040170,V5,0.2,0.0,0,0,0,[]
COMPAS,corrupt_20,171,3040171,V6,0.2,0.0,0,0,0,[]
COMPAS,corrupt_20,171,3040171,V5,0.2,0.0,0,0,0,[]
COMPAS,corrupt_20,172,3040172,V6,0.2,0.0,0,0,0,[]
COMPAS,corrupt_20,172,3040172,V5,0.2,0.0,0,0,0,[]
COMPAS,corrupt_20,173,3040173,V6,0.2,0.0,1,1,0,"[[""race""]]"
COMPAS,corrupt_20,173,3040173,V5,0.2,0.0,0,0,0,[]
COMPAS,corrupt_20,174,3040174,V6,0.2,0.0,0,0,0,[]
COMPAS,corrupt_20,174,3040174,V5,0.2,0.0,0,0,0,[]
COMPAS,corrupt_20,175,3040175,V6,0.2,0.0,0,0,0,[]
COMPAS,corrupt_20,175,3040175,V5,0.2,0.0,0,0,0,[]
COMPAS,corrupt_20,176,3040176,V6,0.2,0.0,0,0,0,[]
COMPAS,corrupt_20,176,3040176,V5,0.2,0.0,0,0,0,[]
COMPAS,corrupt_20,177,3040177,V6,0.2,0.0,0,0,0,[]
COMPAS,corrupt_20,177,3040177,V5,0.2,0.0,0,0,0,[]
COMPAS,corrupt_20,178,3040178,V6,0.2,0.0,0,0,0,[]
COMPAS,corrupt_20,178,3040178,V5,0.2,0.0,0,0,0,[]
COMPAS,corrupt_20,179,3040179,V6,0.2,0.0,0,0,0,[]
COMPAS,corrupt_20,179,3040179,V5,0.2,0.0,0,0,0,[]
COMPAS,corrupt_20,180,3040180,V6,0.2,0.0,1,1,0,"[[""race""]]"
COMPAS,corrupt_20,180,3040180,V5,0.2,0.0,0,0,0,[]
COMPAS,corrupt_20,181,3040181,V6,0.2,0.0,0,0,0,[]
COMPAS,corrupt_20,181,3040181,V5,0.2,0.0,0,0,0,[]
COMPAS,corrupt_20,182,3040182,V6,0.2,0.0,0,0,0,[]
COMPAS,corrupt_20,182,3040182,V5,0.2,0.0,0,0,0,[]
COMPAS,corrupt_20,183,3040183,V6,0.2,0.0,0,0,0,[]
COMPAS,corrupt_20,183,3040183,V5,0.2,0.0,0,0,0,[]
COMPAS,corrupt_20,184,3040184,V6,0.2,0.0,0,0,0,[]
COMPAS,corrupt_20,184,3040184,V5,0.2,0.0,0,0,0,[]
COMPAS,corrupt_20,185,3040185,V6,0.2,0.0,1,1,0,"[[""race""]]"
COMPAS,corrupt_20,185,3040185,V5,0.2,0.0,0,0,0,[]
COMPAS,corrupt_20,186,3040186,V6,0.2,0.0,1,1,0,"[[""race""]]"
COMPAS,corrupt_20,186,3040186,V5,0.2,0.0,0,0,0,[]
COMPAS,corrupt_20,187,3040187,V6,0.2,0.0,0,0,0,[]
COMPAS,corrupt_20,187,3040187,V5,0.2,0.0,0,0,0,[]
COMPAS,corrupt_20,188,3040188,V6,0.2,0.0,1,0,1,"[[""priors_count""]]"
COMPAS,corrupt_20,188,3040188,V5,0.2,0.0,0,0,0,[]
COMPAS,corrupt_20,189,3040189,V6,0.2,0.0,0,0,0,[]
COMPAS,corrupt_20,189,3040189,V5,0.2,0.0,0,0,0,[]
COMPAS,corrupt_20,190,3040190,V6,0.2,0.0,0,0,0,[]
COMPAS,corrupt_20,190,3040190,V5,0.2,0.0,0,0,0,[]
COMPAS,corrupt_20,191,3040191,V6,0.2,0.0,0,0,0,[]
COMPAS,corrupt_20,191,3040191,V5,0.2,0.0,0,0,0,[]
COMPAS,corrupt_20,192,3040192,V6,0.2,0.0,0,0,0,[]
COMPAS,corrupt_20,192,3040192,V5,0.2,0.0,0,0,0,[]
COMPAS,corrupt_20,193,3040193,V6,0.2,0.0,0,0,0,[]
COMPAS,corrupt_20,193,3040193,V5,0.2,0.0,0,0,0,[]
COMPAS,corrupt_20,194,3040194,V6,0.2,0.0,0,0,0,[]
COMPAS,corrupt_20,194,3040194,V5,0.2,0.0,0,0,0,[]
COMPAS,corrupt_20,195,3040195,V6,0.2,0.0,0,0,0,[]
COMPAS,corrupt_20,195,3040195,V5,0.2,0.0,0,0,0,[]
COMPAS,corrupt_20,196,3040196,V6,0.2,0.0,0,0,0,[]
COMPAS,corrupt_20,196,3040196,V5,0.2,0.0,0,0,0,[]
COMPAS,corrupt_20,197,3040197,V6,0.2,0.0,0,0,0,[]
COMPAS,corrupt_20,197,3040197,V5,0.2,0.0,0,0,0,[]
COMPAS,corrupt_20,198,3040198,V6,0.2,0.0,0,0,0,[]
COMPAS,corrupt_20,198,3040198,V5,0.2,0.0,0,0,0,[]
COMPAS,corrupt_20,199,3040199,V6,0.2,0.0,0,0,0,[]
COMPAS,corrupt_20,199,3040199,V5,0.2,0.0,0,0,0,[]
COMPAS,corrupt_30,0,3050000,V6,0.3,0.0,1,1,0,"[[""race""]]"
COMPAS,corrupt_30,0,3050000,V5,0.3,0.0,0,0,0,[]
COMPAS,corrupt_30,1,3050001,V6,0.3,0.0,1,1,0,"[[""race""]]"
COMPAS,corrupt_30,1,3050001,V5,0.3,0.0,0,0,0,[]
COMPAS,corrupt_30,2,3050002,V6,0.3,0.0,0,0,0,[]
COMPAS,corrupt_30,2,3050002,V5,0.3,0.0,0,0,0,[]
COMPAS,corrupt_30,3,3050003,V6,0.3,0.0,0,0,0,[]
COMPAS,corrupt_30,3,3050003,V5,0.3,0.0,0,0,0,[]
COMPAS,corrupt_30,4,3050004,V6,0.3,0.0,0,0,0,[]
COMPAS,corrupt_30,4,3050004,V5,0.3,0.0,0,0,0,[]
COMPAS,corrupt_30,5,3050005,V6,0.3,0.0,0,0,0,[]
COMPAS,corrupt_30,5,3050005,V5,0.3,0.0,0,0,0,[]
COMPAS,corrupt_30,6,3050006,V6,0.3,0.0,1,1,0,"[[""race""]]"
COMPAS,corrupt_30,6,3050006,V5,0.3,0.0,0,0,0,[]
COMPAS,corrupt_30,7,3050007,V6,0.3,0.0,1,1,0,"[[""race""]]"
COMPAS,corrupt_30,7,3050007,V5,0.3,0.0,0,0,0,[]
COMPAS,corrupt_30,8,3050008,V6,0.3,0.0,1,1,0,"[[""race""]]"
COMPAS,corrupt_30,8,3050008,V5,0.3,0.0,0,0,0,[]
COMPAS,corrupt_30,9,3050009,V6,0.3,0.0,1,1,0,"[[""race""]]"
COMPAS,corrupt_30,9,3050009,V5,0.3,0.0,0,0,0,[]
COMPAS,corrupt_30,10,3050010,V6,0.3,0.0,1,1,0,"[[""race""]]"
COMPAS,corrupt_30,10,3050010,V5,0.3,0.0,0,0,0,[]
COMPAS,corrupt_30,11,3050011,V6,0.3,0.0,0,0,0,[]
COMPAS,corrupt_30,11,3050011,V5,0.3,0.0,0,0,0,[]
COMPAS,corrupt_30,12,3050012,V6,0.3,0.0,1,1,0,"[[""race""]]"
COMPAS,corrupt_30,12,3050012,V5,0.3,0.0,0,0,0,[]
COMPAS,corrupt_30,13,3050013,V6,0.3,0.0,1,1,1,"[[""age"", ""age_cat""], [""race""], [""sex""]]"
COMPAS,corrupt_30,13,3050013,V5,0.3,0.0,1,0,1,"[[""age"", ""age_cat""], [""sex""]]"
COMPAS,corrupt_30,14,3050014,V6,0.3,0.0,1,1,0,"[[""race""]]"
COMPAS,corrupt_30,14,3050014,V5,0.3,0.0,0,0,0,[]
COMPAS,corrupt_30,15,3050015,V6,0.3,0.0,1,1,0,"[[""race""]]"
COMPAS,corrupt_30,15,3050015,V5,0.3,0.0,0,0,0,[]
COMPAS,corrupt_30,16,3050016,V6,0.3,0.0,0,0,0,[]
COMPAS,corrupt_30,16,3050016,V5,0.3,0.0,0,0,0,[]
COMPAS,corrupt_30,17,3050017,V6,0.3,0.0,1,1,0,"[[""race""]]"
COMPAS,corrupt_30,17,3050017,V5,0.3,0.0,0,0,0,[]
COMPAS,corrupt_30,18,3050018,V6,0.3,0.0,1,1,0,"[[""race""]]"
COMPAS,corrupt_30,18,3050018,V5,0.3,0.0,0,0,0,[]
COMPAS,corrupt_30,19,3050019,V6,0.3,0.0,1,1,0,"[[""race""]]"
COMPAS,corrupt_30,19,3050019,V5,0.3,0.0,0,0,0,[]
COMPAS,corrupt_30,20,3050020,V6,0.3,0.0,1,1,1,"[[""juv_other_count""], [""race""]]"
COMPAS,corrupt_30,20,3050020,V5,0.3,0.0,0,0,0,[]
COMPAS,corrupt_30,21,3050021,V6,0.3,0.0,0,0,0,[]
COMPAS,corrupt_30,21,3050021,V5,0.3,0.0,0,0,0,[]
COMPAS,corrupt_30,22,3050022,V6,0.3,0.0,1,1,0,"[[""race""]]"
COMPAS,corrupt_30,22,3050022,V5,0.3,0.0,0,0,0,[]
COMPAS,corrupt_30,23,3050023,V6,0.3,0.0,0,0,0,[]
COMPAS,corrupt_30,23,3050023,V5,0.3,0.0,0,0,0,[]
COMPAS,corrupt_30,24,3050024,V6,0.3,0.0,1,1,0,"[[""race""]]"
COMPAS,corrupt_30,24,3050024,V5,0.3,0.0,0,0,0,[]
COMPAS,corrupt_30,25,3050025,V6,0.3,0.0,1,1,0,"[[""race""]]"
COMPAS,corrupt_30,25,3050025,V5,0.3,0.0,0,0,0,[]
COMPAS,corrupt_30,26,3050026,V6,0.3,0.0,0,0,0,[]
COMPAS,corrupt_30,26,3050026,V5,0.3,0.0,0,0,0,[]
COMPAS,corrupt_30,27,3050027,V6,0.3,0.0,1,1,0,"[[""race""]]"
COMPAS,corrupt_30,27,3050027,V5,0.3,0.0,0,0,0,[]
COMPAS,corrupt_30,28,3050028,V6,0.3,0.0,0,0,0,[]
COMPAS,corrupt_30,28,3050028,V5,0.3,0.0,0,0,0,[]
COMPAS,corrupt_30,29,3050029,V6,0.3,0.0,0,0,0,[]
COMPAS,corrupt_30,29,3050029,V5,0.3,0.0,0,0,0,[]
COMPAS,corrupt_30,30,3050030,V6,0.3,0.0,1,1,0,"[[""race""]]"
COMPAS,corrupt_30,30,3050030,V5,0.3,0.0,0,0,0,[]
COMPAS,corrupt_30,31,3050031,V6,0.3,0.0,1,1,0,"[[""race""]]"
COMPAS,corrupt_30,31,3050031,V5,0.3,0.0,0,0,0,[]
COMPAS,corrupt_30,32,3050032,V6,0.3,0.0,1,1,0,"[[""race""]]"
COMPAS,corrupt_30,32,3050032,V5,0.3,0.0,0,0,0,[]
COMPAS,corrupt_30,33,3050033,V6,0.3,0.0,1,1,0,"[[""race""]]"
COMPAS,corrupt_30,33,3050033,V5,0.3,0.0,0,0,0,[]
COMPAS,corrupt_30,34,3050034,V6,0.3,0.0,0,0,0,[]
COMPAS,corrupt_30,34,3050034,V5,0.3,0.0,0,0,0,[]
COMPAS,corrupt_30,35,3050035,V6,0.3,0.0,1,1,0,"[[""race""]]"
COMPAS,corrupt_30,35,3050035,V5,0.3,0.0,0,0,0,[]
COMPAS,corrupt_30,36,3050036,V6,0.3,0.0,1,1,0,"[[""race""]]"
COMPAS,corrupt_30,36,3050036,V5,0.3,0.0,0,0,0,[]
COMPAS,corrupt_30,37,3050037,V6,0.3,0.0,0,0,0,[]
COMPAS,corrupt_30,37,3050037,V5,0.3,0.0,0,0,0,[]
COMPAS,corrupt_30,38,3050038,V6,0.3,0.0,1,1,0,"[[""race""]]"
COMPAS,corrupt_30,38,3050038,V5,0.3,0.0,0,0,0,[]
COMPAS,corrupt_30,39,3050039,V6,0.3,0.0,1,1,0,"[[""race""]]"
COMPAS,corrupt_30,39,3050039,V5,0.3,0.0,0,0,0,[]
COMPAS,corrupt_30,40,3050040,V6,0.3,0.0,1,1,0,"[[""race""]]"
COMPAS,corrupt_30,40,3050040,V5,0.3,0.0,0,0,0,[]
COMPAS,corrupt_30,41,3050041,V6,0.3,0.0,1,1,1,"[[""race""], [""sex""]]"
COMPAS,corrupt_30,41,3050041,V5,0.3,0.0,0,0,0,[]
COMPAS,corrupt_30,42,3050042,V6,0.3,0.0,1,1,0,"[[""race""]]"
COMPAS,corrupt_30,42,3050042,V5,0.3,0.0,0,0,0,[]
COMPAS,corrupt_30,43,3050043,V6,0.3,0.0,1,1,0,"[[""race""]]"
COMPAS,corrupt_30,43,3050043,V5,0.3,0.0,0,0,0,[]
COMPAS,corrupt_30,44,3050044,V6,0.3,0.0,1,0,1,"[[""juv_fel_count""]]"
COMPAS,corrupt_30,44,3050044,V5,0.3,0.0,0,0,0,[]
COMPAS,corrupt_30,45,3050045,V6,0.3,0.0,1,1,0,"[[""race""]]"
COMPAS,corrupt_30,45,3050045,V5,0.3,0.0,0,0,0,[]
COMPAS,corrupt_30,46,3050046,V6,0.3,0.0,1,1,1,"[[""race""], [""juv_other_count""]]"
COMPAS,corrupt_30,46,3050046,V5,0.3,0.0,0,0,0,[]
COMPAS,corrupt_30,47,3050047,V6,0.3,0.0,1,1,0,"[[""race""]]"
COMPAS,corrupt_30,47,3050047,V5,0.3,0.0,0,0,0,[]
COMPAS,corrupt_30,48,3050048,V6,0.3,0.0,0,0,0,[]
COMPAS,corrupt_30,48,3050048,V5,0.3,0.0,0,0,0,[]
COMPAS,corrupt_30,49,3050049,V6,0.3,0.0,0,0,0,[]
COMPAS,corrupt_30,49,3050049,V5,0.3,0.0,0,0,0,[]
COMPAS,corrupt_30,50,3050050,V6,0.3,0.0,1,1,0,"[[""race""]]"
COMPAS,corrupt_30,50,3050050,V5,0.3,0.0,0,0,0,[]
COMPAS,corrupt_30,51,3050051,V6,0.3,0.0,1,0,1,"[[""juv_fel_count""]]"
COMPAS,corrupt_30,51,3050051,V5,0.3,0.0,0,0,0,[]
COMPAS,corrupt_30,52,3050052,V6,0.3,0.0,1,1,0,"[[""race""]]"
COMPAS,corrupt_30,52,3050052,V5,0.3,0.0,0,0,0,[]
COMPAS,corrupt_30,53,3050053,V6,0.3,0.0,1,1,0,"[[""race""]]"
COMPAS,corrupt_30,53,3050053,V5,0.3,0.0,0,0,0,[]
COMPAS,corrupt_30,54,3050054,V6,0.3,0.0,1,1,0,"[[""race""]]"
COMPAS,corrupt_30,54,3050054,V5,0.3,0.0,0,0,0,[]
COMPAS,corrupt_30,55,3050055,V6,0.3,0.0,0,0,0,[]
COMPAS,corrupt_30,55,3050055,V5,0.3,0.0,0,0,0,[]
COMPAS,corrupt_30,56,3050056,V6,0.3,0.0,1,1,0,"[[""race""]]"
COMPAS,corrupt_30,56,3050056,V5,0.3,0.0,0,0,0,[]
COMPAS,corrupt_30,57,3050057,V6,0.3,0.0,1,1,0,"[[""race""]]"
COMPAS,corrupt_30,57,3050057,V5,0.3,0.0,0,0,0,[]
COMPAS,corrupt_30,58,3050058,V6,0.3,0.0,1,1,0,"[[""race""]]"
COMPAS,corrupt_30,58,3050058,V5,0.3,0.0,0,0,0,[]
COMPAS,corrupt_30,59,3050059,V6,0.3,0.0,0,0,0,[]
COMPAS,corrupt_30,59,3050059,V5,0.3,0.0,0,0,0,[]
COMPAS,corrupt_30,60,3050060,V6,0.3,0.0,0,0,0,[]
COMPAS,corrupt_30,60,3050060,V5,0.3,0.0,0,0,0,[]
COMPAS,corrupt_30,61,3050061,V6,0.3,0.0,1,1,0,"[[""race""]]"
COMPAS,corrupt_30,61,3050061,V5,0.3,0.0,0,0,0,[]
COMPAS,corrupt_30,62,3050062,V6,0.3,0.0,1,1,0,"[[""race""]]"
COMPAS,corrupt_30,62,3050062,V5,0.3,0.0,0,0,0,[]
COMPAS,corrupt_30,63,3050063,V6,0.3,0.0,1,1,0,"[[""race""]]"
COMPAS,corrupt_30,63,3050063,V5,0.3,0.0,0,0,0,[]
COMPAS,corrupt_30,64,3050064,V6,0.3,0.0,0,0,0,[]
COMPAS,corrupt_30,64,3050064,V5,0.3,0.0,0,0,0,[]
COMPAS,corrupt_30,65,3050065,V6,0.3,0.0,0,0,0,[]
COMPAS,corrupt_30,65,3050065,V5,0.3,0.0,0,0,0,[]
COMPAS,corrupt_30,66,3050066,V6,0.3,0.0,0,0,0,[]
COMPAS,corrupt_30,66,3050066,V5,0.3,0.0,0,0,0,[]
COMPAS,corrupt_30,67,3050067,V6,0.3,0.0,1,1,0,"[[""race""]]"
COMPAS,corrupt_30,67,3050067,V5,0.3,0.0,0,0,0,[]
COMPAS,corrupt_30,68,3050068,V6,0.3,0.0,1,1,0,"[[""race""]]"
COMPAS,corrupt_30,68,3050068,V5,0.3,0.0,0,0,0,[]
COMPAS,corrupt_30,69,3050069,V6,0.3,0.0,1,1,0,"[[""race""]]"
COMPAS,corrupt_30,69,3050069,V5,0.3,0.0,0,0,0,[]
COMPAS,corrupt_30,70,3050070,V6,0.3,0.0,1,1,0,"[[""race""]]"
COMPAS,corrupt_30,70,3050070,V5,0.3,0.0,0,0,0,[]
COMPAS,corrupt_30,71,3050071,V6,0.3,0.0,1,1,0,"[[""race""]]"
COMPAS,corrupt_30,71,3050071,V5,0.3,0.0,0,0,0,[]
COMPAS,corrupt_30,72,3050072,V6,0.3,0.0,1,1,0,"[[""race""]]"
COMPAS,corrupt_30,72,3050072,V5,0.3,0.0,0,0,0,[]
COMPAS,corrupt_30,73,3050073,V6,0.3,0.0,1,1,0,"[[""race""]]"
COMPAS,corrupt_30,73,3050073,V5,0.3,0.0,0,0,0,[]
COMPAS,corrupt_30,74,3050074,V6,0.3,0.0,1,1,0,"[[""race""]]"
COMPAS,corrupt_30,74,3050074,V5,0.3,0.0,0,0,0,[]
COMPAS,corrupt_30,75,3050075,V6,0.3,0.0,0,0,0,[]
COMPAS,corrupt_30,75,3050075,V5,0.3,0.0,0,0,0,[]
COMPAS,corrupt_30,76,3050076,V6,0.3,0.0,0,0,0,[]
COMPAS,corrupt_30,76,3050076,V5,0.3,0.0,0,0,0,[]
COMPAS,corrupt_30,77,3050077,V6,0.3,0.0,1,1,0,"[[""race""]]"
COMPAS,corrupt_30,77,3050077,V5,0.3,0.0,0,0,0,[]
COMPAS,corrupt_30,78,3050078,V6,0.3,0.0,0,0,0,[]
COMPAS,corrupt_30,78,3050078,V5,0.3,0.0,0,0,0,[]
COMPAS,corrupt_30,79,3050079,V6,0.3,0.0,1,1,0,"[[""race""]]"
COMPAS,corrupt_30,79,3050079,V5,0.3,0.0,0,0,0,[]
COMPAS,corrupt_30,80,3050080,V6,0.3,0.0,1,1,0,"[[""race""]]"
COMPAS,corrupt_30,80,3050080,V5,0.3,0.0,0,0,0,[]
COMPAS,corrupt_30,81,3050081,V6,0.3,0.0,1,1,0,"[[""race""]]"
COMPAS,corrupt_30,81,3050081,V5,0.3,0.0,0,0,0,[]
COMPAS,corrupt_30,82,3050082,V6,0.3,0.0,1,1,0,"[[""race""]]"
COMPAS,corrupt_30,82,3050082,V5,0.3,0.0,0,0,0,[]
COMPAS,corrupt_30,83,3050083,V6,0.3,0.0,0,0,0,[]
COMPAS,corrupt_30,83,3050083,V5,0.3,0.0,0,0,0,[]
COMPAS,corrupt_30,84,3050084,V6,0.3,0.0,0,0,0,[]
COMPAS,corrupt_30,84,3050084,V5,0.3,0.0,0,0,0,[]
COMPAS,corrupt_30,85,3050085,V6,0.3,0.0,1,1,0,"[[""race""]]"
COMPAS,corrupt_30,85,3050085,V5,0.3,0.0,0,0,0,[]
COMPAS,corrupt_30,86,3050086,V6,0.3,0.0,0,0,0,[]
COMPAS,corrupt_30,86,3050086,V5,0.3,0.0,0,0,0,[]
COMPAS,corrupt_30,87,3050087,V6,0.3,0.0,0,0,0,[]
COMPAS,corrupt_30,87,3050087,V5,0.3,0.0,0,0,0,[]
COMPAS,corrupt_30,88,3050088,V6,0.3,0.0,1,1,0,"[[""race""]]"
COMPAS,corrupt_30,88,3050088,V5,0.3,0.0,0,0,0,[]
COMPAS,corrupt_30,89,3050089,V6,0.3,0.0,1,1,0,"[[""race""]]"
COMPAS,corrupt_30,89,3050089,V5,0.3,0.0,0,0,0,[]
COMPAS,corrupt_30,90,3050090,V6,0.3,0.0,1,1,0,"[[""race""]]"
COMPAS,corrupt_30,90,3050090,V5,0.3,0.0,0,0,0,[]
COMPAS,corrupt_30,91,3050091,V6,0.3,0.0,1,1,0,"[[""race""]]"
COMPAS,corrupt_30,91,3050091,V5,0.3,0.0,0,0,0,[]
COMPAS,corrupt_30,92,3050092,V6,0.3,0.0,0,0,0,[]
COMPAS,corrupt_30,92,3050092,V5,0.3,0.0,0,0,0,[]
COMPAS,corrupt_30,93,3050093,V6,0.3,0.0,1,1,0,"[[""race""]]"
COMPAS,corrupt_30,93,3050093,V5,0.3,0.0,0,0,0,[]
COMPAS,corrupt_30,94,3050094,V6,0.3,0.0,0,0,0,[]
COMPAS,corrupt_30,94,3050094,V5,0.3,0.0,0,0,0,[]
COMPAS,corrupt_30,95,3050095,V6,0.3,0.0,0,0,0,[]
COMPAS,corrupt_30,95,3050095,V5,0.3,0.0,0,0,0,[]
COMPAS,corrupt_30,96,3050096,V6,0.3,0.0,1,1,0,"[[""race""]]"
COMPAS,corrupt_30,96,3050096,V5,0.3,0.0,0,0,0,[]
COMPAS,corrupt_30,97,3050097,V6,0.3,0.0,0,0,0,[]
COMPAS,corrupt_30,97,3050097,V5,0.3,0.0,0,0,0,[]
COMPAS,corrupt_30,98,3050098,V6,0.3,0.0,1,1,0,"[[""race""]]"
COMPAS,corrupt_30,98,3050098,V5,0.3,0.0,0,0,0,[]
COMPAS,corrupt_30,99,3050099,V6,0.3,0.0,1,1,0,"[[""race""]]"
COMPAS,corrupt_30,99,3050099,V5,0.3,0.0,0,0,0,[]
COMPAS,corrupt_30,100,3050100,V6,0.3,0.0,1,1,0,"[[""race""]]"
COMPAS,corrupt_30,100,3050100,V5,0.3,0.0,0,0,0,[]
COMPAS,corrupt_30,101,3050101,V6,0.3,0.0,0,0,0,[]
COMPAS,corrupt_30,101,3050101,V5,0.3,0.0,1,0,1,"[[""c_charge_degree""]]"
COMPAS,corrupt_30,102,3050102,V6,0.3,0.0,1,1,0,"[[""race""]]"
COMPAS,corrupt_30,102,3050102,V5,0.3,0.0,0,0,0,[]
COMPAS,corrupt_30,103,3050103,V6,0.3,0.0,0,0,0,[]
COMPAS,corrupt_30,103,3050103,V5,0.3,0.0,0,0,0,[]
COMPAS,corrupt_30,104,3050104,V6,0.3,0.0,0,0,0,[]
COMPAS,corrupt_30,104,3050104,V5,0.3,0.0,0,0,0,[]
COMPAS,corrupt_30,105,3050105,V6,0.3,0.0,0,0,0,[]
COMPAS,corrupt_30,105,3050105,V5,0.3,0.0,0,0,0,[]
COMPAS,corrupt_30,106,3050106,V6,0.3,0.0,0,0,0,[]
COMPAS,corrupt_30,106,3050106,V5,0.3,0.0,0,0,0,[]
COMPAS,corrupt_30,107,3050107,V6,0.3,0.0,1,1,0,"[[""race""]]"
COMPAS,corrupt_30,107,3050107,V5,0.3,0.0,0,0,0,[]
COMPAS,corrupt_30,108,3050108,V6,0.3,0.0,1,1,0,"[[""race""]]"
COMPAS,corrupt_30,108,3050108,V5,0.3,0.0,0,0,0,[]
COMPAS,corrupt_30,109,3050109,V6,0.3,0.0,0,0,0,[]
COMPAS,corrupt_30,109,3050109,V5,0.3,0.0,0,0,0,[]
COMPAS,corrupt_30,110,3050110,V6,0.3,0.0,0,0,0,[]
COMPAS,corrupt_30,110,3050110,V5,0.3,0.0,0,0,0,[]
COMPAS,corrupt_30,111,3050111,V6,0.3,0.0,1,1,0,"[[""race""]]"
COMPAS,corrupt_30,111,3050111,V5,0.3,0.0,0,0,0,[]
COMPAS,corrupt_30,112,3050112,V6,0.3,0.0,1,1,0,"[[""race""]]"
COMPAS,corrupt_30,112,3050112,V5,0.3,0.0,0,0,0,[]
COMPAS,corrupt_30,113,3050113,V6,0.3,0.0,0,0,0,[]
COMPAS,corrupt_30,113,3050113,V5,0.3,0.0,0,0,0,[]
COMPAS,corrupt_30,114,3050114,V6,0.3,0.0,0,0,0,[]
COMPAS,corrupt_30,114,3050114,V5,0.3,0.0,0,0,0,[]
COMPAS,corrupt_30,115,3050115,V6,0.3,0.0,1,1,0,"[[""race""]]"
COMPAS,corrupt_30,115,3050115,V5,0.3,0.0,0,0,0,[]
COMPAS,corrupt_30,116,3050116,V6,0.3,0.0,1,1,0,"[[""race""]]"
COMPAS,corrupt_30,116,3050116,V5,0.3,0.0,0,0,0,[]
COMPAS,corrupt_30,117,3050117,V6,0.3,0.0,1,1,0,"[[""race""]]"
COMPAS,corrupt_30,117,3050117,V5,0.3,0.0,0,0,0,[]
COMPAS,corrupt_30,118,3050118,V6,0.3,0.0,0,0,0,[]
COMPAS,corrupt_30,118,3050118,V5,0.3,0.0,0,0,0,[]
COMPAS,corrupt_30,119,3050119,V6,0.3,0.0,1,1,0,"[[""race""]]"
COMPAS,corrupt_30,119,3050119,V5,0.3,0.0,0,0,0,[]
COMPAS,corrupt_30,120,3050120,V6,0.3,0.0,1,1,0,"[[""race""]]"
COMPAS,corrupt_30,120,3050120,V5,0.3,0.0,0,0,0,[]
COMPAS,corrupt_30,121,3050121,V6,0.3,0.0,0,0,0,[]
COMPAS,corrupt_30,121,3050121,V5,0.3,0.0,0,0,0,[]
COMPAS,corrupt_30,122,3050122,V6,0.3,0.0,1,1,0,"[[""race""]]"
COMPAS,corrupt_30,122,3050122,V5,0.3,0.0,0,0,0,[]
COMPAS,corrupt_30,123,3050123,V6,0.3,0.0,0,0,0,[]
COMPAS,corrupt_30,123,3050123,V5,0.3,0.0,0,0,0,[]
COMPAS,corrupt_30,124,3050124,V6,0.3,0.0,0,0,0,[]
COMPAS,corrupt_30,124,3050124,V5,0.3,0.0,0,0,0,[]
COMPAS,corrupt_30,125,3050125,V6,0.3,0.0,1,1,0,"[[""race""]]"
COMPAS,corrupt_30,125,3050125,V5,0.3,0.0,0,0,0,[]
COMPAS,corrupt_30,126,3050126,V6,0.3,0.0,0,0,0,[]
COMPAS,corrupt_30,126,3050126,V5,0.3,0.0,0,0,0,[]
COMPAS,corrupt_30,127,3050127,V6,0.3,0.0,1,1,0,"[[""race""]]"
COMPAS,corrupt_30,127,3050127,V5,0.3,0.0,0,0,0,[]
COMPAS,corrupt_30,128,3050128,V6,0.3,0.0,0,0,0,[]
COMPAS,corrupt_30,128,3050128,V5,0.3,0.0,0,0,0,[]
COMPAS,corrupt_30,129,3050129,V6,0.3,0.0,0,0,0,[]
COMPAS,corrupt_30,129,3050129,V5,0.3,0.0,0,0,0,[]
COMPAS,corrupt_30,130,3050130,V6,0.3,0.0,0,0,0,[]
COMPAS,corrupt_30,130,3050130,V5,0.3,0.0,0,0,0,[]
COMPAS,corrupt_30,131,3050131,V6,0.3,0.0,0,0,0,[]
COMPAS,corrupt_30,131,3050131,V5,0.3,0.0,0,0,0,[]
COMPAS,corrupt_30,132,3050132,V6,0.3,0.0,1,1,0,"[[""race""]]"
COMPAS,corrupt_30,132,3050132,V5,0.3,0.0,0,0,0,[]
COMPAS,corrupt_30,133,3050133,V6,0.3,0.0,0,0,0,[]
COMPAS,corrupt_30,133,3050133,V5,0.3,0.0,0,0,0,[]
COMPAS,corrupt_30,134,3050134,V6,0.3,0.0,0,0,0,[]
COMPAS,corrupt_30,134,3050134,V5,0.3,0.0,0,0,0,[]
COMPAS,corrupt_30,135,3050135,V6,0.3,0.0,0,0,0,[]
COMPAS,corrupt_30,135,3050135,V5,0.3,0.0,0,0,0,[]
COMPAS,corrupt_30,136,3050136,V6,0.3,0.0,1,1,0,"[[""race""]]"
COMPAS,corrupt_30,136,3050136,V5,0.3,0.0,0,0,0,[]
COMPAS,corrupt_30,137,3050137,V6,0.3,0.0,0,0,0,[]
COMPAS,corrupt_30,137,3050137,V5,0.3,0.0,0,0,0,[]
COMPAS,corrupt_30,138,3050138,V6,0.3,0.0,0,0,0,[]
COMPAS,corrupt_30,138,3050138,V5,0.3,0.0,0,0,0,[]
COMPAS,corrupt_30,139,3050139,V6,0.3,0.0,0,0,0,[]
COMPAS,corrupt_30,139,3050139,V5,0.3,0.0,0,0,0,[]
COMPAS,corrupt_30,140,3050140,V6,0.3,0.0,1,1,0,"[[""race""]]"
COMPAS,corrupt_30,140,3050140,V5,0.3,0.0,0,0,0,[]
COMPAS,corrupt_30,141,3050141,V6,0.3,0.0,1,1,0,"[[""race""]]"
COMPAS,corrupt_30,141,3050141,V5,0.3,0.0,0,0,0,[]
COMPAS,corrupt_30,142,3050142,V6,0.3,0.0,1,1,0,"[[""race""]]"
COMPAS,corrupt_30,142,3050142,V5,0.3,0.0,0,0,0,[]
COMPAS,corrupt_30,143,3050143,V6,0.3,0.0,0,0,0,[]
COMPAS,corrupt_30,143,3050143,V5,0.3,0.0,0,0,0,[]
COMPAS,corrupt_30,144,3050144,V6,0.3,0.0,0,0,0,[]
COMPAS,corrupt_30,144,3050144,V5,0.3,0.0,0,0,0,[]
COMPAS,corrupt_30,145,3050145,V6,0.3,0.0,0,0,0,[]
COMPAS,corrupt_30,145,3050145,V5,0.3,0.0,0,0,0,[]
COMPAS,corrupt_30,146,3050146,V6,0.3,0.0,1,1,0,"[[""race""]]"
COMPAS,corrupt_30,146,3050146,V5,0.3,0.0,0,0,0,[]
COMPAS,corrupt_30,147,3050147,V6,0.3,0.0,1,1,0,"[[""race""]]"
COMPAS,corrupt_30,147,3050147,V5,0.3,0.0,0,0,0,[]
COMPAS,corrupt_30,148,3050148,V6,0.3,0.0,1,1,0,"[[""race""]]"
COMPAS,corrupt_30,148,3050148,V5,0.3,0.0,0,0,0,[]
COMPAS,corrupt_30,149,3050149,V6,0.3,0.0,1,1,0,"[[""race""]]"
COMPAS,corrupt_30,149,3050149,V5,0.3,0.0,0,0,0,[]
COMPAS,corrupt_30,150,3050150,V6,0.3,0.0,1,1,0,"[[""race""]]"
COMPAS,corrupt_30,150,3050150,V5,0.3,0.0,0,0,0,[]
COMPAS,corrupt_30,151,3050151,V6,0.3,0.0,1,1,0,"[[""race""]]"
COMPAS,corrupt_30,151,3050151,V5,0.3,0.0,0,0,0,[]
COMPAS,corrupt_30,152,3050152,V6,0.3,0.0,0,0,0,[]
COMPAS,corrupt_30,152,3050152,V5,0.3,0.0,0,0,0,[]
COMPAS,corrupt_30,153,3050153,V6,0.3,0.0,0,0,0,[]
COMPAS,corrupt_30,153,3050153,V5,0.3,0.0,0,0,0,[]
COMPAS,corrupt_30,154,3050154,V6,0.3,0.0,0,0,0,[]
COMPAS,corrupt_30,154,3050154,V5,0.3,0.0,0,0,0,[]
COMPAS,corrupt_30,155,3050155,V6,0.3,0.0,0,0,0,[]
COMPAS,corrupt_30,155,3050155,V5,0.3,0.0,0,0,0,[]
COMPAS,corrupt_30,156,3050156,V6,0.3,0.0,1,1,0,"[[""race""]]"
COMPAS,corrupt_30,156,3050156,V5,0.3,0.0,0,0,0,[]
COMPAS,corrupt_30,157,3050157,V6,0.3,0.0,0,0,0,[]
COMPAS,corrupt_30,157,3050157,V5,0.3,0.0,0,0,0,[]
COMPAS,corrupt_30,158,3050158,V6,0.3,0.0,1,1,0,"[[""race""]]"
COMPAS,corrupt_30,158,3050158,V5,0.3,0.0,0,0,0,[]
COMPAS,corrupt_30,159,3050159,V6,0.3,0.0,1,1,0,"[[""race""]]"
COMPAS,corrupt_30,159,3050159,V5,0.3,0.0,1,1,0,"[[""race""]]"
COMPAS,corrupt_30,160,3050160,V6,0.3,0.0,1,1,0,"[[""race""]]"
COMPAS,corrupt_30,160,3050160,V5,0.3,0.0,0,0,0,[]
COMPAS,corrupt_30,161,3050161,V6,0.3,0.0,1,1,1,"[[""race""], [""juv_other_count""]]"
COMPAS,corrupt_30,161,3050161,V5,0.3,0.0,0,0,0,[]
COMPAS,corrupt_30,162,3050162,V6,0.3,0.0,1,1,0,"[[""race""]]"
COMPAS,corrupt_30,162,3050162,V5,0.3,0.0,0,0,0,[]
COMPAS,corrupt_30,163,3050163,V6,0.3,0.0,1,1,0,"[[""race""]]"
COMPAS,corrupt_30,163,3050163,V5,0.3,0.0,0,0,0,[]
COMPAS,corrupt_30,164,3050164,V6,0.3,0.0,0,0,0,[]
COMPAS,corrupt_30,164,3050164,V5,0.3,0.0,0,0,0,[]
COMPAS,corrupt_30,165,3050165,V6,0.3,0.0,1,1,1,"[[""race""], [""sex""]]"
COMPAS,corrupt_30,165,3050165,V5,0.3,0.0,0,0,0,[]
COMPAS,corrupt_30,166,3050166,V6,0.3,0.0,0,0,0,[]
COMPAS,corrupt_30,166,3050166,V5,0.3,0.0,0,0,0,[]
COMPAS,corrupt_30,167,3050167,V6,0.3,0.0,0,0,0,[]
COMPAS,corrupt_30,167,3050167,V5,0.3,0.0,0,0,0,[]
COMPAS,corrupt_30,168,3050168,V6,0.3,0.0,1,1,0,"[[""race""]]"
COMPAS,corrupt_30,168,3050168,V5,0.3,0.0,0,0,0,[]
COMPAS,corrupt_30,169,3050169,V6,0.3,0.0,0,0,0,[]
COMPAS,corrupt_30,169,3050169,V5,0.3,0.0,0,0,0,[]
COMPAS,corrupt_30,170,3050170,V6,0.3,0.0,0,0,0,[]
COMPAS,corrupt_30,170,3050170,V5,0.3,0.0,0,0,0,[]
COMPAS,corrupt_30,171,3050171,V6,0.3,0.0,0,0,0,[]
COMPAS,corrupt_30,171,3050171,V5,0.3,0.0,1,0,1,"[[""priors_count""]]"
COMPAS,corrupt_30,172,3050172,V6,0.3,0.0,0,0,0,[]
COMPAS,corrupt_30,172,3050172,V5,0.3,0.0,0,0,0,[]
COMPAS,corrupt_30,173,3050173,V6,0.3,0.0,1,1,0,"[[""race""]]"
COMPAS,corrupt_30,173,3050173,V5,0.3,0.0,0,0,0,[]
COMPAS,corrupt_30,174,3050174,V6,0.3,0.0,1,1,0,"[[""race""]]"
COMPAS,corrupt_30,174,3050174,V5,0.3,0.0,0,0,0,[]
COMPAS,corrupt_30,175,3050175,V6,0.3,0.0,0,0,0,[]
COMPAS,corrupt_30,175,3050175,V5,0.3,0.0,0,0,0,[]
COMPAS,corrupt_30,176,3050176,V6,0.3,0.0,1,1,0,"[[""race""]]"
COMPAS,corrupt_30,176,3050176,V5,0.3,0.0,0,0,0,[]
COMPAS,corrupt_30,177,3050177,V6,0.3,0.0,0,0,0,[]
COMPAS,corrupt_30,177,3050177,V5,0.3,0.0,0,0,0,[]
COMPAS,corrupt_30,178,3050178,V6,0.3,0.0,1,1,0,"[[""race""]]"
COMPAS,corrupt_30,178,3050178,V5,0.3,0.0,0,0,0,[]
COMPAS,corrupt_30,179,3050179,V6,0.3,0.0,1,1,0,"[[""race""]]"
COMPAS,corrupt_30,179,3050179,V5,0.3,0.0,0,0,0,[]
COMPAS,corrupt_30,180,3050180,V6,0.3,0.0,0,0,0,[]
COMPAS,corrupt_30,180,3050180,V5,0.3,0.0,0,0,0,[]
COMPAS,corrupt_30,181,3050181,V6,0.3,0.0,1,1,0,"[[""race""]]"
COMPAS,corrupt_30,181,3050181,V5,0.3,0.0,0,0,0,[]
COMPAS,corrupt_30,182,3050182,V6,0.3,0.0,1,1,0,"[[""race""]]"
COMPAS,corrupt_30,182,3050182,V5,0.3,0.0,0,0,0,[]
COMPAS,corrupt_30,183,3050183,V6,0.3,0.0,1,1,0,"[[""race""]]"
COMPAS,corrupt_30,183,3050183,V5,0.3,0.0,0,0,0,[]
COMPAS,corrupt_30,184,3050184,V6,0.3,0.0,1,1,0,"[[""race""]]"
COMPAS,corrupt_30,184,3050184,V5,0.3,0.0,0,0,0,[]
COMPAS,corrupt_30,185,3050185,V6,0.3,0.0,1,1,0,"[[""race""]]"
COMPAS,corrupt_30,185,3050185,V5,0.3,0.0,0,0,0,[]
COMPAS,corrupt_30,186,3050186,V6,0.3,0.0,1,1,0,"[[""race""]]"
COMPAS,corrupt_30,186,3050186,V5,0.3,0.0,0,0,0,[]
COMPAS,corrupt_30,187,3050187,V6,0.3,0.0,0,0,0,[]
COMPAS,corrupt_30,187,3050187,V5,0.3,0.0,0,0,0,[]
COMPAS,corrupt_30,188,3050188,V6,0.3,0.0,1,1,0,"[[""race""]]"
COMPAS,corrupt_30,188,3050188,V5,0.3,0.0,0,0,0,[]
COMPAS,corrupt_30,189,3050189,V6,0.3,0.0,0,0,0,[]
COMPAS,corrupt_30,189,3050189,V5,0.3,0.0,0,0,0,[]
COMPAS,corrupt_30,190,3050190,V6,0.3,0.0,1,1,0,"[[""race""]]"
COMPAS,corrupt_30,190,3050190,V5,0.3,0.0,0,0,0,[]
COMPAS,corrupt_30,191,3050191,V6,0.3,0.0,0,0,0,[]
COMPAS,corrupt_30,191,3050191,V5,0.3,0.0,0,0,0,[]
COMPAS,corrupt_30,192,3050192,V6,0.3,0.0,1,0,1,"[[""juv_fel_count""]]"
COMPAS,corrupt_30,192,3050192,V5,0.3,0.0,0,0,0,[]
COMPAS,corrupt_30,193,3050193,V6,0.3,0.0,1,1,0,"[[""race""]]"
COMPAS,corrupt_30,193,3050193,V5,0.3,0.0,0,0,0,[]
COMPAS,corrupt_30,194,3050194,V6,0.3,0.0,1,1,0,"[[""race""]]"
COMPAS,corrupt_30,194,3050194,V5,0.3,0.0,0,0,0,[]
COMPAS,corrupt_30,195,3050195,V6,0.3,0.0,1,1,0,"[[""race""]]"
COMPAS,corrupt_30,195,3050195,V5,0.3,0.0,0,0,0,[]
COMPAS,corrupt_30,196,3050196,V6,0.3,0.0,0,0,0,[]
COMPAS,corrupt_30,196,3050196,V5,0.3,0.0,0,0,0,[]
COMPAS,corrupt_30,197,3050197,V6,0.3,0.0,1,1,0,"[[""race""]]"
COMPAS,corrupt_30,197,3050197,V5,0.3,0.0,0,0,0,[]
COMPAS,corrupt_30,198,3050198,V6,0.3,0.0,1,1,0,"[[""race""]]"
COMPAS,corrupt_30,198,3050198,V5,0.3,0.0,0,0,0,[]
COMPAS,corrupt_30,199,3050199,V6,0.3,0.0,1,1,0,"[[""race""]]"
COMPAS,corrupt_30,199,3050199,V5,0.3,0.0,0,0,0,[]
COMPAS,corrupt_30_shift_1.0,0,3060000,V6,0.3,1.0,1,1,0,"[[""race""]]"
COMPAS,corrupt_30_shift_1.0,0,3060000,V5,0.3,1.0,0,0,0,[]
COMPAS,corrupt_30_shift_1.0,1,3060001,V6,0.3,1.0,1,1,0,"[[""race""]]"
COMPAS,corrupt_30_shift_1.0,1,3060001,V5,0.3,1.0,0,0,0,[]
COMPAS,corrupt_30_shift_1.0,2,3060002,V6,0.3,1.0,0,0,0,[]
COMPAS,corrupt_30_shift_1.0,2,3060002,V5,0.3,1.0,0,0,0,[]
COMPAS,corrupt_30_shift_1.0,3,3060003,V6,0.3,1.0,1,1,0,"[[""race""]]"
COMPAS,corrupt_30_shift_1.0,3,3060003,V5,0.3,1.0,0,0,0,[]
COMPAS,corrupt_30_shift_1.0,4,3060004,V6,0.3,1.0,1,1,0,"[[""race""]]"
COMPAS,corrupt_30_shift_1.0,4,3060004,V5,0.3,1.0,0,0,0,[]
COMPAS,corrupt_30_shift_1.0,5,3060005,V6,0.3,1.0,0,0,0,[]
COMPAS,corrupt_30_shift_1.0,5,3060005,V5,0.3,1.0,0,0,0,[]
COMPAS,corrupt_30_shift_1.0,6,3060006,V6,0.3,1.0,0,0,0,[]
COMPAS,corrupt_30_shift_1.0,6,3060006,V5,0.3,1.0,0,0,0,[]
COMPAS,corrupt_30_shift_1.0,7,3060007,V6,0.3,1.0,1,1,0,"[[""race""]]"
COMPAS,corrupt_30_shift_1.0,7,3060007,V5,0.3,1.0,0,0,0,[]
COMPAS,corrupt_30_shift_1.0,8,3060008,V6,0.3,1.0,1,1,0,"[[""race""]]"
COMPAS,corrupt_30_shift_1.0,8,3060008,V5,0.3,1.0,0,0,0,[]
COMPAS,corrupt_30_shift_1.0,9,3060009,V6,0.3,1.0,1,1,0,"[[""race""]]"
COMPAS,corrupt_30_shift_1.0,9,3060009,V5,0.3,1.0,0,0,0,[]
COMPAS,corrupt_30_shift_1.0,10,3060010,V6,0.3,1.0,0,0,0,[]
COMPAS,corrupt_30_shift_1.0,10,3060010,V5,0.3,1.0,0,0,0,[]
COMPAS,corrupt_30_shift_1.0,11,3060011,V6,0.3,1.0,0,0,0,[]
COMPAS,corrupt_30_shift_1.0,11,3060011,V5,0.3,1.0,0,0,0,[]
COMPAS,corrupt_30_shift_1.0,12,3060012,V6,0.3,1.0,1,1,0,"[[""race""]]"
COMPAS,corrupt_30_shift_1.0,12,3060012,V5,0.3,1.0,0,0,0,[]
COMPAS,corrupt_30_shift_1.0,13,3060013,V6,0.3,1.0,1,1,0,"[[""race""]]"
COMPAS,corrupt_30_shift_1.0,13,3060013,V5,0.3,1.0,0,0,0,[]
COMPAS,corrupt_30_shift_1.0,14,3060014,V6,0.3,1.0,1,1,0,"[[""race""]]"
COMPAS,corrupt_30_shift_1.0,14,3060014,V5,0.3,1.0,0,0,0,[]
COMPAS,corrupt_30_shift_1.0,15,3060015,V6,0.3,1.0,1,1,0,"[[""race""]]"
COMPAS,corrupt_30_shift_1.0,15,3060015,V5,0.3,1.0,0,0,0,[]
COMPAS,corrupt_30_shift_1.0,16,3060016,V6,0.3,1.0,0,0,0,[]
COMPAS,corrupt_30_shift_1.0,16,3060016,V5,0.3,1.0,0,0,0,[]
COMPAS,corrupt_30_shift_1.0,17,3060017,V6,0.3,1.0,1,1,0,"[[""race""]]"
COMPAS,corrupt_30_shift_1.0,17,3060017,V5,0.3,1.0,0,0,0,[]
COMPAS,corrupt_30_shift_1.0,18,3060018,V6,0.3,1.0,1,1,0,"[[""race""]]"
COMPAS,corrupt_30_shift_1.0,18,3060018,V5,0.3,1.0,0,0,0,[]
COMPAS,corrupt_30_shift_1.0,19,3060019,V6,0.3,1.0,0,0,0,[]
COMPAS,corrupt_30_shift_1.0,19,3060019,V5,0.3,1.0,0,0,0,[]
COMPAS,corrupt_30_shift_1.0,20,3060020,V6,0.3,1.0,1,1,0,"[[""race""]]"
COMPAS,corrupt_30_shift_1.0,20,3060020,V5,0.3,1.0,0,0,0,[]
COMPAS,corrupt_30_shift_1.0,21,3060021,V6,0.3,1.0,0,0,0,[]
COMPAS,corrupt_30_shift_1.0,21,3060021,V5,0.3,1.0,0,0,0,[]
COMPAS,corrupt_30_shift_1.0,22,3060022,V6,0.3,1.0,1,1,0,"[[""race""]]"
COMPAS,corrupt_30_shift_1.0,22,3060022,V5,0.3,1.0,0,0,0,[]
COMPAS,corrupt_30_shift_1.0,23,3060023,V6,0.3,1.0,1,1,0,"[[""race""]]"
COMPAS,corrupt_30_shift_1.0,23,3060023,V5,0.3,1.0,0,0,0,[]
COMPAS,corrupt_30_shift_1.0,24,3060024,V6,0.3,1.0,1,1,1,"[[""race""], [""juv_fel_count""]]"
COMPAS,corrupt_30_shift_1.0,24,3060024,V5,0.3,1.0,0,0,0,[]
COMPAS,corrupt_30_shift_1.0,25,3060025,V6,0.3,1.0,0,0,0,[]
COMPAS,corrupt_30_shift_1.0,25,3060025,V5,0.3,1.0,0,0,0,[]
COMPAS,corrupt_30_shift_1.0,26,3060026,V6,0.3,1.0,0,0,0,[]
COMPAS,corrupt_30_shift_1.0,26,3060026,V5,0.3,1.0,0,0,0,[]
COMPAS,corrupt_30_shift_1.0,27,3060027,V6,0.3,1.0,1,1,0,"[[""race""]]"
COMPAS,corrupt_30_shift_1.0,27,3060027,V5,0.3,1.0,0,0,0,[]
COMPAS,corrupt_30_shift_1.0,28,3060028,V6,0.3,1.0,1,1,0,"[[""race""]]"
COMPAS,corrupt_30_shift_1.0,28,3060028,V5,0.3,1.0,0,0,0,[]
COMPAS,corrupt_30_shift_1.0,29,3060029,V6,0.3,1.0,0,0,0,[]
COMPAS,corrupt_30_shift_1.0,29,3060029,V5,0.3,1.0,0,0,0,[]
COMPAS,corrupt_30_shift_1.0,30,3060030,V6,0.3,1.0,0,0,0,[]
COMPAS,corrupt_30_shift_1.0,30,3060030,V5,0.3,1.0,0,0,0,[]
COMPAS,corrupt_30_shift_1.0,31,3060031,V6,0.3,1.0,0,0,0,[]
COMPAS,corrupt_30_shift_1.0,31,3060031,V5,0.3,1.0,0,0,0,[]
COMPAS,corrupt_30_shift_1.0,32,3060032,V6,0.3,1.0,1,1,0,"[[""race""]]"
COMPAS,corrupt_30_shift_1.0,32,3060032,V5,0.3,1.0,0,0,0,[]
COMPAS,corrupt_30_shift_1.0,33,3060033,V6,0.3,1.0,1,1,0,"[[""race""]]"
COMPAS,corrupt_30_shift_1.0,33,3060033,V5,0.3,1.0,0,0,0,[]
COMPAS,corrupt_30_shift_1.0,34,3060034,V6,0.3,1.0,0,0,0,[]
COMPAS,corrupt_30_shift_1.0,34,3060034,V5,0.3,1.0,0,0,0,[]
COMPAS,corrupt_30_shift_1.0,35,3060035,V6,0.3,1.0,1,1,0,"[[""race""]]"
COMPAS,corrupt_30_shift_1.0,35,3060035,V5,0.3,1.0,0,0,0,[]
COMPAS,corrupt_30_shift_1.0,36,3060036,V6,0.3,1.0,0,0,0,[]
COMPAS,corrupt_30_shift_1.0,36,3060036,V5,0.3,1.0,0,0,0,[]
COMPAS,corrupt_30_shift_1.0,37,3060037,V6,0.3,1.0,1,1,0,"[[""race""]]"
COMPAS,corrupt_30_shift_1.0,37,3060037,V5,0.3,1.0,0,0,0,[]
COMPAS,corrupt_30_shift_1.0,38,3060038,V6,0.3,1.0,1,1,0,"[[""race""]]"
COMPAS,corrupt_30_shift_1.0,38,3060038,V5,0.3,1.0,0,0,0,[]
COMPAS,corrupt_30_shift_1.0,39,3060039,V6,0.3,1.0,1,1,0,"[[""race""]]"
COMPAS,corrupt_30_shift_1.0,39,3060039,V5,0.3,1.0,0,0,0,[]
COMPAS,corrupt_30_shift_1.0,40,3060040,V6,0.3,1.0,1,1,0,"[[""race""]]"
COMPAS,corrupt_30_shift_1.0,40,3060040,V5,0.3,1.0,0,0,0,[]
COMPAS,corrupt_30_shift_1.0,41,3060041,V6,0.3,1.0,0,0,0,[]
COMPAS,corrupt_30_shift_1.0,41,3060041,V5,0.3,1.0,0,0,0,[]
COMPAS,corrupt_30_shift_1.0,42,3060042,V6,0.3,1.0,0,0,0,[]
COMPAS,corrupt_30_shift_1.0,42,3060042,V5,0.3,1.0,0,0,0,[]
COMPAS,corrupt_30_shift_1.0,43,3060043,V6,0.3,1.0,1,1,0,"[[""race""]]"
COMPAS,corrupt_30_shift_1.0,43,3060043,V5,0.3,1.0,0,0,0,[]
COMPAS,corrupt_30_shift_1.0,44,3060044,V6,0.3,1.0,0,0,0,[]
COMPAS,corrupt_30_shift_1.0,44,3060044,V5,0.3,1.0,0,0,0,[]
COMPAS,corrupt_30_shift_1.0,45,3060045,V6,0.3,1.0,1,1,0,"[[""race""]]"
COMPAS,corrupt_30_shift_1.0,45,3060045,V5,0.3,1.0,0,0,0,[]
COMPAS,corrupt_30_shift_1.0,46,3060046,V6,0.3,1.0,0,0,0,[]
COMPAS,corrupt_30_shift_1.0,46,3060046,V5,0.3,1.0,0,0,0,[]
COMPAS,corrupt_30_shift_1.0,47,3060047,V6,0.3,1.0,0,0,0,[]
COMPAS,corrupt_30_shift_1.0,47,3060047,V5,0.3,1.0,0,0,0,[]
COMPAS,corrupt_30_shift_1.0,48,3060048,V6,0.3,1.0,0,0,0,[]
COMPAS,corrupt_30_shift_1.0,48,3060048,V5,0.3,1.0,0,0,0,[]
COMPAS,corrupt_30_shift_1.0,49,3060049,V6,0.3,1.0,1,1,0,"[[""race""]]"
COMPAS,corrupt_30_shift_1.0,49,3060049,V5,0.3,1.0,0,0,0,[]
COMPAS,corrupt_30_shift_1.0,50,3060050,V6,0.3,1.0,1,1,1,"[[""race""], [""age"", ""age_cat""]]"
COMPAS,corrupt_30_shift_1.0,50,3060050,V5,0.3,1.0,0,0,0,[]
COMPAS,corrupt_30_shift_1.0,51,3060051,V6,0.3,1.0,1,1,0,"[[""race""]]"
COMPAS,corrupt_30_shift_1.0,51,3060051,V5,0.3,1.0,0,0,0,[]
COMPAS,corrupt_30_shift_1.0,52,3060052,V6,0.3,1.0,0,0,0,[]
COMPAS,corrupt_30_shift_1.0,52,3060052,V5,0.3,1.0,0,0,0,[]
COMPAS,corrupt_30_shift_1.0,53,3060053,V6,0.3,1.0,1,1,0,"[[""race""]]"
COMPAS,corrupt_30_shift_1.0,53,3060053,V5,0.3,1.0,0,0,0,[]
COMPAS,corrupt_30_shift_1.0,54,3060054,V6,0.3,1.0,0,0,0,[]
COMPAS,corrupt_30_shift_1.0,54,3060054,V5,0.3,1.0,0,0,0,[]
COMPAS,corrupt_30_shift_1.0,55,3060055,V6,0.3,1.0,0,0,0,[]
COMPAS,corrupt_30_shift_1.0,55,3060055,V5,0.3,1.0,0,0,0,[]
COMPAS,corrupt_30_shift_1.0,56,3060056,V6,0.3,1.0,1,1,0,"[[""race""]]"
COMPAS,corrupt_30_shift_1.0,56,3060056,V5,0.3,1.0,0,0,0,[]
COMPAS,corrupt_30_shift_1.0,57,3060057,V6,0.3,1.0,0,0,0,[]
COMPAS,corrupt_30_shift_1.0,57,3060057,V5,0.3,1.0,0,0,0,[]
COMPAS,corrupt_30_shift_1.0,58,3060058,V6,0.3,1.0,1,1,0,"[[""race""]]"
COMPAS,corrupt_30_shift_1.0,58,3060058,V5,0.3,1.0,0,0,0,[]
COMPAS,corrupt_30_shift_1.0,59,3060059,V6,0.3,1.0,1,1,0,"[[""race""]]"
COMPAS,corrupt_30_shift_1.0,59,3060059,V5,0.3,1.0,0,0,0,[]
COMPAS,corrupt_30_shift_1.0,60,3060060,V6,0.3,1.0,0,0,0,[]
COMPAS,corrupt_30_shift_1.0,60,3060060,V5,0.3,1.0,0,0,0,[]
COMPAS,corrupt_30_shift_1.0,61,3060061,V6,0.3,1.0,0,0,0,[]
COMPAS,corrupt_30_shift_1.0,61,3060061,V5,0.3,1.0,0,0,0,[]
COMPAS,corrupt_30_shift_1.0,62,3060062,V6,0.3,1.0,1,1,0,"[[""race""]]"
COMPAS,corrupt_30_shift_1.0,62,3060062,V5,0.3,1.0,0,0,0,[]
COMPAS,corrupt_30_shift_1.0,63,3060063,V6,0.3,1.0,1,1,0,"[[""race""]]"
COMPAS,corrupt_30_shift_1.0,63,3060063,V5,0.3,1.0,0,0,0,[]
COMPAS,corrupt_30_shift_1.0,64,3060064,V6,0.3,1.0,0,0,0,[]
COMPAS,corrupt_30_shift_1.0,64,3060064,V5,0.3,1.0,0,0,0,[]
COMPAS,corrupt_30_shift_1.0,65,3060065,V6,0.3,1.0,1,1,0,"[[""race""]]"
COMPAS,corrupt_30_shift_1.0,65,3060065,V5,0.3,1.0,0,0,0,[]
COMPAS,corrupt_30_shift_1.0,66,3060066,V6,0.3,1.0,0,0,0,[]
COMPAS,corrupt_30_shift_1.0,66,3060066,V5,0.3,1.0,0,0,0,[]
COMPAS,corrupt_30_shift_1.0,67,3060067,V6,0.3,1.0,1,1,0,"[[""race""]]"
COMPAS,corrupt_30_shift_1.0,67,3060067,V5,0.3,1.0,0,0,0,[]
COMPAS,corrupt_30_shift_1.0,68,3060068,V6,0.3,1.0,1,1,0,"[[""race""]]"
COMPAS,corrupt_30_shift_1.0,68,3060068,V5,0.3,1.0,0,0,0,[]
COMPAS,corrupt_30_shift_1.0,69,3060069,V6,0.3,1.0,1,1,0,"[[""race""]]"
COMPAS,corrupt_30_shift_1.0,69,3060069,V5,0.3,1.0,0,0,0,[]
COMPAS,corrupt_30_shift_1.0,70,3060070,V6,0.3,1.0,1,1,0,"[[""race""]]"
COMPAS,corrupt_30_shift_1.0,70,3060070,V5,0.3,1.0,0,0,0,[]
COMPAS,corrupt_30_shift_1.0,71,3060071,V6,0.3,1.0,0,0,0,[]
COMPAS,corrupt_30_shift_1.0,71,3060071,V5,0.3,1.0,0,0,0,[]
COMPAS,corrupt_30_shift_1.0,72,3060072,V6,0.3,1.0,1,1,0,"[[""race""]]"
COMPAS,corrupt_30_shift_1.0,72,3060072,V5,0.3,1.0,0,0,0,[]
COMPAS,corrupt_30_shift_1.0,73,3060073,V6,0.3,1.0,1,1,0,"[[""race""]]"
COMPAS,corrupt_30_shift_1.0,73,3060073,V5,0.3,1.0,0,0,0,[]
COMPAS,corrupt_30_shift_1.0,74,3060074,V6,0.3,1.0,0,0,0,[]
COMPAS,corrupt_30_shift_1.0,74,3060074,V5,0.3,1.0,0,0,0,[]
COMPAS,corrupt_30_shift_1.0,75,3060075,V6,0.3,1.0,1,1,0,"[[""race""]]"
COMPAS,corrupt_30_shift_1.0,75,3060075,V5,0.3,1.0,0,0,0,[]
COMPAS,corrupt_30_shift_1.0,76,3060076,V6,0.3,1.0,0,0,0,[]
COMPAS,corrupt_30_shift_1.0,76,3060076,V5,0.3,1.0,0,0,0,[]
COMPAS,corrupt_30_shift_1.0,77,3060077,V6,0.3,1.0,1,1,0,"[[""race""]]"
COMPAS,corrupt_30_shift_1.0,77,3060077,V5,0.3,1.0,0,0,0,[]
COMPAS,corrupt_30_shift_1.0,78,3060078,V6,0.3,1.0,1,1,0,"[[""race""]]"
COMPAS,corrupt_30_shift_1.0,78,3060078,V5,0.3,1.0,0,0,0,[]
COMPAS,corrupt_30_shift_1.0,79,3060079,V6,0.3,1.0,1,1,0,"[[""race""]]"
COMPAS,corrupt_30_shift_1.0,79,3060079,V5,0.3,1.0,0,0,0,[]
COMPAS,corrupt_30_shift_1.0,80,3060080,V6,0.3,1.0,1,1,0,"[[""race""]]"
COMPAS,corrupt_30_shift_1.0,80,3060080,V5,0.3,1.0,0,0,0,[]
COMPAS,corrupt_30_shift_1.0,81,3060081,V6,0.3,1.0,1,1,0,"[[""race""]]"
COMPAS,corrupt_30_shift_1.0,81,3060081,V5,0.3,1.0,0,0,0,[]
COMPAS,corrupt_30_shift_1.0,82,3060082,V6,0.3,1.0,0,0,0,[]
COMPAS,corrupt_30_shift_1.0,82,3060082,V5,0.3,1.0,0,0,0,[]
COMPAS,corrupt_30_shift_1.0,83,3060083,V6,0.3,1.0,1,1,1,"[[""race""], [""priors_count""]]"
COMPAS,corrupt_30_shift_1.0,83,3060083,V5,0.3,1.0,0,0,0,[]
COMPAS,corrupt_30_shift_1.0,84,3060084,V6,0.3,1.0,1,1,0,"[[""race""]]"
COMPAS,corrupt_30_shift_1.0,84,3060084,V5,0.3,1.0,0,0,0,[]
COMPAS,corrupt_30_shift_1.0,85,3060085,V6,0.3,1.0,0,0,0,[]
COMPAS,corrupt_30_shift_1.0,85,3060085,V5,0.3,1.0,0,0,0,[]
COMPAS,corrupt_30_shift_1.0,86,3060086,V6,0.3,1.0,1,1,0,"[[""race""]]"
COMPAS,corrupt_30_shift_1.0,86,3060086,V5,0.3,1.0,0,0,0,[]
COMPAS,corrupt_30_shift_1.0,87,3060087,V6,0.3,1.0,0,0,0,[]
COMPAS,corrupt_30_shift_1.0,87,3060087,V5,0.3,1.0,0,0,0,[]
COMPAS,corrupt_30_shift_1.0,88,3060088,V6,0.3,1.0,0,0,0,[]
COMPAS,corrupt_30_shift_1.0,88,3060088,V5,0.3,1.0,0,0,0,[]
COMPAS,corrupt_30_shift_1.0,89,3060089,V6,0.3,1.0,1,1,0,"[[""race""]]"
COMPAS,corrupt_30_shift_1.0,89,3060089,V5,0.3,1.0,0,0,0,[]
COMPAS,corrupt_30_shift_1.0,90,3060090,V6,0.3,1.0,0,0,0,[]
COMPAS,corrupt_30_shift_1.0,90,3060090,V5,0.3,1.0,0,0,0,[]
COMPAS,corrupt_30_shift_1.0,91,3060091,V6,0.3,1.0,1,1,0,"[[""race""]]"
COMPAS,corrupt_30_shift_1.0,91,3060091,V5,0.3,1.0,0,0,0,[]
COMPAS,corrupt_30_shift_1.0,92,3060092,V6,0.3,1.0,1,1,0,"[[""race""]]"
COMPAS,corrupt_30_shift_1.0,92,3060092,V5,0.3,1.0,0,0,0,[]
COMPAS,corrupt_30_shift_1.0,93,3060093,V6,0.3,1.0,0,0,0,[]
COMPAS,corrupt_30_shift_1.0,93,3060093,V5,0.3,1.0,0,0,0,[]
COMPAS,corrupt_30_shift_1.0,94,3060094,V6,0.3,1.0,1,1,0,"[[""race""]]"
COMPAS,corrupt_30_shift_1.0,94,3060094,V5,0.3,1.0,0,0,0,[]
COMPAS,corrupt_30_shift_1.0,95,3060095,V6,0.3,1.0,0,0,0,[]
COMPAS,corrupt_30_shift_1.0,95,3060095,V5,0.3,1.0,0,0,0,[]
COMPAS,corrupt_30_shift_1.0,96,3060096,V6,0.3,1.0,1,1,0,"[[""race""]]"
COMPAS,corrupt_30_shift_1.0,96,3060096,V5,0.3,1.0,0,0,0,[]
COMPAS,corrupt_30_shift_1.0,97,3060097,V6,0.3,1.0,0,0,0,[]
COMPAS,corrupt_30_shift_1.0,97,3060097,V5,0.3,1.0,0,0,0,[]
COMPAS,corrupt_30_shift_1.0,98,3060098,V6,0.3,1.0,1,1,0,"[[""race""]]"
COMPAS,corrupt_30_shift_1.0,98,3060098,V5,0.3,1.0,0,0,0,[]
COMPAS,corrupt_30_shift_1.0,99,3060099,V6,0.3,1.0,0,0,0,[]
COMPAS,corrupt_30_shift_1.0,99,3060099,V5,0.3,1.0,0,0,0,[]
COMPAS,corrupt_30_shift_1.0,100,3060100,V6,0.3,1.0,1,1,0,"[[""race""]]"
COMPAS,corrupt_30_shift_1.0,100,3060100,V5,0.3,1.0,0,0,0,[]
COMPAS,corrupt_30_shift_1.0,101,3060101,V6,0.3,1.0,0,0,0,[]
COMPAS,corrupt_30_shift_1.0,101,3060101,V5,0.3,1.0,0,0,0,[]
COMPAS,corrupt_30_shift_1.0,102,3060102,V6,0.3,1.0,1,1,0,"[[""race""]]"
COMPAS,corrupt_30_shift_1.0,102,3060102,V5,0.3,1.0,0,0,0,[]
COMPAS,corrupt_30_shift_1.0,103,3060103,V6,0.3,1.0,1,1,0,"[[""race""]]"
COMPAS,corrupt_30_shift_1.0,103,3060103,V5,0.3,1.0,0,0,0,[]
COMPAS,corrupt_30_shift_1.0,104,3060104,V6,0.3,1.0,0,0,0,[]
COMPAS,corrupt_30_shift_1.0,104,3060104,V5,0.3,1.0,0,0,0,[]
COMPAS,corrupt_30_shift_1.0,105,3060105,V6,0.3,1.0,0,0,0,[]
COMPAS,corrupt_30_shift_1.0,105,3060105,V5,0.3,1.0,0,0,0,[]
COMPAS,corrupt_30_shift_1.0,106,3060106,V6,0.3,1.0,1,1,0,"[[""race""]]"
COMPAS,corrupt_30_shift_1.0,106,3060106,V5,0.3,1.0,0,0,0,[]
COMPAS,corrupt_30_shift_1.0,107,3060107,V6,0.3,1.0,1,1,0,"[[""race""]]"
COMPAS,corrupt_30_shift_1.0,107,3060107,V5,0.3,1.0,0,0,0,[]
COMPAS,corrupt_30_shift_1.0,108,3060108,V6,0.3,1.0,1,1,0,"[[""race""]]"
COMPAS,corrupt_30_shift_1.0,108,3060108,V5,0.3,1.0,0,0,0,[]
COMPAS,corrupt_30_shift_1.0,109,3060109,V6,0.3,1.0,0,0,0,[]
COMPAS,corrupt_30_shift_1.0,109,3060109,V5,0.3,1.0,0,0,0,[]
COMPAS,corrupt_30_shift_1.0,110,3060110,V6,0.3,1.0,1,1,0,"[[""race""]]"
COMPAS,corrupt_30_shift_1.0,110,3060110,V5,0.3,1.0,0,0,0,[]
COMPAS,corrupt_30_shift_1.0,111,3060111,V6,0.3,1.0,1,1,0,"[[""race""]]"
COMPAS,corrupt_30_shift_1.0,111,3060111,V5,0.3,1.0,0,0,0,[]
COMPAS,corrupt_30_shift_1.0,112,3060112,V6,0.3,1.0,1,1,0,"[[""race""]]"
COMPAS,corrupt_30_shift_1.0,112,3060112,V5,0.3,1.0,0,0,0,[]
COMPAS,corrupt_30_shift_1.0,113,3060113,V6,0.3,1.0,0,0,0,[]
COMPAS,corrupt_30_shift_1.0,113,3060113,V5,0.3,1.0,0,0,0,[]
COMPAS,corrupt_30_shift_1.0,114,3060114,V6,0.3,1.0,1,1,0,"[[""race""]]"
COMPAS,corrupt_30_shift_1.0,114,3060114,V5,0.3,1.0,0,0,0,[]
COMPAS,corrupt_30_shift_1.0,115,3060115,V6,0.3,1.0,0,0,0,[]
COMPAS,corrupt_30_shift_1.0,115,3060115,V5,0.3,1.0,0,0,0,[]
COMPAS,corrupt_30_shift_1.0,116,3060116,V6,0.3,1.0,0,0,0,[]
COMPAS,corrupt_30_shift_1.0,116,3060116,V5,0.3,1.0,0,0,0,[]
COMPAS,corrupt_30_shift_1.0,117,3060117,V6,0.3,1.0,1,1,0,"[[""race""]]"
COMPAS,corrupt_30_shift_1.0,117,3060117,V5,0.3,1.0,0,0,0,[]
COMPAS,corrupt_30_shift_1.0,118,3060118,V6,0.3,1.0,0,0,0,[]
COMPAS,corrupt_30_shift_1.0,118,3060118,V5,0.3,1.0,0,0,0,[]
COMPAS,corrupt_30_shift_1.0,119,3060119,V6,0.3,1.0,1,1,0,"[[""race""]]"
COMPAS,corrupt_30_shift_1.0,119,3060119,V5,0.3,1.0,0,0,0,[]
COMPAS,corrupt_30_shift_1.0,120,3060120,V6,0.3,1.0,1,1,0,"[[""race""]]"
COMPAS,corrupt_30_shift_1.0,120,3060120,V5,0.3,1.0,0,0,0,[]
COMPAS,corrupt_30_shift_1.0,121,3060121,V6,0.3,1.0,0,0,0,[]
COMPAS,corrupt_30_shift_1.0,121,3060121,V5,0.3,1.0,0,0,0,[]
COMPAS,corrupt_30_shift_1.0,122,3060122,V6,0.3,1.0,0,0,0,[]
COMPAS,corrupt_30_shift_1.0,122,3060122,V5,0.3,1.0,0,0,0,[]
COMPAS,corrupt_30_shift_1.0,123,3060123,V6,0.3,1.0,1,1,0,"[[""race""]]"
COMPAS,corrupt_30_shift_1.0,123,3060123,V5,0.3,1.0,0,0,0,[]
COMPAS,corrupt_30_shift_1.0,124,3060124,V6,0.3,1.0,0,0,0,[]
COMPAS,corrupt_30_shift_1.0,124,3060124,V5,0.3,1.0,0,0,0,[]
COMPAS,corrupt_30_shift_1.0,125,3060125,V6,0.3,1.0,0,0,0,[]
COMPAS,corrupt_30_shift_1.0,125,3060125,V5,0.3,1.0,0,0,0,[]
COMPAS,corrupt_30_shift_1.0,126,3060126,V6,0.3,1.0,1,1,0,"[[""race""]]"
COMPAS,corrupt_30_shift_1.0,126,3060126,V5,0.3,1.0,1,0,1,"[[""sex""]]"
COMPAS,corrupt_30_shift_1.0,127,3060127,V6,0.3,1.0,0,0,0,[]
COMPAS,corrupt_30_shift_1.0,127,3060127,V5,0.3,1.0,0,0,0,[]
COMPAS,corrupt_30_shift_1.0,128,3060128,V6,0.3,1.0,1,1,0,"[[""race""]]"
COMPAS,corrupt_30_shift_1.0,128,3060128,V5,0.3,1.0,0,0,0,[]
COMPAS,corrupt_30_shift_1.0,129,3060129,V6,0.3,1.0,0,0,0,[]
COMPAS,corrupt_30_shift_1.0,129,3060129,V5,0.3,1.0,0,0,0,[]
COMPAS,corrupt_30_shift_1.0,130,3060130,V6,0.3,1.0,1,1,0,"[[""race""]]"
COMPAS,corrupt_30_shift_1.0,130,3060130,V5,0.3,1.0,0,0,0,[]
COMPAS,corrupt_30_shift_1.0,131,3060131,V6,0.3,1.0,1,1,0,"[[""race""]]"
COMPAS,corrupt_30_shift_1.0,131,3060131,V5,0.3,1.0,0,0,0,[]
COMPAS,corrupt_30_shift_1.0,132,3060132,V6,0.3,1.0,1,1,0,"[[""race""]]"
COMPAS,corrupt_30_shift_1.0,132,3060132,V5,0.3,1.0,0,0,0,[]
COMPAS,corrupt_30_shift_1.0,133,3060133,V6,0.3,1.0,1,1,0,"[[""race""]]"
COMPAS,corrupt_30_shift_1.0,133,3060133,V5,0.3,1.0,0,0,0,[]
COMPAS,corrupt_30_shift_1.0,134,3060134,V6,0.3,1.0,1,1,0,"[[""race""]]"
COMPAS,corrupt_30_shift_1.0,134,3060134,V5,0.3,1.0,0,0,0,[]
COMPAS,corrupt_30_shift_1.0,135,3060135,V6,0.3,1.0,1,1,1,"[[""race""], [""priors_count""]]"
COMPAS,corrupt_30_shift_1.0,135,3060135,V5,0.3,1.0,0,0,0,[]
COMPAS,corrupt_30_shift_1.0,136,3060136,V6,0.3,1.0,0,0,0,[]
COMPAS,corrupt_30_shift_1.0,136,3060136,V5,0.3,1.0,0,0,0,[]
COMPAS,corrupt_30_shift_1.0,137,3060137,V6,0.3,1.0,1,1,0,"[[""race""]]"
COMPAS,corrupt_30_shift_1.0,137,3060137,V5,0.3,1.0,0,0,0,[]
COMPAS,corrupt_30_shift_1.0,138,3060138,V6,0.3,1.0,0,0,0,[]
COMPAS,corrupt_30_shift_1.0,138,3060138,V5,0.3,1.0,0,0,0,[]
COMPAS,corrupt_30_shift_1.0,139,3060139,V6,0.3,1.0,1,1,0,"[[""race""]]"
COMPAS,corrupt_30_shift_1.0,139,3060139,V5,0.3,1.0,0,0,0,[]
COMPAS,corrupt_30_shift_1.0,140,3060140,V6,0.3,1.0,0,0,0,[]
COMPAS,corrupt_30_shift_1.0,140,3060140,V5,0.3,1.0,0,0,0,[]
COMPAS,corrupt_30_shift_1.0,141,3060141,V6,0.3,1.0,0,0,0,[]
COMPAS,corrupt_30_shift_1.0,141,3060141,V5,0.3,1.0,0,0,0,[]
COMPAS,corrupt_30_shift_1.0,142,3060142,V6,0.3,1.0,1,1,0,"[[""race""]]"
COMPAS,corrupt_30_shift_1.0,142,3060142,V5,0.3,1.0,0,0,0,[]
COMPAS,corrupt_30_shift_1.0,143,3060143,V6,0.3,1.0,0,0,0,[]
COMPAS,corrupt_30_shift_1.0,143,3060143,V5,0.3,1.0,0,0,0,[]
COMPAS,corrupt_30_shift_1.0,144,3060144,V6,0.3,1.0,1,1,0,"[[""race""]]"
COMPAS,corrupt_30_shift_1.0,144,3060144,V5,0.3,1.0,0,0,0,[]
COMPAS,corrupt_30_shift_1.0,145,3060145,V6,0.3,1.0,0,0,0,[]
COMPAS,corrupt_30_shift_1.0,145,3060145,V5,0.3,1.0,0,0,0,[]
COMPAS,corrupt_30_shift_1.0,146,3060146,V6,0.3,1.0,1,1,0,"[[""race""]]"
COMPAS,corrupt_30_shift_1.0,146,3060146,V5,0.3,1.0,0,0,0,[]
COMPAS,corrupt_30_shift_1.0,147,3060147,V6,0.3,1.0,1,1,0,"[[""race""]]"
COMPAS,corrupt_30_shift_1.0,147,3060147,V5,0.3,1.0,0,0,0,[]
COMPAS,corrupt_30_shift_1.0,148,3060148,V6,0.3,1.0,1,1,1,"[[""juv_other_count""], [""race""]]"
COMPAS,corrupt_30_shift_1.0,148,3060148,V5,0.3,1.0,0,0,0,[]
COMPAS,corrupt_30_shift_1.0,149,3060149,V6,0.3,1.0,0,0,0,[]
COMPAS,corrupt_30_shift_1.0,149,3060149,V5,0.3,1.0,0,0,0,[]
COMPAS,corrupt_30_shift_1.0,150,3060150,V6,0.3,1.0,1,1,0,"[[""race""]]"
COMPAS,corrupt_30_shift_1.0,150,3060150,V5,0.3,1.0,0,0,0,[]
COMPAS,corrupt_30_shift_1.0,151,3060151,V6,0.3,1.0,0,0,0,[]
COMPAS,corrupt_30_shift_1.0,151,3060151,V5,0.3,1.0,0,0,0,[]
COMPAS,corrupt_30_shift_1.0,152,3060152,V6,0.3,1.0,1,1,0,"[[""race""]]"
COMPAS,corrupt_30_shift_1.0,152,3060152,V5,0.3,1.0,0,0,0,[]
COMPAS,corrupt_30_shift_1.0,153,3060153,V6,0.3,1.0,0,0,0,[]
COMPAS,corrupt_30_shift_1.0,153,3060153,V5,0.3,1.0,0,0,0,[]
COMPAS,corrupt_30_shift_1.0,154,3060154,V6,0.3,1.0,1,1,0,"[[""race""]]"
COMPAS,corrupt_30_shift_1.0,154,3060154,V5,0.3,1.0,0,0,0,[]
COMPAS,corrupt_30_shift_1.0,155,3060155,V6,0.3,1.0,0,0,0,[]
COMPAS,corrupt_30_shift_1.0,155,3060155,V5,0.3,1.0,0,0,0,[]
COMPAS,corrupt_30_shift_1.0,156,3060156,V6,0.3,1.0,1,1,0,"[[""race""]]"
COMPAS,corrupt_30_shift_1.0,156,3060156,V5,0.3,1.0,0,0,0,[]
COMPAS,corrupt_30_shift_1.0,157,3060157,V6,0.3,1.0,1,1,0,"[[""race""]]"
COMPAS,corrupt_30_shift_1.0,157,3060157,V5,0.3,1.0,0,0,0,[]
COMPAS,corrupt_30_shift_1.0,158,3060158,V6,0.3,1.0,0,0,0,[]
COMPAS,corrupt_30_shift_1.0,158,3060158,V5,0.3,1.0,0,0,0,[]
COMPAS,corrupt_30_shift_1.0,159,3060159,V6,0.3,1.0,1,1,0,"[[""race""]]"
COMPAS,corrupt_30_shift_1.0,159,3060159,V5,0.3,1.0,0,0,0,[]
COMPAS,corrupt_30_shift_1.0,160,3060160,V6,0.3,1.0,1,1,0,"[[""race""]]"
COMPAS,corrupt_30_shift_1.0,160,3060160,V5,0.3,1.0,0,0,0,[]
COMPAS,corrupt_30_shift_1.0,161,3060161,V6,0.3,1.0,1,1,0,"[[""race""]]"
COMPAS,corrupt_30_shift_1.0,161,3060161,V5,0.3,1.0,0,0,0,[]
COMPAS,corrupt_30_shift_1.0,162,3060162,V6,0.3,1.0,1,1,0,"[[""race""]]"
COMPAS,corrupt_30_shift_1.0,162,3060162,V5,0.3,1.0,0,0,0,[]
COMPAS,corrupt_30_shift_1.0,163,3060163,V6,0.3,1.0,1,1,0,"[[""race""]]"
COMPAS,corrupt_30_shift_1.0,163,3060163,V5,0.3,1.0,0,0,0,[]
COMPAS,corrupt_30_shift_1.0,164,3060164,V6,0.3,1.0,0,0,0,[]
COMPAS,corrupt_30_shift_1.0,164,3060164,V5,0.3,1.0,0,0,0,[]
COMPAS,corrupt_30_shift_1.0,165,3060165,V6,0.3,1.0,0,0,0,[]
COMPAS,corrupt_30_shift_1.0,165,3060165,V5,0.3,1.0,0,0,0,[]
COMPAS,corrupt_30_shift_1.0,166,3060166,V6,0.3,1.0,1,1,0,"[[""race""]]"
COMPAS,corrupt_30_shift_1.0,166,3060166,V5,0.3,1.0,0,0,0,[]
COMPAS,corrupt_30_shift_1.0,167,3060167,V6,0.3,1.0,0,0,0,[]
COMPAS,corrupt_30_shift_1.0,167,3060167,V5,0.3,1.0,0,0,0,[]
COMPAS,corrupt_30_shift_1.0,168,3060168,V6,0.3,1.0,1,1,0,"[[""race""]]"
COMPAS,corrupt_30_shift_1.0,168,3060168,V5,0.3,1.0,0,0,0,[]
COMPAS,corrupt_30_shift_1.0,169,3060169,V6,0.3,1.0,1,1,0,"[[""race""]]"
COMPAS,corrupt_30_shift_1.0,169,3060169,V5,0.3,1.0,0,0,0,[]
COMPAS,corrupt_30_shift_1.0,170,3060170,V6,0.3,1.0,0,0,0,[]
COMPAS,corrupt_30_shift_1.0,170,3060170,V5,0.3,1.0,0,0,0,[]
COMPAS,corrupt_30_shift_1.0,171,3060171,V6,0.3,1.0,1,1,0,"[[""race""]]"
COMPAS,corrupt_30_shift_1.0,171,3060171,V5,0.3,1.0,0,0,0,[]
COMPAS,corrupt_30_shift_1.0,172,3060172,V6,0.3,1.0,0,0,0,[]
COMPAS,corrupt_30_shift_1.0,172,3060172,V5,0.3,1.0,0,0,0,[]
COMPAS,corrupt_30_shift_1.0,173,3060173,V6,0.3,1.0,1,1,0,"[[""race""]]"
COMPAS,corrupt_30_shift_1.0,173,3060173,V5,0.3,1.0,0,0,0,[]
COMPAS,corrupt_30_shift_1.0,174,3060174,V6,0.3,1.0,0,0,0,[]
COMPAS,corrupt_30_shift_1.0,174,3060174,V5,0.3,1.0,0,0,0,[]
COMPAS,corrupt_30_shift_1.0,175,3060175,V6,0.3,1.0,1,1,0,"[[""race""]]"
COMPAS,corrupt_30_shift_1.0,175,3060175,V5,0.3,1.0,0,0,0,[]
COMPAS,corrupt_30_shift_1.0,176,3060176,V6,0.3,1.0,1,1,1,"[[""race""], [""juv_misd_count""]]"
COMPAS,corrupt_30_shift_1.0,176,3060176,V5,0.3,1.0,0,0,0,[]
COMPAS,corrupt_30_shift_1.0,177,3060177,V6,0.3,1.0,0,0,0,[]
COMPAS,corrupt_30_shift_1.0,177,3060177,V5,0.3,1.0,0,0,0,[]
COMPAS,corrupt_30_shift_1.0,178,3060178,V6,0.3,1.0,1,1,0,"[[""race""]]"
COMPAS,corrupt_30_shift_1.0,178,3060178,V5,0.3,1.0,0,0,0,[]
COMPAS,corrupt_30_shift_1.0,179,3060179,V6,0.3,1.0,1,1,0,"[[""race""]]"
COMPAS,corrupt_30_shift_1.0,179,3060179,V5,0.3,1.0,0,0,0,[]
COMPAS,corrupt_30_shift_1.0,180,3060180,V6,0.3,1.0,1,1,0,"[[""race""]]"
COMPAS,corrupt_30_shift_1.0,180,3060180,V5,0.3,1.0,0,0,0,[]
COMPAS,corrupt_30_shift_1.0,181,3060181,V6,0.3,1.0,0,0,0,[]
COMPAS,corrupt_30_shift_1.0,181,3060181,V5,0.3,1.0,0,0,0,[]
COMPAS,corrupt_30_shift_1.0,182,3060182,V6,0.3,1.0,1,1,0,"[[""race""]]"
COMPAS,corrupt_30_shift_1.0,182,3060182,V5,0.3,1.0,0,0,0,[]
COMPAS,corrupt_30_shift_1.0,183,3060183,V6,0.3,1.0,1,1,0,"[[""race""]]"
COMPAS,corrupt_30_shift_1.0,183,3060183,V5,0.3,1.0,0,0,0,[]
COMPAS,corrupt_30_shift_1.0,184,3060184,V6,0.3,1.0,1,1,0,"[[""race""]]"
COMPAS,corrupt_30_shift_1.0,184,3060184,V5,0.3,1.0,0,0,0,[]
COMPAS,corrupt_30_shift_1.0,185,3060185,V6,0.3,1.0,1,1,0,"[[""race""]]"
COMPAS,corrupt_30_shift_1.0,185,3060185,V5,0.3,1.0,0,0,0,[]
COMPAS,corrupt_30_shift_1.0,186,3060186,V6,0.3,1.0,0,0,0,[]
COMPAS,corrupt_30_shift_1.0,186,3060186,V5,0.3,1.0,0,0,0,[]
COMPAS,corrupt_30_shift_1.0,187,3060187,V6,0.3,1.0,1,1,0,"[[""race""]]"
COMPAS,corrupt_30_shift_1.0,187,3060187,V5,0.3,1.0,0,0,0,[]
COMPAS,corrupt_30_shift_1.0,188,3060188,V6,0.3,1.0,1,1,0,"[[""race""]]"
COMPAS,corrupt_30_shift_1.0,188,3060188,V5,0.3,1.0,0,0,0,[]
COMPAS,corrupt_30_shift_1.0,189,3060189,V6,0.3,1.0,1,1,0,"[[""race""]]"
COMPAS,corrupt_30_shift_1.0,189,3060189,V5,0.3,1.0,0,0,0,[]
COMPAS,corrupt_30_shift_1.0,190,3060190,V6,0.3,1.0,1,1,0,"[[""race""]]"
COMPAS,corrupt_30_shift_1.0,190,3060190,V5,0.3,1.0,0,0,0,[]
COMPAS,corrupt_30_shift_1.0,191,3060191,V6,0.3,1.0,1,1,0,"[[""race""]]"
COMPAS,corrupt_30_shift_1.0,191,3060191,V5,0.3,1.0,0,0,0,[]
COMPAS,corrupt_30_shift_1.0,192,3060192,V6,0.3,1.0,0,0,0,[]
COMPAS,corrupt_30_shift_1.0,192,3060192,V5,0.3,1.0,0,0,0,[]
COMPAS,corrupt_30_shift_1.0,193,3060193,V6,0.3,1.0,0,0,0,[]
COMPAS,corrupt_30_shift_1.0,193,3060193,V5,0.3,1.0,0,0,0,[]
COMPAS,corrupt_30_shift_1.0,194,3060194,V6,0.3,1.0,0,0,0,[]
COMPAS,corrupt_30_shift_1.0,194,3060194,V5,0.3,1.0,0,0,0,[]
COMPAS,corrupt_30_shift_1.0,195,3060195,V6,0.3,1.0,0,0,0,[]
COMPAS,corrupt_30_shift_1.0,195,3060195,V5,0.3,1.0,0,0,0,[]
COMPAS,corrupt_30_shift_1.0,196,3060196,V6,0.3,1.0,1,1,0,"[[""race""]]"
COMPAS,corrupt_30_shift_1.0,196,3060196,V5,0.3,1.0,0,0,0,[]
COMPAS,corrupt_30_shift_1.0,197,3060197,V6,0.3,1.0,0,0,0,[]
COMPAS,corrupt_30_shift_1.0,197,3060197,V5,0.3,1.0,0,0,0,[]
COMPAS,corrupt_30_shift_1.0,198,3060198,V6,0.3,1.0,1,1,0,"[[""race""]]"
COMPAS,corrupt_30_shift_1.0,198,3060198,V5,0.3,1.0,0,0,0,[]
COMPAS,corrupt_30_shift_1.0,199,3060199,V6,0.3,1.0,0,0,0,[]
COMPAS,corrupt_30_shift_1.0,199,3060199,V5,0.3,1.0,0,0,0,[]
German Credit,clean,0,3100000,V6,0.0,0.0,0,0,0,[]
German Credit,clean,0,3100000,V5,0.0,0.0,0,0,0,[]
German Credit,clean,1,3100001,V6,0.0,0.0,0,0,0,[]
German Credit,clean,1,3100001,V5,0.0,0.0,0,0,0,[]
German Credit,clean,2,3100002,V6,0.0,0.0,0,0,0,[]
German Credit,clean,2,3100002,V5,0.0,0.0,0,0,0,[]
German Credit,clean,3,3100003,V6,0.0,0.0,0,0,0,[]
German Credit,clean,3,3100003,V5,0.0,0.0,0,0,0,[]
German Credit,clean,4,3100004,V6,0.0,0.0,0,0,0,[]
German Credit,clean,4,3100004,V5,0.0,0.0,0,0,0,[]
German Credit,clean,5,3100005,V6,0.0,0.0,0,0,0,[]
German Credit,clean,5,3100005,V5,0.0,0.0,0,0,0,[]
German Credit,clean,6,3100006,V6,0.0,0.0,0,0,0,[]
German Credit,clean,6,3100006,V5,0.0,0.0,0,0,0,[]
German Credit,clean,7,3100007,V6,0.0,0.0,0,0,0,[]
German Credit,clean,7,3100007,V5,0.0,0.0,0,0,0,[]
German Credit,clean,8,3100008,V6,0.0,0.0,0,0,0,[]
German Credit,clean,8,3100008,V5,0.0,0.0,0,0,0,[]
German Credit,clean,9,3100009,V6,0.0,0.0,0,0,0,[]
German Credit,clean,9,3100009,V5,0.0,0.0,0,0,0,[]
German Credit,clean,10,3100010,V6,0.0,0.0,0,0,0,[]
German Credit,clean,10,3100010,V5,0.0,0.0,0,0,0,[]
German Credit,clean,11,3100011,V6,0.0,0.0,0,0,0,[]
German Credit,clean,11,3100011,V5,0.0,0.0,0,0,0,[]
German Credit,clean,12,3100012,V6,0.0,0.0,0,0,0,[]
German Credit,clean,12,3100012,V5,0.0,0.0,0,0,0,[]
German Credit,clean,13,3100013,V6,0.0,0.0,0,0,0,[]
German Credit,clean,13,3100013,V5,0.0,0.0,0,0,0,[]
German Credit,clean,14,3100014,V6,0.0,0.0,0,0,0,[]
German Credit,clean,14,3100014,V5,0.0,0.0,0,0,0,[]
German Credit,clean,15,3100015,V6,0.0,0.0,0,0,0,[]
German Credit,clean,15,3100015,V5,0.0,0.0,0,0,0,[]
German Credit,clean,16,3100016,V6,0.0,0.0,0,0,0,[]
German Credit,clean,16,3100016,V5,0.0,0.0,0,0,0,[]
German Credit,clean,17,3100017,V6,0.0,0.0,0,0,0,[]
German Credit,clean,17,3100017,V5,0.0,0.0,0,0,0,[]
German Credit,clean,18,3100018,V6,0.0,0.0,0,0,0,[]
German Credit,clean,18,3100018,V5,0.0,0.0,0,0,0,[]
German Credit,clean,19,3100019,V6,0.0,0.0,0,0,0,[]
German Credit,clean,19,3100019,V5,0.0,0.0,0,0,0,[]
German Credit,clean,20,3100020,V6,0.0,0.0,0,0,0,[]
German Credit,clean,20,3100020,V5,0.0,0.0,0,0,0,[]
German Credit,clean,21,3100021,V6,0.0,0.0,0,0,0,[]
German Credit,clean,21,3100021,V5,0.0,0.0,0,0,0,[]
German Credit,clean,22,3100022,V6,0.0,0.0,0,0,0,[]
German Credit,clean,22,3100022,V5,0.0,0.0,0,0,0,[]
German Credit,clean,23,3100023,V6,0.0,0.0,0,0,0,[]
German Credit,clean,23,3100023,V5,0.0,0.0,0,0,0,[]
German Credit,clean,24,3100024,V6,0.0,0.0,0,0,0,[]
German Credit,clean,24,3100024,V5,0.0,0.0,0,0,0,[]
German Credit,clean,25,3100025,V6,0.0,0.0,0,0,0,[]
German Credit,clean,25,3100025,V5,0.0,0.0,0,0,0,[]
German Credit,clean,26,3100026,V6,0.0,0.0,0,0,0,[]
German Credit,clean,26,3100026,V5,0.0,0.0,0,0,0,[]
German Credit,clean,27,3100027,V6,0.0,0.0,0,0,0,[]
German Credit,clean,27,3100027,V5,0.0,0.0,0,0,0,[]
German Credit,clean,28,3100028,V6,0.0,0.0,0,0,0,[]
German Credit,clean,28,3100028,V5,0.0,0.0,0,0,0,[]
German Credit,clean,29,3100029,V6,0.0,0.0,0,0,0,[]
German Credit,clean,29,3100029,V5,0.0,0.0,0,0,0,[]
German Credit,clean,30,3100030,V6,0.0,0.0,0,0,0,[]
German Credit,clean,30,3100030,V5,0.0,0.0,0,0,0,[]
German Credit,clean,31,3100031,V6,0.0,0.0,0,0,0,[]
German Credit,clean,31,3100031,V5,0.0,0.0,0,0,0,[]
German Credit,clean,32,3100032,V6,0.0,0.0,0,0,0,[]
German Credit,clean,32,3100032,V5,0.0,0.0,0,0,0,[]
German Credit,clean,33,3100033,V6,0.0,0.0,0,0,0,[]
German Credit,clean,33,3100033,V5,0.0,0.0,0,0,0,[]
German Credit,clean,34,3100034,V6,0.0,0.0,0,0,0,[]
German Credit,clean,34,3100034,V5,0.0,0.0,0,0,0,[]
German Credit,clean,35,3100035,V6,0.0,0.0,0,0,0,[]
German Credit,clean,35,3100035,V5,0.0,0.0,0,0,0,[]
German Credit,clean,36,3100036,V6,0.0,0.0,0,0,0,[]
German Credit,clean,36,3100036,V5,0.0,0.0,0,0,0,[]
German Credit,clean,37,3100037,V6,0.0,0.0,0,0,0,[]
German Credit,clean,37,3100037,V5,0.0,0.0,0,0,0,[]
German Credit,clean,38,3100038,V6,0.0,0.0,0,0,0,[]
German Credit,clean,38,3100038,V5,0.0,0.0,0,0,0,[]
German Credit,clean,39,3100039,V6,0.0,0.0,0,0,0,[]
German Credit,clean,39,3100039,V5,0.0,0.0,0,0,0,[]
German Credit,clean,40,3100040,V6,0.0,0.0,0,0,0,[]
German Credit,clean,40,3100040,V5,0.0,0.0,0,0,0,[]
German Credit,clean,41,3100041,V6,0.0,0.0,0,0,0,[]
German Credit,clean,41,3100041,V5,0.0,0.0,0,0,0,[]
German Credit,clean,42,3100042,V6,0.0,0.0,0,0,0,[]
German Credit,clean,42,3100042,V5,0.0,0.0,0,0,0,[]
German Credit,clean,43,3100043,V6,0.0,0.0,0,0,0,[]
German Credit,clean,43,3100043,V5,0.0,0.0,0,0,0,[]
German Credit,clean,44,3100044,V6,0.0,0.0,0,0,0,[]
German Credit,clean,44,3100044,V5,0.0,0.0,0,0,0,[]
German Credit,clean,45,3100045,V6,0.0,0.0,0,0,0,[]
German Credit,clean,45,3100045,V5,0.0,0.0,0,0,0,[]
German Credit,clean,46,3100046,V6,0.0,0.0,0,0,0,[]
German Credit,clean,46,3100046,V5,0.0,0.0,0,0,0,[]
German Credit,clean,47,3100047,V6,0.0,0.0,0,0,0,[]
German Credit,clean,47,3100047,V5,0.0,0.0,0,0,0,[]
German Credit,clean,48,3100048,V6,0.0,0.0,0,0,0,[]
German Credit,clean,48,3100048,V5,0.0,0.0,0,0,0,[]
German Credit,clean,49,3100049,V6,0.0,0.0,0,0,0,[]
German Credit,clean,49,3100049,V5,0.0,0.0,0,0,0,[]
German Credit,clean,50,3100050,V6,0.0,0.0,0,0,0,[]
German Credit,clean,50,3100050,V5,0.0,0.0,0,0,0,[]
German Credit,clean,51,3100051,V6,0.0,0.0,0,0,0,[]
German Credit,clean,51,3100051,V5,0.0,0.0,0,0,0,[]
German Credit,clean,52,3100052,V6,0.0,0.0,0,0,0,[]
German Credit,clean,52,3100052,V5,0.0,0.0,0,0,0,[]
German Credit,clean,53,3100053,V6,0.0,0.0,0,0,0,[]
German Credit,clean,53,3100053,V5,0.0,0.0,0,0,0,[]
German Credit,clean,54,3100054,V6,0.0,0.0,0,0,0,[]
German Credit,clean,54,3100054,V5,0.0,0.0,0,0,0,[]
German Credit,clean,55,3100055,V6,0.0,0.0,0,0,0,[]
German Credit,clean,55,3100055,V5,0.0,0.0,0,0,0,[]
German Credit,clean,56,3100056,V6,0.0,0.0,0,0,0,[]
German Credit,clean,56,3100056,V5,0.0,0.0,0,0,0,[]
German Credit,clean,57,3100057,V6,0.0,0.0,0,0,0,[]
German Credit,clean,57,3100057,V5,0.0,0.0,0,0,0,[]
German Credit,clean,58,3100058,V6,0.0,0.0,0,0,0,[]
German Credit,clean,58,3100058,V5,0.0,0.0,0,0,0,[]
German Credit,clean,59,3100059,V6,0.0,0.0,0,0,0,[]
German Credit,clean,59,3100059,V5,0.0,0.0,0,0,0,[]
German Credit,clean,60,3100060,V6,0.0,0.0,0,0,0,[]
German Credit,clean,60,3100060,V5,0.0,0.0,0,0,0,[]
German Credit,clean,61,3100061,V6,0.0,0.0,0,0,0,[]
German Credit,clean,61,3100061,V5,0.0,0.0,0,0,0,[]
German Credit,clean,62,3100062,V6,0.0,0.0,0,0,0,[]
German Credit,clean,62,3100062,V5,0.0,0.0,0,0,0,[]
German Credit,clean,63,3100063,V6,0.0,0.0,0,0,0,[]
German Credit,clean,63,3100063,V5,0.0,0.0,0,0,0,[]
German Credit,clean,64,3100064,V6,0.0,0.0,0,0,0,[]
German Credit,clean,64,3100064,V5,0.0,0.0,0,0,0,[]
German Credit,clean,65,3100065,V6,0.0,0.0,0,0,0,[]
German Credit,clean,65,3100065,V5,0.0,0.0,0,0,0,[]
German Credit,clean,66,3100066,V6,0.0,0.0,0,0,0,[]
German Credit,clean,66,3100066,V5,0.0,0.0,0,0,0,[]
German Credit,clean,67,3100067,V6,0.0,0.0,0,0,0,[]
German Credit,clean,67,3100067,V5,0.0,0.0,0,0,0,[]
German Credit,clean,68,3100068,V6,0.0,0.0,0,0,0,[]
German Credit,clean,68,3100068,V5,0.0,0.0,0,0,0,[]
German Credit,clean,69,3100069,V6,0.0,0.0,0,0,0,[]
German Credit,clean,69,3100069,V5,0.0,0.0,0,0,0,[]
German Credit,clean,70,3100070,V6,0.0,0.0,0,0,0,[]
German Credit,clean,70,3100070,V5,0.0,0.0,0,0,0,[]
German Credit,clean,71,3100071,V6,0.0,0.0,0,0,0,[]
German Credit,clean,71,3100071,V5,0.0,0.0,0,0,0,[]
German Credit,clean,72,3100072,V6,0.0,0.0,0,0,0,[]
German Credit,clean,72,3100072,V5,0.0,0.0,0,0,0,[]
German Credit,clean,73,3100073,V6,0.0,0.0,0,0,0,[]
German Credit,clean,73,3100073,V5,0.0,0.0,0,0,0,[]
German Credit,clean,74,3100074,V6,0.0,0.0,0,0,0,[]
German Credit,clean,74,3100074,V5,0.0,0.0,0,0,0,[]
German Credit,clean,75,3100075,V6,0.0,0.0,0,0,0,[]
German Credit,clean,75,3100075,V5,0.0,0.0,0,0,0,[]
German Credit,clean,76,3100076,V6,0.0,0.0,0,0,0,[]
German Credit,clean,76,3100076,V5,0.0,0.0,0,0,0,[]
German Credit,clean,77,3100077,V6,0.0,0.0,0,0,0,[]
German Credit,clean,77,3100077,V5,0.0,0.0,0,0,0,[]
German Credit,clean,78,3100078,V6,0.0,0.0,0,0,0,[]
German Credit,clean,78,3100078,V5,0.0,0.0,0,0,0,[]
German Credit,clean,79,3100079,V6,0.0,0.0,0,0,0,[]
German Credit,clean,79,3100079,V5,0.0,0.0,0,0,0,[]
German Credit,clean,80,3100080,V6,0.0,0.0,0,0,0,[]
German Credit,clean,80,3100080,V5,0.0,0.0,0,0,0,[]
German Credit,clean,81,3100081,V6,0.0,0.0,0,0,0,[]
German Credit,clean,81,3100081,V5,0.0,0.0,0,0,0,[]
German Credit,clean,82,3100082,V6,0.0,0.0,0,0,0,[]
German Credit,clean,82,3100082,V5,0.0,0.0,0,0,0,[]
German Credit,clean,83,3100083,V6,0.0,0.0,0,0,0,[]
German Credit,clean,83,3100083,V5,0.0,0.0,0,0,0,[]
German Credit,clean,84,3100084,V6,0.0,0.0,0,0,0,[]
German Credit,clean,84,3100084,V5,0.0,0.0,0,0,0,[]
German Credit,clean,85,3100085,V6,0.0,0.0,0,0,0,[]
German Credit,clean,85,3100085,V5,0.0,0.0,0,0,0,[]
German Credit,clean,86,3100086,V6,0.0,0.0,0,0,0,[]
German Credit,clean,86,3100086,V5,0.0,0.0,0,0,0,[]
German Credit,clean,87,3100087,V6,0.0,0.0,0,0,0,[]
German Credit,clean,87,3100087,V5,0.0,0.0,0,0,0,[]
German Credit,clean,88,3100088,V6,0.0,0.0,0,0,0,[]
German Credit,clean,88,3100088,V5,0.0,0.0,0,0,0,[]
German Credit,clean,89,3100089,V6,0.0,0.0,0,0,0,[]
German Credit,clean,89,3100089,V5,0.0,0.0,0,0,0,[]
German Credit,clean,90,3100090,V6,0.0,0.0,0,0,0,[]
German Credit,clean,90,3100090,V5,0.0,0.0,0,0,0,[]
German Credit,clean,91,3100091,V6,0.0,0.0,0,0,0,[]
German Credit,clean,91,3100091,V5,0.0,0.0,0,0,0,[]
German Credit,clean,92,3100092,V6,0.0,0.0,0,0,0,[]
German Credit,clean,92,3100092,V5,0.0,0.0,0,0,0,[]
German Credit,clean,93,3100093,V6,0.0,0.0,0,0,0,[]
German Credit,clean,93,3100093,V5,0.0,0.0,0,0,0,[]
German Credit,clean,94,3100094,V6,0.0,0.0,0,0,0,[]
German Credit,clean,94,3100094,V5,0.0,0.0,0,0,0,[]
German Credit,clean,95,3100095,V6,0.0,0.0,0,0,0,[]
German Credit,clean,95,3100095,V5,0.0,0.0,0,0,0,[]
German Credit,clean,96,3100096,V6,0.0,0.0,0,0,0,[]
German Credit,clean,96,3100096,V5,0.0,0.0,0,0,0,[]
German Credit,clean,97,3100097,V6,0.0,0.0,0,0,0,[]
German Credit,clean,97,3100097,V5,0.0,0.0,0,0,0,[]
German Credit,clean,98,3100098,V6,0.0,0.0,0,0,0,[]
German Credit,clean,98,3100098,V5,0.0,0.0,0,0,0,[]
German Credit,clean,99,3100099,V6,0.0,0.0,0,0,0,[]
German Credit,clean,99,3100099,V5,0.0,0.0,0,0,0,[]
German Credit,clean,100,3100100,V6,0.0,0.0,0,0,0,[]
German Credit,clean,100,3100100,V5,0.0,0.0,0,0,0,[]
German Credit,clean,101,3100101,V6,0.0,0.0,0,0,0,[]
German Credit,clean,101,3100101,V5,0.0,0.0,0,0,0,[]
German Credit,clean,102,3100102,V6,0.0,0.0,0,0,0,[]
German Credit,clean,102,3100102,V5,0.0,0.0,0,0,0,[]
German Credit,clean,103,3100103,V6,0.0,0.0,0,0,0,[]
German Credit,clean,103,3100103,V5,0.0,0.0,0,0,0,[]
German Credit,clean,104,3100104,V6,0.0,0.0,0,0,0,[]
German Credit,clean,104,3100104,V5,0.0,0.0,0,0,0,[]
German Credit,clean,105,3100105,V6,0.0,0.0,0,0,0,[]
German Credit,clean,105,3100105,V5,0.0,0.0,0,0,0,[]
German Credit,clean,106,3100106,V6,0.0,0.0,0,0,0,[]
German Credit,clean,106,3100106,V5,0.0,0.0,0,0,0,[]
German Credit,clean,107,3100107,V6,0.0,0.0,0,0,0,[]
German Credit,clean,107,3100107,V5,0.0,0.0,0,0,0,[]
German Credit,clean,108,3100108,V6,0.0,0.0,0,0,0,[]
German Credit,clean,108,3100108,V5,0.0,0.0,0,0,0,[]
German Credit,clean,109,3100109,V6,0.0,0.0,0,0,0,[]
German Credit,clean,109,3100109,V5,0.0,0.0,0,0,0,[]
German Credit,clean,110,3100110,V6,0.0,0.0,0,0,0,[]
German Credit,clean,110,3100110,V5,0.0,0.0,0,0,0,[]
German Credit,clean,111,3100111,V6,0.0,0.0,0,0,0,[]
German Credit,clean,111,3100111,V5,0.0,0.0,0,0,0,[]
German Credit,clean,112,3100112,V6,0.0,0.0,0,0,0,[]
German Credit,clean,112,3100112,V5,0.0,0.0,0,0,0,[]
German Credit,clean,113,3100113,V6,0.0,0.0,0,0,0,[]
German Credit,clean,113,3100113,V5,0.0,0.0,0,0,0,[]
German Credit,clean,114,3100114,V6,0.0,0.0,0,0,0,[]
German Credit,clean,114,3100114,V5,0.0,0.0,0,0,0,[]
German Credit,clean,115,3100115,V6,0.0,0.0,0,0,0,[]
German Credit,clean,115,3100115,V5,0.0,0.0,0,0,0,[]
German Credit,clean,116,3100116,V6,0.0,0.0,0,0,0,[]
German Credit,clean,116,3100116,V5,0.0,0.0,0,0,0,[]
German Credit,clean,117,3100117,V6,0.0,0.0,0,0,0,[]
German Credit,clean,117,3100117,V5,0.0,0.0,0,0,0,[]
German Credit,clean,118,3100118,V6,0.0,0.0,0,0,0,[]
German Credit,clean,118,3100118,V5,0.0,0.0,0,0,0,[]
German Credit,clean,119,3100119,V6,0.0,0.0,0,0,0,[]
German Credit,clean,119,3100119,V5,0.0,0.0,0,0,0,[]
German Credit,clean,120,3100120,V6,0.0,0.0,0,0,0,[]
German Credit,clean,120,3100120,V5,0.0,0.0,0,0,0,[]
German Credit,clean,121,3100121,V6,0.0,0.0,0,0,0,[]
German Credit,clean,121,3100121,V5,0.0,0.0,0,0,0,[]
German Credit,clean,122,3100122,V6,0.0,0.0,0,0,0,[]
German Credit,clean,122,3100122,V5,0.0,0.0,0,0,0,[]
German Credit,clean,123,3100123,V6,0.0,0.0,0,0,0,[]
German Credit,clean,123,3100123,V5,0.0,0.0,0,0,0,[]
German Credit,clean,124,3100124,V6,0.0,0.0,0,0,0,[]
German Credit,clean,124,3100124,V5,0.0,0.0,0,0,0,[]
German Credit,clean,125,3100125,V6,0.0,0.0,0,0,0,[]
German Credit,clean,125,3100125,V5,0.0,0.0,0,0,0,[]
German Credit,clean,126,3100126,V6,0.0,0.0,0,0,0,[]
German Credit,clean,126,3100126,V5,0.0,0.0,0,0,0,[]
German Credit,clean,127,3100127,V6,0.0,0.0,0,0,0,[]
German Credit,clean,127,3100127,V5,0.0,0.0,0,0,0,[]
German Credit,clean,128,3100128,V6,0.0,0.0,0,0,0,[]
German Credit,clean,128,3100128,V5,0.0,0.0,0,0,0,[]
German Credit,clean,129,3100129,V6,0.0,0.0,0,0,0,[]
German Credit,clean,129,3100129,V5,0.0,0.0,0,0,0,[]
German Credit,clean,130,3100130,V6,0.0,0.0,0,0,0,[]
German Credit,clean,130,3100130,V5,0.0,0.0,0,0,0,[]
German Credit,clean,131,3100131,V6,0.0,0.0,0,0,0,[]
German Credit,clean,131,3100131,V5,0.0,0.0,0,0,0,[]
German Credit,clean,132,3100132,V6,0.0,0.0,0,0,0,[]
German Credit,clean,132,3100132,V5,0.0,0.0,0,0,0,[]
German Credit,clean,133,3100133,V6,0.0,0.0,0,0,0,[]
German Credit,clean,133,3100133,V5,0.0,0.0,0,0,0,[]
German Credit,clean,134,3100134,V6,0.0,0.0,0,0,0,[]
German Credit,clean,134,3100134,V5,0.0,0.0,0,0,0,[]
German Credit,clean,135,3100135,V6,0.0,0.0,0,0,0,[]
German Credit,clean,135,3100135,V5,0.0,0.0,0,0,0,[]
German Credit,clean,136,3100136,V6,0.0,0.0,0,0,0,[]
German Credit,clean,136,3100136,V5,0.0,0.0,0,0,0,[]
German Credit,clean,137,3100137,V6,0.0,0.0,0,0,0,[]
German Credit,clean,137,3100137,V5,0.0,0.0,0,0,0,[]
German Credit,clean,138,3100138,V6,0.0,0.0,0,0,0,[]
German Credit,clean,138,3100138,V5,0.0,0.0,0,0,0,[]
German Credit,clean,139,3100139,V6,0.0,0.0,0,0,0,[]
German Credit,clean,139,3100139,V5,0.0,0.0,0,0,0,[]
German Credit,clean,140,3100140,V6,0.0,0.0,0,0,0,[]
German Credit,clean,140,3100140,V5,0.0,0.0,0,0,0,[]
German Credit,clean,141,3100141,V6,0.0,0.0,0,0,0,[]
German Credit,clean,141,3100141,V5,0.0,0.0,0,0,0,[]
German Credit,clean,142,3100142,V6,0.0,0.0,0,0,0,[]
German Credit,clean,142,3100142,V5,0.0,0.0,0,0,0,[]
German Credit,clean,143,3100143,V6,0.0,0.0,0,0,0,[]
German Credit,clean,143,3100143,V5,0.0,0.0,0,0,0,[]
German Credit,clean,144,3100144,V6,0.0,0.0,0,0,0,[]
German Credit,clean,144,3100144,V5,0.0,0.0,0,0,0,[]
German Credit,clean,145,3100145,V6,0.0,0.0,0,0,0,[]
German Credit,clean,145,3100145,V5,0.0,0.0,0,0,0,[]
German Credit,clean,146,3100146,V6,0.0,0.0,0,0,0,[]
German Credit,clean,146,3100146,V5,0.0,0.0,0,0,0,[]
German Credit,clean,147,3100147,V6,0.0,0.0,0,0,0,[]
German Credit,clean,147,3100147,V5,0.0,0.0,0,0,0,[]
German Credit,clean,148,3100148,V6,0.0,0.0,0,0,0,[]
German Credit,clean,148,3100148,V5,0.0,0.0,0,0,0,[]
German Credit,clean,149,3100149,V6,0.0,0.0,0,0,0,[]
German Credit,clean,149,3100149,V5,0.0,0.0,0,0,0,[]
German Credit,clean,150,3100150,V6,0.0,0.0,1,0,1,"[[""credit_amount""]]"
German Credit,clean,150,3100150,V5,0.0,0.0,0,0,0,[]
German Credit,clean,151,3100151,V6,0.0,0.0,0,0,0,[]
German Credit,clean,151,3100151,V5,0.0,0.0,0,0,0,[]
German Credit,clean,152,3100152,V6,0.0,0.0,0,0,0,[]
German Credit,clean,152,3100152,V5,0.0,0.0,0,0,0,[]
German Credit,clean,153,3100153,V6,0.0,0.0,0,0,0,[]
German Credit,clean,153,3100153,V5,0.0,0.0,0,0,0,[]
German Credit,clean,154,3100154,V6,0.0,0.0,0,0,0,[]
German Credit,clean,154,3100154,V5,0.0,0.0,0,0,0,[]
German Credit,clean,155,3100155,V6,0.0,0.0,0,0,0,[]
German Credit,clean,155,3100155,V5,0.0,0.0,0,0,0,[]
German Credit,clean,156,3100156,V6,0.0,0.0,0,0,0,[]
German Credit,clean,156,3100156,V5,0.0,0.0,0,0,0,[]
German Credit,clean,157,3100157,V6,0.0,0.0,0,0,0,[]
German Credit,clean,157,3100157,V5,0.0,0.0,0,0,0,[]
German Credit,clean,158,3100158,V6,0.0,0.0,0,0,0,[]
German Credit,clean,158,3100158,V5,0.0,0.0,0,0,0,[]
German Credit,clean,159,3100159,V6,0.0,0.0,0,0,0,[]
German Credit,clean,159,3100159,V5,0.0,0.0,0,0,0,[]
German Credit,clean,160,3100160,V6,0.0,0.0,0,0,0,[]
German Credit,clean,160,3100160,V5,0.0,0.0,0,0,0,[]
German Credit,clean,161,3100161,V6,0.0,0.0,0,0,0,[]
German Credit,clean,161,3100161,V5,0.0,0.0,0,0,0,[]
German Credit,clean,162,3100162,V6,0.0,0.0,0,0,0,[]
German Credit,clean,162,3100162,V5,0.0,0.0,0,0,0,[]
German Credit,clean,163,3100163,V6,0.0,0.0,0,0,0,[]
German Credit,clean,163,3100163,V5,0.0,0.0,0,0,0,[]
German Credit,clean,164,3100164,V6,0.0,0.0,0,0,0,[]
German Credit,clean,164,3100164,V5,0.0,0.0,0,0,0,[]
German Credit,clean,165,3100165,V6,0.0,0.0,0,0,0,[]
German Credit,clean,165,3100165,V5,0.0,0.0,0,0,0,[]
German Credit,clean,166,3100166,V6,0.0,0.0,0,0,0,[]
German Credit,clean,166,3100166,V5,0.0,0.0,0,0,0,[]
German Credit,clean,167,3100167,V6,0.0,0.0,0,0,0,[]
German Credit,clean,167,3100167,V5,0.0,0.0,0,0,0,[]
German Credit,clean,168,3100168,V6,0.0,0.0,0,0,0,[]
German Credit,clean,168,3100168,V5,0.0,0.0,0,0,0,[]
German Credit,clean,169,3100169,V6,0.0,0.0,0,0,0,[]
German Credit,clean,169,3100169,V5,0.0,0.0,0,0,0,[]
German Credit,clean,170,3100170,V6,0.0,0.0,0,0,0,[]
German Credit,clean,170,3100170,V5,0.0,0.0,0,0,0,[]
German Credit,clean,171,3100171,V6,0.0,0.0,0,0,0,[]
German Credit,clean,171,3100171,V5,0.0,0.0,0,0,0,[]
German Credit,clean,172,3100172,V6,0.0,0.0,0,0,0,[]
German Credit,clean,172,3100172,V5,0.0,0.0,0,0,0,[]
German Credit,clean,173,3100173,V6,0.0,0.0,0,0,0,[]
German Credit,clean,173,3100173,V5,0.0,0.0,0,0,0,[]
German Credit,clean,174,3100174,V6,0.0,0.0,0,0,0,[]
German Credit,clean,174,3100174,V5,0.0,0.0,0,0,0,[]
German Credit,clean,175,3100175,V6,0.0,0.0,0,0,0,[]
German Credit,clean,175,3100175,V5,0.0,0.0,0,0,0,[]
German Credit,clean,176,3100176,V6,0.0,0.0,0,0,0,[]
German Credit,clean,176,3100176,V5,0.0,0.0,0,0,0,[]
German Credit,clean,177,3100177,V6,0.0,0.0,0,0,0,[]
German Credit,clean,177,3100177,V5,0.0,0.0,0,0,0,[]
German Credit,clean,178,3100178,V6,0.0,0.0,0,0,0,[]
German Credit,clean,178,3100178,V5,0.0,0.0,0,0,0,[]
German Credit,clean,179,3100179,V6,0.0,0.0,0,0,0,[]
German Credit,clean,179,3100179,V5,0.0,0.0,0,0,0,[]
German Credit,clean,180,3100180,V6,0.0,0.0,0,0,0,[]
German Credit,clean,180,3100180,V5,0.0,0.0,0,0,0,[]
German Credit,clean,181,3100181,V6,0.0,0.0,0,0,0,[]
German Credit,clean,181,3100181,V5,0.0,0.0,0,0,0,[]
German Credit,clean,182,3100182,V6,0.0,0.0,0,0,0,[]
German Credit,clean,182,3100182,V5,0.0,0.0,0,0,0,[]
German Credit,clean,183,3100183,V6,0.0,0.0,0,0,0,[]
German Credit,clean,183,3100183,V5,0.0,0.0,0,0,0,[]
German Credit,clean,184,3100184,V6,0.0,0.0,0,0,0,[]
German Credit,clean,184,3100184,V5,0.0,0.0,0,0,0,[]
German Credit,clean,185,3100185,V6,0.0,0.0,0,0,0,[]
German Credit,clean,185,3100185,V5,0.0,0.0,0,0,0,[]
German Credit,clean,186,3100186,V6,0.0,0.0,0,0,0,[]
German Credit,clean,186,3100186,V5,0.0,0.0,0,0,0,[]
German Credit,clean,187,3100187,V6,0.0,0.0,0,0,0,[]
German Credit,clean,187,3100187,V5,0.0,0.0,0,0,0,[]
German Credit,clean,188,3100188,V6,0.0,0.0,0,0,0,[]
German Credit,clean,188,3100188,V5,0.0,0.0,0,0,0,[]
German Credit,clean,189,3100189,V6,0.0,0.0,0,0,0,[]
German Credit,clean,189,3100189,V5,0.0,0.0,0,0,0,[]
German Credit,clean,190,3100190,V6,0.0,0.0,0,0,0,[]
German Credit,clean,190,3100190,V5,0.0,0.0,0,0,0,[]
German Credit,clean,191,3100191,V6,0.0,0.0,0,0,0,[]
German Credit,clean,191,3100191,V5,0.0,0.0,0,0,0,[]
German Credit,clean,192,3100192,V6,0.0,0.0,0,0,0,[]
German Credit,clean,192,3100192,V5,0.0,0.0,0,0,0,[]
German Credit,clean,193,3100193,V6,0.0,0.0,0,0,0,[]
German Credit,clean,193,3100193,V5,0.0,0.0,0,0,0,[]
German Credit,clean,194,3100194,V6,0.0,0.0,0,0,0,[]
German Credit,clean,194,3100194,V5,0.0,0.0,0,0,0,[]
German Credit,clean,195,3100195,V6,0.0,0.0,0,0,0,[]
German Credit,clean,195,3100195,V5,0.0,0.0,0,0,0,[]
German Credit,clean,196,3100196,V6,0.0,0.0,0,0,0,[]
German Credit,clean,196,3100196,V5,0.0,0.0,0,0,0,[]
German Credit,clean,197,3100197,V6,0.0,0.0,0,0,0,[]
German Credit,clean,197,3100197,V5,0.0,0.0,0,0,0,[]
German Credit,clean,198,3100198,V6,0.0,0.0,0,0,0,[]
German Credit,clean,198,3100198,V5,0.0,0.0,0,0,0,[]
German Credit,clean,199,3100199,V6,0.0,0.0,0,0,0,[]
German Credit,clean,199,3100199,V5,0.0,0.0,0,0,0,[]
German Credit,shift_age_1.0,0,3110000,V6,0.0,1.0,0,0,0,[]
German Credit,shift_age_1.0,0,3110000,V5,0.0,1.0,0,0,0,[]
German Credit,shift_age_1.0,1,3110001,V6,0.0,1.0,0,0,0,[]
German Credit,shift_age_1.0,1,3110001,V5,0.0,1.0,0,0,0,[]
German Credit,shift_age_1.0,2,3110002,V6,0.0,1.0,0,0,0,[]
German Credit,shift_age_1.0,2,3110002,V5,0.0,1.0,0,0,0,[]
German Credit,shift_age_1.0,3,3110003,V6,0.0,1.0,0,0,0,[]
German Credit,shift_age_1.0,3,3110003,V5,0.0,1.0,0,0,0,[]
German Credit,shift_age_1.0,4,3110004,V6,0.0,1.0,0,0,0,[]
German Credit,shift_age_1.0,4,3110004,V5,0.0,1.0,0,0,0,[]
German Credit,shift_age_1.0,5,3110005,V6,0.0,1.0,0,0,0,[]
German Credit,shift_age_1.0,5,3110005,V5,0.0,1.0,0,0,0,[]
German Credit,shift_age_1.0,6,3110006,V6,0.0,1.0,0,0,0,[]
German Credit,shift_age_1.0,6,3110006,V5,0.0,1.0,0,0,0,[]
German Credit,shift_age_1.0,7,3110007,V6,0.0,1.0,0,0,0,[]
German Credit,shift_age_1.0,7,3110007,V5,0.0,1.0,0,0,0,[]
German Credit,shift_age_1.0,8,3110008,V6,0.0,1.0,0,0,0,[]
German Credit,shift_age_1.0,8,3110008,V5,0.0,1.0,0,0,0,[]
German Credit,shift_age_1.0,9,3110009,V6,0.0,1.0,0,0,0,[]
German Credit,shift_age_1.0,9,3110009,V5,0.0,1.0,0,0,0,[]
German Credit,shift_age_1.0,10,3110010,V6,0.0,1.0,0,0,0,[]
German Credit,shift_age_1.0,10,3110010,V5,0.0,1.0,0,0,0,[]
German Credit,shift_age_1.0,11,3110011,V6,0.0,1.0,0,0,0,[]
German Credit,shift_age_1.0,11,3110011,V5,0.0,1.0,0,0,0,[]
German Credit,shift_age_1.0,12,3110012,V6,0.0,1.0,0,0,0,[]
German Credit,shift_age_1.0,12,3110012,V5,0.0,1.0,0,0,0,[]
German Credit,shift_age_1.0,13,3110013,V6,0.0,1.0,0,0,0,[]
German Credit,shift_age_1.0,13,3110013,V5,0.0,1.0,0,0,0,[]
German Credit,shift_age_1.0,14,3110014,V6,0.0,1.0,0,0,0,[]
German Credit,shift_age_1.0,14,3110014,V5,0.0,1.0,0,0,0,[]
German Credit,shift_age_1.0,15,3110015,V6,0.0,1.0,0,0,0,[]
German Credit,shift_age_1.0,15,3110015,V5,0.0,1.0,0,0,0,[]
German Credit,shift_age_1.0,16,3110016,V6,0.0,1.0,0,0,0,[]
German Credit,shift_age_1.0,16,3110016,V5,0.0,1.0,0,0,0,[]
German Credit,shift_age_1.0,17,3110017,V6,0.0,1.0,0,0,0,[]
German Credit,shift_age_1.0,17,3110017,V5,0.0,1.0,0,0,0,[]
German Credit,shift_age_1.0,18,3110018,V6,0.0,1.0,0,0,0,[]
German Credit,shift_age_1.0,18,3110018,V5,0.0,1.0,0,0,0,[]
German Credit,shift_age_1.0,19,3110019,V6,0.0,1.0,0,0,0,[]
German Credit,shift_age_1.0,19,3110019,V5,0.0,1.0,0,0,0,[]
German Credit,shift_age_1.0,20,3110020,V6,0.0,1.0,0,0,0,[]
German Credit,shift_age_1.0,20,3110020,V5,0.0,1.0,0,0,0,[]
German Credit,shift_age_1.0,21,3110021,V6,0.0,1.0,0,0,0,[]
German Credit,shift_age_1.0,21,3110021,V5,0.0,1.0,0,0,0,[]
German Credit,shift_age_1.0,22,3110022,V6,0.0,1.0,0,0,0,[]
German Credit,shift_age_1.0,22,3110022,V5,0.0,1.0,0,0,0,[]
German Credit,shift_age_1.0,23,3110023,V6,0.0,1.0,0,0,0,[]
German Credit,shift_age_1.0,23,3110023,V5,0.0,1.0,0,0,0,[]
German Credit,shift_age_1.0,24,3110024,V6,0.0,1.0,0,0,0,[]
German Credit,shift_age_1.0,24,3110024,V5,0.0,1.0,0,0,0,[]
German Credit,shift_age_1.0,25,3110025,V6,0.0,1.0,0,0,0,[]
German Credit,shift_age_1.0,25,3110025,V5,0.0,1.0,0,0,0,[]
German Credit,shift_age_1.0,26,3110026,V6,0.0,1.0,0,0,0,[]
German Credit,shift_age_1.0,26,3110026,V5,0.0,1.0,0,0,0,[]
German Credit,shift_age_1.0,27,3110027,V6,0.0,1.0,0,0,0,[]
German Credit,shift_age_1.0,27,3110027,V5,0.0,1.0,0,0,0,[]
German Credit,shift_age_1.0,28,3110028,V6,0.0,1.0,0,0,0,[]
German Credit,shift_age_1.0,28,3110028,V5,0.0,1.0,0,0,0,[]
German Credit,shift_age_1.0,29,3110029,V6,0.0,1.0,0,0,0,[]
German Credit,shift_age_1.0,29,3110029,V5,0.0,1.0,0,0,0,[]
German Credit,shift_age_1.0,30,3110030,V6,0.0,1.0,0,0,0,[]
German Credit,shift_age_1.0,30,3110030,V5,0.0,1.0,0,0,0,[]
German Credit,shift_age_1.0,31,3110031,V6,0.0,1.0,0,0,0,[]
German Credit,shift_age_1.0,31,3110031,V5,0.0,1.0,0,0,0,[]
German Credit,shift_age_1.0,32,3110032,V6,0.0,1.0,0,0,0,[]
German Credit,shift_age_1.0,32,3110032,V5,0.0,1.0,0,0,0,[]
German Credit,shift_age_1.0,33,3110033,V6,0.0,1.0,0,0,0,[]
German Credit,shift_age_1.0,33,3110033,V5,0.0,1.0,0,0,0,[]
German Credit,shift_age_1.0,34,3110034,V6,0.0,1.0,0,0,0,[]
German Credit,shift_age_1.0,34,3110034,V5,0.0,1.0,0,0,0,[]
German Credit,shift_age_1.0,35,3110035,V6,0.0,1.0,0,0,0,[]
German Credit,shift_age_1.0,35,3110035,V5,0.0,1.0,0,0,0,[]
German Credit,shift_age_1.0,36,3110036,V6,0.0,1.0,0,0,0,[]
German Credit,shift_age_1.0,36,3110036,V5,0.0,1.0,0,0,0,[]
German Credit,shift_age_1.0,37,3110037,V6,0.0,1.0,0,0,0,[]
German Credit,shift_age_1.0,37,3110037,V5,0.0,1.0,0,0,0,[]
German Credit,shift_age_1.0,38,3110038,V6,0.0,1.0,0,0,0,[]
German Credit,shift_age_1.0,38,3110038,V5,0.0,1.0,0,0,0,[]
German Credit,shift_age_1.0,39,3110039,V6,0.0,1.0,0,0,0,[]
German Credit,shift_age_1.0,39,3110039,V5,0.0,1.0,0,0,0,[]
German Credit,shift_age_1.0,40,3110040,V6,0.0,1.0,0,0,0,[]
German Credit,shift_age_1.0,40,3110040,V5,0.0,1.0,0,0,0,[]
German Credit,shift_age_1.0,41,3110041,V6,0.0,1.0,0,0,0,[]
German Credit,shift_age_1.0,41,3110041,V5,0.0,1.0,0,0,0,[]
German Credit,shift_age_1.0,42,3110042,V6,0.0,1.0,0,0,0,[]
German Credit,shift_age_1.0,42,3110042,V5,0.0,1.0,0,0,0,[]
German Credit,shift_age_1.0,43,3110043,V6,0.0,1.0,0,0,0,[]
German Credit,shift_age_1.0,43,3110043,V5,0.0,1.0,0,0,0,[]
German Credit,shift_age_1.0,44,3110044,V6,0.0,1.0,0,0,0,[]
German Credit,shift_age_1.0,44,3110044,V5,0.0,1.0,0,0,0,[]
German Credit,shift_age_1.0,45,3110045,V6,0.0,1.0,0,0,0,[]
German Credit,shift_age_1.0,45,3110045,V5,0.0,1.0,0,0,0,[]
German Credit,shift_age_1.0,46,3110046,V6,0.0,1.0,0,0,0,[]
German Credit,shift_age_1.0,46,3110046,V5,0.0,1.0,0,0,0,[]
German Credit,shift_age_1.0,47,3110047,V6,0.0,1.0,0,0,0,[]
German Credit,shift_age_1.0,47,3110047,V5,0.0,1.0,0,0,0,[]
German Credit,shift_age_1.0,48,3110048,V6,0.0,1.0,0,0,0,[]
German Credit,shift_age_1.0,48,3110048,V5,0.0,1.0,0,0,0,[]
German Credit,shift_age_1.0,49,3110049,V6,0.0,1.0,0,0,0,[]
German Credit,shift_age_1.0,49,3110049,V5,0.0,1.0,0,0,0,[]
German Credit,shift_age_1.0,50,3110050,V6,0.0,1.0,0,0,0,[]
German Credit,shift_age_1.0,50,3110050,V5,0.0,1.0,0,0,0,[]
German Credit,shift_age_1.0,51,3110051,V6,0.0,1.0,0,0,0,[]
German Credit,shift_age_1.0,51,3110051,V5,0.0,1.0,0,0,0,[]
German Credit,shift_age_1.0,52,3110052,V6,0.0,1.0,0,0,0,[]
German Credit,shift_age_1.0,52,3110052,V5,0.0,1.0,0,0,0,[]
German Credit,shift_age_1.0,53,3110053,V6,0.0,1.0,0,0,0,[]
German Credit,shift_age_1.0,53,3110053,V5,0.0,1.0,0,0,0,[]
German Credit,shift_age_1.0,54,3110054,V6,0.0,1.0,0,0,0,[]
German Credit,shift_age_1.0,54,3110054,V5,0.0,1.0,0,0,0,[]
German Credit,shift_age_1.0,55,3110055,V6,0.0,1.0,0,0,0,[]
German Credit,shift_age_1.0,55,3110055,V5,0.0,1.0,0,0,0,[]
German Credit,shift_age_1.0,56,3110056,V6,0.0,1.0,0,0,0,[]
German Credit,shift_age_1.0,56,3110056,V5,0.0,1.0,0,0,0,[]
German Credit,shift_age_1.0,57,3110057,V6,0.0,1.0,0,0,0,[]
German Credit,shift_age_1.0,57,3110057,V5,0.0,1.0,0,0,0,[]
German Credit,shift_age_1.0,58,3110058,V6,0.0,1.0,0,0,0,[]
German Credit,shift_age_1.0,58,3110058,V5,0.0,1.0,0,0,0,[]
German Credit,shift_age_1.0,59,3110059,V6,0.0,1.0,0,0,0,[]
German Credit,shift_age_1.0,59,3110059,V5,0.0,1.0,0,0,0,[]
German Credit,shift_age_1.0,60,3110060,V6,0.0,1.0,0,0,0,[]
German Credit,shift_age_1.0,60,3110060,V5,0.0,1.0,0,0,0,[]
German Credit,shift_age_1.0,61,3110061,V6,0.0,1.0,0,0,0,[]
German Credit,shift_age_1.0,61,3110061,V5,0.0,1.0,0,0,0,[]
German Credit,shift_age_1.0,62,3110062,V6,0.0,1.0,0,0,0,[]
German Credit,shift_age_1.0,62,3110062,V5,0.0,1.0,0,0,0,[]
German Credit,shift_age_1.0,63,3110063,V6,0.0,1.0,0,0,0,[]
German Credit,shift_age_1.0,63,3110063,V5,0.0,1.0,0,0,0,[]
German Credit,shift_age_1.0,64,3110064,V6,0.0,1.0,0,0,0,[]
German Credit,shift_age_1.0,64,3110064,V5,0.0,1.0,0,0,0,[]
German Credit,shift_age_1.0,65,3110065,V6,0.0,1.0,0,0,0,[]
German Credit,shift_age_1.0,65,3110065,V5,0.0,1.0,0,0,0,[]
German Credit,shift_age_1.0,66,3110066,V6,0.0,1.0,0,0,0,[]
German Credit,shift_age_1.0,66,3110066,V5,0.0,1.0,0,0,0,[]
German Credit,shift_age_1.0,67,3110067,V6,0.0,1.0,0,0,0,[]
German Credit,shift_age_1.0,67,3110067,V5,0.0,1.0,0,0,0,[]
German Credit,shift_age_1.0,68,3110068,V6,0.0,1.0,0,0,0,[]
German Credit,shift_age_1.0,68,3110068,V5,0.0,1.0,0,0,0,[]
German Credit,shift_age_1.0,69,3110069,V6,0.0,1.0,0,0,0,[]
German Credit,shift_age_1.0,69,3110069,V5,0.0,1.0,0,0,0,[]
German Credit,shift_age_1.0,70,3110070,V6,0.0,1.0,1,0,1,"[[""job""]]"
German Credit,shift_age_1.0,70,3110070,V5,0.0,1.0,0,0,0,[]
German Credit,shift_age_1.0,71,3110071,V6,0.0,1.0,0,0,0,[]
German Credit,shift_age_1.0,71,3110071,V5,0.0,1.0,0,0,0,[]
German Credit,shift_age_1.0,72,3110072,V6,0.0,1.0,0,0,0,[]
German Credit,shift_age_1.0,72,3110072,V5,0.0,1.0,0,0,0,[]
German Credit,shift_age_1.0,73,3110073,V6,0.0,1.0,0,0,0,[]
German Credit,shift_age_1.0,73,3110073,V5,0.0,1.0,0,0,0,[]
German Credit,shift_age_1.0,74,3110074,V6,0.0,1.0,0,0,0,[]
German Credit,shift_age_1.0,74,3110074,V5,0.0,1.0,0,0,0,[]
German Credit,shift_age_1.0,75,3110075,V6,0.0,1.0,1,0,1,"[[""employment""]]"
German Credit,shift_age_1.0,75,3110075,V5,0.0,1.0,0,0,0,[]
German Credit,shift_age_1.0,76,3110076,V6,0.0,1.0,0,0,0,[]
German Credit,shift_age_1.0,76,3110076,V5,0.0,1.0,0,0,0,[]
German Credit,shift_age_1.0,77,3110077,V6,0.0,1.0,0,0,0,[]
German Credit,shift_age_1.0,77,3110077,V5,0.0,1.0,0,0,0,[]
German Credit,shift_age_1.0,78,3110078,V6,0.0,1.0,0,0,0,[]
German Credit,shift_age_1.0,78,3110078,V5,0.0,1.0,0,0,0,[]
German Credit,shift_age_1.0,79,3110079,V6,0.0,1.0,0,0,0,[]
German Credit,shift_age_1.0,79,3110079,V5,0.0,1.0,0,0,0,[]
German Credit,shift_age_1.0,80,3110080,V6,0.0,1.0,0,0,0,[]
German Credit,shift_age_1.0,80,3110080,V5,0.0,1.0,0,0,0,[]
German Credit,shift_age_1.0,81,3110081,V6,0.0,1.0,0,0,0,[]
German Credit,shift_age_1.0,81,3110081,V5,0.0,1.0,0,0,0,[]
German Credit,shift_age_1.0,82,3110082,V6,0.0,1.0,0,0,0,[]
German Credit,shift_age_1.0,82,3110082,V5,0.0,1.0,0,0,0,[]
German Credit,shift_age_1.0,83,3110083,V6,0.0,1.0,0,0,0,[]
German Credit,shift_age_1.0,83,3110083,V5,0.0,1.0,0,0,0,[]
German Credit,shift_age_1.0,84,3110084,V6,0.0,1.0,0,0,0,[]
German Credit,shift_age_1.0,84,3110084,V5,0.0,1.0,0,0,0,[]
German Credit,shift_age_1.0,85,3110085,V6,0.0,1.0,0,0,0,[]
German Credit,shift_age_1.0,85,3110085,V5,0.0,1.0,0,0,0,[]
German Credit,shift_age_1.0,86,3110086,V6,0.0,1.0,0,0,0,[]
German Credit,shift_age_1.0,86,3110086,V5,0.0,1.0,0,0,0,[]
German Credit,shift_age_1.0,87,3110087,V6,0.0,1.0,0,0,0,[]
German Credit,shift_age_1.0,87,3110087,V5,0.0,1.0,0,0,0,[]
German Credit,shift_age_1.0,88,3110088,V6,0.0,1.0,0,0,0,[]
German Credit,shift_age_1.0,88,3110088,V5,0.0,1.0,0,0,0,[]
German Credit,shift_age_1.0,89,3110089,V6,0.0,1.0,0,0,0,[]
German Credit,shift_age_1.0,89,3110089,V5,0.0,1.0,0,0,0,[]
German Credit,shift_age_1.0,90,3110090,V6,0.0,1.0,0,0,0,[]
German Credit,shift_age_1.0,90,3110090,V5,0.0,1.0,0,0,0,[]
German Credit,shift_age_1.0,91,3110091,V6,0.0,1.0,0,0,0,[]
German Credit,shift_age_1.0,91,3110091,V5,0.0,1.0,0,0,0,[]
German Credit,shift_age_1.0,92,3110092,V6,0.0,1.0,0,0,0,[]
German Credit,shift_age_1.0,92,3110092,V5,0.0,1.0,0,0,0,[]
German Credit,shift_age_1.0,93,3110093,V6,0.0,1.0,0,0,0,[]
German Credit,shift_age_1.0,93,3110093,V5,0.0,1.0,0,0,0,[]
German Credit,shift_age_1.0,94,3110094,V6,0.0,1.0,0,0,0,[]
German Credit,shift_age_1.0,94,3110094,V5,0.0,1.0,0,0,0,[]
German Credit,shift_age_1.0,95,3110095,V6,0.0,1.0,0,0,0,[]
German Credit,shift_age_1.0,95,3110095,V5,0.0,1.0,0,0,0,[]
German Credit,shift_age_1.0,96,3110096,V6,0.0,1.0,0,0,0,[]
German Credit,shift_age_1.0,96,3110096,V5,0.0,1.0,0,0,0,[]
German Credit,shift_age_1.0,97,3110097,V6,0.0,1.0,0,0,0,[]
German Credit,shift_age_1.0,97,3110097,V5,0.0,1.0,0,0,0,[]
German Credit,shift_age_1.0,98,3110098,V6,0.0,1.0,0,0,0,[]
German Credit,shift_age_1.0,98,3110098,V5,0.0,1.0,0,0,0,[]
German Credit,shift_age_1.0,99,3110099,V6,0.0,1.0,0,0,0,[]
German Credit,shift_age_1.0,99,3110099,V5,0.0,1.0,0,0,0,[]
German Credit,shift_age_1.0,100,3110100,V6,0.0,1.0,0,0,0,[]
German Credit,shift_age_1.0,100,3110100,V5,0.0,1.0,0,0,0,[]
German Credit,shift_age_1.0,101,3110101,V6,0.0,1.0,0,0,0,[]
German Credit,shift_age_1.0,101,3110101,V5,0.0,1.0,0,0,0,[]
German Credit,shift_age_1.0,102,3110102,V6,0.0,1.0,0,0,0,[]
German Credit,shift_age_1.0,102,3110102,V5,0.0,1.0,0,0,0,[]
German Credit,shift_age_1.0,103,3110103,V6,0.0,1.0,0,0,0,[]
German Credit,shift_age_1.0,103,3110103,V5,0.0,1.0,0,0,0,[]
German Credit,shift_age_1.0,104,3110104,V6,0.0,1.0,0,0,0,[]
German Credit,shift_age_1.0,104,3110104,V5,0.0,1.0,0,0,0,[]
German Credit,shift_age_1.0,105,3110105,V6,0.0,1.0,0,0,0,[]
German Credit,shift_age_1.0,105,3110105,V5,0.0,1.0,0,0,0,[]
German Credit,shift_age_1.0,106,3110106,V6,0.0,1.0,0,0,0,[]
German Credit,shift_age_1.0,106,3110106,V5,0.0,1.0,0,0,0,[]
German Credit,shift_age_1.0,107,3110107,V6,0.0,1.0,0,0,0,[]
German Credit,shift_age_1.0,107,3110107,V5,0.0,1.0,0,0,0,[]
German Credit,shift_age_1.0,108,3110108,V6,0.0,1.0,0,0,0,[]
German Credit,shift_age_1.0,108,3110108,V5,0.0,1.0,0,0,0,[]
German Credit,shift_age_1.0,109,3110109,V6,0.0,1.0,0,0,0,[]
German Credit,shift_age_1.0,109,3110109,V5,0.0,1.0,0,0,0,[]
German Credit,shift_age_1.0,110,3110110,V6,0.0,1.0,0,0,0,[]
German Credit,shift_age_1.0,110,3110110,V5,0.0,1.0,0,0,0,[]
German Credit,shift_age_1.0,111,3110111,V6,0.0,1.0,0,0,0,[]
German Credit,shift_age_1.0,111,3110111,V5,0.0,1.0,0,0,0,[]
German Credit,shift_age_1.0,112,3110112,V6,0.0,1.0,0,0,0,[]
German Credit,shift_age_1.0,112,3110112,V5,0.0,1.0,0,0,0,[]
German Credit,shift_age_1.0,113,3110113,V6,0.0,1.0,0,0,0,[]
German Credit,shift_age_1.0,113,3110113,V5,0.0,1.0,0,0,0,[]
German Credit,shift_age_1.0,114,3110114,V6,0.0,1.0,0,0,0,[]
German Credit,shift_age_1.0,114,3110114,V5,0.0,1.0,0,0,0,[]
German Credit,shift_age_1.0,115,3110115,V6,0.0,1.0,0,0,0,[]
German Credit,shift_age_1.0,115,3110115,V5,0.0,1.0,0,0,0,[]
German Credit,shift_age_1.0,116,3110116,V6,0.0,1.0,0,0,0,[]
German Credit,shift_age_1.0,116,3110116,V5,0.0,1.0,0,0,0,[]
German Credit,shift_age_1.0,117,3110117,V6,0.0,1.0,0,0,0,[]
German Credit,shift_age_1.0,117,3110117,V5,0.0,1.0,0,0,0,[]
German Credit,shift_age_1.0,118,3110118,V6,0.0,1.0,0,0,0,[]
German Credit,shift_age_1.0,118,3110118,V5,0.0,1.0,0,0,0,[]
German Credit,shift_age_1.0,119,3110119,V6,0.0,1.0,0,0,0,[]
German Credit,shift_age_1.0,119,3110119,V5,0.0,1.0,0,0,0,[]
German Credit,shift_age_1.0,120,3110120,V6,0.0,1.0,0,0,0,[]
German Credit,shift_age_1.0,120,3110120,V5,0.0,1.0,0,0,0,[]
German Credit,shift_age_1.0,121,3110121,V6,0.0,1.0,0,0,0,[]
German Credit,shift_age_1.0,121,3110121,V5,0.0,1.0,0,0,0,[]
German Credit,shift_age_1.0,122,3110122,V6,0.0,1.0,0,0,0,[]
German Credit,shift_age_1.0,122,3110122,V5,0.0,1.0,0,0,0,[]
German Credit,shift_age_1.0,123,3110123,V6,0.0,1.0,0,0,0,[]
German Credit,shift_age_1.0,123,3110123,V5,0.0,1.0,0,0,0,[]
German Credit,shift_age_1.0,124,3110124,V6,0.0,1.0,0,0,0,[]
German Credit,shift_age_1.0,124,3110124,V5,0.0,1.0,0,0,0,[]
German Credit,shift_age_1.0,125,3110125,V6,0.0,1.0,0,0,0,[]
German Credit,shift_age_1.0,125,3110125,V5,0.0,1.0,0,0,0,[]
German Credit,shift_age_1.0,126,3110126,V6,0.0,1.0,0,0,0,[]
German Credit,shift_age_1.0,126,3110126,V5,0.0,1.0,0,0,0,[]
German Credit,shift_age_1.0,127,3110127,V6,0.0,1.0,0,0,0,[]
German Credit,shift_age_1.0,127,3110127,V5,0.0,1.0,0,0,0,[]
German Credit,shift_age_1.0,128,3110128,V6,0.0,1.0,0,0,0,[]
German Credit,shift_age_1.0,128,3110128,V5,0.0,1.0,0,0,0,[]
German Credit,shift_age_1.0,129,3110129,V6,0.0,1.0,0,0,0,[]
German Credit,shift_age_1.0,129,3110129,V5,0.0,1.0,0,0,0,[]
German Credit,shift_age_1.0,130,3110130,V6,0.0,1.0,0,0,0,[]
German Credit,shift_age_1.0,130,3110130,V5,0.0,1.0,0,0,0,[]
German Credit,shift_age_1.0,131,3110131,V6,0.0,1.0,0,0,0,[]
German Credit,shift_age_1.0,131,3110131,V5,0.0,1.0,0,0,0,[]
German Credit,shift_age_1.0,132,3110132,V6,0.0,1.0,0,0,0,[]
German Credit,shift_age_1.0,132,3110132,V5,0.0,1.0,0,0,0,[]
German Credit,shift_age_1.0,133,3110133,V6,0.0,1.0,0,0,0,[]
German Credit,shift_age_1.0,133,3110133,V5,0.0,1.0,0,0,0,[]
German Credit,shift_age_1.0,134,3110134,V6,0.0,1.0,0,0,0,[]
German Credit,shift_age_1.0,134,3110134,V5,0.0,1.0,0,0,0,[]
German Credit,shift_age_1.0,135,3110135,V6,0.0,1.0,0,0,0,[]
German Credit,shift_age_1.0,135,3110135,V5,0.0,1.0,0,0,0,[]
German Credit,shift_age_1.0,136,3110136,V6,0.0,1.0,0,0,0,[]
German Credit,shift_age_1.0,136,3110136,V5,0.0,1.0,0,0,0,[]
German Credit,shift_age_1.0,137,3110137,V6,0.0,1.0,0,0,0,[]
German Credit,shift_age_1.0,137,3110137,V5,0.0,1.0,0,0,0,[]
German Credit,shift_age_1.0,138,3110138,V6,0.0,1.0,0,0,0,[]
German Credit,shift_age_1.0,138,3110138,V5,0.0,1.0,0,0,0,[]
German Credit,shift_age_1.0,139,3110139,V6,0.0,1.0,0,0,0,[]
German Credit,shift_age_1.0,139,3110139,V5,0.0,1.0,0,0,0,[]
German Credit,shift_age_1.0,140,3110140,V6,0.0,1.0,0,0,0,[]
German Credit,shift_age_1.0,140,3110140,V5,0.0,1.0,0,0,0,[]
German Credit,shift_age_1.0,141,3110141,V6,0.0,1.0,0,0,0,[]
German Credit,shift_age_1.0,141,3110141,V5,0.0,1.0,0,0,0,[]
German Credit,shift_age_1.0,142,3110142,V6,0.0,1.0,0,0,0,[]
German Credit,shift_age_1.0,142,3110142,V5,0.0,1.0,0,0,0,[]
German Credit,shift_age_1.0,143,3110143,V6,0.0,1.0,0,0,0,[]
German Credit,shift_age_1.0,143,3110143,V5,0.0,1.0,0,0,0,[]
German Credit,shift_age_1.0,144,3110144,V6,0.0,1.0,0,0,0,[]
German Credit,shift_age_1.0,144,3110144,V5,0.0,1.0,0,0,0,[]
German Credit,shift_age_1.0,145,3110145,V6,0.0,1.0,0,0,0,[]
German Credit,shift_age_1.0,145,3110145,V5,0.0,1.0,0,0,0,[]
German Credit,shift_age_1.0,146,3110146,V6,0.0,1.0,0,0,0,[]
German Credit,shift_age_1.0,146,3110146,V5,0.0,1.0,0,0,0,[]
German Credit,shift_age_1.0,147,3110147,V6,0.0,1.0,0,0,0,[]
German Credit,shift_age_1.0,147,3110147,V5,0.0,1.0,0,0,0,[]
German Credit,shift_age_1.0,148,3110148,V6,0.0,1.0,0,0,0,[]
German Credit,shift_age_1.0,148,3110148,V5,0.0,1.0,0,0,0,[]
German Credit,shift_age_1.0,149,3110149,V6,0.0,1.0,0,0,0,[]
German Credit,shift_age_1.0,149,3110149,V5,0.0,1.0,0,0,0,[]
German Credit,shift_age_1.0,150,3110150,V6,0.0,1.0,0,0,0,[]
German Credit,shift_age_1.0,150,3110150,V5,0.0,1.0,0,0,0,[]
German Credit,shift_age_1.0,151,3110151,V6,0.0,1.0,0,0,0,[]
German Credit,shift_age_1.0,151,3110151,V5,0.0,1.0,0,0,0,[]
German Credit,shift_age_1.0,152,3110152,V6,0.0,1.0,0,0,0,[]
German Credit,shift_age_1.0,152,3110152,V5,0.0,1.0,0,0,0,[]
German Credit,shift_age_1.0,153,3110153,V6,0.0,1.0,0,0,0,[]
German Credit,shift_age_1.0,153,3110153,V5,0.0,1.0,0,0,0,[]
German Credit,shift_age_1.0,154,3110154,V6,0.0,1.0,0,0,0,[]
German Credit,shift_age_1.0,154,3110154,V5,0.0,1.0,0,0,0,[]
German Credit,shift_age_1.0,155,3110155,V6,0.0,1.0,0,0,0,[]
German Credit,shift_age_1.0,155,3110155,V5,0.0,1.0,0,0,0,[]
German Credit,shift_age_1.0,156,3110156,V6,0.0,1.0,0,0,0,[]
German Credit,shift_age_1.0,156,3110156,V5,0.0,1.0,0,0,0,[]
German Credit,shift_age_1.0,157,3110157,V6,0.0,1.0,0,0,0,[]
German Credit,shift_age_1.0,157,3110157,V5,0.0,1.0,0,0,0,[]
German Credit,shift_age_1.0,158,3110158,V6,0.0,1.0,0,0,0,[]
German Credit,shift_age_1.0,158,3110158,V5,0.0,1.0,0,0,0,[]
German Credit,shift_age_1.0,159,3110159,V6,0.0,1.0,0,0,0,[]
German Credit,shift_age_1.0,159,3110159,V5,0.0,1.0,0,0,0,[]
German Credit,shift_age_1.0,160,3110160,V6,0.0,1.0,0,0,0,[]
German Credit,shift_age_1.0,160,3110160,V5,0.0,1.0,0,0,0,[]
German Credit,shift_age_1.0,161,3110161,V6,0.0,1.0,0,0,0,[]
German Credit,shift_age_1.0,161,3110161,V5,0.0,1.0,0,0,0,[]
German Credit,shift_age_1.0,162,3110162,V6,0.0,1.0,0,0,0,[]
German Credit,shift_age_1.0,162,3110162,V5,0.0,1.0,0,0,0,[]
German Credit,shift_age_1.0,163,3110163,V6,0.0,1.0,0,0,0,[]
German Credit,shift_age_1.0,163,3110163,V5,0.0,1.0,0,0,0,[]
German Credit,shift_age_1.0,164,3110164,V6,0.0,1.0,0,0,0,[]
German Credit,shift_age_1.0,164,3110164,V5,0.0,1.0,0,0,0,[]
German Credit,shift_age_1.0,165,3110165,V6,0.0,1.0,0,0,0,[]
German Credit,shift_age_1.0,165,3110165,V5,0.0,1.0,0,0,0,[]
German Credit,shift_age_1.0,166,3110166,V6,0.0,1.0,0,0,0,[]
German Credit,shift_age_1.0,166,3110166,V5,0.0,1.0,0,0,0,[]
German Credit,shift_age_1.0,167,3110167,V6,0.0,1.0,0,0,0,[]
German Credit,shift_age_1.0,167,3110167,V5,0.0,1.0,0,0,0,[]
German Credit,shift_age_1.0,168,3110168,V6,0.0,1.0,0,0,0,[]
German Credit,shift_age_1.0,168,3110168,V5,0.0,1.0,0,0,0,[]
German Credit,shift_age_1.0,169,3110169,V6,0.0,1.0,0,0,0,[]
German Credit,shift_age_1.0,169,3110169,V5,0.0,1.0,0,0,0,[]
German Credit,shift_age_1.0,170,3110170,V6,0.0,1.0,0,0,0,[]
German Credit,shift_age_1.0,170,3110170,V5,0.0,1.0,0,0,0,[]
German Credit,shift_age_1.0,171,3110171,V6,0.0,1.0,0,0,0,[]
German Credit,shift_age_1.0,171,3110171,V5,0.0,1.0,0,0,0,[]
German Credit,shift_age_1.0,172,3110172,V6,0.0,1.0,0,0,0,[]
German Credit,shift_age_1.0,172,3110172,V5,0.0,1.0,0,0,0,[]
German Credit,shift_age_1.0,173,3110173,V6,0.0,1.0,0,0,0,[]
German Credit,shift_age_1.0,173,3110173,V5,0.0,1.0,0,0,0,[]
German Credit,shift_age_1.0,174,3110174,V6,0.0,1.0,0,0,0,[]
German Credit,shift_age_1.0,174,3110174,V5,0.0,1.0,0,0,0,[]
German Credit,shift_age_1.0,175,3110175,V6,0.0,1.0,0,0,0,[]
German Credit,shift_age_1.0,175,3110175,V5,0.0,1.0,0,0,0,[]
German Credit,shift_age_1.0,176,3110176,V6,0.0,1.0,0,0,0,[]
German Credit,shift_age_1.0,176,3110176,V5,0.0,1.0,0,0,0,[]
German Credit,shift_age_1.0,177,3110177,V6,0.0,1.0,0,0,0,[]
German Credit,shift_age_1.0,177,3110177,V5,0.0,1.0,0,0,0,[]
German Credit,shift_age_1.0,178,3110178,V6,0.0,1.0,0,0,0,[]
German Credit,shift_age_1.0,178,3110178,V5,0.0,1.0,0,0,0,[]
German Credit,shift_age_1.0,179,3110179,V6,0.0,1.0,0,0,0,[]
German Credit,shift_age_1.0,179,3110179,V5,0.0,1.0,0,0,0,[]
German Credit,shift_age_1.0,180,3110180,V6,0.0,1.0,0,0,0,[]
German Credit,shift_age_1.0,180,3110180,V5,0.0,1.0,0,0,0,[]
German Credit,shift_age_1.0,181,3110181,V6,0.0,1.0,0,0,0,[]
German Credit,shift_age_1.0,181,3110181,V5,0.0,1.0,0,0,0,[]
German Credit,shift_age_1.0,182,3110182,V6,0.0,1.0,0,0,0,[]
German Credit,shift_age_1.0,182,3110182,V5,0.0,1.0,0,0,0,[]
German Credit,shift_age_1.0,183,3110183,V6,0.0,1.0,0,0,0,[]
German Credit,shift_age_1.0,183,3110183,V5,0.0,1.0,0,0,0,[]
German Credit,shift_age_1.0,184,3110184,V6,0.0,1.0,0,0,0,[]
German Credit,shift_age_1.0,184,3110184,V5,0.0,1.0,0,0,0,[]
German Credit,shift_age_1.0,185,3110185,V6,0.0,1.0,0,0,0,[]
German Credit,shift_age_1.0,185,3110185,V5,0.0,1.0,0,0,0,[]
German Credit,shift_age_1.0,186,3110186,V6,0.0,1.0,0,0,0,[]
German Credit,shift_age_1.0,186,3110186,V5,0.0,1.0,0,0,0,[]
German Credit,shift_age_1.0,187,3110187,V6,0.0,1.0,0,0,0,[]
German Credit,shift_age_1.0,187,3110187,V5,0.0,1.0,0,0,0,[]
German Credit,shift_age_1.0,188,3110188,V6,0.0,1.0,0,0,0,[]
German Credit,shift_age_1.0,188,3110188,V5,0.0,1.0,0,0,0,[]
German Credit,shift_age_1.0,189,3110189,V6,0.0,1.0,0,0,0,[]
German Credit,shift_age_1.0,189,3110189,V5,0.0,1.0,0,0,0,[]
German Credit,shift_age_1.0,190,3110190,V6,0.0,1.0,0,0,0,[]
German Credit,shift_age_1.0,190,3110190,V5,0.0,1.0,0,0,0,[]
German Credit,shift_age_1.0,191,3110191,V6,0.0,1.0,0,0,0,[]
German Credit,shift_age_1.0,191,3110191,V5,0.0,1.0,0,0,0,[]
German Credit,shift_age_1.0,192,3110192,V6,0.0,1.0,0,0,0,[]
German Credit,shift_age_1.0,192,3110192,V5,0.0,1.0,0,0,0,[]
German Credit,shift_age_1.0,193,3110193,V6,0.0,1.0,0,0,0,[]
German Credit,shift_age_1.0,193,3110193,V5,0.0,1.0,0,0,0,[]
German Credit,shift_age_1.0,194,3110194,V6,0.0,1.0,0,0,0,[]
German Credit,shift_age_1.0,194,3110194,V5,0.0,1.0,0,0,0,[]
German Credit,shift_age_1.0,195,3110195,V6,0.0,1.0,0,0,0,[]
German Credit,shift_age_1.0,195,3110195,V5,0.0,1.0,0,0,0,[]
German Credit,shift_age_1.0,196,3110196,V6,0.0,1.0,0,0,0,[]
German Credit,shift_age_1.0,196,3110196,V5,0.0,1.0,0,0,0,[]
German Credit,shift_age_1.0,197,3110197,V6,0.0,1.0,0,0,0,[]
German Credit,shift_age_1.0,197,3110197,V5,0.0,1.0,0,0,0,[]
German Credit,shift_age_1.0,198,3110198,V6,0.0,1.0,0,0,0,[]
German Credit,shift_age_1.0,198,3110198,V5,0.0,1.0,0,0,0,[]
German Credit,shift_age_1.0,199,3110199,V6,0.0,1.0,0,0,0,[]
German Credit,shift_age_1.0,199,3110199,V5,0.0,1.0,0,0,0,[]
German Credit,corrupt_30,0,3120000,V6,0.3,0.0,1,1,0,"[[""personal_status""]]"
German Credit,corrupt_30,0,3120000,V5,0.3,0.0,0,0,0,[]
German Credit,corrupt_30,1,3120001,V6,0.3,0.0,0,0,0,[]
German Credit,corrupt_30,1,3120001,V5,0.3,0.0,0,0,0,[]
German Credit,corrupt_30,2,3120002,V6,0.3,0.0,0,0,0,[]
German Credit,corrupt_30,2,3120002,V5,0.3,0.0,0,0,0,[]
German Credit,corrupt_30,3,3120003,V6,0.3,0.0,0,0,0,[]
German Credit,corrupt_30,3,3120003,V5,0.3,0.0,0,0,0,[]
German Credit,corrupt_30,4,3120004,V6,0.3,0.0,0,0,0,[]
German Credit,corrupt_30,4,3120004,V5,0.3,0.0,0,0,0,[]
German Credit,corrupt_30,5,3120005,V6,0.3,0.0,0,0,0,[]
German Credit,corrupt_30,5,3120005,V5,0.3,0.0,0,0,0,[]
German Credit,corrupt_30,6,3120006,V6,0.3,0.0,0,0,0,[]
German Credit,corrupt_30,6,3120006,V5,0.3,0.0,0,0,0,[]
German Credit,corrupt_30,7,3120007,V6,0.3,0.0,0,0,0,[]
German Credit,corrupt_30,7,3120007,V5,0.3,0.0,0,0,0,[]
German Credit,corrupt_30,8,3120008,V6,0.3,0.0,0,0,0,[]
German Credit,corrupt_30,8,3120008,V5,0.3,0.0,0,0,0,[]
German Credit,corrupt_30,9,3120009,V6,0.3,0.0,0,0,0,[]
German Credit,corrupt_30,9,3120009,V5,0.3,0.0,0,0,0,[]
German Credit,corrupt_30,10,3120010,V6,0.3,0.0,0,0,0,[]
German Credit,corrupt_30,10,3120010,V5,0.3,0.0,0,0,0,[]
German Credit,corrupt_30,11,3120011,V6,0.3,0.0,0,0,0,[]
German Credit,corrupt_30,11,3120011,V5,0.3,0.0,0,0,0,[]
German Credit,corrupt_30,12,3120012,V6,0.3,0.0,0,0,0,[]
German Credit,corrupt_30,12,3120012,V5,0.3,0.0,0,0,0,[]
German Credit,corrupt_30,13,3120013,V6,0.3,0.0,0,0,0,[]
German Credit,corrupt_30,13,3120013,V5,0.3,0.0,0,0,0,[]
German Credit,corrupt_30,14,3120014,V6,0.3,0.0,0,0,0,[]
German Credit,corrupt_30,14,3120014,V5,0.3,0.0,0,0,0,[]
German Credit,corrupt_30,15,3120015,V6,0.3,0.0,0,0,0,[]
German Credit,corrupt_30,15,3120015,V5,0.3,0.0,0,0,0,[]
German Credit,corrupt_30,16,3120016,V6,0.3,0.0,0,0,0,[]
German Credit,corrupt_30,16,3120016,V5,0.3,0.0,0,0,0,[]
German Credit,corrupt_30,17,3120017,V6,0.3,0.0,0,0,0,[]
German Credit,corrupt_30,17,3120017,V5,0.3,0.0,0,0,0,[]
German Credit,corrupt_30,18,3120018,V6,0.3,0.0,0,0,0,[]
German Credit,corrupt_30,18,3120018,V5,0.3,0.0,0,0,0,[]
German Credit,corrupt_30,19,3120019,V6,0.3,0.0,0,0,0,[]
German Credit,corrupt_30,19,3120019,V5,0.3,0.0,0,0,0,[]
German Credit,corrupt_30,20,3120020,V6,0.3,0.0,0,0,0,[]
German Credit,corrupt_30,20,3120020,V5,0.3,0.0,0,0,0,[]
German Credit,corrupt_30,21,3120021,V6,0.3,0.0,0,0,0,[]
German Credit,corrupt_30,21,3120021,V5,0.3,0.0,0,0,0,[]
German Credit,corrupt_30,22,3120022,V6,0.3,0.0,1,0,1,"[[""housing""]]"
German Credit,corrupt_30,22,3120022,V5,0.3,0.0,0,0,0,[]
German Credit,corrupt_30,23,3120023,V6,0.3,0.0,1,0,1,"[[""duration"", ""credit_amount""]]"
German Credit,corrupt_30,23,3120023,V5,0.3,0.0,0,0,0,[]
German Credit,corrupt_30,24,3120024,V6,0.3,0.0,0,0,0,[]
German Credit,corrupt_30,24,3120024,V5,0.3,0.0,0,0,0,[]
German Credit,corrupt_30,25,3120025,V6,0.3,0.0,0,0,0,[]
German Credit,corrupt_30,25,3120025,V5,0.3,0.0,0,0,0,[]
German Credit,corrupt_30,26,3120026,V6,0.3,0.0,0,0,0,[]
German Credit,corrupt_30,26,3120026,V5,0.3,0.0,0,0,0,[]
German Credit,corrupt_30,27,3120027,V6,0.3,0.0,0,0,0,[]
German Credit,corrupt_30,27,3120027,V5,0.3,0.0,0,0,0,[]
German Credit,corrupt_30,28,3120028,V6,0.3,0.0,0,0,0,[]
German Credit,corrupt_30,28,3120028,V5,0.3,0.0,0,0,0,[]
German Credit,corrupt_30,29,3120029,V6,0.3,0.0,0,0,0,[]
German Credit,corrupt_30,29,3120029,V5,0.3,0.0,0,0,0,[]
German Credit,corrupt_30,30,3120030,V6,0.3,0.0,0,0,0,[]
German Credit,corrupt_30,30,3120030,V5,0.3,0.0,0,0,0,[]
German Credit,corrupt_30,31,3120031,V6,0.3,0.0,0,0,0,[]
German Credit,corrupt_30,31,3120031,V5,0.3,0.0,0,0,0,[]
German Credit,corrupt_30,32,3120032,V6,0.3,0.0,0,0,0,[]
German Credit,corrupt_30,32,3120032,V5,0.3,0.0,0,0,0,[]
German Credit,corrupt_30,33,3120033,V6,0.3,0.0,0,0,0,[]
German Credit,corrupt_30,33,3120033,V5,0.3,0.0,0,0,0,[]
German Credit,corrupt_30,34,3120034,V6,0.3,0.0,0,0,0,[]
German Credit,corrupt_30,34,3120034,V5,0.3,0.0,0,0,0,[]
German Credit,corrupt_30,35,3120035,V6,0.3,0.0,0,0,0,[]
German Credit,corrupt_30,35,3120035,V5,0.3,0.0,0,0,0,[]
German Credit,corrupt_30,36,3120036,V6,0.3,0.0,0,0,0,[]
German Credit,corrupt_30,36,3120036,V5,0.3,0.0,0,0,0,[]
German Credit,corrupt_30,37,3120037,V6,0.3,0.0,0,0,0,[]
German Credit,corrupt_30,37,3120037,V5,0.3,0.0,0,0,0,[]
German Credit,corrupt_30,38,3120038,V6,0.3,0.0,0,0,0,[]
German Credit,corrupt_30,38,3120038,V5,0.3,0.0,0,0,0,[]
German Credit,corrupt_30,39,3120039,V6,0.3,0.0,0,0,0,[]
German Credit,corrupt_30,39,3120039,V5,0.3,0.0,0,0,0,[]
German Credit,corrupt_30,40,3120040,V6,0.3,0.0,0,0,0,[]
German Credit,corrupt_30,40,3120040,V5,0.3,0.0,0,0,0,[]
German Credit,corrupt_30,41,3120041,V6,0.3,0.0,0,0,0,[]
German Credit,corrupt_30,41,3120041,V5,0.3,0.0,0,0,0,[]
German Credit,corrupt_30,42,3120042,V6,0.3,0.0,1,1,0,"[[""personal_status""]]"
German Credit,corrupt_30,42,3120042,V5,0.3,0.0,0,0,0,[]
German Credit,corrupt_30,43,3120043,V6,0.3,0.0,0,0,0,[]
German Credit,corrupt_30,43,3120043,V5,0.3,0.0,0,0,0,[]
German Credit,corrupt_30,44,3120044,V6,0.3,0.0,0,0,0,[]
German Credit,corrupt_30,44,3120044,V5,0.3,0.0,0,0,0,[]
German Credit,corrupt_30,45,3120045,V6,0.3,0.0,0,0,0,[]
German Credit,corrupt_30,45,3120045,V5,0.3,0.0,0,0,0,[]
German Credit,corrupt_30,46,3120046,V6,0.3,0.0,0,0,0,[]
German Credit,corrupt_30,46,3120046,V5,0.3,0.0,0,0,0,[]
German Credit,corrupt_30,47,3120047,V6,0.3,0.0,0,0,0,[]
German Credit,corrupt_30,47,3120047,V5,0.3,0.0,0,0,0,[]
German Credit,corrupt_30,48,3120048,V6,0.3,0.0,0,0,0,[]
German Credit,corrupt_30,48,3120048,V5,0.3,0.0,0,0,0,[]
German Credit,corrupt_30,49,3120049,V6,0.3,0.0,0,0,0,[]
German Credit,corrupt_30,49,3120049,V5,0.3,0.0,0,0,0,[]
German Credit,corrupt_30,50,3120050,V6,0.3,0.0,1,1,0,"[[""personal_status""]]"
German Credit,corrupt_30,50,3120050,V5,0.3,0.0,0,0,0,[]
German Credit,corrupt_30,51,3120051,V6,0.3,0.0,0,0,0,[]
German Credit,corrupt_30,51,3120051,V5,0.3,0.0,0,0,0,[]
German Credit,corrupt_30,52,3120052,V6,0.3,0.0,0,0,0,[]
German Credit,corrupt_30,52,3120052,V5,0.3,0.0,0,0,0,[]
German Credit,corrupt_30,53,3120053,V6,0.3,0.0,0,0,0,[]
German Credit,corrupt_30,53,3120053,V5,0.3,0.0,0,0,0,[]
German Credit,corrupt_30,54,3120054,V6,0.3,0.0,0,0,0,[]
German Credit,corrupt_30,54,3120054,V5,0.3,0.0,0,0,0,[]
German Credit,corrupt_30,55,3120055,V6,0.3,0.0,0,0,0,[]
German Credit,corrupt_30,55,3120055,V5,0.3,0.0,0,0,0,[]
German Credit,corrupt_30,56,3120056,V6,0.3,0.0,0,0,0,[]
German Credit,corrupt_30,56,3120056,V5,0.3,0.0,0,0,0,[]
German Credit,corrupt_30,57,3120057,V6,0.3,0.0,0,0,0,[]
German Credit,corrupt_30,57,3120057,V5,0.3,0.0,0,0,0,[]
German Credit,corrupt_30,58,3120058,V6,0.3,0.0,0,0,0,[]
German Credit,corrupt_30,58,3120058,V5,0.3,0.0,0,0,0,[]
German Credit,corrupt_30,59,3120059,V6,0.3,0.0,0,0,0,[]
German Credit,corrupt_30,59,3120059,V5,0.3,0.0,0,0,0,[]
German Credit,corrupt_30,60,3120060,V6,0.3,0.0,0,0,0,[]
German Credit,corrupt_30,60,3120060,V5,0.3,0.0,0,0,0,[]
German Credit,corrupt_30,61,3120061,V6,0.3,0.0,0,0,0,[]
German Credit,corrupt_30,61,3120061,V5,0.3,0.0,0,0,0,[]
German Credit,corrupt_30,62,3120062,V6,0.3,0.0,0,0,0,[]
German Credit,corrupt_30,62,3120062,V5,0.3,0.0,0,0,0,[]
German Credit,corrupt_30,63,3120063,V6,0.3,0.0,0,0,0,[]
German Credit,corrupt_30,63,3120063,V5,0.3,0.0,0,0,0,[]
German Credit,corrupt_30,64,3120064,V6,0.3,0.0,0,0,0,[]
German Credit,corrupt_30,64,3120064,V5,0.3,0.0,0,0,0,[]
German Credit,corrupt_30,65,3120065,V6,0.3,0.0,0,0,0,[]
German Credit,corrupt_30,65,3120065,V5,0.3,0.0,0,0,0,[]
German Credit,corrupt_30,66,3120066,V6,0.3,0.0,0,0,0,[]
German Credit,corrupt_30,66,3120066,V5,0.3,0.0,0,0,0,[]
German Credit,corrupt_30,67,3120067,V6,0.3,0.0,0,0,0,[]
German Credit,corrupt_30,67,3120067,V5,0.3,0.0,0,0,0,[]
German Credit,corrupt_30,68,3120068,V6,0.3,0.0,0,0,0,[]
German Credit,corrupt_30,68,3120068,V5,0.3,0.0,0,0,0,[]
German Credit,corrupt_30,69,3120069,V6,0.3,0.0,0,0,0,[]
German Credit,corrupt_30,69,3120069,V5,0.3,0.0,0,0,0,[]
German Credit,corrupt_30,70,3120070,V6,0.3,0.0,0,0,0,[]
German Credit,corrupt_30,70,3120070,V5,0.3,0.0,0,0,0,[]
German Credit,corrupt_30,71,3120071,V6,0.3,0.0,0,0,0,[]
German Credit,corrupt_30,71,3120071,V5,0.3,0.0,0,0,0,[]
German Credit,corrupt_30,72,3120072,V6,0.3,0.0,0,0,0,[]
German Credit,corrupt_30,72,3120072,V5,0.3,0.0,0,0,0,[]
German Credit,corrupt_30,73,3120073,V6,0.3,0.0,0,0,0,[]
German Credit,corrupt_30,73,3120073,V5,0.3,0.0,0,0,0,[]
German Credit,corrupt_30,74,3120074,V6,0.3,0.0,0,0,0,[]
German Credit,corrupt_30,74,3120074,V5,0.3,0.0,0,0,0,[]
German Credit,corrupt_30,75,3120075,V6,0.3,0.0,0,0,0,[]
German Credit,corrupt_30,75,3120075,V5,0.3,0.0,0,0,0,[]
German Credit,corrupt_30,76,3120076,V6,0.3,0.0,0,0,0,[]
German Credit,corrupt_30,76,3120076,V5,0.3,0.0,0,0,0,[]
German Credit,corrupt_30,77,3120077,V6,0.3,0.0,0,0,0,[]
German Credit,corrupt_30,77,3120077,V5,0.3,0.0,0,0,0,[]
German Credit,corrupt_30,78,3120078,V6,0.3,0.0,0,0,0,[]
German Credit,corrupt_30,78,3120078,V5,0.3,0.0,0,0,0,[]
German Credit,corrupt_30,79,3120079,V6,0.3,0.0,0,0,0,[]
German Credit,corrupt_30,79,3120079,V5,0.3,0.0,0,0,0,[]
German Credit,corrupt_30,80,3120080,V6,0.3,0.0,0,0,0,[]
German Credit,corrupt_30,80,3120080,V5,0.3,0.0,0,0,0,[]
German Credit,corrupt_30,81,3120081,V6,0.3,0.0,0,0,0,[]
German Credit,corrupt_30,81,3120081,V5,0.3,0.0,0,0,0,[]
German Credit,corrupt_30,82,3120082,V6,0.3,0.0,0,0,0,[]
German Credit,corrupt_30,82,3120082,V5,0.3,0.0,0,0,0,[]
German Credit,corrupt_30,83,3120083,V6,0.3,0.0,0,0,0,[]
German Credit,corrupt_30,83,3120083,V5,0.3,0.0,0,0,0,[]
German Credit,corrupt_30,84,3120084,V6,0.3,0.0,0,0,0,[]
German Credit,corrupt_30,84,3120084,V5,0.3,0.0,0,0,0,[]
German Credit,corrupt_30,85,3120085,V6,0.3,0.0,0,0,0,[]
German Credit,corrupt_30,85,3120085,V5,0.3,0.0,0,0,0,[]
German Credit,corrupt_30,86,3120086,V6,0.3,0.0,0,0,0,[]
German Credit,corrupt_30,86,3120086,V5,0.3,0.0,0,0,0,[]
German Credit,corrupt_30,87,3120087,V6,0.3,0.0,0,0,0,[]
German Credit,corrupt_30,87,3120087,V5,0.3,0.0,0,0,0,[]
German Credit,corrupt_30,88,3120088,V6,0.3,0.0,0,0,0,[]
German Credit,corrupt_30,88,3120088,V5,0.3,0.0,0,0,0,[]
German Credit,corrupt_30,89,3120089,V6,0.3,0.0,0,0,0,[]
German Credit,corrupt_30,89,3120089,V5,0.3,0.0,0,0,0,[]
German Credit,corrupt_30,90,3120090,V6,0.3,0.0,0,0,0,[]
German Credit,corrupt_30,90,3120090,V5,0.3,0.0,0,0,0,[]
German Credit,corrupt_30,91,3120091,V6,0.3,0.0,0,0,0,[]
German Credit,corrupt_30,91,3120091,V5,0.3,0.0,0,0,0,[]
German Credit,corrupt_30,92,3120092,V6,0.3,0.0,0,0,0,[]
German Credit,corrupt_30,92,3120092,V5,0.3,0.0,0,0,0,[]
German Credit,corrupt_30,93,3120093,V6,0.3,0.0,0,0,0,[]
German Credit,corrupt_30,93,3120093,V5,0.3,0.0,0,0,0,[]
German Credit,corrupt_30,94,3120094,V6,0.3,0.0,0,0,0,[]
German Credit,corrupt_30,94,3120094,V5,0.3,0.0,0,0,0,[]
German Credit,corrupt_30,95,3120095,V6,0.3,0.0,0,0,0,[]
German Credit,corrupt_30,95,3120095,V5,0.3,0.0,0,0,0,[]
German Credit,corrupt_30,96,3120096,V6,0.3,0.0,0,0,0,[]
German Credit,corrupt_30,96,3120096,V5,0.3,0.0,0,0,0,[]
German Credit,corrupt_30,97,3120097,V6,0.3,0.0,0,0,0,[]
German Credit,corrupt_30,97,3120097,V5,0.3,0.0,0,0,0,[]
German Credit,corrupt_30,98,3120098,V6,0.3,0.0,0,0,0,[]
German Credit,corrupt_30,98,3120098,V5,0.3,0.0,0,0,0,[]
German Credit,corrupt_30,99,3120099,V6,0.3,0.0,0,0,0,[]
German Credit,corrupt_30,99,3120099,V5,0.3,0.0,0,0,0,[]
German Credit,corrupt_30,100,3120100,V6,0.3,0.0,0,0,0,[]
German Credit,corrupt_30,100,3120100,V5,0.3,0.0,0,0,0,[]
German Credit,corrupt_30,101,3120101,V6,0.3,0.0,0,0,0,[]
German Credit,corrupt_30,101,3120101,V5,0.3,0.0,0,0,0,[]
German Credit,corrupt_30,102,3120102,V6,0.3,0.0,1,1,0,"[[""personal_status""]]"
German Credit,corrupt_30,102,3120102,V5,0.3,0.0,0,0,0,[]
German Credit,corrupt_30,103,3120103,V6,0.3,0.0,0,0,0,[]
German Credit,corrupt_30,103,3120103,V5,0.3,0.0,0,0,0,[]
German Credit,corrupt_30,104,3120104,V6,0.3,0.0,0,0,0,[]
German Credit,corrupt_30,104,3120104,V5,0.3,0.0,0,0,0,[]
German Credit,corrupt_30,105,3120105,V6,0.3,0.0,0,0,0,[]
German Credit,corrupt_30,105,3120105,V5,0.3,0.0,0,0,0,[]
German Credit,corrupt_30,106,3120106,V6,0.3,0.0,0,0,0,[]
German Credit,corrupt_30,106,3120106,V5,0.3,0.0,0,0,0,[]
German Credit,corrupt_30,107,3120107,V6,0.3,0.0,0,0,0,[]
German Credit,corrupt_30,107,3120107,V5,0.3,0.0,0,0,0,[]
German Credit,corrupt_30,108,3120108,V6,0.3,0.0,0,0,0,[]
German Credit,corrupt_30,108,3120108,V5,0.3,0.0,0,0,0,[]
German Credit,corrupt_30,109,3120109,V6,0.3,0.0,0,0,0,[]
German Credit,corrupt_30,109,3120109,V5,0.3,0.0,0,0,0,[]
German Credit,corrupt_30,110,3120110,V6,0.3,0.0,0,0,0,[]
German Credit,corrupt_30,110,3120110,V5,0.3,0.0,0,0,0,[]
German Credit,corrupt_30,111,3120111,V6,0.3,0.0,0,0,0,[]
German Credit,corrupt_30,111,3120111,V5,0.3,0.0,0,0,0,[]
German Credit,corrupt_30,112,3120112,V6,0.3,0.0,0,0,0,[]
German Credit,corrupt_30,112,3120112,V5,0.3,0.0,0,0,0,[]
German Credit,corrupt_30,113,3120113,V6,0.3,0.0,0,0,0,[]
German Credit,corrupt_30,113,3120113,V5,0.3,0.0,0,0,0,[]
German Credit,corrupt_30,114,3120114,V6,0.3,0.0,0,0,0,[]
German Credit,corrupt_30,114,3120114,V5,0.3,0.0,0,0,0,[]
German Credit,corrupt_30,115,3120115,V6,0.3,0.0,0,0,0,[]
German Credit,corrupt_30,115,3120115,V5,0.3,0.0,0,0,0,[]
German Credit,corrupt_30,116,3120116,V6,0.3,0.0,1,0,1,"[[""age""]]"
German Credit,corrupt_30,116,3120116,V5,0.3,0.0,0,0,0,[]
German Credit,corrupt_30,117,3120117,V6,0.3,0.0,0,0,0,[]
German Credit,corrupt_30,117,3120117,V5,0.3,0.0,0,0,0,[]
German Credit,corrupt_30,118,3120118,V6,0.3,0.0,1,0,1,"[[""duration""], [""credit_history""]]"
German Credit,corrupt_30,118,3120118,V5,0.3,0.0,0,0,0,[]
German Credit,corrupt_30,119,3120119,V6,0.3,0.0,0,0,0,[]
German Credit,corrupt_30,119,3120119,V5,0.3,0.0,0,0,0,[]
German Credit,corrupt_30,120,3120120,V6,0.3,0.0,0,0,0,[]
German Credit,corrupt_30,120,3120120,V5,0.3,0.0,0,0,0,[]
German Credit,corrupt_30,121,3120121,V6,0.3,0.0,0,0,0,[]
German Credit,corrupt_30,121,3120121,V5,0.3,0.0,0,0,0,[]
German Credit,corrupt_30,122,3120122,V6,0.3,0.0,0,0,0,[]
German Credit,corrupt_30,122,3120122,V5,0.3,0.0,0,0,0,[]
German Credit,corrupt_30,123,3120123,V6,0.3,0.0,0,0,0,[]
German Credit,corrupt_30,123,3120123,V5,0.3,0.0,0,0,0,[]
German Credit,corrupt_30,124,3120124,V6,0.3,0.0,0,0,0,[]
German Credit,corrupt_30,124,3120124,V5,0.3,0.0,0,0,0,[]
German Credit,corrupt_30,125,3120125,V6,0.3,0.0,0,0,0,[]
German Credit,corrupt_30,125,3120125,V5,0.3,0.0,0,0,0,[]
German Credit,corrupt_30,126,3120126,V6,0.3,0.0,0,0,0,[]
German Credit,corrupt_30,126,3120126,V5,0.3,0.0,0,0,0,[]
German Credit,corrupt_30,127,3120127,V6,0.3,0.0,0,0,0,[]
German Credit,corrupt_30,127,3120127,V5,0.3,0.0,0,0,0,[]
German Credit,corrupt_30,128,3120128,V6,0.3,0.0,0,0,0,[]
German Credit,corrupt_30,128,3120128,V5,0.3,0.0,0,0,0,[]
German Credit,corrupt_30,129,3120129,V6,0.3,0.0,1,1,0,"[[""personal_status""]]"
German Credit,corrupt_30,129,3120129,V5,0.3,0.0,0,0,0,[]
German Credit,corrupt_30,130,3120130,V6,0.3,0.0,0,0,0,[]
German Credit,corrupt_30,130,3120130,V5,0.3,0.0,0,0,0,[]
German Credit,corrupt_30,131,3120131,V6,0.3,0.0,0,0,0,[]
German Credit,corrupt_30,131,3120131,V5,0.3,0.0,0,0,0,[]
German Credit,corrupt_30,132,3120132,V6,0.3,0.0,0,0,0,[]
German Credit,corrupt_30,132,3120132,V5,0.3,0.0,0,0,0,[]
German Credit,corrupt_30,133,3120133,V6,0.3,0.0,0,0,0,[]
German Credit,corrupt_30,133,3120133,V5,0.3,0.0,0,0,0,[]
German Credit,corrupt_30,134,3120134,V6,0.3,0.0,0,0,0,[]
German Credit,corrupt_30,134,3120134,V5,0.3,0.0,0,0,0,[]
German Credit,corrupt_30,135,3120135,V6,0.3,0.0,0,0,0,[]
German Credit,corrupt_30,135,3120135,V5,0.3,0.0,0,0,0,[]
German Credit,corrupt_30,136,3120136,V6,0.3,0.0,0,0,0,[]
German Credit,corrupt_30,136,3120136,V5,0.3,0.0,0,0,0,[]
German Credit,corrupt_30,137,3120137,V6,0.3,0.0,0,0,0,[]
German Credit,corrupt_30,137,3120137,V5,0.3,0.0,0,0,0,[]
German Credit,corrupt_30,138,3120138,V6,0.3,0.0,0,0,0,[]
German Credit,corrupt_30,138,3120138,V5,0.3,0.0,0,0,0,[]
German Credit,corrupt_30,139,3120139,V6,0.3,0.0,0,0,0,[]
German Credit,corrupt_30,139,3120139,V5,0.3,0.0,0,0,0,[]
German Credit,corrupt_30,140,3120140,V6,0.3,0.0,0,0,0,[]
German Credit,corrupt_30,140,3120140,V5,0.3,0.0,0,0,0,[]
German Credit,corrupt_30,141,3120141,V6,0.3,0.0,0,0,0,[]
German Credit,corrupt_30,141,3120141,V5,0.3,0.0,0,0,0,[]
German Credit,corrupt_30,142,3120142,V6,0.3,0.0,0,0,0,[]
German Credit,corrupt_30,142,3120142,V5,0.3,0.0,0,0,0,[]
German Credit,corrupt_30,143,3120143,V6,0.3,0.0,0,0,0,[]
German Credit,corrupt_30,143,3120143,V5,0.3,0.0,0,0,0,[]
German Credit,corrupt_30,144,3120144,V6,0.3,0.0,0,0,0,[]
German Credit,corrupt_30,144,3120144,V5,0.3,0.0,0,0,0,[]
German Credit,corrupt_30,145,3120145,V6,0.3,0.0,0,0,0,[]
German Credit,corrupt_30,145,3120145,V5,0.3,0.0,0,0,0,[]
German Credit,corrupt_30,146,3120146,V6,0.3,0.0,0,0,0,[]
German Credit,corrupt_30,146,3120146,V5,0.3,0.0,0,0,0,[]
German Credit,corrupt_30,147,3120147,V6,0.3,0.0,0,0,0,[]
German Credit,corrupt_30,147,3120147,V5,0.3,0.0,0,0,0,[]
German Credit,corrupt_30,148,3120148,V6,0.3,0.0,0,0,0,[]
German Credit,corrupt_30,148,3120148,V5,0.3,0.0,0,0,0,[]
German Credit,corrupt_30,149,3120149,V6,0.3,0.0,0,0,0,[]
German Credit,corrupt_30,149,3120149,V5,0.3,0.0,0,0,0,[]
German Credit,corrupt_30,150,3120150,V6,0.3,0.0,0,0,0,[]
German Credit,corrupt_30,150,3120150,V5,0.3,0.0,0,0,0,[]
German Credit,corrupt_30,151,3120151,V6,0.3,0.0,0,0,0,[]
German Credit,corrupt_30,151,3120151,V5,0.3,0.0,0,0,0,[]
German Credit,corrupt_30,152,3120152,V6,0.3,0.0,0,0,0,[]
German Credit,corrupt_30,152,3120152,V5,0.3,0.0,0,0,0,[]
German Credit,corrupt_30,153,3120153,V6,0.3,0.0,0,0,0,[]
German Credit,corrupt_30,153,3120153,V5,0.3,0.0,0,0,0,[]
German Credit,corrupt_30,154,3120154,V6,0.3,0.0,1,0,1,"[[""age""]]"
German Credit,corrupt_30,154,3120154,V5,0.3,0.0,0,0,0,[]
German Credit,corrupt_30,155,3120155,V6,0.3,0.0,0,0,0,[]
German Credit,corrupt_30,155,3120155,V5,0.3,0.0,0,0,0,[]
German Credit,corrupt_30,156,3120156,V6,0.3,0.0,0,0,0,[]
German Credit,corrupt_30,156,3120156,V5,0.3,0.0,0,0,0,[]
German Credit,corrupt_30,157,3120157,V6,0.3,0.0,0,0,0,[]
German Credit,corrupt_30,157,3120157,V5,0.3,0.0,0,0,0,[]
German Credit,corrupt_30,158,3120158,V6,0.3,0.0,0,0,0,[]
German Credit,corrupt_30,158,3120158,V5,0.3,0.0,0,0,0,[]
German Credit,corrupt_30,159,3120159,V6,0.3,0.0,0,0,0,[]
German Credit,corrupt_30,159,3120159,V5,0.3,0.0,0,0,0,[]
German Credit,corrupt_30,160,3120160,V6,0.3,0.0,0,0,0,[]
German Credit,corrupt_30,160,3120160,V5,0.3,0.0,0,0,0,[]
German Credit,corrupt_30,161,3120161,V6,0.3,0.0,0,0,0,[]
German Credit,corrupt_30,161,3120161,V5,0.3,0.0,0,0,0,[]
German Credit,corrupt_30,162,3120162,V6,0.3,0.0,0,0,0,[]
German Credit,corrupt_30,162,3120162,V5,0.3,0.0,0,0,0,[]
German Credit,corrupt_30,163,3120163,V6,0.3,0.0,0,0,0,[]
German Credit,corrupt_30,163,3120163,V5,0.3,0.0,0,0,0,[]
German Credit,corrupt_30,164,3120164,V6,0.3,0.0,0,0,0,[]
German Credit,corrupt_30,164,3120164,V5,0.3,0.0,0,0,0,[]
German Credit,corrupt_30,165,3120165,V6,0.3,0.0,0,0,0,[]
German Credit,corrupt_30,165,3120165,V5,0.3,0.0,0,0,0,[]
German Credit,corrupt_30,166,3120166,V6,0.3,0.0,0,0,0,[]
German Credit,corrupt_30,166,3120166,V5,0.3,0.0,0,0,0,[]
German Credit,corrupt_30,167,3120167,V6,0.3,0.0,0,0,0,[]
German Credit,corrupt_30,167,3120167,V5,0.3,0.0,0,0,0,[]
German Credit,corrupt_30,168,3120168,V6,0.3,0.0,0,0,0,[]
German Credit,corrupt_30,168,3120168,V5,0.3,0.0,0,0,0,[]
German Credit,corrupt_30,169,3120169,V6,0.3,0.0,0,0,0,[]
German Credit,corrupt_30,169,3120169,V5,0.3,0.0,0,0,0,[]
German Credit,corrupt_30,170,3120170,V6,0.3,0.0,0,0,0,[]
German Credit,corrupt_30,170,3120170,V5,0.3,0.0,0,0,0,[]
German Credit,corrupt_30,171,3120171,V6,0.3,0.0,0,0,0,[]
German Credit,corrupt_30,171,3120171,V5,0.3,0.0,0,0,0,[]
German Credit,corrupt_30,172,3120172,V6,0.3,0.0,1,0,1,"[[""employment""]]"
German Credit,corrupt_30,172,3120172,V5,0.3,0.0,0,0,0,[]
German Credit,corrupt_30,173,3120173,V6,0.3,0.0,0,0,0,[]
German Credit,corrupt_30,173,3120173,V5,0.3,0.0,0,0,0,[]
German Credit,corrupt_30,174,3120174,V6,0.3,0.0,0,0,0,[]
German Credit,corrupt_30,174,3120174,V5,0.3,0.0,0,0,0,[]
German Credit,corrupt_30,175,3120175,V6,0.3,0.0,0,0,0,[]
German Credit,corrupt_30,175,3120175,V5,0.3,0.0,0,0,0,[]
German Credit,corrupt_30,176,3120176,V6,0.3,0.0,1,1,0,"[[""personal_status""]]"
German Credit,corrupt_30,176,3120176,V5,0.3,0.0,0,0,0,[]
German Credit,corrupt_30,177,3120177,V6,0.3,0.0,0,0,0,[]
German Credit,corrupt_30,177,3120177,V5,0.3,0.0,0,0,0,[]
German Credit,corrupt_30,178,3120178,V6,0.3,0.0,0,0,0,[]
German Credit,corrupt_30,178,3120178,V5,0.3,0.0,0,0,0,[]
German Credit,corrupt_30,179,3120179,V6,0.3,0.0,0,0,0,[]
German Credit,corrupt_30,179,3120179,V5,0.3,0.0,0,0,0,[]
German Credit,corrupt_30,180,3120180,V6,0.3,0.0,0,0,0,[]
German Credit,corrupt_30,180,3120180,V5,0.3,0.0,0,0,0,[]
German Credit,corrupt_30,181,3120181,V6,0.3,0.0,0,0,0,[]
German Credit,corrupt_30,181,3120181,V5,0.3,0.0,0,0,0,[]
German Credit,corrupt_30,182,3120182,V6,0.3,0.0,0,0,0,[]
German Credit,corrupt_30,182,3120182,V5,0.3,0.0,0,0,0,[]
German Credit,corrupt_30,183,3120183,V6,0.3,0.0,0,0,0,[]
German Credit,corrupt_30,183,3120183,V5,0.3,0.0,0,0,0,[]
German Credit,corrupt_30,184,3120184,V6,0.3,0.0,0,0,0,[]
German Credit,corrupt_30,184,3120184,V5,0.3,0.0,0,0,0,[]
German Credit,corrupt_30,185,3120185,V6,0.3,0.0,0,0,0,[]
German Credit,corrupt_30,185,3120185,V5,0.3,0.0,0,0,0,[]
German Credit,corrupt_30,186,3120186,V6,0.3,0.0,0,0,0,[]
German Credit,corrupt_30,186,3120186,V5,0.3,0.0,0,0,0,[]
German Credit,corrupt_30,187,3120187,V6,0.3,0.0,0,0,0,[]
German Credit,corrupt_30,187,3120187,V5,0.3,0.0,0,0,0,[]
German Credit,corrupt_30,188,3120188,V6,0.3,0.0,1,0,1,"[[""duration""]]"
German Credit,corrupt_30,188,3120188,V5,0.3,0.0,0,0,0,[]
German Credit,corrupt_30,189,3120189,V6,0.3,0.0,0,0,0,[]
German Credit,corrupt_30,189,3120189,V5,0.3,0.0,0,0,0,[]
German Credit,corrupt_30,190,3120190,V6,0.3,0.0,1,1,0,"[[""personal_status""]]"
German Credit,corrupt_30,190,3120190,V5,0.3,0.0,0,0,0,[]
German Credit,corrupt_30,191,3120191,V6,0.3,0.0,0,0,0,[]
German Credit,corrupt_30,191,3120191,V5,0.3,0.0,0,0,0,[]
German Credit,corrupt_30,192,3120192,V6,0.3,0.0,0,0,0,[]
German Credit,corrupt_30,192,3120192,V5,0.3,0.0,0,0,0,[]
German Credit,corrupt_30,193,3120193,V6,0.3,0.0,0,0,0,[]
German Credit,corrupt_30,193,3120193,V5,0.3,0.0,0,0,0,[]
German Credit,corrupt_30,194,3120194,V6,0.3,0.0,0,0,0,[]
German Credit,corrupt_30,194,3120194,V5,0.3,0.0,0,0,0,[]
German Credit,corrupt_30,195,3120195,V6,0.3,0.0,1,1,1,"[[""age""], [""personal_status""]]"
German Credit,corrupt_30,195,3120195,V5,0.3,0.0,0,0,0,[]
German Credit,corrupt_30,196,3120196,V6,0.3,0.0,0,0,0,[]
German Credit,corrupt_30,196,3120196,V5,0.3,0.0,0,0,0,[]
German Credit,corrupt_30,197,3120197,V6,0.3,0.0,0,0,0,[]
German Credit,corrupt_30,197,3120197,V5,0.3,0.0,0,0,0,[]
German Credit,corrupt_30,198,3120198,V6,0.3,0.0,0,0,0,[]
German Credit,corrupt_30,198,3120198,V5,0.3,0.0,0,0,0,[]
German Credit,corrupt_30,199,3120199,V6,0.3,0.0,0,0,0,[]
German Credit,corrupt_30,199,3120199,V5,0.3,0.0,0,0,0,[]
German Credit,corrupt_50,0,3130000,V6,0.5,0.0,1,1,0,"[[""personal_status""]]"
German Credit,corrupt_50,0,3130000,V5,0.5,0.0,0,0,0,[]
German Credit,corrupt_50,1,3130001,V6,0.5,0.0,0,0,0,[]
German Credit,corrupt_50,1,3130001,V5,0.5,0.0,0,0,0,[]
German Credit,corrupt_50,2,3130002,V6,0.5,0.0,1,1,0,"[[""personal_status""]]"
German Credit,corrupt_50,2,3130002,V5,0.5,0.0,0,0,0,[]
German Credit,corrupt_50,3,3130003,V6,0.5,0.0,0,0,0,[]
German Credit,corrupt_50,3,3130003,V5,0.5,0.0,0,0,0,[]
German Credit,corrupt_50,4,3130004,V6,0.5,0.0,0,0,0,[]
German Credit,corrupt_50,4,3130004,V5,0.5,0.0,0,0,0,[]
German Credit,corrupt_50,5,3130005,V6,0.5,0.0,1,1,0,"[[""personal_status""]]"
German Credit,corrupt_50,5,3130005,V5,0.5,0.0,0,0,0,[]
German Credit,corrupt_50,6,3130006,V6,0.5,0.0,0,0,0,[]
German Credit,corrupt_50,6,3130006,V5,0.5,0.0,0,0,0,[]
German Credit,corrupt_50,7,3130007,V6,0.5,0.0,0,0,0,[]
German Credit,corrupt_50,7,3130007,V5,0.5,0.0,0,0,0,[]
German Credit,corrupt_50,8,3130008,V6,0.5,0.0,0,0,0,[]
German Credit,corrupt_50,8,3130008,V5,0.5,0.0,0,0,0,[]
German Credit,corrupt_50,9,3130009,V6,0.5,0.0,0,0,0,[]
German Credit,corrupt_50,9,3130009,V5,0.5,0.0,0,0,0,[]
German Credit,corrupt_50,10,3130010,V6,0.5,0.0,1,1,0,"[[""personal_status""]]"
German Credit,corrupt_50,10,3130010,V5,0.5,0.0,0,0,0,[]
German Credit,corrupt_50,11,3130011,V6,0.5,0.0,0,0,0,[]
German Credit,corrupt_50,11,3130011,V5,0.5,0.0,0,0,0,[]
German Credit,corrupt_50,12,3130012,V6,0.5,0.0,0,0,0,[]
German Credit,corrupt_50,12,3130012,V5,0.5,0.0,0,0,0,[]
German Credit,corrupt_50,13,3130013,V6,0.5,0.0,0,0,0,[]
German Credit,corrupt_50,13,3130013,V5,0.5,0.0,0,0,0,[]
German Credit,corrupt_50,14,3130014,V6,0.5,0.0,1,1,0,"[[""personal_status""]]"
German Credit,corrupt_50,14,3130014,V5,0.5,0.0,0,0,0,[]
German Credit,corrupt_50,15,3130015,V6,0.5,0.0,1,1,0,"[[""personal_status""]]"
German Credit,corrupt_50,15,3130015,V5,0.5,0.0,0,0,0,[]
German Credit,corrupt_50,16,3130016,V6,0.5,0.0,0,0,0,[]
German Credit,corrupt_50,16,3130016,V5,0.5,0.0,0,0,0,[]
German Credit,corrupt_50,17,3130017,V6,0.5,0.0,1,1,0,"[[""personal_status""]]"
German Credit,corrupt_50,17,3130017,V5,0.5,0.0,0,0,0,[]
German Credit,corrupt_50,18,3130018,V6,0.5,0.0,0,0,0,[]
German Credit,corrupt_50,18,3130018,V5,0.5,0.0,0,0,0,[]
German Credit,corrupt_50,19,3130019,V6,0.5,0.0,0,0,0,[]
German Credit,corrupt_50,19,3130019,V5,0.5,0.0,0,0,0,[]
German Credit,corrupt_50,20,3130020,V6,0.5,0.0,0,0,0,[]
German Credit,corrupt_50,20,3130020,V5,0.5,0.0,0,0,0,[]
German Credit,corrupt_50,21,3130021,V6,0.5,0.0,1,1,0,"[[""personal_status""]]"
German Credit,corrupt_50,21,3130021,V5,0.5,0.0,0,0,0,[]
German Credit,corrupt_50,22,3130022,V6,0.5,0.0,0,0,0,[]
German Credit,corrupt_50,22,3130022,V5,0.5,0.0,0,0,0,[]
German Credit,corrupt_50,23,3130023,V6,0.5,0.0,0,0,0,[]
German Credit,corrupt_50,23,3130023,V5,0.5,0.0,0,0,0,[]
German Credit,corrupt_50,24,3130024,V6,0.5,0.0,1,1,0,"[[""personal_status""]]"
German Credit,corrupt_50,24,3130024,V5,0.5,0.0,0,0,0,[]
German Credit,corrupt_50,25,3130025,V6,0.5,0.0,0,0,0,[]
German Credit,corrupt_50,25,3130025,V5,0.5,0.0,0,0,0,[]
German Credit,corrupt_50,26,3130026,V6,0.5,0.0,0,0,0,[]
German Credit,corrupt_50,26,3130026,V5,0.5,0.0,0,0,0,[]
German Credit,corrupt_50,27,3130027,V6,0.5,0.0,0,0,0,[]
German Credit,corrupt_50,27,3130027,V5,0.5,0.0,0,0,0,[]
German Credit,corrupt_50,28,3130028,V6,0.5,0.0,0,0,0,[]
German Credit,corrupt_50,28,3130028,V5,0.5,0.0,0,0,0,[]
German Credit,corrupt_50,29,3130029,V6,0.5,0.0,0,0,0,[]
German Credit,corrupt_50,29,3130029,V5,0.5,0.0,0,0,0,[]
German Credit,corrupt_50,30,3130030,V6,0.5,0.0,0,0,0,[]
German Credit,corrupt_50,30,3130030,V5,0.5,0.0,0,0,0,[]
German Credit,corrupt_50,31,3130031,V6,0.5,0.0,0,0,0,[]
German Credit,corrupt_50,31,3130031,V5,0.5,0.0,0,0,0,[]
German Credit,corrupt_50,32,3130032,V6,0.5,0.0,1,1,0,"[[""personal_status""]]"
German Credit,corrupt_50,32,3130032,V5,0.5,0.0,0,0,0,[]
German Credit,corrupt_50,33,3130033,V6,0.5,0.0,1,1,0,"[[""personal_status""]]"
German Credit,corrupt_50,33,3130033,V5,0.5,0.0,0,0,0,[]
German Credit,corrupt_50,34,3130034,V6,0.5,0.0,1,1,0,"[[""personal_status""]]"
German Credit,corrupt_50,34,3130034,V5,0.5,0.0,0,0,0,[]
German Credit,corrupt_50,35,3130035,V6,0.5,0.0,0,0,0,[]
German Credit,corrupt_50,35,3130035,V5,0.5,0.0,0,0,0,[]
German Credit,corrupt_50,36,3130036,V6,0.5,0.0,1,1,0,"[[""personal_status""]]"
German Credit,corrupt_50,36,3130036,V5,0.5,0.0,0,0,0,[]
German Credit,corrupt_50,37,3130037,V6,0.5,0.0,0,0,0,[]
German Credit,corrupt_50,37,3130037,V5,0.5,0.0,0,0,0,[]
German Credit,corrupt_50,38,3130038,V6,0.5,0.0,0,0,0,[]
German Credit,corrupt_50,38,3130038,V5,0.5,0.0,0,0,0,[]
German Credit,corrupt_50,39,3130039,V6,0.5,0.0,1,1,0,"[[""personal_status""]]"
German Credit,corrupt_50,39,3130039,V5,0.5,0.0,0,0,0,[]
German Credit,corrupt_50,40,3130040,V6,0.5,0.0,0,0,0,[]
German Credit,corrupt_50,40,3130040,V5,0.5,0.0,0,0,0,[]
German Credit,corrupt_50,41,3130041,V6,0.5,0.0,0,0,0,[]
German Credit,corrupt_50,41,3130041,V5,0.5,0.0,0,0,0,[]
German Credit,corrupt_50,42,3130042,V6,0.5,0.0,0,0,0,[]
German Credit,corrupt_50,42,3130042,V5,0.5,0.0,0,0,0,[]
German Credit,corrupt_50,43,3130043,V6,0.5,0.0,0,0,0,[]
German Credit,corrupt_50,43,3130043,V5,0.5,0.0,0,0,0,[]
German Credit,corrupt_50,44,3130044,V6,0.5,0.0,0,0,0,[]
German Credit,corrupt_50,44,3130044,V5,0.5,0.0,0,0,0,[]
German Credit,corrupt_50,45,3130045,V6,0.5,0.0,1,1,0,"[[""personal_status""]]"
German Credit,corrupt_50,45,3130045,V5,0.5,0.0,0,0,0,[]
German Credit,corrupt_50,46,3130046,V6,0.5,0.0,1,1,0,"[[""personal_status""]]"
German Credit,corrupt_50,46,3130046,V5,0.5,0.0,0,0,0,[]
German Credit,corrupt_50,47,3130047,V6,0.5,0.0,0,0,0,[]
German Credit,corrupt_50,47,3130047,V5,0.5,0.0,0,0,0,[]
German Credit,corrupt_50,48,3130048,V6,0.5,0.0,0,0,0,[]
German Credit,corrupt_50,48,3130048,V5,0.5,0.0,0,0,0,[]
German Credit,corrupt_50,49,3130049,V6,0.5,0.0,1,1,0,"[[""personal_status""]]"
German Credit,corrupt_50,49,3130049,V5,0.5,0.0,0,0,0,[]
German Credit,corrupt_50,50,3130050,V6,0.5,0.0,0,0,0,[]
German Credit,corrupt_50,50,3130050,V5,0.5,0.0,0,0,0,[]
German Credit,corrupt_50,51,3130051,V6,0.5,0.0,1,1,0,"[[""personal_status""]]"
German Credit,corrupt_50,51,3130051,V5,0.5,0.0,0,0,0,[]
German Credit,corrupt_50,52,3130052,V6,0.5,0.0,0,0,0,[]
German Credit,corrupt_50,52,3130052,V5,0.5,0.0,0,0,0,[]
German Credit,corrupt_50,53,3130053,V6,0.5,0.0,1,1,1,"[[""personal_status""], [""property""]]"
German Credit,corrupt_50,53,3130053,V5,0.5,0.0,0,0,0,[]
German Credit,corrupt_50,54,3130054,V6,0.5,0.0,1,1,0,"[[""personal_status""]]"
German Credit,corrupt_50,54,3130054,V5,0.5,0.0,0,0,0,[]
German Credit,corrupt_50,55,3130055,V6,0.5,0.0,0,0,0,[]
German Credit,corrupt_50,55,3130055,V5,0.5,0.0,0,0,0,[]
German Credit,corrupt_50,56,3130056,V6,0.5,0.0,0,0,0,[]
German Credit,corrupt_50,56,3130056,V5,0.5,0.0,0,0,0,[]
German Credit,corrupt_50,57,3130057,V6,0.5,0.0,0,0,0,[]
German Credit,corrupt_50,57,3130057,V5,0.5,0.0,0,0,0,[]
German Credit,corrupt_50,58,3130058,V6,0.5,0.0,1,1,0,"[[""personal_status""]]"
German Credit,corrupt_50,58,3130058,V5,0.5,0.0,0,0,0,[]
German Credit,corrupt_50,59,3130059,V6,0.5,0.0,0,0,0,[]
German Credit,corrupt_50,59,3130059,V5,0.5,0.0,0,0,0,[]
German Credit,corrupt_50,60,3130060,V6,0.5,0.0,0,0,0,[]
German Credit,corrupt_50,60,3130060,V5,0.5,0.0,0,0,0,[]
German Credit,corrupt_50,61,3130061,V6,0.5,0.0,1,1,0,"[[""personal_status""]]"
German Credit,corrupt_50,61,3130061,V5,0.5,0.0,0,0,0,[]
German Credit,corrupt_50,62,3130062,V6,0.5,0.0,1,1,0,"[[""personal_status""]]"
German Credit,corrupt_50,62,3130062,V5,0.5,0.0,0,0,0,[]
German Credit,corrupt_50,63,3130063,V6,0.5,0.0,0,0,0,[]
German Credit,corrupt_50,63,3130063,V5,0.5,0.0,0,0,0,[]
German Credit,corrupt_50,64,3130064,V6,0.5,0.0,0,0,0,[]
German Credit,corrupt_50,64,3130064,V5,0.5,0.0,0,0,0,[]
German Credit,corrupt_50,65,3130065,V6,0.5,0.0,0,0,0,[]
German Credit,corrupt_50,65,3130065,V5,0.5,0.0,0,0,0,[]
German Credit,corrupt_50,66,3130066,V6,0.5,0.0,0,0,0,[]
German Credit,corrupt_50,66,3130066,V5,0.5,0.0,0,0,0,[]
German Credit,corrupt_50,67,3130067,V6,0.5,0.0,1,1,0,"[[""personal_status""]]"
German Credit,corrupt_50,67,3130067,V5,0.5,0.0,0,0,0,[]
German Credit,corrupt_50,68,3130068,V6,0.5,0.0,1,1,0,"[[""personal_status""]]"
German Credit,corrupt_50,68,3130068,V5,0.5,0.0,0,0,0,[]
German Credit,corrupt_50,69,3130069,V6,0.5,0.0,0,0,0,[]
German Credit,corrupt_50,69,3130069,V5,0.5,0.0,0,0,0,[]
German Credit,corrupt_50,70,3130070,V6,0.5,0.0,0,0,0,[]
German Credit,corrupt_50,70,3130070,V5,0.5,0.0,0,0,0,[]
German Credit,corrupt_50,71,3130071,V6,0.5,0.0,0,0,0,[]
German Credit,corrupt_50,71,3130071,V5,0.5,0.0,0,0,0,[]
German Credit,corrupt_50,72,3130072,V6,0.5,0.0,0,0,0,[]
German Credit,corrupt_50,72,3130072,V5,0.5,0.0,0,0,0,[]
German Credit,corrupt_50,73,3130073,V6,0.5,0.0,0,0,0,[]
German Credit,corrupt_50,73,3130073,V5,0.5,0.0,0,0,0,[]
German Credit,corrupt_50,74,3130074,V6,0.5,0.0,0,0,0,[]
German Credit,corrupt_50,74,3130074,V5,0.5,0.0,0,0,0,[]
German Credit,corrupt_50,75,3130075,V6,0.5,0.0,0,0,0,[]
German Credit,corrupt_50,75,3130075,V5,0.5,0.0,0,0,0,[]
German Credit,corrupt_50,76,3130076,V6,0.5,0.0,1,1,0,"[[""personal_status""]]"
German Credit,corrupt_50,76,3130076,V5,0.5,0.0,0,0,0,[]
German Credit,corrupt_50,77,3130077,V6,0.5,0.0,1,1,0,"[[""personal_status""]]"
German Credit,corrupt_50,77,3130077,V5,0.5,0.0,0,0,0,[]
German Credit,corrupt_50,78,3130078,V6,0.5,0.0,1,1,0,"[[""personal_status""]]"
German Credit,corrupt_50,78,3130078,V5,0.5,0.0,0,0,0,[]
German Credit,corrupt_50,79,3130079,V6,0.5,0.0,0,0,0,[]
German Credit,corrupt_50,79,3130079,V5,0.5,0.0,0,0,0,[]
German Credit,corrupt_50,80,3130080,V6,0.5,0.0,0,0,0,[]
German Credit,corrupt_50,80,3130080,V5,0.5,0.0,0,0,0,[]
German Credit,corrupt_50,81,3130081,V6,0.5,0.0,0,0,0,[]
German Credit,corrupt_50,81,3130081,V5,0.5,0.0,0,0,0,[]
German Credit,corrupt_50,82,3130082,V6,0.5,0.0,1,1,0,"[[""personal_status""]]"
German Credit,corrupt_50,82,3130082,V5,0.5,0.0,0,0,0,[]
German Credit,corrupt_50,83,3130083,V6,0.5,0.0,1,1,0,"[[""personal_status""]]"
German Credit,corrupt_50,83,3130083,V5,0.5,0.0,0,0,0,[]
German Credit,corrupt_50,84,3130084,V6,0.5,0.0,1,1,0,"[[""personal_status""]]"
German Credit,corrupt_50,84,3130084,V5,0.5,0.0,0,0,0,[]
German Credit,corrupt_50,85,3130085,V6,0.5,0.0,0,0,0,[]
German Credit,corrupt_50,85,3130085,V5,0.5,0.0,0,0,0,[]
German Credit,corrupt_50,86,3130086,V6,0.5,0.0,1,1,0,"[[""personal_status""]]"
German Credit,corrupt_50,86,3130086,V5,0.5,0.0,0,0,0,[]
German Credit,corrupt_50,87,3130087,V6,0.5,0.0,0,0,0,[]
German Credit,corrupt_50,87,3130087,V5,0.5,0.0,0,0,0,[]
German Credit,corrupt_50,88,3130088,V6,0.5,0.0,0,0,0,[]
German Credit,corrupt_50,88,3130088,V5,0.5,0.0,0,0,0,[]
German Credit,corrupt_50,89,3130089,V6,0.5,0.0,1,1,0,"[[""personal_status""]]"
German Credit,corrupt_50,89,3130089,V5,0.5,0.0,0,0,0,[]
German Credit,corrupt_50,90,3130090,V6,0.5,0.0,0,0,0,[]
German Credit,corrupt_50,90,3130090,V5,0.5,0.0,0,0,0,[]
German Credit,corrupt_50,91,3130091,V6,0.5,0.0,0,0,0,[]
German Credit,corrupt_50,91,3130091,V5,0.5,0.0,0,0,0,[]
German Credit,corrupt_50,92,3130092,V6,0.5,0.0,1,1,0,"[[""personal_status""]]"
German Credit,corrupt_50,92,3130092,V5,0.5,0.0,0,0,0,[]
German Credit,corrupt_50,93,3130093,V6,0.5,0.0,0,0,0,[]
German Credit,corrupt_50,93,3130093,V5,0.5,0.0,0,0,0,[]
German Credit,corrupt_50,94,3130094,V6,0.5,0.0,1,1,0,"[[""personal_status""]]"
German Credit,corrupt_50,94,3130094,V5,0.5,0.0,0,0,0,[]
German Credit,corrupt_50,95,3130095,V6,0.5,0.0,0,0,0,[]
German Credit,corrupt_50,95,3130095,V5,0.5,0.0,0,0,0,[]
German Credit,corrupt_50,96,3130096,V6,0.5,0.0,0,0,0,[]
German Credit,corrupt_50,96,3130096,V5,0.5,0.0,0,0,0,[]
German Credit,corrupt_50,97,3130097,V6,0.5,0.0,0,0,0,[]
German Credit,corrupt_50,97,3130097,V5,0.5,0.0,0,0,0,[]
German Credit,corrupt_50,98,3130098,V6,0.5,0.0,1,1,0,"[[""personal_status""]]"
German Credit,corrupt_50,98,3130098,V5,0.5,0.0,0,0,0,[]
German Credit,corrupt_50,99,3130099,V6,0.5,0.0,1,1,0,"[[""personal_status""]]"
German Credit,corrupt_50,99,3130099,V5,0.5,0.0,0,0,0,[]
German Credit,corrupt_50,100,3130100,V6,0.5,0.0,0,0,0,[]
German Credit,corrupt_50,100,3130100,V5,0.5,0.0,0,0,0,[]
German Credit,corrupt_50,101,3130101,V6,0.5,0.0,1,1,0,"[[""personal_status""]]"
German Credit,corrupt_50,101,3130101,V5,0.5,0.0,0,0,0,[]
German Credit,corrupt_50,102,3130102,V6,0.5,0.0,0,0,0,[]
German Credit,corrupt_50,102,3130102,V5,0.5,0.0,0,0,0,[]
German Credit,corrupt_50,103,3130103,V6,0.5,0.0,0,0,0,[]
German Credit,corrupt_50,103,3130103,V5,0.5,0.0,0,0,0,[]
German Credit,corrupt_50,104,3130104,V6,0.5,0.0,1,1,0,"[[""personal_status""]]"
German Credit,corrupt_50,104,3130104,V5,0.5,0.0,0,0,0,[]
German Credit,corrupt_50,105,3130105,V6,0.5,0.0,1,1,0,"[[""personal_status""]]"
German Credit,corrupt_50,105,3130105,V5,0.5,0.0,0,0,0,[]
German Credit,corrupt_50,106,3130106,V6,0.5,0.0,0,0,0,[]
German Credit,corrupt_50,106,3130106,V5,0.5,0.0,0,0,0,[]
German Credit,corrupt_50,107,3130107,V6,0.5,0.0,1,1,0,"[[""personal_status""]]"
German Credit,corrupt_50,107,3130107,V5,0.5,0.0,0,0,0,[]
German Credit,corrupt_50,108,3130108,V6,0.5,0.0,0,0,0,[]
German Credit,corrupt_50,108,3130108,V5,0.5,0.0,0,0,0,[]
German Credit,corrupt_50,109,3130109,V6,0.5,0.0,0,0,0,[]
German Credit,corrupt_50,109,3130109,V5,0.5,0.0,0,0,0,[]
German Credit,corrupt_50,110,3130110,V6,0.5,0.0,0,0,0,[]
German Credit,corrupt_50,110,3130110,V5,0.5,0.0,0,0,0,[]
German Credit,corrupt_50,111,3130111,V6,0.5,0.0,0,0,0,[]
German Credit,corrupt_50,111,3130111,V5,0.5,0.0,0,0,0,[]
German Credit,corrupt_50,112,3130112,V6,0.5,0.0,0,0,0,[]
German Credit,corrupt_50,112,3130112,V5,0.5,0.0,0,0,0,[]
German Credit,corrupt_50,113,3130113,V6,0.5,0.0,0,0,0,[]
German Credit,corrupt_50,113,3130113,V5,0.5,0.0,0,0,0,[]
German Credit,corrupt_50,114,3130114,V6,0.5,0.0,0,0,0,[]
German Credit,corrupt_50,114,3130114,V5,0.5,0.0,0,0,0,[]
German Credit,corrupt_50,115,3130115,V6,0.5,0.0,0,0,0,[]
German Credit,corrupt_50,115,3130115,V5,0.5,0.0,0,0,0,[]
German Credit,corrupt_50,116,3130116,V6,0.5,0.0,0,0,0,[]
German Credit,corrupt_50,116,3130116,V5,0.5,0.0,0,0,0,[]
German Credit,corrupt_50,117,3130117,V6,0.5,0.0,0,0,0,[]
German Credit,corrupt_50,117,3130117,V5,0.5,0.0,0,0,0,[]
German Credit,corrupt_50,118,3130118,V6,0.5,0.0,0,0,0,[]
German Credit,corrupt_50,118,3130118,V5,0.5,0.0,0,0,0,[]
German Credit,corrupt_50,119,3130119,V6,0.5,0.0,1,1,0,"[[""personal_status""]]"
German Credit,corrupt_50,119,3130119,V5,0.5,0.0,0,0,0,[]
German Credit,corrupt_50,120,3130120,V6,0.5,0.0,0,0,0,[]
German Credit,corrupt_50,120,3130120,V5,0.5,0.0,0,0,0,[]
German Credit,corrupt_50,121,3130121,V6,0.5,0.0,0,0,0,[]
German Credit,corrupt_50,121,3130121,V5,0.5,0.0,0,0,0,[]
German Credit,corrupt_50,122,3130122,V6,0.5,0.0,0,0,0,[]
German Credit,corrupt_50,122,3130122,V5,0.5,0.0,0,0,0,[]
German Credit,corrupt_50,123,3130123,V6,0.5,0.0,0,0,0,[]
German Credit,corrupt_50,123,3130123,V5,0.5,0.0,0,0,0,[]
German Credit,corrupt_50,124,3130124,V6,0.5,0.0,0,0,0,[]
German Credit,corrupt_50,124,3130124,V5,0.5,0.0,0,0,0,[]
German Credit,corrupt_50,125,3130125,V6,0.5,0.0,1,1,0,"[[""personal_status""]]"
German Credit,corrupt_50,125,3130125,V5,0.5,0.0,0,0,0,[]
German Credit,corrupt_50,126,3130126,V6,0.5,0.0,0,0,0,[]
German Credit,corrupt_50,126,3130126,V5,0.5,0.0,0,0,0,[]
German Credit,corrupt_50,127,3130127,V6,0.5,0.0,0,0,0,[]
German Credit,corrupt_50,127,3130127,V5,0.5,0.0,0,0,0,[]
German Credit,corrupt_50,128,3130128,V6,0.5,0.0,1,1,0,"[[""personal_status""]]"
German Credit,corrupt_50,128,3130128,V5,0.5,0.0,0,0,0,[]
German Credit,corrupt_50,129,3130129,V6,0.5,0.0,0,0,0,[]
German Credit,corrupt_50,129,3130129,V5,0.5,0.0,0,0,0,[]
German Credit,corrupt_50,130,3130130,V6,0.5,0.0,1,1,0,"[[""personal_status""]]"
German Credit,corrupt_50,130,3130130,V5,0.5,0.0,0,0,0,[]
German Credit,corrupt_50,131,3130131,V6,0.5,0.0,0,0,0,[]
German Credit,corrupt_50,131,3130131,V5,0.5,0.0,0,0,0,[]
German Credit,corrupt_50,132,3130132,V6,0.5,0.0,0,0,0,[]
German Credit,corrupt_50,132,3130132,V5,0.5,0.0,0,0,0,[]
German Credit,corrupt_50,133,3130133,V6,0.5,0.0,0,0,0,[]
German Credit,corrupt_50,133,3130133,V5,0.5,0.0,0,0,0,[]
German Credit,corrupt_50,134,3130134,V6,0.5,0.0,1,1,0,"[[""personal_status""]]"
German Credit,corrupt_50,134,3130134,V5,0.5,0.0,0,0,0,[]
German Credit,corrupt_50,135,3130135,V6,0.5,0.0,0,0,0,[]
German Credit,corrupt_50,135,3130135,V5,0.5,0.0,0,0,0,[]
German Credit,corrupt_50,136,3130136,V6,0.5,0.0,1,1,0,"[[""personal_status""]]"
German Credit,corrupt_50,136,3130136,V5,0.5,0.0,0,0,0,[]
German Credit,corrupt_50,137,3130137,V6,0.5,0.0,0,0,0,[]
German Credit,corrupt_50,137,3130137,V5,0.5,0.0,0,0,0,[]
German Credit,corrupt_50,138,3130138,V6,0.5,0.0,0,0,0,[]
German Credit,corrupt_50,138,3130138,V5,0.5,0.0,0,0,0,[]
German Credit,corrupt_50,139,3130139,V6,0.5,0.0,0,0,0,[]
German Credit,corrupt_50,139,3130139,V5,0.5,0.0,0,0,0,[]
German Credit,corrupt_50,140,3130140,V6,0.5,0.0,1,1,0,"[[""personal_status""]]"
German Credit,corrupt_50,140,3130140,V5,0.5,0.0,0,0,0,[]
German Credit,corrupt_50,141,3130141,V6,0.5,0.0,0,0,0,[]
German Credit,corrupt_50,141,3130141,V5,0.5,0.0,0,0,0,[]
German Credit,corrupt_50,142,3130142,V6,0.5,0.0,1,1,0,"[[""personal_status""]]"
German Credit,corrupt_50,142,3130142,V5,0.5,0.0,0,0,0,[]
German Credit,corrupt_50,143,3130143,V6,0.5,0.0,0,0,0,[]
German Credit,corrupt_50,143,3130143,V5,0.5,0.0,0,0,0,[]
German Credit,corrupt_50,144,3130144,V6,0.5,0.0,1,1,0,"[[""personal_status""]]"
German Credit,corrupt_50,144,3130144,V5,0.5,0.0,0,0,0,[]
German Credit,corrupt_50,145,3130145,V6,0.5,0.0,1,1,0,"[[""personal_status""]]"
German Credit,corrupt_50,145,3130145,V5,0.5,0.0,0,0,0,[]
German Credit,corrupt_50,146,3130146,V6,0.5,0.0,1,1,0,"[[""personal_status""]]"
German Credit,corrupt_50,146,3130146,V5,0.5,0.0,0,0,0,[]
German Credit,corrupt_50,147,3130147,V6,0.5,0.0,0,0,0,[]
German Credit,corrupt_50,147,3130147,V5,0.5,0.0,0,0,0,[]
German Credit,corrupt_50,148,3130148,V6,0.5,0.0,1,1,0,"[[""personal_status""]]"
German Credit,corrupt_50,148,3130148,V5,0.5,0.0,0,0,0,[]
German Credit,corrupt_50,149,3130149,V6,0.5,0.0,1,1,0,"[[""personal_status""]]"
German Credit,corrupt_50,149,3130149,V5,0.5,0.0,0,0,0,[]
German Credit,corrupt_50,150,3130150,V6,0.5,0.0,0,0,0,[]
German Credit,corrupt_50,150,3130150,V5,0.5,0.0,0,0,0,[]
German Credit,corrupt_50,151,3130151,V6,0.5,0.0,0,0,0,[]
German Credit,corrupt_50,151,3130151,V5,0.5,0.0,0,0,0,[]
German Credit,corrupt_50,152,3130152,V6,0.5,0.0,0,0,0,[]
German Credit,corrupt_50,152,3130152,V5,0.5,0.0,0,0,0,[]
German Credit,corrupt_50,153,3130153,V6,0.5,0.0,0,0,0,[]
German Credit,corrupt_50,153,3130153,V5,0.5,0.0,0,0,0,[]
German Credit,corrupt_50,154,3130154,V6,0.5,0.0,0,0,0,[]
German Credit,corrupt_50,154,3130154,V5,0.5,0.0,0,0,0,[]
German Credit,corrupt_50,155,3130155,V6,0.5,0.0,1,1,0,"[[""personal_status""]]"
German Credit,corrupt_50,155,3130155,V5,0.5,0.0,0,0,0,[]
German Credit,corrupt_50,156,3130156,V6,0.5,0.0,1,1,0,"[[""personal_status""]]"
German Credit,corrupt_50,156,3130156,V5,0.5,0.0,0,0,0,[]
German Credit,corrupt_50,157,3130157,V6,0.5,0.0,0,0,0,[]
German Credit,corrupt_50,157,3130157,V5,0.5,0.0,0,0,0,[]
German Credit,corrupt_50,158,3130158,V6,0.5,0.0,0,0,0,[]
German Credit,corrupt_50,158,3130158,V5,0.5,0.0,0,0,0,[]
German Credit,corrupt_50,159,3130159,V6,0.5,0.0,1,0,1,"[[""telephone""]]"
German Credit,corrupt_50,159,3130159,V5,0.5,0.0,0,0,0,[]
German Credit,corrupt_50,160,3130160,V6,0.5,0.0,0,0,0,[]
German Credit,corrupt_50,160,3130160,V5,0.5,0.0,0,0,0,[]
German Credit,corrupt_50,161,3130161,V6,0.5,0.0,1,1,0,"[[""personal_status""]]"
German Credit,corrupt_50,161,3130161,V5,0.5,0.0,0,0,0,[]
German Credit,corrupt_50,162,3130162,V6,0.5,0.0,0,0,0,[]
German Credit,corrupt_50,162,3130162,V5,0.5,0.0,0,0,0,[]
German Credit,corrupt_50,163,3130163,V6,0.5,0.0,1,1,0,"[[""personal_status""]]"
German Credit,corrupt_50,163,3130163,V5,0.5,0.0,0,0,0,[]
German Credit,corrupt_50,164,3130164,V6,0.5,0.0,0,0,0,[]
German Credit,corrupt_50,164,3130164,V5,0.5,0.0,0,0,0,[]
German Credit,corrupt_50,165,3130165,V6,0.5,0.0,1,1,0,"[[""personal_status""]]"
German Credit,corrupt_50,165,3130165,V5,0.5,0.0,0,0,0,[]
German Credit,corrupt_50,166,3130166,V6,0.5,0.0,0,0,0,[]
German Credit,corrupt_50,166,3130166,V5,0.5,0.0,0,0,0,[]
German Credit,corrupt_50,167,3130167,V6,0.5,0.0,1,1,0,"[[""personal_status""]]"
German Credit,corrupt_50,167,3130167,V5,0.5,0.0,0,0,0,[]
German Credit,corrupt_50,168,3130168,V6,0.5,0.0,0,0,0,[]
German Credit,corrupt_50,168,3130168,V5,0.5,0.0,0,0,0,[]
German Credit,corrupt_50,169,3130169,V6,0.5,0.0,1,1,0,"[[""personal_status""]]"
German Credit,corrupt_50,169,3130169,V5,0.5,0.0,0,0,0,[]
German Credit,corrupt_50,170,3130170,V6,0.5,0.0,0,0,0,[]
German Credit,corrupt_50,170,3130170,V5,0.5,0.0,0,0,0,[]
German Credit,corrupt_50,171,3130171,V6,0.5,0.0,1,1,0,"[[""personal_status""]]"
German Credit,corrupt_50,171,3130171,V5,0.5,0.0,0,0,0,[]
German Credit,corrupt_50,172,3130172,V6,0.5,0.0,0,0,0,[]
German Credit,corrupt_50,172,3130172,V5,0.5,0.0,0,0,0,[]
German Credit,corrupt_50,173,3130173,V6,0.5,0.0,1,1,0,"[[""personal_status""]]"
German Credit,corrupt_50,173,3130173,V5,0.5,0.0,0,0,0,[]
German Credit,corrupt_50,174,3130174,V6,0.5,0.0,1,1,0,"[[""personal_status""]]"
German Credit,corrupt_50,174,3130174,V5,0.5,0.0,0,0,0,[]
German Credit,corrupt_50,175,3130175,V6,0.5,0.0,1,1,0,"[[""personal_status""]]"
German Credit,corrupt_50,175,3130175,V5,0.5,0.0,0,0,0,[]
German Credit,corrupt_50,176,3130176,V6,0.5,0.0,0,0,0,[]
German Credit,corrupt_50,176,3130176,V5,0.5,0.0,0,0,0,[]
German Credit,corrupt_50,177,3130177,V6,0.5,0.0,0,0,0,[]
German Credit,corrupt_50,177,3130177,V5,0.5,0.0,0,0,0,[]
German Credit,corrupt_50,178,3130178,V6,0.5,0.0,1,1,0,"[[""personal_status""]]"
German Credit,corrupt_50,178,3130178,V5,0.5,0.0,0,0,0,[]
German Credit,corrupt_50,179,3130179,V6,0.5,0.0,0,0,0,[]
German Credit,corrupt_50,179,3130179,V5,0.5,0.0,0,0,0,[]
German Credit,corrupt_50,180,3130180,V6,0.5,0.0,0,0,0,[]
German Credit,corrupt_50,180,3130180,V5,0.5,0.0,0,0,0,[]
German Credit,corrupt_50,181,3130181,V6,0.5,0.0,0,0,0,[]
German Credit,corrupt_50,181,3130181,V5,0.5,0.0,0,0,0,[]
German Credit,corrupt_50,182,3130182,V6,0.5,0.0,1,1,0,"[[""personal_status""]]"
German Credit,corrupt_50,182,3130182,V5,0.5,0.0,0,0,0,[]
German Credit,corrupt_50,183,3130183,V6,0.5,0.0,0,0,0,[]
German Credit,corrupt_50,183,3130183,V5,0.5,0.0,0,0,0,[]
German Credit,corrupt_50,184,3130184,V6,0.5,0.0,1,1,0,"[[""personal_status""]]"
German Credit,corrupt_50,184,3130184,V5,0.5,0.0,0,0,0,[]
German Credit,corrupt_50,185,3130185,V6,0.5,0.0,0,0,0,[]
German Credit,corrupt_50,185,3130185,V5,0.5,0.0,0,0,0,[]
German Credit,corrupt_50,186,3130186,V6,0.5,0.0,0,0,0,[]
German Credit,corrupt_50,186,3130186,V5,0.5,0.0,0,0,0,[]
German Credit,corrupt_50,187,3130187,V6,0.5,0.0,0,0,0,[]
German Credit,corrupt_50,187,3130187,V5,0.5,0.0,0,0,0,[]
German Credit,corrupt_50,188,3130188,V6,0.5,0.0,0,0,0,[]
German Credit,corrupt_50,188,3130188,V5,0.5,0.0,0,0,0,[]
German Credit,corrupt_50,189,3130189,V6,0.5,0.0,0,0,0,[]
German Credit,corrupt_50,189,3130189,V5,0.5,0.0,0,0,0,[]
German Credit,corrupt_50,190,3130190,V6,0.5,0.0,1,1,0,"[[""personal_status""]]"
German Credit,corrupt_50,190,3130190,V5,0.5,0.0,0,0,0,[]
German Credit,corrupt_50,191,3130191,V6,0.5,0.0,1,1,0,"[[""personal_status""]]"
German Credit,corrupt_50,191,3130191,V5,0.5,0.0,0,0,0,[]
German Credit,corrupt_50,192,3130192,V6,0.5,0.0,0,0,0,[]
German Credit,corrupt_50,192,3130192,V5,0.5,0.0,0,0,0,[]
German Credit,corrupt_50,193,3130193,V6,0.5,0.0,1,1,0,"[[""personal_status""]]"
German Credit,corrupt_50,193,3130193,V5,0.5,0.0,0,0,0,[]
German Credit,corrupt_50,194,3130194,V6,0.5,0.0,0,0,0,[]
German Credit,corrupt_50,194,3130194,V5,0.5,0.0,0,0,0,[]
German Credit,corrupt_50,195,3130195,V6,0.5,0.0,0,0,0,[]
German Credit,corrupt_50,195,3130195,V5,0.5,0.0,0,0,0,[]
German Credit,corrupt_50,196,3130196,V6,0.5,0.0,0,0,0,[]
German Credit,corrupt_50,196,3130196,V5,0.5,0.0,0,0,0,[]
German Credit,corrupt_50,197,3130197,V6,0.5,0.0,0,0,0,[]
German Credit,corrupt_50,197,3130197,V5,0.5,0.0,0,0,0,[]
German Credit,corrupt_50,198,3130198,V6,0.5,0.0,0,0,0,[]
German Credit,corrupt_50,198,3130198,V5,0.5,0.0,0,0,0,[]
German Credit,corrupt_50,199,3130199,V6,0.5,0.0,0,0,0,[]
German Credit,corrupt_50,199,3130199,V5,0.5,0.0,0,0,0,[]
