dataset,condition,rep,seed,method,alarm,selected
COMPAS,clean,0,5000000,V6,0,[]
COMPAS,clean,0,5000000,V5,0,[]
COMPAS,clean,1,5000001,V6,0,[]
COMPAS,clean,1,5000001,V5,0,[]
COMPAS,clean,2,5000002,V6,0,[]
COMPAS,clean,2,5000002,V5,0,[]
COMPAS,clean,3,5000003,V6,0,[]
COMPAS,clean,3,5000003,V5,0,[]
COMPAS,clean,4,5000004,V6,0,[]
COMPAS,clean,4,5000004,V5,0,[]
COMPAS,clean,5,5000005,V6,0,[]
COMPAS,clean,5,5000005,V5,0,[]
COMPAS,clean,6,5000006,V6,0,[]
COMPAS,clean,6,5000006,V5,0,[]
COMPAS,clean,7,5000007,V6,0,[]
COMPAS,clean,7,5000007,V5,0,[]
COMPAS,clean,8,5000008,V6,0,[]
COMPAS,clean,8,5000008,V5,0,[]
COMPAS,clean,9,5000009,V6,0,[]
COMPAS,clean,9,5000009,V5,0,[]
COMPAS,clean,10,5000010,V6,0,[]
COMPAS,clean,10,5000010,V5,0,[]
COMPAS,clean,11,5000011,V6,0,[]
COMPAS,clean,11,5000011,V5,0,[]
COMPAS,clean,12,5000012,V6,0,[]
COMPAS,clean,12,5000012,V5,0,[]
COMPAS,clean,13,5000013,V6,0,[]
COMPAS,clean,13,5000013,V5,0,[]
COMPAS,clean,14,5000014,V6,0,[]
COMPAS,clean,14,5000014,V5,0,[]
COMPAS,clean,15,5000015,V6,0,[]
COMPAS,clean,15,5000015,V5,0,[]
COMPAS,clean,16,5000016,V6,0,[]
COMPAS,clean,16,5000016,V5,0,[]
COMPAS,clean,17,5000017,V6,0,[]
COMPAS,clean,17,5000017,V5,0,[]
COMPAS,clean,18,5000018,V6,0,[]
COMPAS,clean,18,5000018,V5,0,[]
COMPAS,clean,19,5000019,V6,0,[]
COMPAS,clean,19,5000019,V5,0,[]
COMPAS,clean,20,5000020,V6,0,[]
COMPAS,clean,20,5000020,V5,0,[]
COMPAS,clean,21,5000021,V6,0,[]
COMPAS,clean,21,5000021,V5,0,[]
COMPAS,clean,22,5000022,V6,0,[]
COMPAS,clean,22,5000022,V5,0,[]
COMPAS,clean,23,5000023,V6,0,[]
COMPAS,clean,23,5000023,V5,0,[]
COMPAS,clean,24,5000024,V6,0,[]
COMPAS,clean,24,5000024,V5,0,[]
COMPAS,clean,25,5000025,V6,0,[]
COMPAS,clean,25,5000025,V5,0,[]
COMPAS,clean,26,5000026,V6,0,[]
COMPAS,clean,26,5000026,V5,0,[]
COMPAS,clean,27,5000027,V6,0,[]
COMPAS,clean,27,5000027,V5,0,[]
COMPAS,clean,28,5000028,V6,0,[]
COMPAS,clean,28,5000028,V5,0,[]
COMPAS,clean,29,5000029,V6,0,[]
COMPAS,clean,29,5000029,V5,0,[]
COMPAS,clean,30,5000030,V6,0,[]
COMPAS,clean,30,5000030,V5,0,[]
COMPAS,clean,31,5000031,V6,0,[]
COMPAS,clean,31,5000031,V5,0,[]
COMPAS,clean,32,5000032,V6,0,[]
COMPAS,clean,32,5000032,V5,0,[]
COMPAS,clean,33,5000033,V6,0,[]
COMPAS,clean,33,5000033,V5,0,[]
COMPAS,clean,34,5000034,V6,0,[]
COMPAS,clean,34,5000034,V5,0,[]
COMPAS,clean,35,5000035,V6,0,[]
COMPAS,clean,35,5000035,V5,0,[]
COMPAS,clean,36,5000036,V6,0,[]
COMPAS,clean,36,5000036,V5,0,[]
COMPAS,clean,37,5000037,V6,0,[]
COMPAS,clean,37,5000037,V5,0,[]
COMPAS,clean,38,5000038,V6,0,[]
COMPAS,clean,38,5000038,V5,0,[]
COMPAS,clean,39,5000039,V6,0,[]
COMPAS,clean,39,5000039,V5,0,[]
COMPAS,clean,40,5000040,V6,0,[]
COMPAS,clean,40,5000040,V5,0,[]
COMPAS,clean,41,5000041,V6,0,[]
COMPAS,clean,41,5000041,V5,0,[]
COMPAS,clean,42,5000042,V6,0,[]
COMPAS,clean,42,5000042,V5,0,[]
COMPAS,clean,43,5000043,V6,0,[]
COMPAS,clean,43,5000043,V5,0,[]
COMPAS,clean,44,5000044,V6,0,[]
COMPAS,clean,44,5000044,V5,0,[]
COMPAS,clean,45,5000045,V6,0,[]
COMPAS,clean,45,5000045,V5,0,[]
COMPAS,clean,46,5000046,V6,0,[]
COMPAS,clean,46,5000046,V5,0,[]
COMPAS,clean,47,5000047,V6,0,[]
COMPAS,clean,47,5000047,V5,0,[]
COMPAS,clean,48,5000048,V6,0,[]
COMPAS,clean,48,5000048,V5,0,[]
COMPAS,clean,49,5000049,V6,0,[]
COMPAS,clean,49,5000049,V5,0,[]
COMPAS,clean,50,5000050,V6,0,[]
COMPAS,clean,50,5000050,V5,0,[]
COMPAS,clean,51,5000051,V6,0,[]
COMPAS,clean,51,5000051,V5,0,[]
COMPAS,clean,52,5000052,V6,0,[]
COMPAS,clean,52,5000052,V5,0,[]
COMPAS,clean,53,5000053,V6,0,[]
COMPAS,clean,53,5000053,V5,0,[]
COMPAS,clean,54,5000054,V6,0,[]
COMPAS,clean,54,5000054,V5,0,[]
COMPAS,clean,55,5000055,V6,0,[]
COMPAS,clean,55,5000055,V5,0,[]
COMPAS,clean,56,5000056,V6,0,[]
COMPAS,clean,56,5000056,V5,0,[]
COMPAS,clean,57,5000057,V6,0,[]
COMPAS,clean,57,5000057,V5,0,[]
COMPAS,clean,58,5000058,V6,0,[]
COMPAS,clean,58,5000058,V5,0,[]
COMPAS,clean,59,5000059,V6,0,[]
COMPAS,clean,59,5000059,V5,0,[]
COMPAS,clean,60,5000060,V6,0,[]
COMPAS,clean,60,5000060,V5,0,[]
COMPAS,clean,61,5000061,V6,0,[]
COMPAS,clean,61,5000061,V5,0,[]
COMPAS,clean,62,5000062,V6,0,[]
COMPAS,clean,62,5000062,V5,0,[]
COMPAS,clean,63,5000063,V6,1,"[[""c_charge_degree""]]"
COMPAS,clean,63,5000063,V5,1,"[[""c_charge_degree""]]"
COMPAS,clean,64,5000064,V6,0,[]
COMPAS,clean,64,5000064,V5,0,[]
COMPAS,clean,65,5000065,V6,0,[]
COMPAS,clean,65,5000065,V5,0,[]
COMPAS,clean,66,5000066,V6,0,[]
COMPAS,clean,66,5000066,V5,0,[]
COMPAS,clean,67,5000067,V6,0,[]
COMPAS,clean,67,5000067,V5,0,[]
COMPAS,clean,68,5000068,V6,0,[]
COMPAS,clean,68,5000068,V5,0,[]
COMPAS,clean,69,5000069,V6,0,[]
COMPAS,clean,69,5000069,V5,0,[]
COMPAS,clean,70,5000070,V6,0,[]
COMPAS,clean,70,5000070,V5,0,[]
COMPAS,clean,71,5000071,V6,0,[]
COMPAS,clean,71,5000071,V5,0,[]
COMPAS,clean,72,5000072,V6,0,[]
COMPAS,clean,72,5000072,V5,0,[]
COMPAS,clean,73,5000073,V6,0,[]
COMPAS,clean,73,5000073,V5,0,[]
COMPAS,clean,74,5000074,V6,0,[]
COMPAS,clean,74,5000074,V5,0,[]
COMPAS,clean,75,5000075,V6,0,[]
COMPAS,clean,75,5000075,V5,0,[]
COMPAS,clean,76,5000076,V6,0,[]
COMPAS,clean,76,5000076,V5,0,[]
COMPAS,clean,77,5000077,V6,0,[]
COMPAS,clean,77,5000077,V5,0,[]
COMPAS,clean,78,5000078,V6,0,[]
COMPAS,clean,78,5000078,V5,0,[]
COMPAS,clean,79,5000079,V6,0,[]
COMPAS,clean,79,5000079,V5,0,[]
COMPAS,clean,80,5000080,V6,0,[]
COMPAS,clean,80,5000080,V5,0,[]
COMPAS,clean,81,5000081,V6,0,[]
COMPAS,clean,81,5000081,V5,0,[]
COMPAS,clean,82,5000082,V6,0,[]
COMPAS,clean,82,5000082,V5,0,[]
COMPAS,clean,83,5000083,V6,0,[]
COMPAS,clean,83,5000083,V5,0,[]
COMPAS,clean,84,5000084,V6,0,[]
COMPAS,clean,84,5000084,V5,0,[]
COMPAS,clean,85,5000085,V6,0,[]
COMPAS,clean,85,5000085,V5,0,[]
COMPAS,clean,86,5000086,V6,0,[]
COMPAS,clean,86,5000086,V5,0,[]
COMPAS,clean,87,5000087,V6,0,[]
COMPAS,clean,87,5000087,V5,0,[]
COMPAS,clean,88,5000088,V6,0,[]
COMPAS,clean,88,5000088,V5,0,[]
COMPAS,clean,89,5000089,V6,0,[]
COMPAS,clean,89,5000089,V5,0,[]
COMPAS,clean,90,5000090,V6,0,[]
COMPAS,clean,90,5000090,V5,0,[]
COMPAS,clean,91,5000091,V6,0,[]
COMPAS,clean,91,5000091,V5,0,[]
COMPAS,clean,92,5000092,V6,0,[]
COMPAS,clean,92,5000092,V5,0,[]
COMPAS,clean,93,5000093,V6,0,[]
COMPAS,clean,93,5000093,V5,0,[]
COMPAS,clean,94,5000094,V6,0,[]
COMPAS,clean,94,5000094,V5,0,[]
COMPAS,clean,95,5000095,V6,0,[]
COMPAS,clean,95,5000095,V5,0,[]
COMPAS,clean,96,5000096,V6,0,[]
COMPAS,clean,96,5000096,V5,0,[]
COMPAS,clean,97,5000097,V6,0,[]
COMPAS,clean,97,5000097,V5,0,[]
COMPAS,clean,98,5000098,V6,0,[]
COMPAS,clean,98,5000098,V5,0,[]
COMPAS,clean,99,5000099,V6,0,[]
COMPAS,clean,99,5000099,V5,0,[]
COMPAS,clean,100,5000100,V6,0,[]
COMPAS,clean,100,5000100,V5,0,[]
COMPAS,clean,101,5000101,V6,0,[]
COMPAS,clean,101,5000101,V5,0,[]
COMPAS,clean,102,5000102,V6,0,[]
COMPAS,clean,102,5000102,V5,0,[]
COMPAS,clean,103,5000103,V6,0,[]
COMPAS,clean,103,5000103,V5,0,[]
COMPAS,clean,104,5000104,V6,0,[]
COMPAS,clean,104,5000104,V5,0,[]
COMPAS,clean,105,5000105,V6,0,[]
COMPAS,clean,105,5000105,V5,0,[]
COMPAS,clean,106,5000106,V6,0,[]
COMPAS,clean,106,5000106,V5,0,[]
COMPAS,clean,107,5000107,V6,0,[]
COMPAS,clean,107,5000107,V5,0,[]
COMPAS,clean,108,5000108,V6,0,[]
COMPAS,clean,108,5000108,V5,0,[]
COMPAS,clean,109,5000109,V6,0,[]
COMPAS,clean,109,5000109,V5,0,[]
COMPAS,clean,110,5000110,V6,0,[]
COMPAS,clean,110,5000110,V5,0,[]
COMPAS,clean,111,5000111,V6,0,[]
COMPAS,clean,111,5000111,V5,0,[]
COMPAS,clean,112,5000112,V6,0,[]
COMPAS,clean,112,5000112,V5,0,[]
COMPAS,clean,113,5000113,V6,0,[]
COMPAS,clean,113,5000113,V5,0,[]
COMPAS,clean,114,5000114,V6,0,[]
COMPAS,clean,114,5000114,V5,0,[]
COMPAS,clean,115,5000115,V6,0,[]
COMPAS,clean,115,5000115,V5,0,[]
COMPAS,clean,116,5000116,V6,0,[]
COMPAS,clean,116,5000116,V5,0,[]
COMPAS,clean,117,5000117,V6,0,[]
COMPAS,clean,117,5000117,V5,0,[]
COMPAS,clean,118,5000118,V6,0,[]
COMPAS,clean,118,5000118,V5,0,[]
COMPAS,clean,119,5000119,V6,0,[]
COMPAS,clean,119,5000119,V5,0,[]
COMPAS,clean,120,5000120,V6,0,[]
COMPAS,clean,120,5000120,V5,0,[]
COMPAS,clean,121,5000121,V6,0,[]
COMPAS,clean,121,5000121,V5,0,[]
COMPAS,clean,122,5000122,V6,0,[]
COMPAS,clean,122,5000122,V5,0,[]
COMPAS,clean,123,5000123,V6,0,[]
COMPAS,clean,123,5000123,V5,0,[]
COMPAS,clean,124,5000124,V6,0,[]
COMPAS,clean,124,5000124,V5,0,[]
COMPAS,clean,125,5000125,V6,1,"[[""age"", ""age_cat""]]"
COMPAS,clean,125,5000125,V5,0,[]
COMPAS,clean,126,5000126,V6,0,[]
COMPAS,clean,126,5000126,V5,0,[]
COMPAS,clean,127,5000127,V6,0,[]
COMPAS,clean,127,5000127,V5,0,[]
COMPAS,clean,128,5000128,V6,0,[]
COMPAS,clean,128,5000128,V5,0,[]
COMPAS,clean,129,5000129,V6,0,[]
COMPAS,clean,129,5000129,V5,0,[]
COMPAS,clean,130,5000130,V6,0,[]
COMPAS,clean,130,5000130,V5,0,[]
COMPAS,clean,131,5000131,V6,0,[]
COMPAS,clean,131,5000131,V5,1,"[[""c_charge_degree""]]"
COMPAS,clean,132,5000132,V6,0,[]
COMPAS,clean,132,5000132,V5,0,[]
COMPAS,clean,133,5000133,V6,1,"[[""sex""]]"
COMPAS,clean,133,5000133,V5,0,[]
COMPAS,clean,134,5000134,V6,0,[]
COMPAS,clean,134,5000134,V5,0,[]
COMPAS,clean,135,5000135,V6,0,[]
COMPAS,clean,135,5000135,V5,0,[]
COMPAS,clean,136,5000136,V6,0,[]
COMPAS,clean,136,5000136,V5,0,[]
COMPAS,clean,137,5000137,V6,0,[]
COMPAS,clean,137,5000137,V5,0,[]
COMPAS,clean,138,5000138,V6,0,[]
COMPAS,clean,138,5000138,V5,0,[]
COMPAS,clean,139,5000139,V6,0,[]
COMPAS,clean,139,5000139,V5,0,[]
COMPAS,clean,140,5000140,V6,0,[]
COMPAS,clean,140,5000140,V5,0,[]
COMPAS,clean,141,5000141,V6,0,[]
COMPAS,clean,141,5000141,V5,0,[]
COMPAS,clean,142,5000142,V6,0,[]
COMPAS,clean,142,5000142,V5,0,[]
COMPAS,clean,143,5000143,V6,0,[]
COMPAS,clean,143,5000143,V5,0,[]
COMPAS,clean,144,5000144,V6,0,[]
COMPAS,clean,144,5000144,V5,0,[]
COMPAS,clean,145,5000145,V6,0,[]
COMPAS,clean,145,5000145,V5,0,[]
COMPAS,clean,146,5000146,V6,0,[]
COMPAS,clean,146,5000146,V5,0,[]
COMPAS,clean,147,5000147,V6,0,[]
COMPAS,clean,147,5000147,V5,0,[]
COMPAS,clean,148,5000148,V6,0,[]
COMPAS,clean,148,5000148,V5,0,[]
COMPAS,clean,149,5000149,V6,0,[]
COMPAS,clean,149,5000149,V5,0,[]
COMPAS,clean,150,5000150,V6,0,[]
COMPAS,clean,150,5000150,V5,0,[]
COMPAS,clean,151,5000151,V6,0,[]
COMPAS,clean,151,5000151,V5,0,[]
COMPAS,clean,152,5000152,V6,0,[]
COMPAS,clean,152,5000152,V5,0,[]
COMPAS,clean,153,5000153,V6,0,[]
COMPAS,clean,153,5000153,V5,0,[]
COMPAS,clean,154,5000154,V6,0,[]
COMPAS,clean,154,5000154,V5,0,[]
COMPAS,clean,155,5000155,V6,0,[]
COMPAS,clean,155,5000155,V5,0,[]
COMPAS,clean,156,5000156,V6,0,[]
COMPAS,clean,156,5000156,V5,0,[]
COMPAS,clean,157,5000157,V6,0,[]
COMPAS,clean,157,5000157,V5,0,[]
COMPAS,clean,158,5000158,V6,0,[]
COMPAS,clean,158,5000158,V5,0,[]
COMPAS,clean,159,5000159,V6,0,[]
COMPAS,clean,159,5000159,V5,0,[]
COMPAS,clean,160,5000160,V6,0,[]
COMPAS,clean,160,5000160,V5,0,[]
COMPAS,clean,161,5000161,V6,0,[]
COMPAS,clean,161,5000161,V5,0,[]
COMPAS,clean,162,5000162,V6,0,[]
COMPAS,clean,162,5000162,V5,0,[]
COMPAS,clean,163,5000163,V6,0,[]
COMPAS,clean,163,5000163,V5,0,[]
COMPAS,clean,164,5000164,V6,0,[]
COMPAS,clean,164,5000164,V5,0,[]
COMPAS,clean,165,5000165,V6,0,[]
COMPAS,clean,165,5000165,V5,0,[]
COMPAS,clean,166,5000166,V6,0,[]
COMPAS,clean,166,5000166,V5,0,[]
COMPAS,clean,167,5000167,V6,0,[]
COMPAS,clean,167,5000167,V5,0,[]
COMPAS,clean,168,5000168,V6,0,[]
COMPAS,clean,168,5000168,V5,0,[]
COMPAS,clean,169,5000169,V6,0,[]
COMPAS,clean,169,5000169,V5,0,[]
COMPAS,clean,170,5000170,V6,0,[]
COMPAS,clean,170,5000170,V5,0,[]
COMPAS,clean,171,5000171,V6,0,[]
COMPAS,clean,171,5000171,V5,0,[]
COMPAS,clean,172,5000172,V6,0,[]
COMPAS,clean,172,5000172,V5,0,[]
COMPAS,clean,173,5000173,V6,0,[]
COMPAS,clean,173,5000173,V5,0,[]
COMPAS,clean,174,5000174,V6,0,[]
COMPAS,clean,174,5000174,V5,0,[]
COMPAS,clean,175,5000175,V6,0,[]
COMPAS,clean,175,5000175,V5,0,[]
COMPAS,clean,176,5000176,V6,0,[]
COMPAS,clean,176,5000176,V5,0,[]
COMPAS,clean,177,5000177,V6,0,[]
COMPAS,clean,177,5000177,V5,0,[]
COMPAS,clean,178,5000178,V6,0,[]
COMPAS,clean,178,5000178,V5,0,[]
COMPAS,clean,179,5000179,V6,0,[]
COMPAS,clean,179,5000179,V5,0,[]
COMPAS,clean,180,5000180,V6,0,[]
COMPAS,clean,180,5000180,V5,0,[]
COMPAS,clean,181,5000181,V6,0,[]
COMPAS,clean,181,5000181,V5,0,[]
COMPAS,clean,182,5000182,V6,0,[]
COMPAS,clean,182,5000182,V5,0,[]
COMPAS,clean,183,5000183,V6,0,[]
COMPAS,clean,183,5000183,V5,0,[]
COMPAS,clean,184,5000184,V6,0,[]
COMPAS,clean,184,5000184,V5,0,[]
COMPAS,clean,185,5000185,V6,0,[]
COMPAS,clean,185,5000185,V5,0,[]
COMPAS,clean,186,5000186,V6,0,[]
COMPAS,clean,186,5000186,V5,0,[]
COMPAS,clean,187,5000187,V6,0,[]
COMPAS,clean,187,5000187,V5,0,[]
COMPAS,clean,188,5000188,V6,0,[]
COMPAS,clean,188,5000188,V5,0,[]
COMPAS,clean,189,5000189,V6,0,[]
COMPAS,clean,189,5000189,V5,0,[]
COMPAS,clean,190,5000190,V6,0,[]
COMPAS,clean,190,5000190,V5,0,[]
COMPAS,clean,191,5000191,V6,0,[]
COMPAS,clean,191,5000191,V5,0,[]
COMPAS,clean,192,5000192,V6,0,[]
COMPAS,clean,192,5000192,V5,0,[]
COMPAS,clean,193,5000193,V6,0,[]
COMPAS,clean,193,5000193,V5,0,[]
COMPAS,clean,194,5000194,V6,0,[]
COMPAS,clean,194,5000194,V5,0,[]
COMPAS,clean,195,5000195,V6,0,[]
COMPAS,clean,195,5000195,V5,0,[]
COMPAS,clean,196,5000196,V6,0,[]
COMPAS,clean,196,5000196,V5,0,[]
COMPAS,clean,197,5000197,V6,0,[]
COMPAS,clean,197,5000197,V5,0,[]
COMPAS,clean,198,5000198,V6,0,[]
COMPAS,clean,198,5000198,V5,0,[]
COMPAS,clean,199,5000199,V6,0,[]
COMPAS,clean,199,5000199,V5,0,[]
COMPAS,clean,200,5000200,V6,0,[]
COMPAS,clean,200,5000200,V5,0,[]
COMPAS,clean,201,5000201,V6,0,[]
COMPAS,clean,201,5000201,V5,0,[]
COMPAS,clean,202,5000202,V6,0,[]
COMPAS,clean,202,5000202,V5,0,[]
COMPAS,clean,203,5000203,V6,0,[]
COMPAS,clean,203,5000203,V5,0,[]
COMPAS,clean,204,5000204,V6,0,[]
COMPAS,clean,204,5000204,V5,0,[]
COMPAS,clean,205,5000205,V6,0,[]
COMPAS,clean,205,5000205,V5,0,[]
COMPAS,clean,206,5000206,V6,1,"[[""race""]]"
COMPAS,clean,206,5000206,V5,0,[]
COMPAS,clean,207,5000207,V6,0,[]
COMPAS,clean,207,5000207,V5,0,[]
COMPAS,clean,208,5000208,V6,0,[]
COMPAS,clean,208,5000208,V5,0,[]
COMPAS,clean,209,5000209,V6,0,[]
COMPAS,clean,209,5000209,V5,0,[]
COMPAS,clean,210,5000210,V6,0,[]
COMPAS,clean,210,5000210,V5,0,[]
COMPAS,clean,211,5000211,V6,0,[]
COMPAS,clean,211,5000211,V5,0,[]
COMPAS,clean,212,5000212,V6,0,[]
COMPAS,clean,212,5000212,V5,0,[]
COMPAS,clean,213,5000213,V6,0,[]
COMPAS,clean,213,5000213,V5,0,[]
COMPAS,clean,214,5000214,V6,0,[]
COMPAS,clean,214,5000214,V5,0,[]
COMPAS,clean,215,5000215,V6,1,"[[""race""]]"
COMPAS,clean,215,5000215,V5,0,[]
COMPAS,clean,216,5000216,V6,0,[]
COMPAS,clean,216,5000216,V5,0,[]
COMPAS,clean,217,5000217,V6,0,[]
COMPAS,clean,217,5000217,V5,0,[]
COMPAS,clean,218,5000218,V6,0,[]
COMPAS,clean,218,5000218,V5,0,[]
COMPAS,clean,219,5000219,V6,0,[]
COMPAS,clean,219,5000219,V5,0,[]
COMPAS,clean,220,5000220,V6,0,[]
COMPAS,clean,220,5000220,V5,0,[]
COMPAS,clean,221,5000221,V6,0,[]
COMPAS,clean,221,5000221,V5,0,[]
COMPAS,clean,222,5000222,V6,0,[]
COMPAS,clean,222,5000222,V5,0,[]
COMPAS,clean,223,5000223,V6,0,[]
COMPAS,clean,223,5000223,V5,0,[]
COMPAS,clean,224,5000224,V6,0,[]
COMPAS,clean,224,5000224,V5,0,[]
COMPAS,clean,225,5000225,V6,0,[]
COMPAS,clean,225,5000225,V5,0,[]
COMPAS,clean,226,5000226,V6,0,[]
COMPAS,clean,226,5000226,V5,0,[]
COMPAS,clean,227,5000227,V6,0,[]
COMPAS,clean,227,5000227,V5,0,[]
COMPAS,clean,228,5000228,V6,0,[]
COMPAS,clean,228,5000228,V5,0,[]
COMPAS,clean,229,5000229,V6,0,[]
COMPAS,clean,229,5000229,V5,0,[]
COMPAS,clean,230,5000230,V6,0,[]
COMPAS,clean,230,5000230,V5,0,[]
COMPAS,clean,231,5000231,V6,0,[]
COMPAS,clean,231,5000231,V5,0,[]
COMPAS,clean,232,5000232,V6,0,[]
COMPAS,clean,232,5000232,V5,0,[]
COMPAS,clean,233,5000233,V6,0,[]
COMPAS,clean,233,5000233,V5,0,[]
COMPAS,clean,234,5000234,V6,0,[]
COMPAS,clean,234,5000234,V5,0,[]
COMPAS,clean,235,5000235,V6,0,[]
COMPAS,clean,235,5000235,V5,0,[]
COMPAS,clean,236,5000236,V6,0,[]
COMPAS,clean,236,5000236,V5,0,[]
COMPAS,clean,237,5000237,V6,0,[]
COMPAS,clean,237,5000237,V5,0,[]
COMPAS,clean,238,5000238,V6,0,[]
COMPAS,clean,238,5000238,V5,0,[]
COMPAS,clean,239,5000239,V6,0,[]
COMPAS,clean,239,5000239,V5,0,[]
COMPAS,clean,240,5000240,V6,0,[]
COMPAS,clean,240,5000240,V5,0,[]
COMPAS,clean,241,5000241,V6,0,[]
COMPAS,clean,241,5000241,V5,0,[]
COMPAS,clean,242,5000242,V6,0,[]
COMPAS,clean,242,5000242,V5,0,[]
COMPAS,clean,243,5000243,V6,0,[]
COMPAS,clean,243,5000243,V5,0,[]
COMPAS,clean,244,5000244,V6,0,[]
COMPAS,clean,244,5000244,V5,0,[]
COMPAS,clean,245,5000245,V6,0,[]
COMPAS,clean,245,5000245,V5,0,[]
COMPAS,clean,246,5000246,V6,0,[]
COMPAS,clean,246,5000246,V5,0,[]
COMPAS,clean,247,5000247,V6,0,[]
COMPAS,clean,247,5000247,V5,0,[]
COMPAS,clean,248,5000248,V6,0,[]
COMPAS,clean,248,5000248,V5,0,[]
COMPAS,clean,249,5000249,V6,0,[]
COMPAS,clean,249,5000249,V5,0,[]
COMPAS,clean,250,5000250,V6,0,[]
COMPAS,clean,250,5000250,V5,0,[]
COMPAS,clean,251,5000251,V6,0,[]
COMPAS,clean,251,5000251,V5,0,[]
COMPAS,clean,252,5000252,V6,1,"[[""juv_misd_count""]]"
COMPAS,clean,252,5000252,V5,0,[]
COMPAS,clean,253,5000253,V6,0,[]
COMPAS,clean,253,5000253,V5,0,[]
COMPAS,clean,254,5000254,V6,0,[]
COMPAS,clean,254,5000254,V5,0,[]
COMPAS,clean,255,5000255,V6,0,[]
COMPAS,clean,255,5000255,V5,0,[]
COMPAS,clean,256,5000256,V6,0,[]
COMPAS,clean,256,5000256,V5,0,[]
COMPAS,clean,257,5000257,V6,0,[]
COMPAS,clean,257,5000257,V5,0,[]
COMPAS,clean,258,5000258,V6,0,[]
COMPAS,clean,258,5000258,V5,0,[]
COMPAS,clean,259,5000259,V6,0,[]
COMPAS,clean,259,5000259,V5,0,[]
COMPAS,clean,260,5000260,V6,0,[]
COMPAS,clean,260,5000260,V5,0,[]
COMPAS,clean,261,5000261,V6,0,[]
COMPAS,clean,261,5000261,V5,0,[]
COMPAS,clean,262,5000262,V6,0,[]
COMPAS,clean,262,5000262,V5,0,[]
COMPAS,clean,263,5000263,V6,0,[]
COMPAS,clean,263,5000263,V5,0,[]
COMPAS,clean,264,5000264,V6,0,[]
COMPAS,clean,264,5000264,V5,0,[]
COMPAS,clean,265,5000265,V6,0,[]
COMPAS,clean,265,5000265,V5,0,[]
COMPAS,clean,266,5000266,V6,0,[]
COMPAS,clean,266,5000266,V5,0,[]
COMPAS,clean,267,5000267,V6,0,[]
COMPAS,clean,267,5000267,V5,0,[]
COMPAS,clean,268,5000268,V6,0,[]
COMPAS,clean,268,5000268,V5,0,[]
COMPAS,clean,269,5000269,V6,0,[]
COMPAS,clean,269,5000269,V5,0,[]
COMPAS,clean,270,5000270,V6,0,[]
COMPAS,clean,270,5000270,V5,0,[]
COMPAS,clean,271,5000271,V6,0,[]
COMPAS,clean,271,5000271,V5,0,[]
COMPAS,clean,272,5000272,V6,0,[]
COMPAS,clean,272,5000272,V5,0,[]
COMPAS,clean,273,5000273,V6,0,[]
COMPAS,clean,273,5000273,V5,0,[]
COMPAS,clean,274,5000274,V6,0,[]
COMPAS,clean,274,5000274,V5,0,[]
COMPAS,clean,275,5000275,V6,0,[]
COMPAS,clean,275,5000275,V5,0,[]
COMPAS,clean,276,5000276,V6,0,[]
COMPAS,clean,276,5000276,V5,0,[]
COMPAS,clean,277,5000277,V6,0,[]
COMPAS,clean,277,5000277,V5,0,[]
COMPAS,clean,278,5000278,V6,0,[]
COMPAS,clean,278,5000278,V5,0,[]
COMPAS,clean,279,5000279,V6,0,[]
COMPAS,clean,279,5000279,V5,0,[]
COMPAS,clean,280,5000280,V6,0,[]
COMPAS,clean,280,5000280,V5,0,[]
COMPAS,clean,281,5000281,V6,0,[]
COMPAS,clean,281,5000281,V5,0,[]
COMPAS,clean,282,5000282,V6,0,[]
COMPAS,clean,282,5000282,V5,0,[]
COMPAS,clean,283,5000283,V6,1,"[[""c_charge_degree""]]"
COMPAS,clean,283,5000283,V5,0,[]
COMPAS,clean,284,5000284,V6,0,[]
COMPAS,clean,284,5000284,V5,0,[]
COMPAS,clean,285,5000285,V6,0,[]
COMPAS,clean,285,5000285,V5,0,[]
COMPAS,clean,286,5000286,V6,0,[]
COMPAS,clean,286,5000286,V5,0,[]
COMPAS,clean,287,5000287,V6,0,[]
COMPAS,clean,287,5000287,V5,0,[]
COMPAS,clean,288,5000288,V6,0,[]
COMPAS,clean,288,5000288,V5,0,[]
COMPAS,clean,289,5000289,V6,0,[]
COMPAS,clean,289,5000289,V5,0,[]
COMPAS,clean,290,5000290,V6,0,[]
COMPAS,clean,290,5000290,V5,0,[]
COMPAS,clean,291,5000291,V6,0,[]
COMPAS,clean,291,5000291,V5,0,[]
COMPAS,clean,292,5000292,V6,0,[]
COMPAS,clean,292,5000292,V5,0,[]
COMPAS,clean,293,5000293,V6,0,[]
COMPAS,clean,293,5000293,V5,0,[]
COMPAS,clean,294,5000294,V6,0,[]
COMPAS,clean,294,5000294,V5,0,[]
COMPAS,clean,295,5000295,V6,0,[]
COMPAS,clean,295,5000295,V5,0,[]
COMPAS,clean,296,5000296,V6,0,[]
COMPAS,clean,296,5000296,V5,0,[]
COMPAS,clean,297,5000297,V6,0,[]
COMPAS,clean,297,5000297,V5,0,[]
COMPAS,clean,298,5000298,V6,0,[]
COMPAS,clean,298,5000298,V5,0,[]
COMPAS,clean,299,5000299,V6,0,[]
COMPAS,clean,299,5000299,V5,0,[]
COMPAS,clean,300,5000300,V6,0,[]
COMPAS,clean,300,5000300,V5,0,[]
COMPAS,clean,301,5000301,V6,0,[]
COMPAS,clean,301,5000301,V5,0,[]
COMPAS,clean,302,5000302,V6,0,[]
COMPAS,clean,302,5000302,V5,0,[]
COMPAS,clean,303,5000303,V6,0,[]
COMPAS,clean,303,5000303,V5,0,[]
COMPAS,clean,304,5000304,V6,0,[]
COMPAS,clean,304,5000304,V5,0,[]
COMPAS,clean,305,5000305,V6,0,[]
COMPAS,clean,305,5000305,V5,0,[]
COMPAS,clean,306,5000306,V6,0,[]
COMPAS,clean,306,5000306,V5,0,[]
COMPAS,clean,307,5000307,V6,0,[]
COMPAS,clean,307,5000307,V5,0,[]
COMPAS,clean,308,5000308,V6,0,[]
COMPAS,clean,308,5000308,V5,0,[]
COMPAS,clean,309,5000309,V6,0,[]
COMPAS,clean,309,5000309,V5,0,[]
COMPAS,clean,310,5000310,V6,0,[]
COMPAS,clean,310,5000310,V5,0,[]
COMPAS,clean,311,5000311,V6,0,[]
COMPAS,clean,311,5000311,V5,0,[]
COMPAS,clean,312,5000312,V6,1,"[[""sex""]]"
COMPAS,clean,312,5000312,V5,1,"[[""sex""]]"
COMPAS,clean,313,5000313,V6,0,[]
COMPAS,clean,313,5000313,V5,0,[]
COMPAS,clean,314,5000314,V6,0,[]
COMPAS,clean,314,5000314,V5,0,[]
COMPAS,clean,315,5000315,V6,0,[]
COMPAS,clean,315,5000315,V5,0,[]
COMPAS,clean,316,5000316,V6,0,[]
COMPAS,clean,316,5000316,V5,0,[]
COMPAS,clean,317,5000317,V6,0,[]
COMPAS,clean,317,5000317,V5,0,[]
COMPAS,clean,318,5000318,V6,0,[]
COMPAS,clean,318,5000318,V5,0,[]
COMPAS,clean,319,5000319,V6,0,[]
COMPAS,clean,319,5000319,V5,0,[]
COMPAS,clean,320,5000320,V6,0,[]
COMPAS,clean,320,5000320,V5,0,[]
COMPAS,clean,321,5000321,V6,0,[]
COMPAS,clean,321,5000321,V5,0,[]
COMPAS,clean,322,5000322,V6,0,[]
COMPAS,clean,322,5000322,V5,0,[]
COMPAS,clean,323,5000323,V6,0,[]
COMPAS,clean,323,5000323,V5,0,[]
COMPAS,clean,324,5000324,V6,0,[]
COMPAS,clean,324,5000324,V5,0,[]
COMPAS,clean,325,5000325,V6,0,[]
COMPAS,clean,325,5000325,V5,0,[]
COMPAS,clean,326,5000326,V6,0,[]
COMPAS,clean,326,5000326,V5,0,[]
COMPAS,clean,327,5000327,V6,0,[]
COMPAS,clean,327,5000327,V5,0,[]
COMPAS,clean,328,5000328,V6,0,[]
COMPAS,clean,328,5000328,V5,0,[]
COMPAS,clean,329,5000329,V6,0,[]
COMPAS,clean,329,5000329,V5,0,[]
COMPAS,clean,330,5000330,V6,0,[]
COMPAS,clean,330,5000330,V5,0,[]
COMPAS,clean,331,5000331,V6,0,[]
COMPAS,clean,331,5000331,V5,0,[]
COMPAS,clean,332,5000332,V6,0,[]
COMPAS,clean,332,5000332,V5,0,[]
COMPAS,clean,333,5000333,V6,0,[]
COMPAS,clean,333,5000333,V5,0,[]
COMPAS,clean,334,5000334,V6,0,[]
COMPAS,clean,334,5000334,V5,0,[]
COMPAS,clean,335,5000335,V6,0,[]
COMPAS,clean,335,5000335,V5,0,[]
COMPAS,clean,336,5000336,V6,0,[]
COMPAS,clean,336,5000336,V5,0,[]
COMPAS,clean,337,5000337,V6,0,[]
COMPAS,clean,337,5000337,V5,0,[]
COMPAS,clean,338,5000338,V6,0,[]
COMPAS,clean,338,5000338,V5,0,[]
COMPAS,clean,339,5000339,V6,0,[]
COMPAS,clean,339,5000339,V5,0,[]
COMPAS,clean,340,5000340,V6,0,[]
COMPAS,clean,340,5000340,V5,0,[]
COMPAS,clean,341,5000341,V6,0,[]
COMPAS,clean,341,5000341,V5,0,[]
COMPAS,clean,342,5000342,V6,0,[]
COMPAS,clean,342,5000342,V5,0,[]
COMPAS,clean,343,5000343,V6,0,[]
COMPAS,clean,343,5000343,V5,0,[]
COMPAS,clean,344,5000344,V6,0,[]
COMPAS,clean,344,5000344,V5,0,[]
COMPAS,clean,345,5000345,V6,0,[]
COMPAS,clean,345,5000345,V5,0,[]
COMPAS,clean,346,5000346,V6,0,[]
COMPAS,clean,346,5000346,V5,0,[]
COMPAS,clean,347,5000347,V6,0,[]
COMPAS,clean,347,5000347,V5,0,[]
COMPAS,clean,348,5000348,V6,0,[]
COMPAS,clean,348,5000348,V5,0,[]
COMPAS,clean,349,5000349,V6,0,[]
COMPAS,clean,349,5000349,V5,0,[]
COMPAS,clean,350,5000350,V6,0,[]
COMPAS,clean,350,5000350,V5,0,[]
COMPAS,clean,351,5000351,V6,0,[]
COMPAS,clean,351,5000351,V5,0,[]
COMPAS,clean,352,5000352,V6,0,[]
COMPAS,clean,352,5000352,V5,0,[]
COMPAS,clean,353,5000353,V6,0,[]
COMPAS,clean,353,5000353,V5,0,[]
COMPAS,clean,354,5000354,V6,0,[]
COMPAS,clean,354,5000354,V5,0,[]
COMPAS,clean,355,5000355,V6,0,[]
COMPAS,clean,355,5000355,V5,0,[]
COMPAS,clean,356,5000356,V6,0,[]
COMPAS,clean,356,5000356,V5,0,[]
COMPAS,clean,357,5000357,V6,0,[]
COMPAS,clean,357,5000357,V5,0,[]
COMPAS,clean,358,5000358,V6,0,[]
COMPAS,clean,358,5000358,V5,0,[]
COMPAS,clean,359,5000359,V6,0,[]
COMPAS,clean,359,5000359,V5,0,[]
COMPAS,clean,360,5000360,V6,0,[]
COMPAS,clean,360,5000360,V5,0,[]
COMPAS,clean,361,5000361,V6,0,[]
COMPAS,clean,361,5000361,V5,0,[]
COMPAS,clean,362,5000362,V6,0,[]
COMPAS,clean,362,5000362,V5,0,[]
COMPAS,clean,363,5000363,V6,0,[]
COMPAS,clean,363,5000363,V5,0,[]
COMPAS,clean,364,5000364,V6,0,[]
COMPAS,clean,364,5000364,V5,0,[]
COMPAS,clean,365,5000365,V6,0,[]
COMPAS,clean,365,5000365,V5,0,[]
COMPAS,clean,366,5000366,V6,0,[]
COMPAS,clean,366,5000366,V5,0,[]
COMPAS,clean,367,5000367,V6,0,[]
COMPAS,clean,367,5000367,V5,0,[]
COMPAS,clean,368,5000368,V6,0,[]
COMPAS,clean,368,5000368,V5,0,[]
COMPAS,clean,369,5000369,V6,0,[]
COMPAS,clean,369,5000369,V5,0,[]
COMPAS,clean,370,5000370,V6,0,[]
COMPAS,clean,370,5000370,V5,0,[]
COMPAS,clean,371,5000371,V6,0,[]
COMPAS,clean,371,5000371,V5,0,[]
COMPAS,clean,372,5000372,V6,0,[]
COMPAS,clean,372,5000372,V5,0,[]
COMPAS,clean,373,5000373,V6,0,[]
COMPAS,clean,373,5000373,V5,0,[]
COMPAS,clean,374,5000374,V6,0,[]
COMPAS,clean,374,5000374,V5,0,[]
COMPAS,clean,375,5000375,V6,0,[]
COMPAS,clean,375,5000375,V5,0,[]
COMPAS,clean,376,5000376,V6,0,[]
COMPAS,clean,376,5000376,V5,0,[]
COMPAS,clean,377,5000377,V6,0,[]
COMPAS,clean,377,5000377,V5,0,[]
COMPAS,clean,378,5000378,V6,0,[]
COMPAS,clean,378,5000378,V5,0,[]
COMPAS,clean,379,5000379,V6,0,[]
COMPAS,clean,379,5000379,V5,0,[]
COMPAS,clean,380,5000380,V6,0,[]
COMPAS,clean,380,5000380,V5,0,[]
COMPAS,clean,381,5000381,V6,0,[]
COMPAS,clean,381,5000381,V5,0,[]
COMPAS,clean,382,5000382,V6,0,[]
COMPAS,clean,382,5000382,V5,0,[]
COMPAS,clean,383,5000383,V6,1,"[[""age"", ""age_cat""]]"
COMPAS,clean,383,5000383,V5,1,"[[""age"", ""age_cat""]]"
COMPAS,clean,384,5000384,V6,0,[]
COMPAS,clean,384,5000384,V5,0,[]
COMPAS,clean,385,5000385,V6,0,[]
COMPAS,clean,385,5000385,V5,0,[]
COMPAS,clean,386,5000386,V6,0,[]
COMPAS,clean,386,5000386,V5,0,[]
COMPAS,clean,387,5000387,V6,0,[]
COMPAS,clean,387,5000387,V5,0,[]
COMPAS,clean,388,5000388,V6,0,[]
COMPAS,clean,388,5000388,V5,0,[]
COMPAS,clean,389,5000389,V6,0,[]
COMPAS,clean,389,5000389,V5,0,[]
COMPAS,clean,390,5000390,V6,0,[]
COMPAS,clean,390,5000390,V5,0,[]
COMPAS,clean,391,5000391,V6,0,[]
COMPAS,clean,391,5000391,V5,1,"[[""sex""]]"
COMPAS,clean,392,5000392,V6,0,[]
COMPAS,clean,392,5000392,V5,0,[]
COMPAS,clean,393,5000393,V6,0,[]
COMPAS,clean,393,5000393,V5,0,[]
COMPAS,clean,394,5000394,V6,0,[]
COMPAS,clean,394,5000394,V5,0,[]
COMPAS,clean,395,5000395,V6,0,[]
COMPAS,clean,395,5000395,V5,0,[]
COMPAS,clean,396,5000396,V6,0,[]
COMPAS,clean,396,5000396,V5,0,[]
COMPAS,clean,397,5000397,V6,0,[]
COMPAS,clean,397,5000397,V5,0,[]
COMPAS,clean,398,5000398,V6,0,[]
COMPAS,clean,398,5000398,V5,0,[]
COMPAS,clean,399,5000399,V6,0,[]
COMPAS,clean,399,5000399,V5,0,[]
COMPAS,clean,400,5000400,V6,0,[]
COMPAS,clean,400,5000400,V5,0,[]
COMPAS,clean,401,5000401,V6,0,[]
COMPAS,clean,401,5000401,V5,0,[]
COMPAS,clean,402,5000402,V6,0,[]
COMPAS,clean,402,5000402,V5,0,[]
COMPAS,clean,403,5000403,V6,0,[]
COMPAS,clean,403,5000403,V5,0,[]
COMPAS,clean,404,5000404,V6,0,[]
COMPAS,clean,404,5000404,V5,0,[]
COMPAS,clean,405,5000405,V6,0,[]
COMPAS,clean,405,5000405,V5,0,[]
COMPAS,clean,406,5000406,V6,0,[]
COMPAS,clean,406,5000406,V5,0,[]
COMPAS,clean,407,5000407,V6,0,[]
COMPAS,clean,407,5000407,V5,0,[]
COMPAS,clean,408,5000408,V6,0,[]
COMPAS,clean,408,5000408,V5,0,[]
COMPAS,clean,409,5000409,V6,0,[]
COMPAS,clean,409,5000409,V5,0,[]
COMPAS,clean,410,5000410,V6,0,[]
COMPAS,clean,410,5000410,V5,0,[]
COMPAS,clean,411,5000411,V6,0,[]
COMPAS,clean,411,5000411,V5,0,[]
COMPAS,clean,412,5000412,V6,0,[]
COMPAS,clean,412,5000412,V5,0,[]
COMPAS,clean,413,5000413,V6,0,[]
COMPAS,clean,413,5000413,V5,0,[]
COMPAS,clean,414,5000414,V6,0,[]
COMPAS,clean,414,5000414,V5,0,[]
COMPAS,clean,415,5000415,V6,0,[]
COMPAS,clean,415,5000415,V5,0,[]
COMPAS,clean,416,5000416,V6,0,[]
COMPAS,clean,416,5000416,V5,0,[]
COMPAS,clean,417,5000417,V6,0,[]
COMPAS,clean,417,5000417,V5,0,[]
COMPAS,clean,418,5000418,V6,0,[]
COMPAS,clean,418,5000418,V5,0,[]
COMPAS,clean,419,5000419,V6,0,[]
COMPAS,clean,419,5000419,V5,0,[]
COMPAS,clean,420,5000420,V6,0,[]
COMPAS,clean,420,5000420,V5,0,[]
COMPAS,clean,421,5000421,V6,0,[]
COMPAS,clean,421,5000421,V5,0,[]
COMPAS,clean,422,5000422,V6,0,[]
COMPAS,clean,422,5000422,V5,0,[]
COMPAS,clean,423,5000423,V6,0,[]
COMPAS,clean,423,5000423,V5,0,[]
COMPAS,clean,424,5000424,V6,0,[]
COMPAS,clean,424,5000424,V5,0,[]
COMPAS,clean,425,5000425,V6,0,[]
COMPAS,clean,425,5000425,V5,0,[]
COMPAS,clean,426,5000426,V6,0,[]
COMPAS,clean,426,5000426,V5,0,[]
COMPAS,clean,427,5000427,V6,0,[]
COMPAS,clean,427,5000427,V5,0,[]
COMPAS,clean,428,5000428,V6,0,[]
COMPAS,clean,428,5000428,V5,0,[]
COMPAS,clean,429,5000429,V6,0,[]
COMPAS,clean,429,5000429,V5,0,[]
COMPAS,clean,430,5000430,V6,0,[]
COMPAS,clean,430,5000430,V5,0,[]
COMPAS,clean,431,5000431,V6,0,[]
COMPAS,clean,431,5000431,V5,0,[]
COMPAS,clean,432,5000432,V6,0,[]
COMPAS,clean,432,5000432,V5,0,[]
COMPAS,clean,433,5000433,V6,0,[]
COMPAS,clean,433,5000433,V5,0,[]
COMPAS,clean,434,5000434,V6,0,[]
COMPAS,clean,434,5000434,V5,0,[]
COMPAS,clean,435,5000435,V6,0,[]
COMPAS,clean,435,5000435,V5,0,[]
COMPAS,clean,436,5000436,V6,0,[]
COMPAS,clean,436,5000436,V5,0,[]
COMPAS,clean,437,5000437,V6,0,[]
COMPAS,clean,437,5000437,V5,0,[]
COMPAS,clean,438,5000438,V6,0,[]
COMPAS,clean,438,5000438,V5,0,[]
COMPAS,clean,439,5000439,V6,0,[]
COMPAS,clean,439,5000439,V5,0,[]
COMPAS,clean,440,5000440,V6,0,[]
COMPAS,clean,440,5000440,V5,0,[]
COMPAS,clean,441,5000441,V6,0,[]
COMPAS,clean,441,5000441,V5,0,[]
COMPAS,clean,442,5000442,V6,0,[]
COMPAS,clean,442,5000442,V5,0,[]
COMPAS,clean,443,5000443,V6,0,[]
COMPAS,clean,443,5000443,V5,0,[]
COMPAS,clean,444,5000444,V6,0,[]
COMPAS,clean,444,5000444,V5,0,[]
COMPAS,clean,445,5000445,V6,0,[]
COMPAS,clean,445,5000445,V5,0,[]
COMPAS,clean,446,5000446,V6,0,[]
COMPAS,clean,446,5000446,V5,0,[]
COMPAS,clean,447,5000447,V6,0,[]
COMPAS,clean,447,5000447,V5,0,[]
COMPAS,clean,448,5000448,V6,0,[]
COMPAS,clean,448,5000448,V5,0,[]
COMPAS,clean,449,5000449,V6,0,[]
COMPAS,clean,449,5000449,V5,0,[]
COMPAS,clean,450,5000450,V6,0,[]
COMPAS,clean,450,5000450,V5,0,[]
COMPAS,clean,451,5000451,V6,0,[]
COMPAS,clean,451,5000451,V5,0,[]
COMPAS,clean,452,5000452,V6,0,[]
COMPAS,clean,452,5000452,V5,0,[]
COMPAS,clean,453,5000453,V6,0,[]
COMPAS,clean,453,5000453,V5,0,[]
COMPAS,clean,454,5000454,V6,0,[]
COMPAS,clean,454,5000454,V5,0,[]
COMPAS,clean,455,5000455,V6,0,[]
COMPAS,clean,455,5000455,V5,0,[]
COMPAS,clean,456,5000456,V6,0,[]
COMPAS,clean,456,5000456,V5,0,[]
COMPAS,clean,457,5000457,V6,0,[]
COMPAS,clean,457,5000457,V5,0,[]
COMPAS,clean,458,5000458,V6,0,[]
COMPAS,clean,458,5000458,V5,0,[]
COMPAS,clean,459,5000459,V6,0,[]
COMPAS,clean,459,5000459,V5,0,[]
COMPAS,clean,460,5000460,V6,0,[]
COMPAS,clean,460,5000460,V5,0,[]
COMPAS,clean,461,5000461,V6,0,[]
COMPAS,clean,461,5000461,V5,0,[]
COMPAS,clean,462,5000462,V6,0,[]
COMPAS,clean,462,5000462,V5,0,[]
COMPAS,clean,463,5000463,V6,0,[]
COMPAS,clean,463,5000463,V5,0,[]
COMPAS,clean,464,5000464,V6,0,[]
COMPAS,clean,464,5000464,V5,0,[]
COMPAS,clean,465,5000465,V6,0,[]
COMPAS,clean,465,5000465,V5,0,[]
COMPAS,clean,466,5000466,V6,0,[]
COMPAS,clean,466,5000466,V5,0,[]
COMPAS,clean,467,5000467,V6,0,[]
COMPAS,clean,467,5000467,V5,0,[]
COMPAS,clean,468,5000468,V6,1,"[[""juv_fel_count""]]"
COMPAS,clean,468,5000468,V5,0,[]
COMPAS,clean,469,5000469,V6,0,[]
COMPAS,clean,469,5000469,V5,0,[]
COMPAS,clean,470,5000470,V6,0,[]
COMPAS,clean,470,5000470,V5,0,[]
COMPAS,clean,471,5000471,V6,0,[]
COMPAS,clean,471,5000471,V5,0,[]
COMPAS,clean,472,5000472,V6,0,[]
COMPAS,clean,472,5000472,V5,0,[]
COMPAS,clean,473,5000473,V6,0,[]
COMPAS,clean,473,5000473,V5,0,[]
COMPAS,clean,474,5000474,V6,0,[]
COMPAS,clean,474,5000474,V5,0,[]
COMPAS,clean,475,5000475,V6,0,[]
COMPAS,clean,475,5000475,V5,0,[]
COMPAS,clean,476,5000476,V6,0,[]
COMPAS,clean,476,5000476,V5,0,[]
COMPAS,clean,477,5000477,V6,0,[]
COMPAS,clean,477,5000477,V5,0,[]
COMPAS,clean,478,5000478,V6,0,[]
COMPAS,clean,478,5000478,V5,0,[]
COMPAS,clean,479,5000479,V6,0,[]
COMPAS,clean,479,5000479,V5,0,[]
COMPAS,clean,480,5000480,V6,0,[]
COMPAS,clean,480,5000480,V5,0,[]
COMPAS,clean,481,5000481,V6,0,[]
COMPAS,clean,481,5000481,V5,0,[]
COMPAS,clean,482,5000482,V6,0,[]
COMPAS,clean,482,5000482,V5,0,[]
COMPAS,clean,483,5000483,V6,0,[]
COMPAS,clean,483,5000483,V5,0,[]
COMPAS,clean,484,5000484,V6,0,[]
COMPAS,clean,484,5000484,V5,0,[]
COMPAS,clean,485,5000485,V6,0,[]
COMPAS,clean,485,5000485,V5,0,[]
COMPAS,clean,486,5000486,V6,0,[]
COMPAS,clean,486,5000486,V5,0,[]
COMPAS,clean,487,5000487,V6,0,[]
COMPAS,clean,487,5000487,V5,0,[]
COMPAS,clean,488,5000488,V6,0,[]
COMPAS,clean,488,5000488,V5,0,[]
COMPAS,clean,489,5000489,V6,0,[]
COMPAS,clean,489,5000489,V5,0,[]
COMPAS,clean,490,5000490,V6,0,[]
COMPAS,clean,490,5000490,V5,0,[]
COMPAS,clean,491,5000491,V6,0,[]
COMPAS,clean,491,5000491,V5,0,[]
COMPAS,clean,492,5000492,V6,0,[]
COMPAS,clean,492,5000492,V5,0,[]
COMPAS,clean,493,5000493,V6,0,[]
COMPAS,clean,493,5000493,V5,0,[]
COMPAS,clean,494,5000494,V6,0,[]
COMPAS,clean,494,5000494,V5,0,[]
COMPAS,clean,495,5000495,V6,0,[]
COMPAS,clean,495,5000495,V5,0,[]
COMPAS,clean,496,5000496,V6,0,[]
COMPAS,clean,496,5000496,V5,0,[]
COMPAS,clean,497,5000497,V6,0,[]
COMPAS,clean,497,5000497,V5,0,[]
COMPAS,clean,498,5000498,V6,0,[]
COMPAS,clean,498,5000498,V5,0,[]
COMPAS,clean,499,5000499,V6,0,[]
COMPAS,clean,499,5000499,V5,0,[]
COMPAS,clean,500,5000500,V6,0,[]
COMPAS,clean,500,5000500,V5,0,[]
COMPAS,clean,501,5000501,V6,0,[]
COMPAS,clean,501,5000501,V5,0,[]
COMPAS,clean,502,5000502,V6,0,[]
COMPAS,clean,502,5000502,V5,0,[]
COMPAS,clean,503,5000503,V6,0,[]
COMPAS,clean,503,5000503,V5,0,[]
COMPAS,clean,504,5000504,V6,0,[]
COMPAS,clean,504,5000504,V5,0,[]
COMPAS,clean,505,5000505,V6,0,[]
COMPAS,clean,505,5000505,V5,0,[]
COMPAS,clean,506,5000506,V6,0,[]
COMPAS,clean,506,5000506,V5,0,[]
COMPAS,clean,507,5000507,V6,1,"[[""juv_other_count""]]"
COMPAS,clean,507,5000507,V5,0,[]
COMPAS,clean,508,5000508,V6,0,[]
COMPAS,clean,508,5000508,V5,0,[]
COMPAS,clean,509,5000509,V6,0,[]
COMPAS,clean,509,5000509,V5,0,[]
COMPAS,clean,510,5000510,V6,0,[]
COMPAS,clean,510,5000510,V5,0,[]
COMPAS,clean,511,5000511,V6,0,[]
COMPAS,clean,511,5000511,V5,0,[]
COMPAS,clean,512,5000512,V6,0,[]
COMPAS,clean,512,5000512,V5,0,[]
COMPAS,clean,513,5000513,V6,0,[]
COMPAS,clean,513,5000513,V5,0,[]
COMPAS,clean,514,5000514,V6,0,[]
COMPAS,clean,514,5000514,V5,0,[]
COMPAS,clean,515,5000515,V6,0,[]
COMPAS,clean,515,5000515,V5,0,[]
COMPAS,clean,516,5000516,V6,0,[]
COMPAS,clean,516,5000516,V5,0,[]
COMPAS,clean,517,5000517,V6,0,[]
COMPAS,clean,517,5000517,V5,0,[]
COMPAS,clean,518,5000518,V6,0,[]
COMPAS,clean,518,5000518,V5,0,[]
COMPAS,clean,519,5000519,V6,0,[]
COMPAS,clean,519,5000519,V5,0,[]
COMPAS,clean,520,5000520,V6,0,[]
COMPAS,clean,520,5000520,V5,0,[]
COMPAS,clean,521,5000521,V6,0,[]
COMPAS,clean,521,5000521,V5,0,[]
COMPAS,clean,522,5000522,V6,0,[]
COMPAS,clean,522,5000522,V5,0,[]
COMPAS,clean,523,5000523,V6,0,[]
COMPAS,clean,523,5000523,V5,0,[]
COMPAS,clean,524,5000524,V6,0,[]
COMPAS,clean,524,5000524,V5,0,[]
COMPAS,clean,525,5000525,V6,0,[]
COMPAS,clean,525,5000525,V5,0,[]
COMPAS,clean,526,5000526,V6,0,[]
COMPAS,clean,526,5000526,V5,0,[]
COMPAS,clean,527,5000527,V6,0,[]
COMPAS,clean,527,5000527,V5,0,[]
COMPAS,clean,528,5000528,V6,0,[]
COMPAS,clean,528,5000528,V5,0,[]
COMPAS,clean,529,5000529,V6,0,[]
COMPAS,clean,529,5000529,V5,0,[]
COMPAS,clean,530,5000530,V6,0,[]
COMPAS,clean,530,5000530,V5,0,[]
COMPAS,clean,531,5000531,V6,0,[]
COMPAS,clean,531,5000531,V5,0,[]
COMPAS,clean,532,5000532,V6,1,"[[""c_charge_degree""]]"
COMPAS,clean,532,5000532,V5,1,"[[""c_charge_degree""]]"
COMPAS,clean,533,5000533,V6,0,[]
COMPAS,clean,533,5000533,V5,0,[]
COMPAS,clean,534,5000534,V6,0,[]
COMPAS,clean,534,5000534,V5,0,[]
COMPAS,clean,535,5000535,V6,0,[]
COMPAS,clean,535,5000535,V5,0,[]
COMPAS,clean,536,5000536,V6,0,[]
COMPAS,clean,536,5000536,V5,0,[]
COMPAS,clean,537,5000537,V6,0,[]
COMPAS,clean,537,5000537,V5,0,[]
COMPAS,clean,538,5000538,V6,0,[]
COMPAS,clean,538,5000538,V5,0,[]
COMPAS,clean,539,5000539,V6,0,[]
COMPAS,clean,539,5000539,V5,0,[]
COMPAS,clean,540,5000540,V6,0,[]
COMPAS,clean,540,5000540,V5,0,[]
COMPAS,clean,541,5000541,V6,0,[]
COMPAS,clean,541,5000541,V5,0,[]
COMPAS,clean,542,5000542,V6,0,[]
COMPAS,clean,542,5000542,V5,0,[]
COMPAS,clean,543,5000543,V6,0,[]
COMPAS,clean,543,5000543,V5,0,[]
COMPAS,clean,544,5000544,V6,0,[]
COMPAS,clean,544,5000544,V5,0,[]
COMPAS,clean,545,5000545,V6,0,[]
COMPAS,clean,545,5000545,V5,0,[]
COMPAS,clean,546,5000546,V6,0,[]
COMPAS,clean,546,5000546,V5,0,[]
COMPAS,clean,547,5000547,V6,0,[]
COMPAS,clean,547,5000547,V5,0,[]
COMPAS,clean,548,5000548,V6,0,[]
COMPAS,clean,548,5000548,V5,0,[]
COMPAS,clean,549,5000549,V6,0,[]
COMPAS,clean,549,5000549,V5,0,[]
COMPAS,clean,550,5000550,V6,0,[]
COMPAS,clean,550,5000550,V5,0,[]
COMPAS,clean,551,5000551,V6,0,[]
COMPAS,clean,551,5000551,V5,0,[]
COMPAS,clean,552,5000552,V6,0,[]
COMPAS,clean,552,5000552,V5,0,[]
COMPAS,clean,553,5000553,V6,0,[]
COMPAS,clean,553,5000553,V5,0,[]
COMPAS,clean,554,5000554,V6,0,[]
COMPAS,clean,554,5000554,V5,0,[]
COMPAS,clean,555,5000555,V6,0,[]
COMPAS,clean,555,5000555,V5,0,[]
COMPAS,clean,556,5000556,V6,0,[]
COMPAS,clean,556,5000556,V5,0,[]
COMPAS,clean,557,5000557,V6,0,[]
COMPAS,clean,557,5000557,V5,0,[]
COMPAS,clean,558,5000558,V6,0,[]
COMPAS,clean,558,5000558,V5,0,[]
COMPAS,clean,559,5000559,V6,0,[]
COMPAS,clean,559,5000559,V5,0,[]
COMPAS,clean,560,5000560,V6,0,[]
COMPAS,clean,560,5000560,V5,0,[]
COMPAS,clean,561,5000561,V6,0,[]
COMPAS,clean,561,5000561,V5,0,[]
COMPAS,clean,562,5000562,V6,0,[]
COMPAS,clean,562,5000562,V5,0,[]
COMPAS,clean,563,5000563,V6,0,[]
COMPAS,clean,563,5000563,V5,0,[]
COMPAS,clean,564,5000564,V6,0,[]
COMPAS,clean,564,5000564,V5,0,[]
COMPAS,clean,565,5000565,V6,0,[]
COMPAS,clean,565,5000565,V5,0,[]
COMPAS,clean,566,5000566,V6,0,[]
COMPAS,clean,566,5000566,V5,0,[]
COMPAS,clean,567,5000567,V6,0,[]
COMPAS,clean,567,5000567,V5,0,[]
COMPAS,clean,568,5000568,V6,0,[]
COMPAS,clean,568,5000568,V5,0,[]
COMPAS,clean,569,5000569,V6,0,[]
COMPAS,clean,569,5000569,V5,0,[]
COMPAS,clean,570,5000570,V6,0,[]
COMPAS,clean,570,5000570,V5,0,[]
COMPAS,clean,571,5000571,V6,0,[]
COMPAS,clean,571,5000571,V5,0,[]
COMPAS,clean,572,5000572,V6,0,[]
COMPAS,clean,572,5000572,V5,0,[]
COMPAS,clean,573,5000573,V6,0,[]
COMPAS,clean,573,5000573,V5,0,[]
COMPAS,clean,574,5000574,V6,0,[]
COMPAS,clean,574,5000574,V5,0,[]
COMPAS,clean,575,5000575,V6,0,[]
COMPAS,clean,575,5000575,V5,0,[]
COMPAS,clean,576,5000576,V6,0,[]
COMPAS,clean,576,5000576,V5,0,[]
COMPAS,clean,577,5000577,V6,0,[]
COMPAS,clean,577,5000577,V5,0,[]
COMPAS,clean,578,5000578,V6,0,[]
COMPAS,clean,578,5000578,V5,0,[]
COMPAS,clean,579,5000579,V6,0,[]
COMPAS,clean,579,5000579,V5,0,[]
COMPAS,clean,580,5000580,V6,0,[]
COMPAS,clean,580,5000580,V5,0,[]
COMPAS,clean,581,5000581,V6,0,[]
COMPAS,clean,581,5000581,V5,0,[]
COMPAS,clean,582,5000582,V6,0,[]
COMPAS,clean,582,5000582,V5,0,[]
COMPAS,clean,583,5000583,V6,0,[]
COMPAS,clean,583,5000583,V5,0,[]
COMPAS,clean,584,5000584,V6,0,[]
COMPAS,clean,584,5000584,V5,0,[]
COMPAS,clean,585,5000585,V6,0,[]
COMPAS,clean,585,5000585,V5,0,[]
COMPAS,clean,586,5000586,V6,0,[]
COMPAS,clean,586,5000586,V5,0,[]
COMPAS,clean,587,5000587,V6,0,[]
COMPAS,clean,587,5000587,V5,0,[]
COMPAS,clean,588,5000588,V6,1,"[[""priors_count""]]"
COMPAS,clean,588,5000588,V5,1,"[[""priors_count""]]"
COMPAS,clean,589,5000589,V6,0,[]
COMPAS,clean,589,5000589,V5,0,[]
COMPAS,clean,590,5000590,V6,0,[]
COMPAS,clean,590,5000590,V5,0,[]
COMPAS,clean,591,5000591,V6,0,[]
COMPAS,clean,591,5000591,V5,0,[]
COMPAS,clean,592,5000592,V6,0,[]
COMPAS,clean,592,5000592,V5,0,[]
COMPAS,clean,593,5000593,V6,0,[]
COMPAS,clean,593,5000593,V5,0,[]
COMPAS,clean,594,5000594,V6,0,[]
COMPAS,clean,594,5000594,V5,0,[]
COMPAS,clean,595,5000595,V6,0,[]
COMPAS,clean,595,5000595,V5,0,[]
COMPAS,clean,596,5000596,V6,0,[]
COMPAS,clean,596,5000596,V5,0,[]
COMPAS,clean,597,5000597,V6,0,[]
COMPAS,clean,597,5000597,V5,0,[]
COMPAS,clean,598,5000598,V6,1,"[[""juv_fel_count""]]"
COMPAS,clean,598,5000598,V5,0,[]
COMPAS,clean,599,5000599,V6,0,[]
COMPAS,clean,599,5000599,V5,0,[]
COMPAS,clean,600,5000600,V6,0,[]
COMPAS,clean,600,5000600,V5,0,[]
COMPAS,clean,601,5000601,V6,0,[]
COMPAS,clean,601,5000601,V5,0,[]
COMPAS,clean,602,5000602,V6,0,[]
COMPAS,clean,602,5000602,V5,0,[]
COMPAS,clean,603,5000603,V6,0,[]
COMPAS,clean,603,5000603,V5,0,[]
COMPAS,clean,604,5000604,V6,0,[]
COMPAS,clean,604,5000604,V5,0,[]
COMPAS,clean,605,5000605,V6,0,[]
COMPAS,clean,605,5000605,V5,0,[]
COMPAS,clean,606,5000606,V6,0,[]
COMPAS,clean,606,5000606,V5,0,[]
COMPAS,clean,607,5000607,V6,0,[]
COMPAS,clean,607,5000607,V5,0,[]
COMPAS,clean,608,5000608,V6,0,[]
COMPAS,clean,608,5000608,V5,0,[]
COMPAS,clean,609,5000609,V6,0,[]
COMPAS,clean,609,5000609,V5,0,[]
COMPAS,clean,610,5000610,V6,0,[]
COMPAS,clean,610,5000610,V5,0,[]
COMPAS,clean,611,5000611,V6,0,[]
COMPAS,clean,611,5000611,V5,0,[]
COMPAS,clean,612,5000612,V6,0,[]
COMPAS,clean,612,5000612,V5,0,[]
COMPAS,clean,613,5000613,V6,0,[]
COMPAS,clean,613,5000613,V5,0,[]
COMPAS,clean,614,5000614,V6,0,[]
COMPAS,clean,614,5000614,V5,0,[]
COMPAS,clean,615,5000615,V6,0,[]
COMPAS,clean,615,5000615,V5,0,[]
COMPAS,clean,616,5000616,V6,0,[]
COMPAS,clean,616,5000616,V5,0,[]
COMPAS,clean,617,5000617,V6,0,[]
COMPAS,clean,617,5000617,V5,0,[]
COMPAS,clean,618,5000618,V6,0,[]
COMPAS,clean,618,5000618,V5,0,[]
COMPAS,clean,619,5000619,V6,0,[]
COMPAS,clean,619,5000619,V5,0,[]
COMPAS,clean,620,5000620,V6,0,[]
COMPAS,clean,620,5000620,V5,0,[]
COMPAS,clean,621,5000621,V6,0,[]
COMPAS,clean,621,5000621,V5,0,[]
COMPAS,clean,622,5000622,V6,0,[]
COMPAS,clean,622,5000622,V5,0,[]
COMPAS,clean,623,5000623,V6,0,[]
COMPAS,clean,623,5000623,V5,0,[]
COMPAS,clean,624,5000624,V6,0,[]
COMPAS,clean,624,5000624,V5,0,[]
COMPAS,clean,625,5000625,V6,0,[]
COMPAS,clean,625,5000625,V5,0,[]
COMPAS,clean,626,5000626,V6,0,[]
COMPAS,clean,626,5000626,V5,0,[]
COMPAS,clean,627,5000627,V6,0,[]
COMPAS,clean,627,5000627,V5,0,[]
COMPAS,clean,628,5000628,V6,0,[]
COMPAS,clean,628,5000628,V5,0,[]
COMPAS,clean,629,5000629,V6,0,[]
COMPAS,clean,629,5000629,V5,0,[]
COMPAS,clean,630,5000630,V6,0,[]
COMPAS,clean,630,5000630,V5,0,[]
COMPAS,clean,631,5000631,V6,0,[]
COMPAS,clean,631,5000631,V5,0,[]
COMPAS,clean,632,5000632,V6,0,[]
COMPAS,clean,632,5000632,V5,0,[]
COMPAS,clean,633,5000633,V6,0,[]
COMPAS,clean,633,5000633,V5,0,[]
COMPAS,clean,634,5000634,V6,0,[]
COMPAS,clean,634,5000634,V5,0,[]
COMPAS,clean,635,5000635,V6,0,[]
COMPAS,clean,635,5000635,V5,0,[]
COMPAS,clean,636,5000636,V6,0,[]
COMPAS,clean,636,5000636,V5,0,[]
COMPAS,clean,637,5000637,V6,0,[]
COMPAS,clean,637,5000637,V5,0,[]
COMPAS,clean,638,5000638,V6,0,[]
COMPAS,clean,638,5000638,V5,0,[]
COMPAS,clean,639,5000639,V6,0,[]
COMPAS,clean,639,5000639,V5,0,[]
COMPAS,clean,640,5000640,V6,0,[]
COMPAS,clean,640,5000640,V5,0,[]
COMPAS,clean,641,5000641,V6,0,[]
COMPAS,clean,641,5000641,V5,0,[]
COMPAS,clean,642,5000642,V6,0,[]
COMPAS,clean,642,5000642,V5,0,[]
COMPAS,clean,643,5000643,V6,0,[]
COMPAS,clean,643,5000643,V5,0,[]
COMPAS,clean,644,5000644,V6,0,[]
COMPAS,clean,644,5000644,V5,0,[]
COMPAS,clean,645,5000645,V6,0,[]
COMPAS,clean,645,5000645,V5,0,[]
COMPAS,clean,646,5000646,V6,0,[]
COMPAS,clean,646,5000646,V5,0,[]
COMPAS,clean,647,5000647,V6,0,[]
COMPAS,clean,647,5000647,V5,0,[]
COMPAS,clean,648,5000648,V6,0,[]
COMPAS,clean,648,5000648,V5,0,[]
COMPAS,clean,649,5000649,V6,0,[]
COMPAS,clean,649,5000649,V5,0,[]
COMPAS,clean,650,5000650,V6,0,[]
COMPAS,clean,650,5000650,V5,0,[]
COMPAS,clean,651,5000651,V6,0,[]
COMPAS,clean,651,5000651,V5,0,[]
COMPAS,clean,652,5000652,V6,0,[]
COMPAS,clean,652,5000652,V5,0,[]
COMPAS,clean,653,5000653,V6,0,[]
COMPAS,clean,653,5000653,V5,0,[]
COMPAS,clean,654,5000654,V6,0,[]
COMPAS,clean,654,5000654,V5,1,"[[""priors_count""]]"
COMPAS,clean,655,5000655,V6,0,[]
COMPAS,clean,655,5000655,V5,0,[]
COMPAS,clean,656,5000656,V6,0,[]
COMPAS,clean,656,5000656,V5,0,[]
COMPAS,clean,657,5000657,V6,0,[]
COMPAS,clean,657,5000657,V5,0,[]
COMPAS,clean,658,5000658,V6,0,[]
COMPAS,clean,658,5000658,V5,0,[]
COMPAS,clean,659,5000659,V6,0,[]
COMPAS,clean,659,5000659,V5,0,[]
COMPAS,clean,660,5000660,V6,0,[]
COMPAS,clean,660,5000660,V5,0,[]
COMPAS,clean,661,5000661,V6,0,[]
COMPAS,clean,661,5000661,V5,0,[]
COMPAS,clean,662,5000662,V6,0,[]
COMPAS,clean,662,5000662,V5,0,[]
COMPAS,clean,663,5000663,V6,0,[]
COMPAS,clean,663,5000663,V5,0,[]
COMPAS,clean,664,5000664,V6,0,[]
COMPAS,clean,664,5000664,V5,0,[]
COMPAS,clean,665,5000665,V6,0,[]
COMPAS,clean,665,5000665,V5,0,[]
COMPAS,clean,666,5000666,V6,0,[]
COMPAS,clean,666,5000666,V5,0,[]
COMPAS,clean,667,5000667,V6,0,[]
COMPAS,clean,667,5000667,V5,0,[]
COMPAS,clean,668,5000668,V6,0,[]
COMPAS,clean,668,5000668,V5,0,[]
COMPAS,clean,669,5000669,V6,0,[]
COMPAS,clean,669,5000669,V5,0,[]
COMPAS,clean,670,5000670,V6,0,[]
COMPAS,clean,670,5000670,V5,0,[]
COMPAS,clean,671,5000671,V6,0,[]
COMPAS,clean,671,5000671,V5,0,[]
COMPAS,clean,672,5000672,V6,0,[]
COMPAS,clean,672,5000672,V5,0,[]
COMPAS,clean,673,5000673,V6,0,[]
COMPAS,clean,673,5000673,V5,0,[]
COMPAS,clean,674,5000674,V6,0,[]
COMPAS,clean,674,5000674,V5,0,[]
COMPAS,clean,675,5000675,V6,0,[]
COMPAS,clean,675,5000675,V5,0,[]
COMPAS,clean,676,5000676,V6,0,[]
COMPAS,clean,676,5000676,V5,0,[]
COMPAS,clean,677,5000677,V6,1,"[[""juv_other_count""]]"
COMPAS,clean,677,5000677,V5,0,[]
COMPAS,clean,678,5000678,V6,0,[]
COMPAS,clean,678,5000678,V5,0,[]
COMPAS,clean,679,5000679,V6,0,[]
COMPAS,clean,679,5000679,V5,0,[]
COMPAS,clean,680,5000680,V6,0,[]
COMPAS,clean,680,5000680,V5,0,[]
COMPAS,clean,681,5000681,V6,0,[]
COMPAS,clean,681,5000681,V5,0,[]
COMPAS,clean,682,5000682,V6,0,[]
COMPAS,clean,682,5000682,V5,0,[]
COMPAS,clean,683,5000683,V6,0,[]
COMPAS,clean,683,5000683,V5,0,[]
COMPAS,clean,684,5000684,V6,0,[]
COMPAS,clean,684,5000684,V5,0,[]
COMPAS,clean,685,5000685,V6,0,[]
COMPAS,clean,685,5000685,V5,0,[]
COMPAS,clean,686,5000686,V6,0,[]
COMPAS,clean,686,5000686,V5,0,[]
COMPAS,clean,687,5000687,V6,0,[]
COMPAS,clean,687,5000687,V5,0,[]
COMPAS,clean,688,5000688,V6,0,[]
COMPAS,clean,688,5000688,V5,0,[]
COMPAS,clean,689,5000689,V6,0,[]
COMPAS,clean,689,5000689,V5,0,[]
COMPAS,clean,690,5000690,V6,0,[]
COMPAS,clean,690,5000690,V5,0,[]
COMPAS,clean,691,5000691,V6,0,[]
COMPAS,clean,691,5000691,V5,1,"[[""age"", ""age_cat""]]"
COMPAS,clean,692,5000692,V6,0,[]
COMPAS,clean,692,5000692,V5,0,[]
COMPAS,clean,693,5000693,V6,0,[]
COMPAS,clean,693,5000693,V5,0,[]
COMPAS,clean,694,5000694,V6,0,[]
COMPAS,clean,694,5000694,V5,0,[]
COMPAS,clean,695,5000695,V6,0,[]
COMPAS,clean,695,5000695,V5,0,[]
COMPAS,clean,696,5000696,V6,0,[]
COMPAS,clean,696,5000696,V5,0,[]
COMPAS,clean,697,5000697,V6,0,[]
COMPAS,clean,697,5000697,V5,0,[]
COMPAS,clean,698,5000698,V6,0,[]
COMPAS,clean,698,5000698,V5,0,[]
COMPAS,clean,699,5000699,V6,0,[]
COMPAS,clean,699,5000699,V5,0,[]
COMPAS,clean,700,5000700,V6,0,[]
COMPAS,clean,700,5000700,V5,0,[]
COMPAS,clean,701,5000701,V6,0,[]
COMPAS,clean,701,5000701,V5,0,[]
COMPAS,clean,702,5000702,V6,0,[]
COMPAS,clean,702,5000702,V5,0,[]
COMPAS,clean,703,5000703,V6,0,[]
COMPAS,clean,703,5000703,V5,0,[]
COMPAS,clean,704,5000704,V6,0,[]
COMPAS,clean,704,5000704,V5,0,[]
COMPAS,clean,705,5000705,V6,0,[]
COMPAS,clean,705,5000705,V5,0,[]
COMPAS,clean,706,5000706,V6,0,[]
COMPAS,clean,706,5000706,V5,0,[]
COMPAS,clean,707,5000707,V6,0,[]
COMPAS,clean,707,5000707,V5,0,[]
COMPAS,clean,708,5000708,V6,0,[]
COMPAS,clean,708,5000708,V5,0,[]
COMPAS,clean,709,5000709,V6,0,[]
COMPAS,clean,709,5000709,V5,0,[]
COMPAS,clean,710,5000710,V6,0,[]
COMPAS,clean,710,5000710,V5,0,[]
COMPAS,clean,711,5000711,V6,0,[]
COMPAS,clean,711,5000711,V5,0,[]
COMPAS,clean,712,5000712,V6,0,[]
COMPAS,clean,712,5000712,V5,0,[]
COMPAS,clean,713,5000713,V6,0,[]
COMPAS,clean,713,5000713,V5,0,[]
COMPAS,clean,714,5000714,V6,0,[]
COMPAS,clean,714,5000714,V5,0,[]
COMPAS,clean,715,5000715,V6,0,[]
COMPAS,clean,715,5000715,V5,0,[]
COMPAS,clean,716,5000716,V6,0,[]
COMPAS,clean,716,5000716,V5,0,[]
COMPAS,clean,717,5000717,V6,0,[]
COMPAS,clean,717,5000717,V5,0,[]
COMPAS,clean,718,5000718,V6,0,[]
COMPAS,clean,718,5000718,V5,0,[]
COMPAS,clean,719,5000719,V6,0,[]
COMPAS,clean,719,5000719,V5,0,[]
COMPAS,clean,720,5000720,V6,0,[]
COMPAS,clean,720,5000720,V5,0,[]
COMPAS,clean,721,5000721,V6,0,[]
COMPAS,clean,721,5000721,V5,0,[]
COMPAS,clean,722,5000722,V6,0,[]
COMPAS,clean,722,5000722,V5,0,[]
COMPAS,clean,723,5000723,V6,0,[]
COMPAS,clean,723,5000723,V5,0,[]
COMPAS,clean,724,5000724,V6,0,[]
COMPAS,clean,724,5000724,V5,0,[]
COMPAS,clean,725,5000725,V6,0,[]
COMPAS,clean,725,5000725,V5,0,[]
COMPAS,clean,726,5000726,V6,0,[]
COMPAS,clean,726,5000726,V5,0,[]
COMPAS,clean,727,5000727,V6,0,[]
COMPAS,clean,727,5000727,V5,0,[]
COMPAS,clean,728,5000728,V6,0,[]
COMPAS,clean,728,5000728,V5,0,[]
COMPAS,clean,729,5000729,V6,0,[]
COMPAS,clean,729,5000729,V5,0,[]
COMPAS,clean,730,5000730,V6,0,[]
COMPAS,clean,730,5000730,V5,0,[]
COMPAS,clean,731,5000731,V6,0,[]
COMPAS,clean,731,5000731,V5,0,[]
COMPAS,clean,732,5000732,V6,0,[]
COMPAS,clean,732,5000732,V5,0,[]
COMPAS,clean,733,5000733,V6,0,[]
COMPAS,clean,733,5000733,V5,0,[]
COMPAS,clean,734,5000734,V6,0,[]
COMPAS,clean,734,5000734,V5,0,[]
COMPAS,clean,735,5000735,V6,0,[]
COMPAS,clean,735,5000735,V5,0,[]
COMPAS,clean,736,5000736,V6,0,[]
COMPAS,clean,736,5000736,V5,0,[]
COMPAS,clean,737,5000737,V6,0,[]
COMPAS,clean,737,5000737,V5,0,[]
COMPAS,clean,738,5000738,V6,0,[]
COMPAS,clean,738,5000738,V5,0,[]
COMPAS,clean,739,5000739,V6,0,[]
COMPAS,clean,739,5000739,V5,0,[]
COMPAS,clean,740,5000740,V6,0,[]
COMPAS,clean,740,5000740,V5,0,[]
COMPAS,clean,741,5000741,V6,0,[]
COMPAS,clean,741,5000741,V5,0,[]
COMPAS,clean,742,5000742,V6,0,[]
COMPAS,clean,742,5000742,V5,0,[]
COMPAS,clean,743,5000743,V6,0,[]
COMPAS,clean,743,5000743,V5,0,[]
COMPAS,clean,744,5000744,V6,0,[]
COMPAS,clean,744,5000744,V5,0,[]
COMPAS,clean,745,5000745,V6,0,[]
COMPAS,clean,745,5000745,V5,0,[]
COMPAS,clean,746,5000746,V6,0,[]
COMPAS,clean,746,5000746,V5,0,[]
COMPAS,clean,747,5000747,V6,0,[]
COMPAS,clean,747,5000747,V5,0,[]
COMPAS,clean,748,5000748,V6,1,"[[""priors_count""]]"
COMPAS,clean,748,5000748,V5,0,[]
COMPAS,clean,749,5000749,V6,0,[]
COMPAS,clean,749,5000749,V5,0,[]
COMPAS,clean,750,5000750,V6,0,[]
COMPAS,clean,750,5000750,V5,0,[]
COMPAS,clean,751,5000751,V6,0,[]
COMPAS,clean,751,5000751,V5,0,[]
COMPAS,clean,752,5000752,V6,0,[]
COMPAS,clean,752,5000752,V5,0,[]
COMPAS,clean,753,5000753,V6,0,[]
COMPAS,clean,753,5000753,V5,0,[]
COMPAS,clean,754,5000754,V6,0,[]
COMPAS,clean,754,5000754,V5,0,[]
COMPAS,clean,755,5000755,V6,0,[]
COMPAS,clean,755,5000755,V5,0,[]
COMPAS,clean,756,5000756,V6,0,[]
COMPAS,clean,756,5000756,V5,0,[]
COMPAS,clean,757,5000757,V6,0,[]
COMPAS,clean,757,5000757,V5,0,[]
COMPAS,clean,758,5000758,V6,0,[]
COMPAS,clean,758,5000758,V5,0,[]
COMPAS,clean,759,5000759,V6,0,[]
COMPAS,clean,759,5000759,V5,0,[]
COMPAS,clean,760,5000760,V6,0,[]
COMPAS,clean,760,5000760,V5,0,[]
COMPAS,clean,761,5000761,V6,0,[]
COMPAS,clean,761,5000761,V5,0,[]
COMPAS,clean,762,5000762,V6,0,[]
COMPAS,clean,762,5000762,V5,0,[]
COMPAS,clean,763,5000763,V6,0,[]
COMPAS,clean,763,5000763,V5,0,[]
COMPAS,clean,764,5000764,V6,0,[]
COMPAS,clean,764,5000764,V5,0,[]
COMPAS,clean,765,5000765,V6,0,[]
COMPAS,clean,765,5000765,V5,0,[]
COMPAS,clean,766,5000766,V6,0,[]
COMPAS,clean,766,5000766,V5,0,[]
COMPAS,clean,767,5000767,V6,0,[]
COMPAS,clean,767,5000767,V5,0,[]
COMPAS,clean,768,5000768,V6,0,[]
COMPAS,clean,768,5000768,V5,0,[]
COMPAS,clean,769,5000769,V6,0,[]
COMPAS,clean,769,5000769,V5,0,[]
COMPAS,clean,770,5000770,V6,0,[]
COMPAS,clean,770,5000770,V5,0,[]
COMPAS,clean,771,5000771,V6,0,[]
COMPAS,clean,771,5000771,V5,0,[]
COMPAS,clean,772,5000772,V6,0,[]
COMPAS,clean,772,5000772,V5,0,[]
COMPAS,clean,773,5000773,V6,0,[]
COMPAS,clean,773,5000773,V5,0,[]
COMPAS,clean,774,5000774,V6,0,[]
COMPAS,clean,774,5000774,V5,0,[]
COMPAS,clean,775,5000775,V6,0,[]
COMPAS,clean,775,5000775,V5,0,[]
COMPAS,clean,776,5000776,V6,0,[]
COMPAS,clean,776,5000776,V5,0,[]
COMPAS,clean,777,5000777,V6,0,[]
COMPAS,clean,777,5000777,V5,0,[]
COMPAS,clean,778,5000778,V6,0,[]
COMPAS,clean,778,5000778,V5,0,[]
COMPAS,clean,779,5000779,V6,0,[]
COMPAS,clean,779,5000779,V5,0,[]
COMPAS,clean,780,5000780,V6,0,[]
COMPAS,clean,780,5000780,V5,0,[]
COMPAS,clean,781,5000781,V6,0,[]
COMPAS,clean,781,5000781,V5,0,[]
COMPAS,clean,782,5000782,V6,0,[]
COMPAS,clean,782,5000782,V5,0,[]
COMPAS,clean,783,5000783,V6,0,[]
COMPAS,clean,783,5000783,V5,0,[]
COMPAS,clean,784,5000784,V6,0,[]
COMPAS,clean,784,5000784,V5,0,[]
COMPAS,clean,785,5000785,V6,0,[]
COMPAS,clean,785,5000785,V5,0,[]
COMPAS,clean,786,5000786,V6,0,[]
COMPAS,clean,786,5000786,V5,0,[]
COMPAS,clean,787,5000787,V6,0,[]
COMPAS,clean,787,5000787,V5,0,[]
COMPAS,clean,788,5000788,V6,0,[]
COMPAS,clean,788,5000788,V5,0,[]
COMPAS,clean,789,5000789,V6,0,[]
COMPAS,clean,789,5000789,V5,0,[]
COMPAS,clean,790,5000790,V6,0,[]
COMPAS,clean,790,5000790,V5,0,[]
COMPAS,clean,791,5000791,V6,0,[]
COMPAS,clean,791,5000791,V5,0,[]
COMPAS,clean,792,5000792,V6,0,[]
COMPAS,clean,792,5000792,V5,0,[]
COMPAS,clean,793,5000793,V6,0,[]
COMPAS,clean,793,5000793,V5,0,[]
COMPAS,clean,794,5000794,V6,0,[]
COMPAS,clean,794,5000794,V5,0,[]
COMPAS,clean,795,5000795,V6,0,[]
COMPAS,clean,795,5000795,V5,0,[]
COMPAS,clean,796,5000796,V6,0,[]
COMPAS,clean,796,5000796,V5,0,[]
COMPAS,clean,797,5000797,V6,0,[]
COMPAS,clean,797,5000797,V5,0,[]
COMPAS,clean,798,5000798,V6,0,[]
COMPAS,clean,798,5000798,V5,0,[]
COMPAS,clean,799,5000799,V6,0,[]
COMPAS,clean,799,5000799,V5,0,[]
COMPAS,clean,800,5000800,V6,0,[]
COMPAS,clean,800,5000800,V5,0,[]
COMPAS,clean,801,5000801,V6,1,"[[""juv_fel_count""]]"
COMPAS,clean,801,5000801,V5,0,[]
COMPAS,clean,802,5000802,V6,0,[]
COMPAS,clean,802,5000802,V5,0,[]
COMPAS,clean,803,5000803,V6,0,[]
COMPAS,clean,803,5000803,V5,0,[]
COMPAS,clean,804,5000804,V6,0,[]
COMPAS,clean,804,5000804,V5,0,[]
COMPAS,clean,805,5000805,V6,0,[]
COMPAS,clean,805,5000805,V5,0,[]
COMPAS,clean,806,5000806,V6,0,[]
COMPAS,clean,806,5000806,V5,0,[]
COMPAS,clean,807,5000807,V6,0,[]
COMPAS,clean,807,5000807,V5,0,[]
COMPAS,clean,808,5000808,V6,0,[]
COMPAS,clean,808,5000808,V5,0,[]
COMPAS,clean,809,5000809,V6,0,[]
COMPAS,clean,809,5000809,V5,0,[]
COMPAS,clean,810,5000810,V6,0,[]
COMPAS,clean,810,5000810,V5,0,[]
COMPAS,clean,811,5000811,V6,0,[]
COMPAS,clean,811,5000811,V5,0,[]
COMPAS,clean,812,5000812,V6,0,[]
COMPAS,clean,812,5000812,V5,0,[]
COMPAS,clean,813,5000813,V6,0,[]
COMPAS,clean,813,5000813,V5,0,[]
COMPAS,clean,814,5000814,V6,0,[]
COMPAS,clean,814,5000814,V5,0,[]
COMPAS,clean,815,5000815,V6,0,[]
COMPAS,clean,815,5000815,V5,0,[]
COMPAS,clean,816,5000816,V6,0,[]
COMPAS,clean,816,5000816,V5,0,[]
COMPAS,clean,817,5000817,V6,0,[]
COMPAS,clean,817,5000817,V5,0,[]
COMPAS,clean,818,5000818,V6,0,[]
COMPAS,clean,818,5000818,V5,0,[]
COMPAS,clean,819,5000819,V6,0,[]
COMPAS,clean,819,5000819,V5,0,[]
COMPAS,clean,820,5000820,V6,0,[]
COMPAS,clean,820,5000820,V5,0,[]
COMPAS,clean,821,5000821,V6,0,[]
COMPAS,clean,821,5000821,V5,0,[]
COMPAS,clean,822,5000822,V6,0,[]
COMPAS,clean,822,5000822,V5,0,[]
COMPAS,clean,823,5000823,V6,0,[]
COMPAS,clean,823,5000823,V5,0,[]
COMPAS,clean,824,5000824,V6,0,[]
COMPAS,clean,824,5000824,V5,0,[]
COMPAS,clean,825,5000825,V6,0,[]
COMPAS,clean,825,5000825,V5,0,[]
COMPAS,clean,826,5000826,V6,0,[]
COMPAS,clean,826,5000826,V5,0,[]
COMPAS,clean,827,5000827,V6,0,[]
COMPAS,clean,827,5000827,V5,0,[]
COMPAS,clean,828,5000828,V6,0,[]
COMPAS,clean,828,5000828,V5,0,[]
COMPAS,clean,829,5000829,V6,0,[]
COMPAS,clean,829,5000829,V5,0,[]
COMPAS,clean,830,5000830,V6,0,[]
COMPAS,clean,830,5000830,V5,0,[]
COMPAS,clean,831,5000831,V6,0,[]
COMPAS,clean,831,5000831,V5,0,[]
COMPAS,clean,832,5000832,V6,0,[]
COMPAS,clean,832,5000832,V5,0,[]
COMPAS,clean,833,5000833,V6,0,[]
COMPAS,clean,833,5000833,V5,0,[]
COMPAS,clean,834,5000834,V6,0,[]
COMPAS,clean,834,5000834,V5,0,[]
COMPAS,clean,835,5000835,V6,0,[]
COMPAS,clean,835,5000835,V5,0,[]
COMPAS,clean,836,5000836,V6,0,[]
COMPAS,clean,836,5000836,V5,0,[]
COMPAS,clean,837,5000837,V6,0,[]
COMPAS,clean,837,5000837,V5,0,[]
COMPAS,clean,838,5000838,V6,0,[]
COMPAS,clean,838,5000838,V5,0,[]
COMPAS,clean,839,5000839,V6,0,[]
COMPAS,clean,839,5000839,V5,0,[]
COMPAS,clean,840,5000840,V6,0,[]
COMPAS,clean,840,5000840,V5,0,[]
COMPAS,clean,841,5000841,V6,0,[]
COMPAS,clean,841,5000841,V5,0,[]
COMPAS,clean,842,5000842,V6,1,"[[""age"", ""age_cat""]]"
COMPAS,clean,842,5000842,V5,0,[]
COMPAS,clean,843,5000843,V6,0,[]
COMPAS,clean,843,5000843,V5,0,[]
COMPAS,clean,844,5000844,V6,0,[]
COMPAS,clean,844,5000844,V5,0,[]
COMPAS,clean,845,5000845,V6,0,[]
COMPAS,clean,845,5000845,V5,0,[]
COMPAS,clean,846,5000846,V6,0,[]
COMPAS,clean,846,5000846,V5,0,[]
COMPAS,clean,847,5000847,V6,0,[]
COMPAS,clean,847,5000847,V5,0,[]
COMPAS,clean,848,5000848,V6,0,[]
COMPAS,clean,848,5000848,V5,0,[]
COMPAS,clean,849,5000849,V6,0,[]
COMPAS,clean,849,5000849,V5,0,[]
COMPAS,clean,850,5000850,V6,0,[]
COMPAS,clean,850,5000850,V5,0,[]
COMPAS,clean,851,5000851,V6,0,[]
COMPAS,clean,851,5000851,V5,0,[]
COMPAS,clean,852,5000852,V6,0,[]
COMPAS,clean,852,5000852,V5,0,[]
COMPAS,clean,853,5000853,V6,0,[]
COMPAS,clean,853,5000853,V5,0,[]
COMPAS,clean,854,5000854,V6,0,[]
COMPAS,clean,854,5000854,V5,0,[]
COMPAS,clean,855,5000855,V6,0,[]
COMPAS,clean,855,5000855,V5,0,[]
COMPAS,clean,856,5000856,V6,0,[]
COMPAS,clean,856,5000856,V5,0,[]
COMPAS,clean,857,5000857,V6,0,[]
COMPAS,clean,857,5000857,V5,0,[]
COMPAS,clean,858,5000858,V6,0,[]
COMPAS,clean,858,5000858,V5,0,[]
COMPAS,clean,859,5000859,V6,0,[]
COMPAS,clean,859,5000859,V5,0,[]
COMPAS,clean,860,5000860,V6,0,[]
COMPAS,clean,860,5000860,V5,0,[]
COMPAS,clean,861,5000861,V6,0,[]
COMPAS,clean,861,5000861,V5,0,[]
COMPAS,clean,862,5000862,V6,0,[]
COMPAS,clean,862,5000862,V5,0,[]
COMPAS,clean,863,5000863,V6,0,[]
COMPAS,clean,863,5000863,V5,0,[]
COMPAS,clean,864,5000864,V6,0,[]
COMPAS,clean,864,5000864,V5,0,[]
COMPAS,clean,865,5000865,V6,0,[]
COMPAS,clean,865,5000865,V5,0,[]
COMPAS,clean,866,5000866,V6,0,[]
COMPAS,clean,866,5000866,V5,0,[]
COMPAS,clean,867,5000867,V6,0,[]
COMPAS,clean,867,5000867,V5,0,[]
COMPAS,clean,868,5000868,V6,0,[]
COMPAS,clean,868,5000868,V5,0,[]
COMPAS,clean,869,5000869,V6,1,"[[""juv_fel_count""]]"
COMPAS,clean,869,5000869,V5,0,[]
COMPAS,clean,870,5000870,V6,0,[]
COMPAS,clean,870,5000870,V5,0,[]
COMPAS,clean,871,5000871,V6,0,[]
COMPAS,clean,871,5000871,V5,0,[]
COMPAS,clean,872,5000872,V6,0,[]
COMPAS,clean,872,5000872,V5,0,[]
COMPAS,clean,873,5000873,V6,1,"[[""juv_misd_count""]]"
COMPAS,clean,873,5000873,V5,0,[]
COMPAS,clean,874,5000874,V6,0,[]
COMPAS,clean,874,5000874,V5,0,[]
COMPAS,clean,875,5000875,V6,0,[]
COMPAS,clean,875,5000875,V5,0,[]
COMPAS,clean,876,5000876,V6,0,[]
COMPAS,clean,876,5000876,V5,0,[]
COMPAS,clean,877,5000877,V6,0,[]
COMPAS,clean,877,5000877,V5,0,[]
COMPAS,clean,878,5000878,V6,0,[]
COMPAS,clean,878,5000878,V5,0,[]
COMPAS,clean,879,5000879,V6,0,[]
COMPAS,clean,879,5000879,V5,0,[]
COMPAS,clean,880,5000880,V6,0,[]
COMPAS,clean,880,5000880,V5,0,[]
COMPAS,clean,881,5000881,V6,0,[]
COMPAS,clean,881,5000881,V5,0,[]
COMPAS,clean,882,5000882,V6,0,[]
COMPAS,clean,882,5000882,V5,0,[]
COMPAS,clean,883,5000883,V6,0,[]
COMPAS,clean,883,5000883,V5,0,[]
COMPAS,clean,884,5000884,V6,0,[]
COMPAS,clean,884,5000884,V5,0,[]
COMPAS,clean,885,5000885,V6,0,[]
COMPAS,clean,885,5000885,V5,0,[]
COMPAS,clean,886,5000886,V6,1,"[[""sex""]]"
COMPAS,clean,886,5000886,V5,0,[]
COMPAS,clean,887,5000887,V6,0,[]
COMPAS,clean,887,5000887,V5,0,[]
COMPAS,clean,888,5000888,V6,0,[]
COMPAS,clean,888,5000888,V5,0,[]
COMPAS,clean,889,5000889,V6,0,[]
COMPAS,clean,889,5000889,V5,0,[]
COMPAS,clean,890,5000890,V6,0,[]
COMPAS,clean,890,5000890,V5,0,[]
COMPAS,clean,891,5000891,V6,0,[]
COMPAS,clean,891,5000891,V5,0,[]
COMPAS,clean,892,5000892,V6,0,[]
COMPAS,clean,892,5000892,V5,0,[]
COMPAS,clean,893,5000893,V6,0,[]
COMPAS,clean,893,5000893,V5,0,[]
COMPAS,clean,894,5000894,V6,0,[]
COMPAS,clean,894,5000894,V5,0,[]
COMPAS,clean,895,5000895,V6,0,[]
COMPAS,clean,895,5000895,V5,0,[]
COMPAS,clean,896,5000896,V6,0,[]
COMPAS,clean,896,5000896,V5,0,[]
COMPAS,clean,897,5000897,V6,0,[]
COMPAS,clean,897,5000897,V5,0,[]
COMPAS,clean,898,5000898,V6,0,[]
COMPAS,clean,898,5000898,V5,0,[]
COMPAS,clean,899,5000899,V6,0,[]
COMPAS,clean,899,5000899,V5,0,[]
COMPAS,clean,900,5000900,V6,0,[]
COMPAS,clean,900,5000900,V5,0,[]
COMPAS,clean,901,5000901,V6,0,[]
COMPAS,clean,901,5000901,V5,0,[]
COMPAS,clean,902,5000902,V6,0,[]
COMPAS,clean,902,5000902,V5,0,[]
COMPAS,clean,903,5000903,V6,0,[]
COMPAS,clean,903,5000903,V5,0,[]
COMPAS,clean,904,5000904,V6,0,[]
COMPAS,clean,904,5000904,V5,0,[]
COMPAS,clean,905,5000905,V6,0,[]
COMPAS,clean,905,5000905,V5,0,[]
COMPAS,clean,906,5000906,V6,0,[]
COMPAS,clean,906,5000906,V5,0,[]
COMPAS,clean,907,5000907,V6,0,[]
COMPAS,clean,907,5000907,V5,0,[]
COMPAS,clean,908,5000908,V6,0,[]
COMPAS,clean,908,5000908,V5,0,[]
COMPAS,clean,909,5000909,V6,0,[]
COMPAS,clean,909,5000909,V5,0,[]
COMPAS,clean,910,5000910,V6,0,[]
COMPAS,clean,910,5000910,V5,0,[]
COMPAS,clean,911,5000911,V6,0,[]
COMPAS,clean,911,5000911,V5,0,[]
COMPAS,clean,912,5000912,V6,0,[]
COMPAS,clean,912,5000912,V5,0,[]
COMPAS,clean,913,5000913,V6,0,[]
COMPAS,clean,913,5000913,V5,0,[]
COMPAS,clean,914,5000914,V6,0,[]
COMPAS,clean,914,5000914,V5,0,[]
COMPAS,clean,915,5000915,V6,0,[]
COMPAS,clean,915,5000915,V5,0,[]
COMPAS,clean,916,5000916,V6,0,[]
COMPAS,clean,916,5000916,V5,0,[]
COMPAS,clean,917,5000917,V6,0,[]
COMPAS,clean,917,5000917,V5,0,[]
COMPAS,clean,918,5000918,V6,0,[]
COMPAS,clean,918,5000918,V5,0,[]
COMPAS,clean,919,5000919,V6,0,[]
COMPAS,clean,919,5000919,V5,0,[]
COMPAS,clean,920,5000920,V6,0,[]
COMPAS,clean,920,5000920,V5,0,[]
COMPAS,clean,921,5000921,V6,0,[]
COMPAS,clean,921,5000921,V5,0,[]
COMPAS,clean,922,5000922,V6,0,[]
COMPAS,clean,922,5000922,V5,0,[]
COMPAS,clean,923,5000923,V6,0,[]
COMPAS,clean,923,5000923,V5,0,[]
COMPAS,clean,924,5000924,V6,0,[]
COMPAS,clean,924,5000924,V5,0,[]
COMPAS,clean,925,5000925,V6,0,[]
COMPAS,clean,925,5000925,V5,0,[]
COMPAS,clean,926,5000926,V6,0,[]
COMPAS,clean,926,5000926,V5,0,[]
COMPAS,clean,927,5000927,V6,0,[]
COMPAS,clean,927,5000927,V5,0,[]
COMPAS,clean,928,5000928,V6,0,[]
COMPAS,clean,928,5000928,V5,0,[]
COMPAS,clean,929,5000929,V6,0,[]
COMPAS,clean,929,5000929,V5,0,[]
COMPAS,clean,930,5000930,V6,0,[]
COMPAS,clean,930,5000930,V5,0,[]
COMPAS,clean,931,5000931,V6,0,[]
COMPAS,clean,931,5000931,V5,0,[]
COMPAS,clean,932,5000932,V6,0,[]
COMPAS,clean,932,5000932,V5,0,[]
COMPAS,clean,933,5000933,V6,0,[]
COMPAS,clean,933,5000933,V5,0,[]
COMPAS,clean,934,5000934,V6,0,[]
COMPAS,clean,934,5000934,V5,0,[]
COMPAS,clean,935,5000935,V6,0,[]
COMPAS,clean,935,5000935,V5,0,[]
COMPAS,clean,936,5000936,V6,0,[]
COMPAS,clean,936,5000936,V5,0,[]
COMPAS,clean,937,5000937,V6,0,[]
COMPAS,clean,937,5000937,V5,0,[]
COMPAS,clean,938,5000938,V6,0,[]
COMPAS,clean,938,5000938,V5,0,[]
COMPAS,clean,939,5000939,V6,0,[]
COMPAS,clean,939,5000939,V5,0,[]
COMPAS,clean,940,5000940,V6,0,[]
COMPAS,clean,940,5000940,V5,0,[]
COMPAS,clean,941,5000941,V6,0,[]
COMPAS,clean,941,5000941,V5,0,[]
COMPAS,clean,942,5000942,V6,0,[]
COMPAS,clean,942,5000942,V5,0,[]
COMPAS,clean,943,5000943,V6,0,[]
COMPAS,clean,943,5000943,V5,0,[]
COMPAS,clean,944,5000944,V6,0,[]
COMPAS,clean,944,5000944,V5,0,[]
COMPAS,clean,945,5000945,V6,0,[]
COMPAS,clean,945,5000945,V5,0,[]
COMPAS,clean,946,5000946,V6,0,[]
COMPAS,clean,946,5000946,V5,0,[]
COMPAS,clean,947,5000947,V6,0,[]
COMPAS,clean,947,5000947,V5,0,[]
COMPAS,clean,948,5000948,V6,0,[]
COMPAS,clean,948,5000948,V5,0,[]
COMPAS,clean,949,5000949,V6,0,[]
COMPAS,clean,949,5000949,V5,0,[]
COMPAS,clean,950,5000950,V6,0,[]
COMPAS,clean,950,5000950,V5,0,[]
COMPAS,clean,951,5000951,V6,0,[]
COMPAS,clean,951,5000951,V5,0,[]
COMPAS,clean,952,5000952,V6,0,[]
COMPAS,clean,952,5000952,V5,0,[]
COMPAS,clean,953,5000953,V6,0,[]
COMPAS,clean,953,5000953,V5,0,[]
COMPAS,clean,954,5000954,V6,0,[]
COMPAS,clean,954,5000954,V5,0,[]
COMPAS,clean,955,5000955,V6,0,[]
COMPAS,clean,955,5000955,V5,0,[]
COMPAS,clean,956,5000956,V6,0,[]
COMPAS,clean,956,5000956,V5,0,[]
COMPAS,clean,957,5000957,V6,0,[]
COMPAS,clean,957,5000957,V5,0,[]
COMPAS,clean,958,5000958,V6,0,[]
COMPAS,clean,958,5000958,V5,0,[]
COMPAS,clean,959,5000959,V6,0,[]
COMPAS,clean,959,5000959,V5,0,[]
COMPAS,clean,960,5000960,V6,0,[]
COMPAS,clean,960,5000960,V5,0,[]
COMPAS,clean,961,5000961,V6,0,[]
COMPAS,clean,961,5000961,V5,0,[]
COMPAS,clean,962,5000962,V6,0,[]
COMPAS,clean,962,5000962,V5,0,[]
COMPAS,clean,963,5000963,V6,0,[]
COMPAS,clean,963,5000963,V5,0,[]
COMPAS,clean,964,5000964,V6,0,[]
COMPAS,clean,964,5000964,V5,0,[]
COMPAS,clean,965,5000965,V6,0,[]
COMPAS,clean,965,5000965,V5,0,[]
COMPAS,clean,966,5000966,V6,0,[]
COMPAS,clean,966,5000966,V5,0,[]
COMPAS,clean,967,5000967,V6,0,[]
COMPAS,clean,967,5000967,V5,0,[]
COMPAS,clean,968,5000968,V6,0,[]
COMPAS,clean,968,5000968,V5,0,[]
COMPAS,clean,969,5000969,V6,0,[]
COMPAS,clean,969,5000969,V5,0,[]
COMPAS,clean,970,5000970,V6,0,[]
COMPAS,clean,970,5000970,V5,0,[]
COMPAS,clean,971,5000971,V6,0,[]
COMPAS,clean,971,5000971,V5,0,[]
COMPAS,clean,972,5000972,V6,0,[]
COMPAS,clean,972,5000972,V5,0,[]
COMPAS,clean,973,5000973,V6,0,[]
COMPAS,clean,973,5000973,V5,0,[]
COMPAS,clean,974,5000974,V6,0,[]
COMPAS,clean,974,5000974,V5,0,[]
COMPAS,clean,975,5000975,V6,0,[]
COMPAS,clean,975,5000975,V5,0,[]
COMPAS,clean,976,5000976,V6,0,[]
COMPAS,clean,976,5000976,V5,0,[]
COMPAS,clean,977,5000977,V6,0,[]
COMPAS,clean,977,5000977,V5,0,[]
COMPAS,clean,978,5000978,V6,0,[]
COMPAS,clean,978,5000978,V5,0,[]
COMPAS,clean,979,5000979,V6,0,[]
COMPAS,clean,979,5000979,V5,0,[]
COMPAS,clean,980,5000980,V6,0,[]
COMPAS,clean,980,5000980,V5,0,[]
COMPAS,clean,981,5000981,V6,0,[]
COMPAS,clean,981,5000981,V5,0,[]
COMPAS,clean,982,5000982,V6,0,[]
COMPAS,clean,982,5000982,V5,0,[]
COMPAS,clean,983,5000983,V6,0,[]
COMPAS,clean,983,5000983,V5,0,[]
COMPAS,clean,984,5000984,V6,0,[]
COMPAS,clean,984,5000984,V5,0,[]
COMPAS,clean,985,5000985,V6,0,[]
COMPAS,clean,985,5000985,V5,0,[]
COMPAS,clean,986,5000986,V6,0,[]
COMPAS,clean,986,5000986,V5,0,[]
COMPAS,clean,987,5000987,V6,0,[]
COMPAS,clean,987,5000987,V5,0,[]
COMPAS,clean,988,5000988,V6,0,[]
COMPAS,clean,988,5000988,V5,0,[]
COMPAS,clean,989,5000989,V6,0,[]
COMPAS,clean,989,5000989,V5,0,[]
COMPAS,clean,990,5000990,V6,0,[]
COMPAS,clean,990,5000990,V5,0,[]
COMPAS,clean,991,5000991,V6,0,[]
COMPAS,clean,991,5000991,V5,0,[]
COMPAS,clean,992,5000992,V6,0,[]
COMPAS,clean,992,5000992,V5,0,[]
COMPAS,clean,993,5000993,V6,0,[]
COMPAS,clean,993,5000993,V5,0,[]
COMPAS,clean,994,5000994,V6,0,[]
COMPAS,clean,994,5000994,V5,0,[]
COMPAS,clean,995,5000995,V6,0,[]
COMPAS,clean,995,5000995,V5,0,[]
COMPAS,clean,996,5000996,V6,0,[]
COMPAS,clean,996,5000996,V5,0,[]
COMPAS,clean,997,5000997,V6,0,[]
COMPAS,clean,997,5000997,V5,0,[]
COMPAS,clean,998,5000998,V6,0,[]
COMPAS,clean,998,5000998,V5,0,[]
COMPAS,clean,999,5000999,V6,0,[]
COMPAS,clean,999,5000999,V5,0,[]
COMPAS,shift_age_1.0,0,5010000,V6,0,[]
COMPAS,shift_age_1.0,0,5010000,V5,0,[]
COMPAS,shift_age_1.0,1,5010001,V6,0,[]
COMPAS,shift_age_1.0,1,5010001,V5,0,[]
COMPAS,shift_age_1.0,2,5010002,V6,0,[]
COMPAS,shift_age_1.0,2,5010002,V5,0,[]
COMPAS,shift_age_1.0,3,5010003,V6,0,[]
COMPAS,shift_age_1.0,3,5010003,V5,0,[]
COMPAS,shift_age_1.0,4,5010004,V6,0,[]
COMPAS,shift_age_1.0,4,5010004,V5,0,[]
COMPAS,shift_age_1.0,5,5010005,V6,0,[]
COMPAS,shift_age_1.0,5,5010005,V5,0,[]
COMPAS,shift_age_1.0,6,5010006,V6,0,[]
COMPAS,shift_age_1.0,6,5010006,V5,0,[]
COMPAS,shift_age_1.0,7,5010007,V6,0,[]
COMPAS,shift_age_1.0,7,5010007,V5,0,[]
COMPAS,shift_age_1.0,8,5010008,V6,0,[]
COMPAS,shift_age_1.0,8,5010008,V5,0,[]
COMPAS,shift_age_1.0,9,5010009,V6,0,[]
COMPAS,shift_age_1.0,9,5010009,V5,0,[]
COMPAS,shift_age_1.0,10,5010010,V6,0,[]
COMPAS,shift_age_1.0,10,5010010,V5,0,[]
COMPAS,shift_age_1.0,11,5010011,V6,0,[]
COMPAS,shift_age_1.0,11,5010011,V5,0,[]
COMPAS,shift_age_1.0,12,5010012,V6,0,[]
COMPAS,shift_age_1.0,12,5010012,V5,0,[]
COMPAS,shift_age_1.0,13,5010013,V6,0,[]
COMPAS,shift_age_1.0,13,5010013,V5,0,[]
COMPAS,shift_age_1.0,14,5010014,V6,0,[]
COMPAS,shift_age_1.0,14,5010014,V5,0,[]
COMPAS,shift_age_1.0,15,5010015,V6,0,[]
COMPAS,shift_age_1.0,15,5010015,V5,0,[]
COMPAS,shift_age_1.0,16,5010016,V6,0,[]
COMPAS,shift_age_1.0,16,5010016,V5,0,[]
COMPAS,shift_age_1.0,17,5010017,V6,0,[]
COMPAS,shift_age_1.0,17,5010017,V5,0,[]
COMPAS,shift_age_1.0,18,5010018,V6,0,[]
COMPAS,shift_age_1.0,18,5010018,V5,0,[]
COMPAS,shift_age_1.0,19,5010019,V6,0,[]
COMPAS,shift_age_1.0,19,5010019,V5,0,[]
COMPAS,shift_age_1.0,20,5010020,V6,0,[]
COMPAS,shift_age_1.0,20,5010020,V5,0,[]
COMPAS,shift_age_1.0,21,5010021,V6,0,[]
COMPAS,shift_age_1.0,21,5010021,V5,0,[]
COMPAS,shift_age_1.0,22,5010022,V6,0,[]
COMPAS,shift_age_1.0,22,5010022,V5,0,[]
COMPAS,shift_age_1.0,23,5010023,V6,0,[]
COMPAS,shift_age_1.0,23,5010023,V5,0,[]
COMPAS,shift_age_1.0,24,5010024,V6,0,[]
COMPAS,shift_age_1.0,24,5010024,V5,0,[]
COMPAS,shift_age_1.0,25,5010025,V6,0,[]
COMPAS,shift_age_1.0,25,5010025,V5,0,[]
COMPAS,shift_age_1.0,26,5010026,V6,0,[]
COMPAS,shift_age_1.0,26,5010026,V5,0,[]
COMPAS,shift_age_1.0,27,5010027,V6,0,[]
COMPAS,shift_age_1.0,27,5010027,V5,0,[]
COMPAS,shift_age_1.0,28,5010028,V6,0,[]
COMPAS,shift_age_1.0,28,5010028,V5,0,[]
COMPAS,shift_age_1.0,29,5010029,V6,0,[]
COMPAS,shift_age_1.0,29,5010029,V5,0,[]
COMPAS,shift_age_1.0,30,5010030,V6,0,[]
COMPAS,shift_age_1.0,30,5010030,V5,0,[]
COMPAS,shift_age_1.0,31,5010031,V6,0,[]
COMPAS,shift_age_1.0,31,5010031,V5,0,[]
COMPAS,shift_age_1.0,32,5010032,V6,0,[]
COMPAS,shift_age_1.0,32,5010032,V5,0,[]
COMPAS,shift_age_1.0,33,5010033,V6,0,[]
COMPAS,shift_age_1.0,33,5010033,V5,0,[]
COMPAS,shift_age_1.0,34,5010034,V6,0,[]
COMPAS,shift_age_1.0,34,5010034,V5,0,[]
COMPAS,shift_age_1.0,35,5010035,V6,0,[]
COMPAS,shift_age_1.0,35,5010035,V5,0,[]
COMPAS,shift_age_1.0,36,5010036,V6,0,[]
COMPAS,shift_age_1.0,36,5010036,V5,0,[]
COMPAS,shift_age_1.0,37,5010037,V6,0,[]
COMPAS,shift_age_1.0,37,5010037,V5,0,[]
COMPAS,shift_age_1.0,38,5010038,V6,0,[]
COMPAS,shift_age_1.0,38,5010038,V5,0,[]
COMPAS,shift_age_1.0,39,5010039,V6,0,[]
COMPAS,shift_age_1.0,39,5010039,V5,0,[]
COMPAS,shift_age_1.0,40,5010040,V6,0,[]
COMPAS,shift_age_1.0,40,5010040,V5,0,[]
COMPAS,shift_age_1.0,41,5010041,V6,0,[]
COMPAS,shift_age_1.0,41,5010041,V5,0,[]
COMPAS,shift_age_1.0,42,5010042,V6,0,[]
COMPAS,shift_age_1.0,42,5010042,V5,0,[]
COMPAS,shift_age_1.0,43,5010043,V6,0,[]
COMPAS,shift_age_1.0,43,5010043,V5,0,[]
COMPAS,shift_age_1.0,44,5010044,V6,0,[]
COMPAS,shift_age_1.0,44,5010044,V5,0,[]
COMPAS,shift_age_1.0,45,5010045,V6,0,[]
COMPAS,shift_age_1.0,45,5010045,V5,0,[]
COMPAS,shift_age_1.0,46,5010046,V6,0,[]
COMPAS,shift_age_1.0,46,5010046,V5,0,[]
COMPAS,shift_age_1.0,47,5010047,V6,0,[]
COMPAS,shift_age_1.0,47,5010047,V5,0,[]
COMPAS,shift_age_1.0,48,5010048,V6,0,[]
COMPAS,shift_age_1.0,48,5010048,V5,0,[]
COMPAS,shift_age_1.0,49,5010049,V6,0,[]
COMPAS,shift_age_1.0,49,5010049,V5,0,[]
COMPAS,shift_age_1.0,50,5010050,V6,0,[]
COMPAS,shift_age_1.0,50,5010050,V5,0,[]
COMPAS,shift_age_1.0,51,5010051,V6,0,[]
COMPAS,shift_age_1.0,51,5010051,V5,0,[]
COMPAS,shift_age_1.0,52,5010052,V6,0,[]
COMPAS,shift_age_1.0,52,5010052,V5,0,[]
COMPAS,shift_age_1.0,53,5010053,V6,1,"[[""c_charge_degree""]]"
COMPAS,shift_age_1.0,53,5010053,V5,0,[]
COMPAS,shift_age_1.0,54,5010054,V6,0,[]
COMPAS,shift_age_1.0,54,5010054,V5,0,[]
COMPAS,shift_age_1.0,55,5010055,V6,0,[]
COMPAS,shift_age_1.0,55,5010055,V5,0,[]
COMPAS,shift_age_1.0,56,5010056,V6,0,[]
COMPAS,shift_age_1.0,56,5010056,V5,0,[]
COMPAS,shift_age_1.0,57,5010057,V6,0,[]
COMPAS,shift_age_1.0,57,5010057,V5,0,[]
COMPAS,shift_age_1.0,58,5010058,V6,0,[]
COMPAS,shift_age_1.0,58,5010058,V5,0,[]
COMPAS,shift_age_1.0,59,5010059,V6,0,[]
COMPAS,shift_age_1.0,59,5010059,V5,0,[]
COMPAS,shift_age_1.0,60,5010060,V6,0,[]
COMPAS,shift_age_1.0,60,5010060,V5,0,[]
COMPAS,shift_age_1.0,61,5010061,V6,0,[]
COMPAS,shift_age_1.0,61,5010061,V5,0,[]
COMPAS,shift_age_1.0,62,5010062,V6,0,[]
COMPAS,shift_age_1.0,62,5010062,V5,0,[]
COMPAS,shift_age_1.0,63,5010063,V6,0,[]
COMPAS,shift_age_1.0,63,5010063,V5,0,[]
COMPAS,shift_age_1.0,64,5010064,V6,0,[]
COMPAS,shift_age_1.0,64,5010064,V5,0,[]
COMPAS,shift_age_1.0,65,5010065,V6,0,[]
COMPAS,shift_age_1.0,65,5010065,V5,0,[]
COMPAS,shift_age_1.0,66,5010066,V6,0,[]
COMPAS,shift_age_1.0,66,5010066,V5,0,[]
COMPAS,shift_age_1.0,67,5010067,V6,0,[]
COMPAS,shift_age_1.0,67,5010067,V5,0,[]
COMPAS,shift_age_1.0,68,5010068,V6,0,[]
COMPAS,shift_age_1.0,68,5010068,V5,0,[]
COMPAS,shift_age_1.0,69,5010069,V6,0,[]
COMPAS,shift_age_1.0,69,5010069,V5,0,[]
COMPAS,shift_age_1.0,70,5010070,V6,0,[]
COMPAS,shift_age_1.0,70,5010070,V5,0,[]
COMPAS,shift_age_1.0,71,5010071,V6,0,[]
COMPAS,shift_age_1.0,71,5010071,V5,0,[]
COMPAS,shift_age_1.0,72,5010072,V6,0,[]
COMPAS,shift_age_1.0,72,5010072,V5,0,[]
COMPAS,shift_age_1.0,73,5010073,V6,0,[]
COMPAS,shift_age_1.0,73,5010073,V5,0,[]
COMPAS,shift_age_1.0,74,5010074,V6,0,[]
COMPAS,shift_age_1.0,74,5010074,V5,0,[]
COMPAS,shift_age_1.0,75,5010075,V6,0,[]
COMPAS,shift_age_1.0,75,5010075,V5,0,[]
COMPAS,shift_age_1.0,76,5010076,V6,0,[]
COMPAS,shift_age_1.0,76,5010076,V5,0,[]
COMPAS,shift_age_1.0,77,5010077,V6,0,[]
COMPAS,shift_age_1.0,77,5010077,V5,0,[]
COMPAS,shift_age_1.0,78,5010078,V6,0,[]
COMPAS,shift_age_1.0,78,5010078,V5,0,[]
COMPAS,shift_age_1.0,79,5010079,V6,0,[]
COMPAS,shift_age_1.0,79,5010079,V5,0,[]
COMPAS,shift_age_1.0,80,5010080,V6,0,[]
COMPAS,shift_age_1.0,80,5010080,V5,0,[]
COMPAS,shift_age_1.0,81,5010081,V6,0,[]
COMPAS,shift_age_1.0,81,5010081,V5,1,"[[""c_charge_degree""]]"
COMPAS,shift_age_1.0,82,5010082,V6,0,[]
COMPAS,shift_age_1.0,82,5010082,V5,0,[]
COMPAS,shift_age_1.0,83,5010083,V6,1,"[[""sex""]]"
COMPAS,shift_age_1.0,83,5010083,V5,0,[]
COMPAS,shift_age_1.0,84,5010084,V6,0,[]
COMPAS,shift_age_1.0,84,5010084,V5,0,[]
COMPAS,shift_age_1.0,85,5010085,V6,0,[]
COMPAS,shift_age_1.0,85,5010085,V5,0,[]
COMPAS,shift_age_1.0,86,5010086,V6,0,[]
COMPAS,shift_age_1.0,86,5010086,V5,0,[]
COMPAS,shift_age_1.0,87,5010087,V6,0,[]
COMPAS,shift_age_1.0,87,5010087,V5,0,[]
COMPAS,shift_age_1.0,88,5010088,V6,0,[]
COMPAS,shift_age_1.0,88,5010088,V5,0,[]
COMPAS,shift_age_1.0,89,5010089,V6,0,[]
COMPAS,shift_age_1.0,89,5010089,V5,0,[]
COMPAS,shift_age_1.0,90,5010090,V6,0,[]
COMPAS,shift_age_1.0,90,5010090,V5,0,[]
COMPAS,shift_age_1.0,91,5010091,V6,0,[]
COMPAS,shift_age_1.0,91,5010091,V5,0,[]
COMPAS,shift_age_1.0,92,5010092,V6,0,[]
COMPAS,shift_age_1.0,92,5010092,V5,0,[]
COMPAS,shift_age_1.0,93,5010093,V6,0,[]
COMPAS,shift_age_1.0,93,5010093,V5,0,[]
COMPAS,shift_age_1.0,94,5010094,V6,0,[]
COMPAS,shift_age_1.0,94,5010094,V5,0,[]
COMPAS,shift_age_1.0,95,5010095,V6,0,[]
COMPAS,shift_age_1.0,95,5010095,V5,0,[]
COMPAS,shift_age_1.0,96,5010096,V6,0,[]
COMPAS,shift_age_1.0,96,5010096,V5,0,[]
COMPAS,shift_age_1.0,97,5010097,V6,0,[]
COMPAS,shift_age_1.0,97,5010097,V5,0,[]
COMPAS,shift_age_1.0,98,5010098,V6,0,[]
COMPAS,shift_age_1.0,98,5010098,V5,0,[]
COMPAS,shift_age_1.0,99,5010099,V6,0,[]
COMPAS,shift_age_1.0,99,5010099,V5,0,[]
COMPAS,shift_age_1.0,100,5010100,V6,0,[]
COMPAS,shift_age_1.0,100,5010100,V5,0,[]
COMPAS,shift_age_1.0,101,5010101,V6,0,[]
COMPAS,shift_age_1.0,101,5010101,V5,0,[]
COMPAS,shift_age_1.0,102,5010102,V6,0,[]
COMPAS,shift_age_1.0,102,5010102,V5,0,[]
COMPAS,shift_age_1.0,103,5010103,V6,0,[]
COMPAS,shift_age_1.0,103,5010103,V5,0,[]
COMPAS,shift_age_1.0,104,5010104,V6,0,[]
COMPAS,shift_age_1.0,104,5010104,V5,0,[]
COMPAS,shift_age_1.0,105,5010105,V6,0,[]
COMPAS,shift_age_1.0,105,5010105,V5,0,[]
COMPAS,shift_age_1.0,106,5010106,V6,0,[]
COMPAS,shift_age_1.0,106,5010106,V5,0,[]
COMPAS,shift_age_1.0,107,5010107,V6,0,[]
COMPAS,shift_age_1.0,107,5010107,V5,0,[]
COMPAS,shift_age_1.0,108,5010108,V6,0,[]
COMPAS,shift_age_1.0,108,5010108,V5,0,[]
COMPAS,shift_age_1.0,109,5010109,V6,0,[]
COMPAS,shift_age_1.0,109,5010109,V5,0,[]
COMPAS,shift_age_1.0,110,5010110,V6,0,[]
COMPAS,shift_age_1.0,110,5010110,V5,0,[]
COMPAS,shift_age_1.0,111,5010111,V6,0,[]
COMPAS,shift_age_1.0,111,5010111,V5,0,[]
COMPAS,shift_age_1.0,112,5010112,V6,0,[]
COMPAS,shift_age_1.0,112,5010112,V5,0,[]
COMPAS,shift_age_1.0,113,5010113,V6,0,[]
COMPAS,shift_age_1.0,113,5010113,V5,0,[]
COMPAS,shift_age_1.0,114,5010114,V6,0,[]
COMPAS,shift_age_1.0,114,5010114,V5,0,[]
COMPAS,shift_age_1.0,115,5010115,V6,0,[]
COMPAS,shift_age_1.0,115,5010115,V5,0,[]
COMPAS,shift_age_1.0,116,5010116,V6,0,[]
COMPAS,shift_age_1.0,116,5010116,V5,0,[]
COMPAS,shift_age_1.0,117,5010117,V6,0,[]
COMPAS,shift_age_1.0,117,5010117,V5,0,[]
COMPAS,shift_age_1.0,118,5010118,V6,0,[]
COMPAS,shift_age_1.0,118,5010118,V5,0,[]
COMPAS,shift_age_1.0,119,5010119,V6,0,[]
COMPAS,shift_age_1.0,119,5010119,V5,0,[]
COMPAS,shift_age_1.0,120,5010120,V6,0,[]
COMPAS,shift_age_1.0,120,5010120,V5,0,[]
COMPAS,shift_age_1.0,121,5010121,V6,0,[]
COMPAS,shift_age_1.0,121,5010121,V5,0,[]
COMPAS,shift_age_1.0,122,5010122,V6,0,[]
COMPAS,shift_age_1.0,122,5010122,V5,0,[]
COMPAS,shift_age_1.0,123,5010123,V6,0,[]
COMPAS,shift_age_1.0,123,5010123,V5,0,[]
COMPAS,shift_age_1.0,124,5010124,V6,0,[]
COMPAS,shift_age_1.0,124,5010124,V5,0,[]
COMPAS,shift_age_1.0,125,5010125,V6,0,[]
COMPAS,shift_age_1.0,125,5010125,V5,0,[]
COMPAS,shift_age_1.0,126,5010126,V6,0,[]
COMPAS,shift_age_1.0,126,5010126,V5,0,[]
COMPAS,shift_age_1.0,127,5010127,V6,0,[]
COMPAS,shift_age_1.0,127,5010127,V5,0,[]
COMPAS,shift_age_1.0,128,5010128,V6,0,[]
COMPAS,shift_age_1.0,128,5010128,V5,0,[]
COMPAS,shift_age_1.0,129,5010129,V6,0,[]
COMPAS,shift_age_1.0,129,5010129,V5,0,[]
COMPAS,shift_age_1.0,130,5010130,V6,0,[]
COMPAS,shift_age_1.0,130,5010130,V5,0,[]
COMPAS,shift_age_1.0,131,5010131,V6,0,[]
COMPAS,shift_age_1.0,131,5010131,V5,0,[]
COMPAS,shift_age_1.0,132,5010132,V6,0,[]
COMPAS,shift_age_1.0,132,5010132,V5,0,[]
COMPAS,shift_age_1.0,133,5010133,V6,0,[]
COMPAS,shift_age_1.0,133,5010133,V5,0,[]
COMPAS,shift_age_1.0,134,5010134,V6,0,[]
COMPAS,shift_age_1.0,134,5010134,V5,0,[]
COMPAS,shift_age_1.0,135,5010135,V6,0,[]
COMPAS,shift_age_1.0,135,5010135,V5,0,[]
COMPAS,shift_age_1.0,136,5010136,V6,0,[]
COMPAS,shift_age_1.0,136,5010136,V5,0,[]
COMPAS,shift_age_1.0,137,5010137,V6,0,[]
COMPAS,shift_age_1.0,137,5010137,V5,0,[]
COMPAS,shift_age_1.0,138,5010138,V6,0,[]
COMPAS,shift_age_1.0,138,5010138,V5,0,[]
COMPAS,shift_age_1.0,139,5010139,V6,0,[]
COMPAS,shift_age_1.0,139,5010139,V5,0,[]
COMPAS,shift_age_1.0,140,5010140,V6,0,[]
COMPAS,shift_age_1.0,140,5010140,V5,0,[]
COMPAS,shift_age_1.0,141,5010141,V6,0,[]
COMPAS,shift_age_1.0,141,5010141,V5,0,[]
COMPAS,shift_age_1.0,142,5010142,V6,0,[]
COMPAS,shift_age_1.0,142,5010142,V5,0,[]
COMPAS,shift_age_1.0,143,5010143,V6,0,[]
COMPAS,shift_age_1.0,143,5010143,V5,0,[]
COMPAS,shift_age_1.0,144,5010144,V6,0,[]
COMPAS,shift_age_1.0,144,5010144,V5,0,[]
COMPAS,shift_age_1.0,145,5010145,V6,0,[]
COMPAS,shift_age_1.0,145,5010145,V5,0,[]
COMPAS,shift_age_1.0,146,5010146,V6,0,[]
COMPAS,shift_age_1.0,146,5010146,V5,0,[]
COMPAS,shift_age_1.0,147,5010147,V6,0,[]
COMPAS,shift_age_1.0,147,5010147,V5,0,[]
COMPAS,shift_age_1.0,148,5010148,V6,0,[]
COMPAS,shift_age_1.0,148,5010148,V5,0,[]
COMPAS,shift_age_1.0,149,5010149,V6,0,[]
COMPAS,shift_age_1.0,149,5010149,V5,0,[]
COMPAS,shift_age_1.0,150,5010150,V6,0,[]
COMPAS,shift_age_1.0,150,5010150,V5,0,[]
COMPAS,shift_age_1.0,151,5010151,V6,0,[]
COMPAS,shift_age_1.0,151,5010151,V5,0,[]
COMPAS,shift_age_1.0,152,5010152,V6,0,[]
COMPAS,shift_age_1.0,152,5010152,V5,0,[]
COMPAS,shift_age_1.0,153,5010153,V6,0,[]
COMPAS,shift_age_1.0,153,5010153,V5,0,[]
COMPAS,shift_age_1.0,154,5010154,V6,0,[]
COMPAS,shift_age_1.0,154,5010154,V5,0,[]
COMPAS,shift_age_1.0,155,5010155,V6,0,[]
COMPAS,shift_age_1.0,155,5010155,V5,0,[]
COMPAS,shift_age_1.0,156,5010156,V6,0,[]
COMPAS,shift_age_1.0,156,5010156,V5,0,[]
COMPAS,shift_age_1.0,157,5010157,V6,0,[]
COMPAS,shift_age_1.0,157,5010157,V5,0,[]
COMPAS,shift_age_1.0,158,5010158,V6,0,[]
COMPAS,shift_age_1.0,158,5010158,V5,0,[]
COMPAS,shift_age_1.0,159,5010159,V6,0,[]
COMPAS,shift_age_1.0,159,5010159,V5,0,[]
COMPAS,shift_age_1.0,160,5010160,V6,0,[]
COMPAS,shift_age_1.0,160,5010160,V5,0,[]
COMPAS,shift_age_1.0,161,5010161,V6,0,[]
COMPAS,shift_age_1.0,161,5010161,V5,0,[]
COMPAS,shift_age_1.0,162,5010162,V6,0,[]
COMPAS,shift_age_1.0,162,5010162,V5,0,[]
COMPAS,shift_age_1.0,163,5010163,V6,0,[]
COMPAS,shift_age_1.0,163,5010163,V5,0,[]
COMPAS,shift_age_1.0,164,5010164,V6,0,[]
COMPAS,shift_age_1.0,164,5010164,V5,0,[]
COMPAS,shift_age_1.0,165,5010165,V6,0,[]
COMPAS,shift_age_1.0,165,5010165,V5,0,[]
COMPAS,shift_age_1.0,166,5010166,V6,1,"[[""juv_other_count""]]"
COMPAS,shift_age_1.0,166,5010166,V5,0,[]
COMPAS,shift_age_1.0,167,5010167,V6,0,[]
COMPAS,shift_age_1.0,167,5010167,V5,0,[]
COMPAS,shift_age_1.0,168,5010168,V6,0,[]
COMPAS,shift_age_1.0,168,5010168,V5,0,[]
COMPAS,shift_age_1.0,169,5010169,V6,0,[]
COMPAS,shift_age_1.0,169,5010169,V5,0,[]
COMPAS,shift_age_1.0,170,5010170,V6,0,[]
COMPAS,shift_age_1.0,170,5010170,V5,0,[]
COMPAS,shift_age_1.0,171,5010171,V6,0,[]
COMPAS,shift_age_1.0,171,5010171,V5,0,[]
COMPAS,shift_age_1.0,172,5010172,V6,0,[]
COMPAS,shift_age_1.0,172,5010172,V5,0,[]
COMPAS,shift_age_1.0,173,5010173,V6,0,[]
COMPAS,shift_age_1.0,173,5010173,V5,0,[]
COMPAS,shift_age_1.0,174,5010174,V6,0,[]
COMPAS,shift_age_1.0,174,5010174,V5,0,[]
COMPAS,shift_age_1.0,175,5010175,V6,0,[]
COMPAS,shift_age_1.0,175,5010175,V5,0,[]
COMPAS,shift_age_1.0,176,5010176,V6,0,[]
COMPAS,shift_age_1.0,176,5010176,V5,0,[]
COMPAS,shift_age_1.0,177,5010177,V6,0,[]
COMPAS,shift_age_1.0,177,5010177,V5,0,[]
COMPAS,shift_age_1.0,178,5010178,V6,0,[]
COMPAS,shift_age_1.0,178,5010178,V5,0,[]
COMPAS,shift_age_1.0,179,5010179,V6,0,[]
COMPAS,shift_age_1.0,179,5010179,V5,0,[]
COMPAS,shift_age_1.0,180,5010180,V6,0,[]
COMPAS,shift_age_1.0,180,5010180,V5,0,[]
COMPAS,shift_age_1.0,181,5010181,V6,0,[]
COMPAS,shift_age_1.0,181,5010181,V5,0,[]
COMPAS,shift_age_1.0,182,5010182,V6,0,[]
COMPAS,shift_age_1.0,182,5010182,V5,0,[]
COMPAS,shift_age_1.0,183,5010183,V6,0,[]
COMPAS,shift_age_1.0,183,5010183,V5,0,[]
COMPAS,shift_age_1.0,184,5010184,V6,0,[]
COMPAS,shift_age_1.0,184,5010184,V5,0,[]
COMPAS,shift_age_1.0,185,5010185,V6,1,"[[""juv_fel_count""]]"
COMPAS,shift_age_1.0,185,5010185,V5,0,[]
COMPAS,shift_age_1.0,186,5010186,V6,0,[]
COMPAS,shift_age_1.0,186,5010186,V5,0,[]
COMPAS,shift_age_1.0,187,5010187,V6,0,[]
COMPAS,shift_age_1.0,187,5010187,V5,0,[]
COMPAS,shift_age_1.0,188,5010188,V6,0,[]
COMPAS,shift_age_1.0,188,5010188,V5,0,[]
COMPAS,shift_age_1.0,189,5010189,V6,0,[]
COMPAS,shift_age_1.0,189,5010189,V5,0,[]
COMPAS,shift_age_1.0,190,5010190,V6,0,[]
COMPAS,shift_age_1.0,190,5010190,V5,0,[]
COMPAS,shift_age_1.0,191,5010191,V6,0,[]
COMPAS,shift_age_1.0,191,5010191,V5,0,[]
COMPAS,shift_age_1.0,192,5010192,V6,0,[]
COMPAS,shift_age_1.0,192,5010192,V5,0,[]
COMPAS,shift_age_1.0,193,5010193,V6,0,[]
COMPAS,shift_age_1.0,193,5010193,V5,0,[]
COMPAS,shift_age_1.0,194,5010194,V6,0,[]
COMPAS,shift_age_1.0,194,5010194,V5,0,[]
COMPAS,shift_age_1.0,195,5010195,V6,0,[]
COMPAS,shift_age_1.0,195,5010195,V5,0,[]
COMPAS,shift_age_1.0,196,5010196,V6,0,[]
COMPAS,shift_age_1.0,196,5010196,V5,0,[]
COMPAS,shift_age_1.0,197,5010197,V6,0,[]
COMPAS,shift_age_1.0,197,5010197,V5,0,[]
COMPAS,shift_age_1.0,198,5010198,V6,0,[]
COMPAS,shift_age_1.0,198,5010198,V5,0,[]
COMPAS,shift_age_1.0,199,5010199,V6,0,[]
COMPAS,shift_age_1.0,199,5010199,V5,0,[]
COMPAS,shift_age_1.0,200,5010200,V6,0,[]
COMPAS,shift_age_1.0,200,5010200,V5,0,[]
COMPAS,shift_age_1.0,201,5010201,V6,0,[]
COMPAS,shift_age_1.0,201,5010201,V5,0,[]
COMPAS,shift_age_1.0,202,5010202,V6,0,[]
COMPAS,shift_age_1.0,202,5010202,V5,0,[]
COMPAS,shift_age_1.0,203,5010203,V6,0,[]
COMPAS,shift_age_1.0,203,5010203,V5,0,[]
COMPAS,shift_age_1.0,204,5010204,V6,0,[]
COMPAS,shift_age_1.0,204,5010204,V5,0,[]
COMPAS,shift_age_1.0,205,5010205,V6,0,[]
COMPAS,shift_age_1.0,205,5010205,V5,0,[]
COMPAS,shift_age_1.0,206,5010206,V6,0,[]
COMPAS,shift_age_1.0,206,5010206,V5,0,[]
COMPAS,shift_age_1.0,207,5010207,V6,0,[]
COMPAS,shift_age_1.0,207,5010207,V5,0,[]
COMPAS,shift_age_1.0,208,5010208,V6,0,[]
COMPAS,shift_age_1.0,208,5010208,V5,0,[]
COMPAS,shift_age_1.0,209,5010209,V6,0,[]
COMPAS,shift_age_1.0,209,5010209,V5,0,[]
COMPAS,shift_age_1.0,210,5010210,V6,0,[]
COMPAS,shift_age_1.0,210,5010210,V5,0,[]
COMPAS,shift_age_1.0,211,5010211,V6,0,[]
COMPAS,shift_age_1.0,211,5010211,V5,0,[]
COMPAS,shift_age_1.0,212,5010212,V6,0,[]
COMPAS,shift_age_1.0,212,5010212,V5,0,[]
COMPAS,shift_age_1.0,213,5010213,V6,0,[]
COMPAS,shift_age_1.0,213,5010213,V5,0,[]
COMPAS,shift_age_1.0,214,5010214,V6,0,[]
COMPAS,shift_age_1.0,214,5010214,V5,0,[]
COMPAS,shift_age_1.0,215,5010215,V6,0,[]
COMPAS,shift_age_1.0,215,5010215,V5,0,[]
COMPAS,shift_age_1.0,216,5010216,V6,0,[]
COMPAS,shift_age_1.0,216,5010216,V5,0,[]
COMPAS,shift_age_1.0,217,5010217,V6,0,[]
COMPAS,shift_age_1.0,217,5010217,V5,0,[]
COMPAS,shift_age_1.0,218,5010218,V6,0,[]
COMPAS,shift_age_1.0,218,5010218,V5,0,[]
COMPAS,shift_age_1.0,219,5010219,V6,0,[]
COMPAS,shift_age_1.0,219,5010219,V5,0,[]
COMPAS,shift_age_1.0,220,5010220,V6,0,[]
COMPAS,shift_age_1.0,220,5010220,V5,0,[]
COMPAS,shift_age_1.0,221,5010221,V6,0,[]
COMPAS,shift_age_1.0,221,5010221,V5,0,[]
COMPAS,shift_age_1.0,222,5010222,V6,0,[]
COMPAS,shift_age_1.0,222,5010222,V5,0,[]
COMPAS,shift_age_1.0,223,5010223,V6,1,"[[""sex""]]"
COMPAS,shift_age_1.0,223,5010223,V5,1,"[[""sex""]]"
COMPAS,shift_age_1.0,224,5010224,V6,0,[]
COMPAS,shift_age_1.0,224,5010224,V5,0,[]
COMPAS,shift_age_1.0,225,5010225,V6,0,[]
COMPAS,shift_age_1.0,225,5010225,V5,0,[]
COMPAS,shift_age_1.0,226,5010226,V6,0,[]
COMPAS,shift_age_1.0,226,5010226,V5,0,[]
COMPAS,shift_age_1.0,227,5010227,V6,0,[]
COMPAS,shift_age_1.0,227,5010227,V5,0,[]
COMPAS,shift_age_1.0,228,5010228,V6,0,[]
COMPAS,shift_age_1.0,228,5010228,V5,0,[]
COMPAS,shift_age_1.0,229,5010229,V6,0,[]
COMPAS,shift_age_1.0,229,5010229,V5,0,[]
COMPAS,shift_age_1.0,230,5010230,V6,0,[]
COMPAS,shift_age_1.0,230,5010230,V5,0,[]
COMPAS,shift_age_1.0,231,5010231,V6,0,[]
COMPAS,shift_age_1.0,231,5010231,V5,0,[]
COMPAS,shift_age_1.0,232,5010232,V6,0,[]
COMPAS,shift_age_1.0,232,5010232,V5,0,[]
COMPAS,shift_age_1.0,233,5010233,V6,0,[]
COMPAS,shift_age_1.0,233,5010233,V5,0,[]
COMPAS,shift_age_1.0,234,5010234,V6,0,[]
COMPAS,shift_age_1.0,234,5010234,V5,0,[]
COMPAS,shift_age_1.0,235,5010235,V6,0,[]
COMPAS,shift_age_1.0,235,5010235,V5,0,[]
COMPAS,shift_age_1.0,236,5010236,V6,0,[]
COMPAS,shift_age_1.0,236,5010236,V5,0,[]
COMPAS,shift_age_1.0,237,5010237,V6,0,[]
COMPAS,shift_age_1.0,237,5010237,V5,0,[]
COMPAS,shift_age_1.0,238,5010238,V6,0,[]
COMPAS,shift_age_1.0,238,5010238,V5,0,[]
COMPAS,shift_age_1.0,239,5010239,V6,0,[]
COMPAS,shift_age_1.0,239,5010239,V5,0,[]
COMPAS,shift_age_1.0,240,5010240,V6,0,[]
COMPAS,shift_age_1.0,240,5010240,V5,0,[]
COMPAS,shift_age_1.0,241,5010241,V6,0,[]
COMPAS,shift_age_1.0,241,5010241,V5,0,[]
COMPAS,shift_age_1.0,242,5010242,V6,0,[]
COMPAS,shift_age_1.0,242,5010242,V5,0,[]
COMPAS,shift_age_1.0,243,5010243,V6,0,[]
COMPAS,shift_age_1.0,243,5010243,V5,0,[]
COMPAS,shift_age_1.0,244,5010244,V6,0,[]
COMPAS,shift_age_1.0,244,5010244,V5,0,[]
COMPAS,shift_age_1.0,245,5010245,V6,0,[]
COMPAS,shift_age_1.0,245,5010245,V5,0,[]
COMPAS,shift_age_1.0,246,5010246,V6,0,[]
COMPAS,shift_age_1.0,246,5010246,V5,0,[]
COMPAS,shift_age_1.0,247,5010247,V6,0,[]
COMPAS,shift_age_1.0,247,5010247,V5,0,[]
COMPAS,shift_age_1.0,248,5010248,V6,0,[]
COMPAS,shift_age_1.0,248,5010248,V5,0,[]
COMPAS,shift_age_1.0,249,5010249,V6,0,[]
COMPAS,shift_age_1.0,249,5010249,V5,0,[]
COMPAS,shift_age_1.0,250,5010250,V6,0,[]
COMPAS,shift_age_1.0,250,5010250,V5,0,[]
COMPAS,shift_age_1.0,251,5010251,V6,0,[]
COMPAS,shift_age_1.0,251,5010251,V5,0,[]
COMPAS,shift_age_1.0,252,5010252,V6,0,[]
COMPAS,shift_age_1.0,252,5010252,V5,0,[]
COMPAS,shift_age_1.0,253,5010253,V6,0,[]
COMPAS,shift_age_1.0,253,5010253,V5,0,[]
COMPAS,shift_age_1.0,254,5010254,V6,0,[]
COMPAS,shift_age_1.0,254,5010254,V5,0,[]
COMPAS,shift_age_1.0,255,5010255,V6,0,[]
COMPAS,shift_age_1.0,255,5010255,V5,0,[]
COMPAS,shift_age_1.0,256,5010256,V6,0,[]
COMPAS,shift_age_1.0,256,5010256,V5,0,[]
COMPAS,shift_age_1.0,257,5010257,V6,0,[]
COMPAS,shift_age_1.0,257,5010257,V5,0,[]
COMPAS,shift_age_1.0,258,5010258,V6,0,[]
COMPAS,shift_age_1.0,258,5010258,V5,0,[]
COMPAS,shift_age_1.0,259,5010259,V6,0,[]
COMPAS,shift_age_1.0,259,5010259,V5,0,[]
COMPAS,shift_age_1.0,260,5010260,V6,0,[]
COMPAS,shift_age_1.0,260,5010260,V5,0,[]
COMPAS,shift_age_1.0,261,5010261,V6,0,[]
COMPAS,shift_age_1.0,261,5010261,V5,0,[]
COMPAS,shift_age_1.0,262,5010262,V6,0,[]
COMPAS,shift_age_1.0,262,5010262,V5,0,[]
COMPAS,shift_age_1.0,263,5010263,V6,0,[]
COMPAS,shift_age_1.0,263,5010263,V5,0,[]
COMPAS,shift_age_1.0,264,5010264,V6,0,[]
COMPAS,shift_age_1.0,264,5010264,V5,0,[]
COMPAS,shift_age_1.0,265,5010265,V6,0,[]
COMPAS,shift_age_1.0,265,5010265,V5,0,[]
COMPAS,shift_age_1.0,266,5010266,V6,0,[]
COMPAS,shift_age_1.0,266,5010266,V5,0,[]
COMPAS,shift_age_1.0,267,5010267,V6,0,[]
COMPAS,shift_age_1.0,267,5010267,V5,0,[]
COMPAS,shift_age_1.0,268,5010268,V6,0,[]
COMPAS,shift_age_1.0,268,5010268,V5,0,[]
COMPAS,shift_age_1.0,269,5010269,V6,0,[]
COMPAS,shift_age_1.0,269,5010269,V5,0,[]
COMPAS,shift_age_1.0,270,5010270,V6,0,[]
COMPAS,shift_age_1.0,270,5010270,V5,0,[]
COMPAS,shift_age_1.0,271,5010271,V6,0,[]
COMPAS,shift_age_1.0,271,5010271,V5,0,[]
COMPAS,shift_age_1.0,272,5010272,V6,0,[]
COMPAS,shift_age_1.0,272,5010272,V5,0,[]
COMPAS,shift_age_1.0,273,5010273,V6,0,[]
COMPAS,shift_age_1.0,273,5010273,V5,0,[]
COMPAS,shift_age_1.0,274,5010274,V6,0,[]
COMPAS,shift_age_1.0,274,5010274,V5,0,[]
COMPAS,shift_age_1.0,275,5010275,V6,0,[]
COMPAS,shift_age_1.0,275,5010275,V5,0,[]
COMPAS,shift_age_1.0,276,5010276,V6,0,[]
COMPAS,shift_age_1.0,276,5010276,V5,0,[]
COMPAS,shift_age_1.0,277,5010277,V6,0,[]
COMPAS,shift_age_1.0,277,5010277,V5,0,[]
COMPAS,shift_age_1.0,278,5010278,V6,0,[]
COMPAS,shift_age_1.0,278,5010278,V5,0,[]
COMPAS,shift_age_1.0,279,5010279,V6,0,[]
COMPAS,shift_age_1.0,279,5010279,V5,0,[]
COMPAS,shift_age_1.0,280,5010280,V6,0,[]
COMPAS,shift_age_1.0,280,5010280,V5,0,[]
COMPAS,shift_age_1.0,281,5010281,V6,0,[]
COMPAS,shift_age_1.0,281,5010281,V5,0,[]
COMPAS,shift_age_1.0,282,5010282,V6,0,[]
COMPAS,shift_age_1.0,282,5010282,V5,0,[]
COMPAS,shift_age_1.0,283,5010283,V6,0,[]
COMPAS,shift_age_1.0,283,5010283,V5,0,[]
COMPAS,shift_age_1.0,284,5010284,V6,0,[]
COMPAS,shift_age_1.0,284,5010284,V5,0,[]
COMPAS,shift_age_1.0,285,5010285,V6,0,[]
COMPAS,shift_age_1.0,285,5010285,V5,0,[]
COMPAS,shift_age_1.0,286,5010286,V6,0,[]
COMPAS,shift_age_1.0,286,5010286,V5,0,[]
COMPAS,shift_age_1.0,287,5010287,V6,0,[]
COMPAS,shift_age_1.0,287,5010287,V5,0,[]
COMPAS,shift_age_1.0,288,5010288,V6,0,[]
COMPAS,shift_age_1.0,288,5010288,V5,0,[]
COMPAS,shift_age_1.0,289,5010289,V6,0,[]
COMPAS,shift_age_1.0,289,5010289,V5,0,[]
COMPAS,shift_age_1.0,290,5010290,V6,0,[]
COMPAS,shift_age_1.0,290,5010290,V5,0,[]
COMPAS,shift_age_1.0,291,5010291,V6,0,[]
COMPAS,shift_age_1.0,291,5010291,V5,0,[]
COMPAS,shift_age_1.0,292,5010292,V6,0,[]
COMPAS,shift_age_1.0,292,5010292,V5,0,[]
COMPAS,shift_age_1.0,293,5010293,V6,0,[]
COMPAS,shift_age_1.0,293,5010293,V5,1,"[[""priors_count""]]"
COMPAS,shift_age_1.0,294,5010294,V6,0,[]
COMPAS,shift_age_1.0,294,5010294,V5,0,[]
COMPAS,shift_age_1.0,295,5010295,V6,0,[]
COMPAS,shift_age_1.0,295,5010295,V5,0,[]
COMPAS,shift_age_1.0,296,5010296,V6,0,[]
COMPAS,shift_age_1.0,296,5010296,V5,0,[]
COMPAS,shift_age_1.0,297,5010297,V6,0,[]
COMPAS,shift_age_1.0,297,5010297,V5,0,[]
COMPAS,shift_age_1.0,298,5010298,V6,0,[]
COMPAS,shift_age_1.0,298,5010298,V5,0,[]
COMPAS,shift_age_1.0,299,5010299,V6,0,[]
COMPAS,shift_age_1.0,299,5010299,V5,0,[]
COMPAS,shift_age_1.0,300,5010300,V6,0,[]
COMPAS,shift_age_1.0,300,5010300,V5,0,[]
COMPAS,shift_age_1.0,301,5010301,V6,0,[]
COMPAS,shift_age_1.0,301,5010301,V5,0,[]
COMPAS,shift_age_1.0,302,5010302,V6,0,[]
COMPAS,shift_age_1.0,302,5010302,V5,0,[]
COMPAS,shift_age_1.0,303,5010303,V6,0,[]
COMPAS,shift_age_1.0,303,5010303,V5,0,[]
COMPAS,shift_age_1.0,304,5010304,V6,0,[]
COMPAS,shift_age_1.0,304,5010304,V5,0,[]
COMPAS,shift_age_1.0,305,5010305,V6,0,[]
COMPAS,shift_age_1.0,305,5010305,V5,0,[]
COMPAS,shift_age_1.0,306,5010306,V6,0,[]
COMPAS,shift_age_1.0,306,5010306,V5,0,[]
COMPAS,shift_age_1.0,307,5010307,V6,0,[]
COMPAS,shift_age_1.0,307,5010307,V5,0,[]
COMPAS,shift_age_1.0,308,5010308,V6,0,[]
COMPAS,shift_age_1.0,308,5010308,V5,0,[]
COMPAS,shift_age_1.0,309,5010309,V6,0,[]
COMPAS,shift_age_1.0,309,5010309,V5,0,[]
COMPAS,shift_age_1.0,310,5010310,V6,0,[]
COMPAS,shift_age_1.0,310,5010310,V5,0,[]
COMPAS,shift_age_1.0,311,5010311,V6,0,[]
COMPAS,shift_age_1.0,311,5010311,V5,0,[]
COMPAS,shift_age_1.0,312,5010312,V6,0,[]
COMPAS,shift_age_1.0,312,5010312,V5,0,[]
COMPAS,shift_age_1.0,313,5010313,V6,0,[]
COMPAS,shift_age_1.0,313,5010313,V5,0,[]
COMPAS,shift_age_1.0,314,5010314,V6,0,[]
COMPAS,shift_age_1.0,314,5010314,V5,0,[]
COMPAS,shift_age_1.0,315,5010315,V6,0,[]
COMPAS,shift_age_1.0,315,5010315,V5,0,[]
COMPAS,shift_age_1.0,316,5010316,V6,0,[]
COMPAS,shift_age_1.0,316,5010316,V5,0,[]
COMPAS,shift_age_1.0,317,5010317,V6,0,[]
COMPAS,shift_age_1.0,317,5010317,V5,0,[]
COMPAS,shift_age_1.0,318,5010318,V6,0,[]
COMPAS,shift_age_1.0,318,5010318,V5,0,[]
COMPAS,shift_age_1.0,319,5010319,V6,0,[]
COMPAS,shift_age_1.0,319,5010319,V5,0,[]
COMPAS,shift_age_1.0,320,5010320,V6,0,[]
COMPAS,shift_age_1.0,320,5010320,V5,0,[]
COMPAS,shift_age_1.0,321,5010321,V6,0,[]
COMPAS,shift_age_1.0,321,5010321,V5,0,[]
COMPAS,shift_age_1.0,322,5010322,V6,0,[]
COMPAS,shift_age_1.0,322,5010322,V5,0,[]
COMPAS,shift_age_1.0,323,5010323,V6,0,[]
COMPAS,shift_age_1.0,323,5010323,V5,0,[]
COMPAS,shift_age_1.0,324,5010324,V6,0,[]
COMPAS,shift_age_1.0,324,5010324,V5,0,[]
COMPAS,shift_age_1.0,325,5010325,V6,0,[]
COMPAS,shift_age_1.0,325,5010325,V5,0,[]
COMPAS,shift_age_1.0,326,5010326,V6,0,[]
COMPAS,shift_age_1.0,326,5010326,V5,0,[]
COMPAS,shift_age_1.0,327,5010327,V6,0,[]
COMPAS,shift_age_1.0,327,5010327,V5,0,[]
COMPAS,shift_age_1.0,328,5010328,V6,0,[]
COMPAS,shift_age_1.0,328,5010328,V5,0,[]
COMPAS,shift_age_1.0,329,5010329,V6,0,[]
COMPAS,shift_age_1.0,329,5010329,V5,0,[]
COMPAS,shift_age_1.0,330,5010330,V6,0,[]
COMPAS,shift_age_1.0,330,5010330,V5,0,[]
COMPAS,shift_age_1.0,331,5010331,V6,0,[]
COMPAS,shift_age_1.0,331,5010331,V5,0,[]
COMPAS,shift_age_1.0,332,5010332,V6,0,[]
COMPAS,shift_age_1.0,332,5010332,V5,0,[]
COMPAS,shift_age_1.0,333,5010333,V6,0,[]
COMPAS,shift_age_1.0,333,5010333,V5,0,[]
COMPAS,shift_age_1.0,334,5010334,V6,0,[]
COMPAS,shift_age_1.0,334,5010334,V5,0,[]
COMPAS,shift_age_1.0,335,5010335,V6,0,[]
COMPAS,shift_age_1.0,335,5010335,V5,0,[]
COMPAS,shift_age_1.0,336,5010336,V6,0,[]
COMPAS,shift_age_1.0,336,5010336,V5,0,[]
COMPAS,shift_age_1.0,337,5010337,V6,0,[]
COMPAS,shift_age_1.0,337,5010337,V5,0,[]
COMPAS,shift_age_1.0,338,5010338,V6,0,[]
COMPAS,shift_age_1.0,338,5010338,V5,0,[]
COMPAS,shift_age_1.0,339,5010339,V6,0,[]
COMPAS,shift_age_1.0,339,5010339,V5,1,"[[""c_charge_degree""]]"
COMPAS,shift_age_1.0,340,5010340,V6,1,"[[""juv_other_count""]]"
COMPAS,shift_age_1.0,340,5010340,V5,0,[]
COMPAS,shift_age_1.0,341,5010341,V6,0,[]
COMPAS,shift_age_1.0,341,5010341,V5,0,[]
COMPAS,shift_age_1.0,342,5010342,V6,0,[]
COMPAS,shift_age_1.0,342,5010342,V5,0,[]
COMPAS,shift_age_1.0,343,5010343,V6,0,[]
COMPAS,shift_age_1.0,343,5010343,V5,0,[]
COMPAS,shift_age_1.0,344,5010344,V6,0,[]
COMPAS,shift_age_1.0,344,5010344,V5,0,[]
COMPAS,shift_age_1.0,345,5010345,V6,0,[]
COMPAS,shift_age_1.0,345,5010345,V5,0,[]
COMPAS,shift_age_1.0,346,5010346,V6,0,[]
COMPAS,shift_age_1.0,346,5010346,V5,0,[]
COMPAS,shift_age_1.0,347,5010347,V6,0,[]
COMPAS,shift_age_1.0,347,5010347,V5,0,[]
COMPAS,shift_age_1.0,348,5010348,V6,0,[]
COMPAS,shift_age_1.0,348,5010348,V5,0,[]
COMPAS,shift_age_1.0,349,5010349,V6,0,[]
COMPAS,shift_age_1.0,349,5010349,V5,0,[]
COMPAS,shift_age_1.0,350,5010350,V6,0,[]
COMPAS,shift_age_1.0,350,5010350,V5,0,[]
COMPAS,shift_age_1.0,351,5010351,V6,0,[]
COMPAS,shift_age_1.0,351,5010351,V5,0,[]
COMPAS,shift_age_1.0,352,5010352,V6,0,[]
COMPAS,shift_age_1.0,352,5010352,V5,0,[]
COMPAS,shift_age_1.0,353,5010353,V6,0,[]
COMPAS,shift_age_1.0,353,5010353,V5,0,[]
COMPAS,shift_age_1.0,354,5010354,V6,0,[]
COMPAS,shift_age_1.0,354,5010354,V5,0,[]
COMPAS,shift_age_1.0,355,5010355,V6,0,[]
COMPAS,shift_age_1.0,355,5010355,V5,0,[]
COMPAS,shift_age_1.0,356,5010356,V6,0,[]
COMPAS,shift_age_1.0,356,5010356,V5,0,[]
COMPAS,shift_age_1.0,357,5010357,V6,0,[]
COMPAS,shift_age_1.0,357,5010357,V5,0,[]
COMPAS,shift_age_1.0,358,5010358,V6,0,[]
COMPAS,shift_age_1.0,358,5010358,V5,0,[]
COMPAS,shift_age_1.0,359,5010359,V6,0,[]
COMPAS,shift_age_1.0,359,5010359,V5,0,[]
COMPAS,shift_age_1.0,360,5010360,V6,0,[]
COMPAS,shift_age_1.0,360,5010360,V5,0,[]
COMPAS,shift_age_1.0,361,5010361,V6,0,[]
COMPAS,shift_age_1.0,361,5010361,V5,0,[]
COMPAS,shift_age_1.0,362,5010362,V6,0,[]
COMPAS,shift_age_1.0,362,5010362,V5,0,[]
COMPAS,shift_age_1.0,363,5010363,V6,0,[]
COMPAS,shift_age_1.0,363,5010363,V5,0,[]
COMPAS,shift_age_1.0,364,5010364,V6,0,[]
COMPAS,shift_age_1.0,364,5010364,V5,0,[]
COMPAS,shift_age_1.0,365,5010365,V6,0,[]
COMPAS,shift_age_1.0,365,5010365,V5,0,[]
COMPAS,shift_age_1.0,366,5010366,V6,0,[]
COMPAS,shift_age_1.0,366,5010366,V5,0,[]
COMPAS,shift_age_1.0,367,5010367,V6,0,[]
COMPAS,shift_age_1.0,367,5010367,V5,0,[]
COMPAS,shift_age_1.0,368,5010368,V6,0,[]
COMPAS,shift_age_1.0,368,5010368,V5,0,[]
COMPAS,shift_age_1.0,369,5010369,V6,0,[]
COMPAS,shift_age_1.0,369,5010369,V5,0,[]
COMPAS,shift_age_1.0,370,5010370,V6,0,[]
COMPAS,shift_age_1.0,370,5010370,V5,0,[]
COMPAS,shift_age_1.0,371,5010371,V6,0,[]
COMPAS,shift_age_1.0,371,5010371,V5,0,[]
COMPAS,shift_age_1.0,372,5010372,V6,0,[]
COMPAS,shift_age_1.0,372,5010372,V5,0,[]
COMPAS,shift_age_1.0,373,5010373,V6,0,[]
COMPAS,shift_age_1.0,373,5010373,V5,0,[]
COMPAS,shift_age_1.0,374,5010374,V6,0,[]
COMPAS,shift_age_1.0,374,5010374,V5,0,[]
COMPAS,shift_age_1.0,375,5010375,V6,0,[]
COMPAS,shift_age_1.0,375,5010375,V5,0,[]
COMPAS,shift_age_1.0,376,5010376,V6,0,[]
COMPAS,shift_age_1.0,376,5010376,V5,0,[]
COMPAS,shift_age_1.0,377,5010377,V6,0,[]
COMPAS,shift_age_1.0,377,5010377,V5,0,[]
COMPAS,shift_age_1.0,378,5010378,V6,0,[]
COMPAS,shift_age_1.0,378,5010378,V5,0,[]
COMPAS,shift_age_1.0,379,5010379,V6,0,[]
COMPAS,shift_age_1.0,379,5010379,V5,0,[]
COMPAS,shift_age_1.0,380,5010380,V6,0,[]
COMPAS,shift_age_1.0,380,5010380,V5,0,[]
COMPAS,shift_age_1.0,381,5010381,V6,0,[]
COMPAS,shift_age_1.0,381,5010381,V5,0,[]
COMPAS,shift_age_1.0,382,5010382,V6,0,[]
COMPAS,shift_age_1.0,382,5010382,V5,0,[]
COMPAS,shift_age_1.0,383,5010383,V6,0,[]
COMPAS,shift_age_1.0,383,5010383,V5,0,[]
COMPAS,shift_age_1.0,384,5010384,V6,0,[]
COMPAS,shift_age_1.0,384,5010384,V5,0,[]
COMPAS,shift_age_1.0,385,5010385,V6,0,[]
COMPAS,shift_age_1.0,385,5010385,V5,0,[]
COMPAS,shift_age_1.0,386,5010386,V6,0,[]
COMPAS,shift_age_1.0,386,5010386,V5,0,[]
COMPAS,shift_age_1.0,387,5010387,V6,0,[]
COMPAS,shift_age_1.0,387,5010387,V5,0,[]
COMPAS,shift_age_1.0,388,5010388,V6,1,"[[""priors_count""]]"
COMPAS,shift_age_1.0,388,5010388,V5,0,[]
COMPAS,shift_age_1.0,389,5010389,V6,0,[]
COMPAS,shift_age_1.0,389,5010389,V5,0,[]
COMPAS,shift_age_1.0,390,5010390,V6,0,[]
COMPAS,shift_age_1.0,390,5010390,V5,0,[]
COMPAS,shift_age_1.0,391,5010391,V6,0,[]
COMPAS,shift_age_1.0,391,5010391,V5,0,[]
COMPAS,shift_age_1.0,392,5010392,V6,0,[]
COMPAS,shift_age_1.0,392,5010392,V5,0,[]
COMPAS,shift_age_1.0,393,5010393,V6,0,[]
COMPAS,shift_age_1.0,393,5010393,V5,0,[]
COMPAS,shift_age_1.0,394,5010394,V6,0,[]
COMPAS,shift_age_1.0,394,5010394,V5,0,[]
COMPAS,shift_age_1.0,395,5010395,V6,0,[]
COMPAS,shift_age_1.0,395,5010395,V5,0,[]
COMPAS,shift_age_1.0,396,5010396,V6,0,[]
COMPAS,shift_age_1.0,396,5010396,V5,0,[]
COMPAS,shift_age_1.0,397,5010397,V6,0,[]
COMPAS,shift_age_1.0,397,5010397,V5,0,[]
COMPAS,shift_age_1.0,398,5010398,V6,0,[]
COMPAS,shift_age_1.0,398,5010398,V5,0,[]
COMPAS,shift_age_1.0,399,5010399,V6,0,[]
COMPAS,shift_age_1.0,399,5010399,V5,0,[]
COMPAS,shift_age_1.0,400,5010400,V6,0,[]
COMPAS,shift_age_1.0,400,5010400,V5,0,[]
COMPAS,shift_age_1.0,401,5010401,V6,0,[]
COMPAS,shift_age_1.0,401,5010401,V5,0,[]
COMPAS,shift_age_1.0,402,5010402,V6,0,[]
COMPAS,shift_age_1.0,402,5010402,V5,0,[]
COMPAS,shift_age_1.0,403,5010403,V6,0,[]
COMPAS,shift_age_1.0,403,5010403,V5,0,[]
COMPAS,shift_age_1.0,404,5010404,V6,0,[]
COMPAS,shift_age_1.0,404,5010404,V5,0,[]
COMPAS,shift_age_1.0,405,5010405,V6,0,[]
COMPAS,shift_age_1.0,405,5010405,V5,0,[]
COMPAS,shift_age_1.0,406,5010406,V6,0,[]
COMPAS,shift_age_1.0,406,5010406,V5,0,[]
COMPAS,shift_age_1.0,407,5010407,V6,0,[]
COMPAS,shift_age_1.0,407,5010407,V5,0,[]
COMPAS,shift_age_1.0,408,5010408,V6,0,[]
COMPAS,shift_age_1.0,408,5010408,V5,0,[]
COMPAS,shift_age_1.0,409,5010409,V6,0,[]
COMPAS,shift_age_1.0,409,5010409,V5,0,[]
COMPAS,shift_age_1.0,410,5010410,V6,0,[]
COMPAS,shift_age_1.0,410,5010410,V5,0,[]
COMPAS,shift_age_1.0,411,5010411,V6,0,[]
COMPAS,shift_age_1.0,411,5010411,V5,0,[]
COMPAS,shift_age_1.0,412,5010412,V6,0,[]
COMPAS,shift_age_1.0,412,5010412,V5,0,[]
COMPAS,shift_age_1.0,413,5010413,V6,0,[]
COMPAS,shift_age_1.0,413,5010413,V5,0,[]
COMPAS,shift_age_1.0,414,5010414,V6,0,[]
COMPAS,shift_age_1.0,414,5010414,V5,0,[]
COMPAS,shift_age_1.0,415,5010415,V6,0,[]
COMPAS,shift_age_1.0,415,5010415,V5,0,[]
COMPAS,shift_age_1.0,416,5010416,V6,0,[]
COMPAS,shift_age_1.0,416,5010416,V5,0,[]
COMPAS,shift_age_1.0,417,5010417,V6,0,[]
COMPAS,shift_age_1.0,417,5010417,V5,0,[]
COMPAS,shift_age_1.0,418,5010418,V6,0,[]
COMPAS,shift_age_1.0,418,5010418,V5,0,[]
COMPAS,shift_age_1.0,419,5010419,V6,0,[]
COMPAS,shift_age_1.0,419,5010419,V5,0,[]
COMPAS,shift_age_1.0,420,5010420,V6,0,[]
COMPAS,shift_age_1.0,420,5010420,V5,0,[]
COMPAS,shift_age_1.0,421,5010421,V6,0,[]
COMPAS,shift_age_1.0,421,5010421,V5,0,[]
COMPAS,shift_age_1.0,422,5010422,V6,0,[]
COMPAS,shift_age_1.0,422,5010422,V5,0,[]
COMPAS,shift_age_1.0,423,5010423,V6,0,[]
COMPAS,shift_age_1.0,423,5010423,V5,0,[]
COMPAS,shift_age_1.0,424,5010424,V6,0,[]
COMPAS,shift_age_1.0,424,5010424,V5,0,[]
COMPAS,shift_age_1.0,425,5010425,V6,0,[]
COMPAS,shift_age_1.0,425,5010425,V5,0,[]
COMPAS,shift_age_1.0,426,5010426,V6,0,[]
COMPAS,shift_age_1.0,426,5010426,V5,0,[]
COMPAS,shift_age_1.0,427,5010427,V6,0,[]
COMPAS,shift_age_1.0,427,5010427,V5,0,[]
COMPAS,shift_age_1.0,428,5010428,V6,0,[]
COMPAS,shift_age_1.0,428,5010428,V5,0,[]
COMPAS,shift_age_1.0,429,5010429,V6,0,[]
COMPAS,shift_age_1.0,429,5010429,V5,0,[]
COMPAS,shift_age_1.0,430,5010430,V6,0,[]
COMPAS,shift_age_1.0,430,5010430,V5,0,[]
COMPAS,shift_age_1.0,431,5010431,V6,0,[]
COMPAS,shift_age_1.0,431,5010431,V5,0,[]
COMPAS,shift_age_1.0,432,5010432,V6,0,[]
COMPAS,shift_age_1.0,432,5010432,V5,0,[]
COMPAS,shift_age_1.0,433,5010433,V6,0,[]
COMPAS,shift_age_1.0,433,5010433,V5,0,[]
COMPAS,shift_age_1.0,434,5010434,V6,0,[]
COMPAS,shift_age_1.0,434,5010434,V5,0,[]
COMPAS,shift_age_1.0,435,5010435,V6,0,[]
COMPAS,shift_age_1.0,435,5010435,V5,0,[]
COMPAS,shift_age_1.0,436,5010436,V6,0,[]
COMPAS,shift_age_1.0,436,5010436,V5,0,[]
COMPAS,shift_age_1.0,437,5010437,V6,0,[]
COMPAS,shift_age_1.0,437,5010437,V5,0,[]
COMPAS,shift_age_1.0,438,5010438,V6,0,[]
COMPAS,shift_age_1.0,438,5010438,V5,0,[]
COMPAS,shift_age_1.0,439,5010439,V6,0,[]
COMPAS,shift_age_1.0,439,5010439,V5,0,[]
COMPAS,shift_age_1.0,440,5010440,V6,0,[]
COMPAS,shift_age_1.0,440,5010440,V5,0,[]
COMPAS,shift_age_1.0,441,5010441,V6,0,[]
COMPAS,shift_age_1.0,441,5010441,V5,0,[]
COMPAS,shift_age_1.0,442,5010442,V6,0,[]
COMPAS,shift_age_1.0,442,5010442,V5,0,[]
COMPAS,shift_age_1.0,443,5010443,V6,0,[]
COMPAS,shift_age_1.0,443,5010443,V5,0,[]
COMPAS,shift_age_1.0,444,5010444,V6,1,"[[""priors_count""], [""juv_fel_count""]]"
COMPAS,shift_age_1.0,444,5010444,V5,0,[]
COMPAS,shift_age_1.0,445,5010445,V6,0,[]
COMPAS,shift_age_1.0,445,5010445,V5,0,[]
COMPAS,shift_age_1.0,446,5010446,V6,0,[]
COMPAS,shift_age_1.0,446,5010446,V5,0,[]
COMPAS,shift_age_1.0,447,5010447,V6,0,[]
COMPAS,shift_age_1.0,447,5010447,V5,0,[]
COMPAS,shift_age_1.0,448,5010448,V6,0,[]
COMPAS,shift_age_1.0,448,5010448,V5,0,[]
COMPAS,shift_age_1.0,449,5010449,V6,0,[]
COMPAS,shift_age_1.0,449,5010449,V5,0,[]
COMPAS,shift_age_1.0,450,5010450,V6,0,[]
COMPAS,shift_age_1.0,450,5010450,V5,0,[]
COMPAS,shift_age_1.0,451,5010451,V6,0,[]
COMPAS,shift_age_1.0,451,5010451,V5,0,[]
COMPAS,shift_age_1.0,452,5010452,V6,0,[]
COMPAS,shift_age_1.0,452,5010452,V5,0,[]
COMPAS,shift_age_1.0,453,5010453,V6,0,[]
COMPAS,shift_age_1.0,453,5010453,V5,0,[]
COMPAS,shift_age_1.0,454,5010454,V6,0,[]
COMPAS,shift_age_1.0,454,5010454,V5,0,[]
COMPAS,shift_age_1.0,455,5010455,V6,0,[]
COMPAS,shift_age_1.0,455,5010455,V5,0,[]
COMPAS,shift_age_1.0,456,5010456,V6,0,[]
COMPAS,shift_age_1.0,456,5010456,V5,0,[]
COMPAS,shift_age_1.0,457,5010457,V6,0,[]
COMPAS,shift_age_1.0,457,5010457,V5,0,[]
COMPAS,shift_age_1.0,458,5010458,V6,0,[]
COMPAS,shift_age_1.0,458,5010458,V5,0,[]
COMPAS,shift_age_1.0,459,5010459,V6,0,[]
COMPAS,shift_age_1.0,459,5010459,V5,0,[]
COMPAS,shift_age_1.0,460,5010460,V6,0,[]
COMPAS,shift_age_1.0,460,5010460,V5,0,[]
COMPAS,shift_age_1.0,461,5010461,V6,0,[]
COMPAS,shift_age_1.0,461,5010461,V5,0,[]
COMPAS,shift_age_1.0,462,5010462,V6,0,[]
COMPAS,shift_age_1.0,462,5010462,V5,0,[]
COMPAS,shift_age_1.0,463,5010463,V6,0,[]
COMPAS,shift_age_1.0,463,5010463,V5,0,[]
COMPAS,shift_age_1.0,464,5010464,V6,0,[]
COMPAS,shift_age_1.0,464,5010464,V5,0,[]
COMPAS,shift_age_1.0,465,5010465,V6,0,[]
COMPAS,shift_age_1.0,465,5010465,V5,0,[]
COMPAS,shift_age_1.0,466,5010466,V6,0,[]
COMPAS,shift_age_1.0,466,5010466,V5,0,[]
COMPAS,shift_age_1.0,467,5010467,V6,0,[]
COMPAS,shift_age_1.0,467,5010467,V5,0,[]
COMPAS,shift_age_1.0,468,5010468,V6,0,[]
COMPAS,shift_age_1.0,468,5010468,V5,0,[]
COMPAS,shift_age_1.0,469,5010469,V6,0,[]
COMPAS,shift_age_1.0,469,5010469,V5,0,[]
COMPAS,shift_age_1.0,470,5010470,V6,0,[]
COMPAS,shift_age_1.0,470,5010470,V5,0,[]
COMPAS,shift_age_1.0,471,5010471,V6,0,[]
COMPAS,shift_age_1.0,471,5010471,V5,0,[]
COMPAS,shift_age_1.0,472,5010472,V6,0,[]
COMPAS,shift_age_1.0,472,5010472,V5,0,[]
COMPAS,shift_age_1.0,473,5010473,V6,0,[]
COMPAS,shift_age_1.0,473,5010473,V5,0,[]
COMPAS,shift_age_1.0,474,5010474,V6,0,[]
COMPAS,shift_age_1.0,474,5010474,V5,0,[]
COMPAS,shift_age_1.0,475,5010475,V6,0,[]
COMPAS,shift_age_1.0,475,5010475,V5,0,[]
COMPAS,shift_age_1.0,476,5010476,V6,1,"[[""juv_fel_count""]]"
COMPAS,shift_age_1.0,476,5010476,V5,0,[]
COMPAS,shift_age_1.0,477,5010477,V6,0,[]
COMPAS,shift_age_1.0,477,5010477,V5,0,[]
COMPAS,shift_age_1.0,478,5010478,V6,0,[]
COMPAS,shift_age_1.0,478,5010478,V5,0,[]
COMPAS,shift_age_1.0,479,5010479,V6,0,[]
COMPAS,shift_age_1.0,479,5010479,V5,0,[]
COMPAS,shift_age_1.0,480,5010480,V6,0,[]
COMPAS,shift_age_1.0,480,5010480,V5,0,[]
COMPAS,shift_age_1.0,481,5010481,V6,0,[]
COMPAS,shift_age_1.0,481,5010481,V5,0,[]
COMPAS,shift_age_1.0,482,5010482,V6,0,[]
COMPAS,shift_age_1.0,482,5010482,V5,0,[]
COMPAS,shift_age_1.0,483,5010483,V6,0,[]
COMPAS,shift_age_1.0,483,5010483,V5,0,[]
COMPAS,shift_age_1.0,484,5010484,V6,0,[]
COMPAS,shift_age_1.0,484,5010484,V5,0,[]
COMPAS,shift_age_1.0,485,5010485,V6,0,[]
COMPAS,shift_age_1.0,485,5010485,V5,0,[]
COMPAS,shift_age_1.0,486,5010486,V6,0,[]
COMPAS,shift_age_1.0,486,5010486,V5,0,[]
COMPAS,shift_age_1.0,487,5010487,V6,0,[]
COMPAS,shift_age_1.0,487,5010487,V5,0,[]
COMPAS,shift_age_1.0,488,5010488,V6,0,[]
COMPAS,shift_age_1.0,488,5010488,V5,0,[]
COMPAS,shift_age_1.0,489,5010489,V6,0,[]
COMPAS,shift_age_1.0,489,5010489,V5,0,[]
COMPAS,shift_age_1.0,490,5010490,V6,0,[]
COMPAS,shift_age_1.0,490,5010490,V5,0,[]
COMPAS,shift_age_1.0,491,5010491,V6,0,[]
COMPAS,shift_age_1.0,491,5010491,V5,0,[]
COMPAS,shift_age_1.0,492,5010492,V6,0,[]
COMPAS,shift_age_1.0,492,5010492,V5,0,[]
COMPAS,shift_age_1.0,493,5010493,V6,0,[]
COMPAS,shift_age_1.0,493,5010493,V5,0,[]
COMPAS,shift_age_1.0,494,5010494,V6,0,[]
COMPAS,shift_age_1.0,494,5010494,V5,0,[]
COMPAS,shift_age_1.0,495,5010495,V6,0,[]
COMPAS,shift_age_1.0,495,5010495,V5,0,[]
COMPAS,shift_age_1.0,496,5010496,V6,0,[]
COMPAS,shift_age_1.0,496,5010496,V5,0,[]
COMPAS,shift_age_1.0,497,5010497,V6,0,[]
COMPAS,shift_age_1.0,497,5010497,V5,0,[]
COMPAS,shift_age_1.0,498,5010498,V6,0,[]
COMPAS,shift_age_1.0,498,5010498,V5,0,[]
COMPAS,shift_age_1.0,499,5010499,V6,0,[]
COMPAS,shift_age_1.0,499,5010499,V5,0,[]
COMPAS,shift_age_1.0,500,5010500,V6,0,[]
COMPAS,shift_age_1.0,500,5010500,V5,0,[]
COMPAS,shift_age_1.0,501,5010501,V6,0,[]
COMPAS,shift_age_1.0,501,5010501,V5,0,[]
COMPAS,shift_age_1.0,502,5010502,V6,0,[]
COMPAS,shift_age_1.0,502,5010502,V5,0,[]
COMPAS,shift_age_1.0,503,5010503,V6,0,[]
COMPAS,shift_age_1.0,503,5010503,V5,0,[]
COMPAS,shift_age_1.0,504,5010504,V6,0,[]
COMPAS,shift_age_1.0,504,5010504,V5,0,[]
COMPAS,shift_age_1.0,505,5010505,V6,0,[]
COMPAS,shift_age_1.0,505,5010505,V5,0,[]
COMPAS,shift_age_1.0,506,5010506,V6,0,[]
COMPAS,shift_age_1.0,506,5010506,V5,0,[]
COMPAS,shift_age_1.0,507,5010507,V6,0,[]
COMPAS,shift_age_1.0,507,5010507,V5,0,[]
COMPAS,shift_age_1.0,508,5010508,V6,1,"[[""juv_other_count""]]"
COMPAS,shift_age_1.0,508,5010508,V5,0,[]
COMPAS,shift_age_1.0,509,5010509,V6,0,[]
COMPAS,shift_age_1.0,509,5010509,V5,0,[]
COMPAS,shift_age_1.0,510,5010510,V6,0,[]
COMPAS,shift_age_1.0,510,5010510,V5,0,[]
COMPAS,shift_age_1.0,511,5010511,V6,0,[]
COMPAS,shift_age_1.0,511,5010511,V5,0,[]
COMPAS,shift_age_1.0,512,5010512,V6,0,[]
COMPAS,shift_age_1.0,512,5010512,V5,0,[]
COMPAS,shift_age_1.0,513,5010513,V6,0,[]
COMPAS,shift_age_1.0,513,5010513,V5,0,[]
COMPAS,shift_age_1.0,514,5010514,V6,0,[]
COMPAS,shift_age_1.0,514,5010514,V5,0,[]
COMPAS,shift_age_1.0,515,5010515,V6,0,[]
COMPAS,shift_age_1.0,515,5010515,V5,0,[]
COMPAS,shift_age_1.0,516,5010516,V6,0,[]
COMPAS,shift_age_1.0,516,5010516,V5,0,[]
COMPAS,shift_age_1.0,517,5010517,V6,0,[]
COMPAS,shift_age_1.0,517,5010517,V5,0,[]
COMPAS,shift_age_1.0,518,5010518,V6,0,[]
COMPAS,shift_age_1.0,518,5010518,V5,0,[]
COMPAS,shift_age_1.0,519,5010519,V6,0,[]
COMPAS,shift_age_1.0,519,5010519,V5,0,[]
COMPAS,shift_age_1.0,520,5010520,V6,0,[]
COMPAS,shift_age_1.0,520,5010520,V5,0,[]
COMPAS,shift_age_1.0,521,5010521,V6,0,[]
COMPAS,shift_age_1.0,521,5010521,V5,0,[]
COMPAS,shift_age_1.0,522,5010522,V6,0,[]
COMPAS,shift_age_1.0,522,5010522,V5,0,[]
COMPAS,shift_age_1.0,523,5010523,V6,0,[]
COMPAS,shift_age_1.0,523,5010523,V5,0,[]
COMPAS,shift_age_1.0,524,5010524,V6,0,[]
COMPAS,shift_age_1.0,524,5010524,V5,0,[]
COMPAS,shift_age_1.0,525,5010525,V6,0,[]
COMPAS,shift_age_1.0,525,5010525,V5,0,[]
COMPAS,shift_age_1.0,526,5010526,V6,0,[]
COMPAS,shift_age_1.0,526,5010526,V5,0,[]
COMPAS,shift_age_1.0,527,5010527,V6,0,[]
COMPAS,shift_age_1.0,527,5010527,V5,0,[]
COMPAS,shift_age_1.0,528,5010528,V6,0,[]
COMPAS,shift_age_1.0,528,5010528,V5,0,[]
COMPAS,shift_age_1.0,529,5010529,V6,0,[]
COMPAS,shift_age_1.0,529,5010529,V5,0,[]
COMPAS,shift_age_1.0,530,5010530,V6,0,[]
COMPAS,shift_age_1.0,530,5010530,V5,0,[]
COMPAS,shift_age_1.0,531,5010531,V6,0,[]
COMPAS,shift_age_1.0,531,5010531,V5,0,[]
COMPAS,shift_age_1.0,532,5010532,V6,0,[]
COMPAS,shift_age_1.0,532,5010532,V5,0,[]
COMPAS,shift_age_1.0,533,5010533,V6,0,[]
COMPAS,shift_age_1.0,533,5010533,V5,0,[]
COMPAS,shift_age_1.0,534,5010534,V6,0,[]
COMPAS,shift_age_1.0,534,5010534,V5,0,[]
COMPAS,shift_age_1.0,535,5010535,V6,0,[]
COMPAS,shift_age_1.0,535,5010535,V5,0,[]
COMPAS,shift_age_1.0,536,5010536,V6,0,[]
COMPAS,shift_age_1.0,536,5010536,V5,0,[]
COMPAS,shift_age_1.0,537,5010537,V6,0,[]
COMPAS,shift_age_1.0,537,5010537,V5,0,[]
COMPAS,shift_age_1.0,538,5010538,V6,0,[]
COMPAS,shift_age_1.0,538,5010538,V5,0,[]
COMPAS,shift_age_1.0,539,5010539,V6,0,[]
COMPAS,shift_age_1.0,539,5010539,V5,0,[]
COMPAS,shift_age_1.0,540,5010540,V6,0,[]
COMPAS,shift_age_1.0,540,5010540,V5,0,[]
COMPAS,shift_age_1.0,541,5010541,V6,0,[]
COMPAS,shift_age_1.0,541,5010541,V5,0,[]
COMPAS,shift_age_1.0,542,5010542,V6,0,[]
COMPAS,shift_age_1.0,542,5010542,V5,0,[]
COMPAS,shift_age_1.0,543,5010543,V6,0,[]
COMPAS,shift_age_1.0,543,5010543,V5,0,[]
COMPAS,shift_age_1.0,544,5010544,V6,0,[]
COMPAS,shift_age_1.0,544,5010544,V5,0,[]
COMPAS,shift_age_1.0,545,5010545,V6,0,[]
COMPAS,shift_age_1.0,545,5010545,V5,0,[]
COMPAS,shift_age_1.0,546,5010546,V6,0,[]
COMPAS,shift_age_1.0,546,5010546,V5,0,[]
COMPAS,shift_age_1.0,547,5010547,V6,0,[]
COMPAS,shift_age_1.0,547,5010547,V5,0,[]
COMPAS,shift_age_1.0,548,5010548,V6,0,[]
COMPAS,shift_age_1.0,548,5010548,V5,0,[]
COMPAS,shift_age_1.0,549,5010549,V6,0,[]
COMPAS,shift_age_1.0,549,5010549,V5,0,[]
COMPAS,shift_age_1.0,550,5010550,V6,0,[]
COMPAS,shift_age_1.0,550,5010550,V5,0,[]
COMPAS,shift_age_1.0,551,5010551,V6,0,[]
COMPAS,shift_age_1.0,551,5010551,V5,0,[]
COMPAS,shift_age_1.0,552,5010552,V6,0,[]
COMPAS,shift_age_1.0,552,5010552,V5,0,[]
COMPAS,shift_age_1.0,553,5010553,V6,0,[]
COMPAS,shift_age_1.0,553,5010553,V5,0,[]
COMPAS,shift_age_1.0,554,5010554,V6,0,[]
COMPAS,shift_age_1.0,554,5010554,V5,0,[]
COMPAS,shift_age_1.0,555,5010555,V6,0,[]
COMPAS,shift_age_1.0,555,5010555,V5,0,[]
COMPAS,shift_age_1.0,556,5010556,V6,0,[]
COMPAS,shift_age_1.0,556,5010556,V5,0,[]
COMPAS,shift_age_1.0,557,5010557,V6,0,[]
COMPAS,shift_age_1.0,557,5010557,V5,0,[]
COMPAS,shift_age_1.0,558,5010558,V6,0,[]
COMPAS,shift_age_1.0,558,5010558,V5,0,[]
COMPAS,shift_age_1.0,559,5010559,V6,0,[]
COMPAS,shift_age_1.0,559,5010559,V5,0,[]
COMPAS,shift_age_1.0,560,5010560,V6,0,[]
COMPAS,shift_age_1.0,560,5010560,V5,0,[]
COMPAS,shift_age_1.0,561,5010561,V6,0,[]
COMPAS,shift_age_1.0,561,5010561,V5,0,[]
COMPAS,shift_age_1.0,562,5010562,V6,0,[]
COMPAS,shift_age_1.0,562,5010562,V5,0,[]
COMPAS,shift_age_1.0,563,5010563,V6,0,[]
COMPAS,shift_age_1.0,563,5010563,V5,0,[]
COMPAS,shift_age_1.0,564,5010564,V6,0,[]
COMPAS,shift_age_1.0,564,5010564,V5,0,[]
COMPAS,shift_age_1.0,565,5010565,V6,0,[]
COMPAS,shift_age_1.0,565,5010565,V5,0,[]
COMPAS,shift_age_1.0,566,5010566,V6,0,[]
COMPAS,shift_age_1.0,566,5010566,V5,0,[]
COMPAS,shift_age_1.0,567,5010567,V6,0,[]
COMPAS,shift_age_1.0,567,5010567,V5,0,[]
COMPAS,shift_age_1.0,568,5010568,V6,0,[]
COMPAS,shift_age_1.0,568,5010568,V5,0,[]
COMPAS,shift_age_1.0,569,5010569,V6,0,[]
COMPAS,shift_age_1.0,569,5010569,V5,0,[]
COMPAS,shift_age_1.0,570,5010570,V6,0,[]
COMPAS,shift_age_1.0,570,5010570,V5,0,[]
COMPAS,shift_age_1.0,571,5010571,V6,0,[]
COMPAS,shift_age_1.0,571,5010571,V5,0,[]
COMPAS,shift_age_1.0,572,5010572,V6,0,[]
COMPAS,shift_age_1.0,572,5010572,V5,0,[]
COMPAS,shift_age_1.0,573,5010573,V6,0,[]
COMPAS,shift_age_1.0,573,5010573,V5,0,[]
COMPAS,shift_age_1.0,574,5010574,V6,0,[]
COMPAS,shift_age_1.0,574,5010574,V5,0,[]
COMPAS,shift_age_1.0,575,5010575,V6,0,[]
COMPAS,shift_age_1.0,575,5010575,V5,0,[]
COMPAS,shift_age_1.0,576,5010576,V6,0,[]
COMPAS,shift_age_1.0,576,5010576,V5,0,[]
COMPAS,shift_age_1.0,577,5010577,V6,0,[]
COMPAS,shift_age_1.0,577,5010577,V5,0,[]
COMPAS,shift_age_1.0,578,5010578,V6,0,[]
COMPAS,shift_age_1.0,578,5010578,V5,0,[]
COMPAS,shift_age_1.0,579,5010579,V6,0,[]
COMPAS,shift_age_1.0,579,5010579,V5,0,[]
COMPAS,shift_age_1.0,580,5010580,V6,0,[]
COMPAS,shift_age_1.0,580,5010580,V5,0,[]
COMPAS,shift_age_1.0,581,5010581,V6,0,[]
COMPAS,shift_age_1.0,581,5010581,V5,0,[]
COMPAS,shift_age_1.0,582,5010582,V6,0,[]
COMPAS,shift_age_1.0,582,5010582,V5,0,[]
COMPAS,shift_age_1.0,583,5010583,V6,0,[]
COMPAS,shift_age_1.0,583,5010583,V5,0,[]
COMPAS,shift_age_1.0,584,5010584,V6,0,[]
COMPAS,shift_age_1.0,584,5010584,V5,0,[]
COMPAS,shift_age_1.0,585,5010585,V6,0,[]
COMPAS,shift_age_1.0,585,5010585,V5,0,[]
COMPAS,shift_age_1.0,586,5010586,V6,0,[]
COMPAS,shift_age_1.0,586,5010586,V5,0,[]
COMPAS,shift_age_1.0,587,5010587,V6,0,[]
COMPAS,shift_age_1.0,587,5010587,V5,0,[]
COMPAS,shift_age_1.0,588,5010588,V6,0,[]
COMPAS,shift_age_1.0,588,5010588,V5,0,[]
COMPAS,shift_age_1.0,589,5010589,V6,0,[]
COMPAS,shift_age_1.0,589,5010589,V5,0,[]
COMPAS,shift_age_1.0,590,5010590,V6,0,[]
COMPAS,shift_age_1.0,590,5010590,V5,0,[]
COMPAS,shift_age_1.0,591,5010591,V6,0,[]
COMPAS,shift_age_1.0,591,5010591,V5,0,[]
COMPAS,shift_age_1.0,592,5010592,V6,0,[]
COMPAS,shift_age_1.0,592,5010592,V5,0,[]
COMPAS,shift_age_1.0,593,5010593,V6,0,[]
COMPAS,shift_age_1.0,593,5010593,V5,0,[]
COMPAS,shift_age_1.0,594,5010594,V6,0,[]
COMPAS,shift_age_1.0,594,5010594,V5,0,[]
COMPAS,shift_age_1.0,595,5010595,V6,0,[]
COMPAS,shift_age_1.0,595,5010595,V5,0,[]
COMPAS,shift_age_1.0,596,5010596,V6,0,[]
COMPAS,shift_age_1.0,596,5010596,V5,0,[]
COMPAS,shift_age_1.0,597,5010597,V6,1,"[[""juv_other_count""]]"
COMPAS,shift_age_1.0,597,5010597,V5,0,[]
COMPAS,shift_age_1.0,598,5010598,V6,0,[]
COMPAS,shift_age_1.0,598,5010598,V5,0,[]
COMPAS,shift_age_1.0,599,5010599,V6,0,[]
COMPAS,shift_age_1.0,599,5010599,V5,0,[]
COMPAS,shift_age_1.0,600,5010600,V6,0,[]
COMPAS,shift_age_1.0,600,5010600,V5,0,[]
COMPAS,shift_age_1.0,601,5010601,V6,0,[]
COMPAS,shift_age_1.0,601,5010601,V5,0,[]
COMPAS,shift_age_1.0,602,5010602,V6,0,[]
COMPAS,shift_age_1.0,602,5010602,V5,0,[]
COMPAS,shift_age_1.0,603,5010603,V6,0,[]
COMPAS,shift_age_1.0,603,5010603,V5,0,[]
COMPAS,shift_age_1.0,604,5010604,V6,0,[]
COMPAS,shift_age_1.0,604,5010604,V5,0,[]
COMPAS,shift_age_1.0,605,5010605,V6,0,[]
COMPAS,shift_age_1.0,605,5010605,V5,0,[]
COMPAS,shift_age_1.0,606,5010606,V6,0,[]
COMPAS,shift_age_1.0,606,5010606,V5,0,[]
COMPAS,shift_age_1.0,607,5010607,V6,0,[]
COMPAS,shift_age_1.0,607,5010607,V5,0,[]
COMPAS,shift_age_1.0,608,5010608,V6,0,[]
COMPAS,shift_age_1.0,608,5010608,V5,0,[]
COMPAS,shift_age_1.0,609,5010609,V6,0,[]
COMPAS,shift_age_1.0,609,5010609,V5,0,[]
COMPAS,shift_age_1.0,610,5010610,V6,0,[]
COMPAS,shift_age_1.0,610,5010610,V5,0,[]
COMPAS,shift_age_1.0,611,5010611,V6,0,[]
COMPAS,shift_age_1.0,611,5010611,V5,0,[]
COMPAS,shift_age_1.0,612,5010612,V6,0,[]
COMPAS,shift_age_1.0,612,5010612,V5,0,[]
COMPAS,shift_age_1.0,613,5010613,V6,0,[]
COMPAS,shift_age_1.0,613,5010613,V5,0,[]
COMPAS,shift_age_1.0,614,5010614,V6,0,[]
COMPAS,shift_age_1.0,614,5010614,V5,0,[]
COMPAS,shift_age_1.0,615,5010615,V6,0,[]
COMPAS,shift_age_1.0,615,5010615,V5,0,[]
COMPAS,shift_age_1.0,616,5010616,V6,0,[]
COMPAS,shift_age_1.0,616,5010616,V5,0,[]
COMPAS,shift_age_1.0,617,5010617,V6,0,[]
COMPAS,shift_age_1.0,617,5010617,V5,0,[]
COMPAS,shift_age_1.0,618,5010618,V6,0,[]
COMPAS,shift_age_1.0,618,5010618,V5,0,[]
COMPAS,shift_age_1.0,619,5010619,V6,0,[]
COMPAS,shift_age_1.0,619,5010619,V5,0,[]
COMPAS,shift_age_1.0,620,5010620,V6,0,[]
COMPAS,shift_age_1.0,620,5010620,V5,0,[]
COMPAS,shift_age_1.0,621,5010621,V6,0,[]
COMPAS,shift_age_1.0,621,5010621,V5,0,[]
COMPAS,shift_age_1.0,622,5010622,V6,0,[]
COMPAS,shift_age_1.0,622,5010622,V5,0,[]
COMPAS,shift_age_1.0,623,5010623,V6,0,[]
COMPAS,shift_age_1.0,623,5010623,V5,0,[]
COMPAS,shift_age_1.0,624,5010624,V6,0,[]
COMPAS,shift_age_1.0,624,5010624,V5,0,[]
COMPAS,shift_age_1.0,625,5010625,V6,0,[]
COMPAS,shift_age_1.0,625,5010625,V5,0,[]
COMPAS,shift_age_1.0,626,5010626,V6,0,[]
COMPAS,shift_age_1.0,626,5010626,V5,0,[]
COMPAS,shift_age_1.0,627,5010627,V6,0,[]
COMPAS,shift_age_1.0,627,5010627,V5,0,[]
COMPAS,shift_age_1.0,628,5010628,V6,0,[]
COMPAS,shift_age_1.0,628,5010628,V5,0,[]
COMPAS,shift_age_1.0,629,5010629,V6,0,[]
COMPAS,shift_age_1.0,629,5010629,V5,0,[]
COMPAS,shift_age_1.0,630,5010630,V6,0,[]
COMPAS,shift_age_1.0,630,5010630,V5,0,[]
COMPAS,shift_age_1.0,631,5010631,V6,0,[]
COMPAS,shift_age_1.0,631,5010631,V5,0,[]
COMPAS,shift_age_1.0,632,5010632,V6,0,[]
COMPAS,shift_age_1.0,632,5010632,V5,0,[]
COMPAS,shift_age_1.0,633,5010633,V6,0,[]
COMPAS,shift_age_1.0,633,5010633,V5,0,[]
COMPAS,shift_age_1.0,634,5010634,V6,0,[]
COMPAS,shift_age_1.0,634,5010634,V5,0,[]
COMPAS,shift_age_1.0,635,5010635,V6,0,[]
COMPAS,shift_age_1.0,635,5010635,V5,0,[]
COMPAS,shift_age_1.0,636,5010636,V6,0,[]
COMPAS,shift_age_1.0,636,5010636,V5,0,[]
COMPAS,shift_age_1.0,637,5010637,V6,0,[]
COMPAS,shift_age_1.0,637,5010637,V5,0,[]
COMPAS,shift_age_1.0,638,5010638,V6,0,[]
COMPAS,shift_age_1.0,638,5010638,V5,0,[]
COMPAS,shift_age_1.0,639,5010639,V6,0,[]
COMPAS,shift_age_1.0,639,5010639,V5,0,[]
COMPAS,shift_age_1.0,640,5010640,V6,0,[]
COMPAS,shift_age_1.0,640,5010640,V5,0,[]
COMPAS,shift_age_1.0,641,5010641,V6,0,[]
COMPAS,shift_age_1.0,641,5010641,V5,0,[]
COMPAS,shift_age_1.0,642,5010642,V6,0,[]
COMPAS,shift_age_1.0,642,5010642,V5,0,[]
COMPAS,shift_age_1.0,643,5010643,V6,0,[]
COMPAS,shift_age_1.0,643,5010643,V5,0,[]
COMPAS,shift_age_1.0,644,5010644,V6,0,[]
COMPAS,shift_age_1.0,644,5010644,V5,0,[]
COMPAS,shift_age_1.0,645,5010645,V6,0,[]
COMPAS,shift_age_1.0,645,5010645,V5,0,[]
COMPAS,shift_age_1.0,646,5010646,V6,0,[]
COMPAS,shift_age_1.0,646,5010646,V5,0,[]
COMPAS,shift_age_1.0,647,5010647,V6,0,[]
COMPAS,shift_age_1.0,647,5010647,V5,0,[]
COMPAS,shift_age_1.0,648,5010648,V6,0,[]
COMPAS,shift_age_1.0,648,5010648,V5,0,[]
COMPAS,shift_age_1.0,649,5010649,V6,0,[]
COMPAS,shift_age_1.0,649,5010649,V5,0,[]
COMPAS,shift_age_1.0,650,5010650,V6,0,[]
COMPAS,shift_age_1.0,650,5010650,V5,0,[]
COMPAS,shift_age_1.0,651,5010651,V6,0,[]
COMPAS,shift_age_1.0,651,5010651,V5,0,[]
COMPAS,shift_age_1.0,652,5010652,V6,0,[]
COMPAS,shift_age_1.0,652,5010652,V5,0,[]
COMPAS,shift_age_1.0,653,5010653,V6,0,[]
COMPAS,shift_age_1.0,653,5010653,V5,0,[]
COMPAS,shift_age_1.0,654,5010654,V6,0,[]
COMPAS,shift_age_1.0,654,5010654,V5,0,[]
COMPAS,shift_age_1.0,655,5010655,V6,0,[]
COMPAS,shift_age_1.0,655,5010655,V5,0,[]
COMPAS,shift_age_1.0,656,5010656,V6,0,[]
COMPAS,shift_age_1.0,656,5010656,V5,0,[]
COMPAS,shift_age_1.0,657,5010657,V6,0,[]
COMPAS,shift_age_1.0,657,5010657,V5,0,[]
COMPAS,shift_age_1.0,658,5010658,V6,0,[]
COMPAS,shift_age_1.0,658,5010658,V5,0,[]
COMPAS,shift_age_1.0,659,5010659,V6,0,[]
COMPAS,shift_age_1.0,659,5010659,V5,0,[]
COMPAS,shift_age_1.0,660,5010660,V6,0,[]
COMPAS,shift_age_1.0,660,5010660,V5,0,[]
COMPAS,shift_age_1.0,661,5010661,V6,0,[]
COMPAS,shift_age_1.0,661,5010661,V5,0,[]
COMPAS,shift_age_1.0,662,5010662,V6,0,[]
COMPAS,shift_age_1.0,662,5010662,V5,0,[]
COMPAS,shift_age_1.0,663,5010663,V6,0,[]
COMPAS,shift_age_1.0,663,5010663,V5,0,[]
COMPAS,shift_age_1.0,664,5010664,V6,0,[]
COMPAS,shift_age_1.0,664,5010664,V5,0,[]
COMPAS,shift_age_1.0,665,5010665,V6,0,[]
COMPAS,shift_age_1.0,665,5010665,V5,0,[]
COMPAS,shift_age_1.0,666,5010666,V6,0,[]
COMPAS,shift_age_1.0,666,5010666,V5,0,[]
COMPAS,shift_age_1.0,667,5010667,V6,0,[]
COMPAS,shift_age_1.0,667,5010667,V5,0,[]
COMPAS,shift_age_1.0,668,5010668,V6,0,[]
COMPAS,shift_age_1.0,668,5010668,V5,0,[]
COMPAS,shift_age_1.0,669,5010669,V6,0,[]
COMPAS,shift_age_1.0,669,5010669,V5,0,[]
COMPAS,shift_age_1.0,670,5010670,V6,0,[]
COMPAS,shift_age_1.0,670,5010670,V5,0,[]
COMPAS,shift_age_1.0,671,5010671,V6,0,[]
COMPAS,shift_age_1.0,671,5010671,V5,0,[]
COMPAS,shift_age_1.0,672,5010672,V6,0,[]
COMPAS,shift_age_1.0,672,5010672,V5,0,[]
COMPAS,shift_age_1.0,673,5010673,V6,0,[]
COMPAS,shift_age_1.0,673,5010673,V5,0,[]
COMPAS,shift_age_1.0,674,5010674,V6,0,[]
COMPAS,shift_age_1.0,674,5010674,V5,0,[]
COMPAS,shift_age_1.0,675,5010675,V6,0,[]
COMPAS,shift_age_1.0,675,5010675,V5,0,[]
COMPAS,shift_age_1.0,676,5010676,V6,0,[]
COMPAS,shift_age_1.0,676,5010676,V5,0,[]
COMPAS,shift_age_1.0,677,5010677,V6,0,[]
COMPAS,shift_age_1.0,677,5010677,V5,0,[]
COMPAS,shift_age_1.0,678,5010678,V6,0,[]
COMPAS,shift_age_1.0,678,5010678,V5,0,[]
COMPAS,shift_age_1.0,679,5010679,V6,0,[]
COMPAS,shift_age_1.0,679,5010679,V5,0,[]
COMPAS,shift_age_1.0,680,5010680,V6,0,[]
COMPAS,shift_age_1.0,680,5010680,V5,0,[]
COMPAS,shift_age_1.0,681,5010681,V6,0,[]
COMPAS,shift_age_1.0,681,5010681,V5,0,[]
COMPAS,shift_age_1.0,682,5010682,V6,0,[]
COMPAS,shift_age_1.0,682,5010682,V5,0,[]
COMPAS,shift_age_1.0,683,5010683,V6,0,[]
COMPAS,shift_age_1.0,683,5010683,V5,0,[]
COMPAS,shift_age_1.0,684,5010684,V6,0,[]
COMPAS,shift_age_1.0,684,5010684,V5,0,[]
COMPAS,shift_age_1.0,685,5010685,V6,0,[]
COMPAS,shift_age_1.0,685,5010685,V5,0,[]
COMPAS,shift_age_1.0,686,5010686,V6,0,[]
COMPAS,shift_age_1.0,686,5010686,V5,0,[]
COMPAS,shift_age_1.0,687,5010687,V6,0,[]
COMPAS,shift_age_1.0,687,5010687,V5,0,[]
COMPAS,shift_age_1.0,688,5010688,V6,1,"[[""c_charge_degree""]]"
COMPAS,shift_age_1.0,688,5010688,V5,0,[]
COMPAS,shift_age_1.0,689,5010689,V6,0,[]
COMPAS,shift_age_1.0,689,5010689,V5,0,[]
COMPAS,shift_age_1.0,690,5010690,V6,0,[]
COMPAS,shift_age_1.0,690,5010690,V5,0,[]
COMPAS,shift_age_1.0,691,5010691,V6,0,[]
COMPAS,shift_age_1.0,691,5010691,V5,0,[]
COMPAS,shift_age_1.0,692,5010692,V6,0,[]
COMPAS,shift_age_1.0,692,5010692,V5,0,[]
COMPAS,shift_age_1.0,693,5010693,V6,0,[]
COMPAS,shift_age_1.0,693,5010693,V5,0,[]
COMPAS,shift_age_1.0,694,5010694,V6,0,[]
COMPAS,shift_age_1.0,694,5010694,V5,0,[]
COMPAS,shift_age_1.0,695,5010695,V6,0,[]
COMPAS,shift_age_1.0,695,5010695,V5,0,[]
COMPAS,shift_age_1.0,696,5010696,V6,0,[]
COMPAS,shift_age_1.0,696,5010696,V5,0,[]
COMPAS,shift_age_1.0,697,5010697,V6,0,[]
COMPAS,shift_age_1.0,697,5010697,V5,0,[]
COMPAS,shift_age_1.0,698,5010698,V6,0,[]
COMPAS,shift_age_1.0,698,5010698,V5,0,[]
COMPAS,shift_age_1.0,699,5010699,V6,0,[]
COMPAS,shift_age_1.0,699,5010699,V5,0,[]
COMPAS,shift_age_1.0,700,5010700,V6,0,[]
COMPAS,shift_age_1.0,700,5010700,V5,0,[]
COMPAS,shift_age_1.0,701,5010701,V6,0,[]
COMPAS,shift_age_1.0,701,5010701,V5,0,[]
COMPAS,shift_age_1.0,702,5010702,V6,0,[]
COMPAS,shift_age_1.0,702,5010702,V5,0,[]
COMPAS,shift_age_1.0,703,5010703,V6,0,[]
COMPAS,shift_age_1.0,703,5010703,V5,0,[]
COMPAS,shift_age_1.0,704,5010704,V6,0,[]
COMPAS,shift_age_1.0,704,5010704,V5,0,[]
COMPAS,shift_age_1.0,705,5010705,V6,0,[]
COMPAS,shift_age_1.0,705,5010705,V5,0,[]
COMPAS,shift_age_1.0,706,5010706,V6,0,[]
COMPAS,shift_age_1.0,706,5010706,V5,0,[]
COMPAS,shift_age_1.0,707,5010707,V6,0,[]
COMPAS,shift_age_1.0,707,5010707,V5,0,[]
COMPAS,shift_age_1.0,708,5010708,V6,0,[]
COMPAS,shift_age_1.0,708,5010708,V5,0,[]
COMPAS,shift_age_1.0,709,5010709,V6,0,[]
COMPAS,shift_age_1.0,709,5010709,V5,0,[]
COMPAS,shift_age_1.0,710,5010710,V6,0,[]
COMPAS,shift_age_1.0,710,5010710,V5,0,[]
COMPAS,shift_age_1.0,711,5010711,V6,0,[]
COMPAS,shift_age_1.0,711,5010711,V5,0,[]
COMPAS,shift_age_1.0,712,5010712,V6,0,[]
COMPAS,shift_age_1.0,712,5010712,V5,0,[]
COMPAS,shift_age_1.0,713,5010713,V6,0,[]
COMPAS,shift_age_1.0,713,5010713,V5,0,[]
COMPAS,shift_age_1.0,714,5010714,V6,0,[]
COMPAS,shift_age_1.0,714,5010714,V5,0,[]
COMPAS,shift_age_1.0,715,5010715,V6,0,[]
COMPAS,shift_age_1.0,715,5010715,V5,0,[]
COMPAS,shift_age_1.0,716,5010716,V6,0,[]
COMPAS,shift_age_1.0,716,5010716,V5,0,[]
COMPAS,shift_age_1.0,717,5010717,V6,0,[]
COMPAS,shift_age_1.0,717,5010717,V5,0,[]
COMPAS,shift_age_1.0,718,5010718,V6,0,[]
COMPAS,shift_age_1.0,718,5010718,V5,0,[]
COMPAS,shift_age_1.0,719,5010719,V6,0,[]
COMPAS,shift_age_1.0,719,5010719,V5,0,[]
COMPAS,shift_age_1.0,720,5010720,V6,0,[]
COMPAS,shift_age_1.0,720,5010720,V5,0,[]
COMPAS,shift_age_1.0,721,5010721,V6,0,[]
COMPAS,shift_age_1.0,721,5010721,V5,0,[]
COMPAS,shift_age_1.0,722,5010722,V6,0,[]
COMPAS,shift_age_1.0,722,5010722,V5,0,[]
COMPAS,shift_age_1.0,723,5010723,V6,0,[]
COMPAS,shift_age_1.0,723,5010723,V5,0,[]
COMPAS,shift_age_1.0,724,5010724,V6,0,[]
COMPAS,shift_age_1.0,724,5010724,V5,0,[]
COMPAS,shift_age_1.0,725,5010725,V6,0,[]
COMPAS,shift_age_1.0,725,5010725,V5,0,[]
COMPAS,shift_age_1.0,726,5010726,V6,0,[]
COMPAS,shift_age_1.0,726,5010726,V5,0,[]
COMPAS,shift_age_1.0,727,5010727,V6,0,[]
COMPAS,shift_age_1.0,727,5010727,V5,0,[]
COMPAS,shift_age_1.0,728,5010728,V6,0,[]
COMPAS,shift_age_1.0,728,5010728,V5,0,[]
COMPAS,shift_age_1.0,729,5010729,V6,0,[]
COMPAS,shift_age_1.0,729,5010729,V5,0,[]
COMPAS,shift_age_1.0,730,5010730,V6,0,[]
COMPAS,shift_age_1.0,730,5010730,V5,0,[]
COMPAS,shift_age_1.0,731,5010731,V6,0,[]
COMPAS,shift_age_1.0,731,5010731,V5,0,[]
COMPAS,shift_age_1.0,732,5010732,V6,0,[]
COMPAS,shift_age_1.0,732,5010732,V5,0,[]
COMPAS,shift_age_1.0,733,5010733,V6,0,[]
COMPAS,shift_age_1.0,733,5010733,V5,0,[]
COMPAS,shift_age_1.0,734,5010734,V6,0,[]
COMPAS,shift_age_1.0,734,5010734,V5,0,[]
COMPAS,shift_age_1.0,735,5010735,V6,0,[]
COMPAS,shift_age_1.0,735,5010735,V5,0,[]
COMPAS,shift_age_1.0,736,5010736,V6,0,[]
COMPAS,shift_age_1.0,736,5010736,V5,0,[]
COMPAS,shift_age_1.0,737,5010737,V6,0,[]
COMPAS,shift_age_1.0,737,5010737,V5,0,[]
COMPAS,shift_age_1.0,738,5010738,V6,0,[]
COMPAS,shift_age_1.0,738,5010738,V5,0,[]
COMPAS,shift_age_1.0,739,5010739,V6,0,[]
COMPAS,shift_age_1.0,739,5010739,V5,0,[]
COMPAS,shift_age_1.0,740,5010740,V6,0,[]
COMPAS,shift_age_1.0,740,5010740,V5,0,[]
COMPAS,shift_age_1.0,741,5010741,V6,0,[]
COMPAS,shift_age_1.0,741,5010741,V5,0,[]
COMPAS,shift_age_1.0,742,5010742,V6,0,[]
COMPAS,shift_age_1.0,742,5010742,V5,0,[]
COMPAS,shift_age_1.0,743,5010743,V6,0,[]
COMPAS,shift_age_1.0,743,5010743,V5,0,[]
COMPAS,shift_age_1.0,744,5010744,V6,0,[]
COMPAS,shift_age_1.0,744,5010744,V5,0,[]
COMPAS,shift_age_1.0,745,5010745,V6,0,[]
COMPAS,shift_age_1.0,745,5010745,V5,0,[]
COMPAS,shift_age_1.0,746,5010746,V6,0,[]
COMPAS,shift_age_1.0,746,5010746,V5,0,[]
COMPAS,shift_age_1.0,747,5010747,V6,0,[]
COMPAS,shift_age_1.0,747,5010747,V5,0,[]
COMPAS,shift_age_1.0,748,5010748,V6,0,[]
COMPAS,shift_age_1.0,748,5010748,V5,0,[]
COMPAS,shift_age_1.0,749,5010749,V6,0,[]
COMPAS,shift_age_1.0,749,5010749,V5,0,[]
COMPAS,shift_age_1.0,750,5010750,V6,0,[]
COMPAS,shift_age_1.0,750,5010750,V5,0,[]
COMPAS,shift_age_1.0,751,5010751,V6,0,[]
COMPAS,shift_age_1.0,751,5010751,V5,0,[]
COMPAS,shift_age_1.0,752,5010752,V6,0,[]
COMPAS,shift_age_1.0,752,5010752,V5,0,[]
COMPAS,shift_age_1.0,753,5010753,V6,0,[]
COMPAS,shift_age_1.0,753,5010753,V5,0,[]
COMPAS,shift_age_1.0,754,5010754,V6,0,[]
COMPAS,shift_age_1.0,754,5010754,V5,0,[]
COMPAS,shift_age_1.0,755,5010755,V6,0,[]
COMPAS,shift_age_1.0,755,5010755,V5,0,[]
COMPAS,shift_age_1.0,756,5010756,V6,0,[]
COMPAS,shift_age_1.0,756,5010756,V5,0,[]
COMPAS,shift_age_1.0,757,5010757,V6,0,[]
COMPAS,shift_age_1.0,757,5010757,V5,0,[]
COMPAS,shift_age_1.0,758,5010758,V6,0,[]
COMPAS,shift_age_1.0,758,5010758,V5,0,[]
COMPAS,shift_age_1.0,759,5010759,V6,0,[]
COMPAS,shift_age_1.0,759,5010759,V5,0,[]
COMPAS,shift_age_1.0,760,5010760,V6,0,[]
COMPAS,shift_age_1.0,760,5010760,V5,0,[]
COMPAS,shift_age_1.0,761,5010761,V6,0,[]
COMPAS,shift_age_1.0,761,5010761,V5,0,[]
COMPAS,shift_age_1.0,762,5010762,V6,0,[]
COMPAS,shift_age_1.0,762,5010762,V5,0,[]
COMPAS,shift_age_1.0,763,5010763,V6,0,[]
COMPAS,shift_age_1.0,763,5010763,V5,0,[]
COMPAS,shift_age_1.0,764,5010764,V6,0,[]
COMPAS,shift_age_1.0,764,5010764,V5,0,[]
COMPAS,shift_age_1.0,765,5010765,V6,1,"[[""sex""]]"
COMPAS,shift_age_1.0,765,5010765,V5,1,"[[""sex""]]"
COMPAS,shift_age_1.0,766,5010766,V6,0,[]
COMPAS,shift_age_1.0,766,5010766,V5,0,[]
COMPAS,shift_age_1.0,767,5010767,V6,0,[]
COMPAS,shift_age_1.0,767,5010767,V5,0,[]
COMPAS,shift_age_1.0,768,5010768,V6,0,[]
COMPAS,shift_age_1.0,768,5010768,V5,0,[]
COMPAS,shift_age_1.0,769,5010769,V6,0,[]
COMPAS,shift_age_1.0,769,5010769,V5,0,[]
COMPAS,shift_age_1.0,770,5010770,V6,0,[]
COMPAS,shift_age_1.0,770,5010770,V5,0,[]
COMPAS,shift_age_1.0,771,5010771,V6,0,[]
COMPAS,shift_age_1.0,771,5010771,V5,0,[]
COMPAS,shift_age_1.0,772,5010772,V6,0,[]
COMPAS,shift_age_1.0,772,5010772,V5,0,[]
COMPAS,shift_age_1.0,773,5010773,V6,0,[]
COMPAS,shift_age_1.0,773,5010773,V5,0,[]
COMPAS,shift_age_1.0,774,5010774,V6,0,[]
COMPAS,shift_age_1.0,774,5010774,V5,0,[]
COMPAS,shift_age_1.0,775,5010775,V6,0,[]
COMPAS,shift_age_1.0,775,5010775,V5,0,[]
COMPAS,shift_age_1.0,776,5010776,V6,0,[]
COMPAS,shift_age_1.0,776,5010776,V5,0,[]
COMPAS,shift_age_1.0,777,5010777,V6,0,[]
COMPAS,shift_age_1.0,777,5010777,V5,0,[]
COMPAS,shift_age_1.0,778,5010778,V6,0,[]
COMPAS,shift_age_1.0,778,5010778,V5,0,[]
COMPAS,shift_age_1.0,779,5010779,V6,0,[]
COMPAS,shift_age_1.0,779,5010779,V5,0,[]
COMPAS,shift_age_1.0,780,5010780,V6,0,[]
COMPAS,shift_age_1.0,780,5010780,V5,0,[]
COMPAS,shift_age_1.0,781,5010781,V6,0,[]
COMPAS,shift_age_1.0,781,5010781,V5,0,[]
COMPAS,shift_age_1.0,782,5010782,V6,0,[]
COMPAS,shift_age_1.0,782,5010782,V5,0,[]
COMPAS,shift_age_1.0,783,5010783,V6,0,[]
COMPAS,shift_age_1.0,783,5010783,V5,0,[]
COMPAS,shift_age_1.0,784,5010784,V6,0,[]
COMPAS,shift_age_1.0,784,5010784,V5,0,[]
COMPAS,shift_age_1.0,785,5010785,V6,0,[]
COMPAS,shift_age_1.0,785,5010785,V5,0,[]
COMPAS,shift_age_1.0,786,5010786,V6,0,[]
COMPAS,shift_age_1.0,786,5010786,V5,0,[]
COMPAS,shift_age_1.0,787,5010787,V6,0,[]
COMPAS,shift_age_1.0,787,5010787,V5,0,[]
COMPAS,shift_age_1.0,788,5010788,V6,0,[]
COMPAS,shift_age_1.0,788,5010788,V5,0,[]
COMPAS,shift_age_1.0,789,5010789,V6,0,[]
COMPAS,shift_age_1.0,789,5010789,V5,0,[]
COMPAS,shift_age_1.0,790,5010790,V6,0,[]
COMPAS,shift_age_1.0,790,5010790,V5,0,[]
COMPAS,shift_age_1.0,791,5010791,V6,0,[]
COMPAS,shift_age_1.0,791,5010791,V5,0,[]
COMPAS,shift_age_1.0,792,5010792,V6,0,[]
COMPAS,shift_age_1.0,792,5010792,V5,0,[]
COMPAS,shift_age_1.0,793,5010793,V6,0,[]
COMPAS,shift_age_1.0,793,5010793,V5,0,[]
COMPAS,shift_age_1.0,794,5010794,V6,0,[]
COMPAS,shift_age_1.0,794,5010794,V5,0,[]
COMPAS,shift_age_1.0,795,5010795,V6,0,[]
COMPAS,shift_age_1.0,795,5010795,V5,0,[]
COMPAS,shift_age_1.0,796,5010796,V6,1,"[[""juv_misd_count""]]"
COMPAS,shift_age_1.0,796,5010796,V5,0,[]
COMPAS,shift_age_1.0,797,5010797,V6,0,[]
COMPAS,shift_age_1.0,797,5010797,V5,0,[]
COMPAS,shift_age_1.0,798,5010798,V6,0,[]
COMPAS,shift_age_1.0,798,5010798,V5,0,[]
COMPAS,shift_age_1.0,799,5010799,V6,0,[]
COMPAS,shift_age_1.0,799,5010799,V5,0,[]
COMPAS,shift_age_1.0,800,5010800,V6,0,[]
COMPAS,shift_age_1.0,800,5010800,V5,0,[]
COMPAS,shift_age_1.0,801,5010801,V6,0,[]
COMPAS,shift_age_1.0,801,5010801,V5,0,[]
COMPAS,shift_age_1.0,802,5010802,V6,0,[]
COMPAS,shift_age_1.0,802,5010802,V5,0,[]
COMPAS,shift_age_1.0,803,5010803,V6,0,[]
COMPAS,shift_age_1.0,803,5010803,V5,0,[]
COMPAS,shift_age_1.0,804,5010804,V6,0,[]
COMPAS,shift_age_1.0,804,5010804,V5,0,[]
COMPAS,shift_age_1.0,805,5010805,V6,0,[]
COMPAS,shift_age_1.0,805,5010805,V5,0,[]
COMPAS,shift_age_1.0,806,5010806,V6,0,[]
COMPAS,shift_age_1.0,806,5010806,V5,0,[]
COMPAS,shift_age_1.0,807,5010807,V6,0,[]
COMPAS,shift_age_1.0,807,5010807,V5,0,[]
COMPAS,shift_age_1.0,808,5010808,V6,0,[]
COMPAS,shift_age_1.0,808,5010808,V5,0,[]
COMPAS,shift_age_1.0,809,5010809,V6,0,[]
COMPAS,shift_age_1.0,809,5010809,V5,0,[]
COMPAS,shift_age_1.0,810,5010810,V6,0,[]
COMPAS,shift_age_1.0,810,5010810,V5,0,[]
COMPAS,shift_age_1.0,811,5010811,V6,0,[]
COMPAS,shift_age_1.0,811,5010811,V5,0,[]
COMPAS,shift_age_1.0,812,5010812,V6,0,[]
COMPAS,shift_age_1.0,812,5010812,V5,0,[]
COMPAS,shift_age_1.0,813,5010813,V6,0,[]
COMPAS,shift_age_1.0,813,5010813,V5,0,[]
COMPAS,shift_age_1.0,814,5010814,V6,0,[]
COMPAS,shift_age_1.0,814,5010814,V5,0,[]
COMPAS,shift_age_1.0,815,5010815,V6,0,[]
COMPAS,shift_age_1.0,815,5010815,V5,0,[]
COMPAS,shift_age_1.0,816,5010816,V6,0,[]
COMPAS,shift_age_1.0,816,5010816,V5,0,[]
COMPAS,shift_age_1.0,817,5010817,V6,0,[]
COMPAS,shift_age_1.0,817,5010817,V5,0,[]
COMPAS,shift_age_1.0,818,5010818,V6,0,[]
COMPAS,shift_age_1.0,818,5010818,V5,0,[]
COMPAS,shift_age_1.0,819,5010819,V6,0,[]
COMPAS,shift_age_1.0,819,5010819,V5,0,[]
COMPAS,shift_age_1.0,820,5010820,V6,0,[]
COMPAS,shift_age_1.0,820,5010820,V5,0,[]
COMPAS,shift_age_1.0,821,5010821,V6,0,[]
COMPAS,shift_age_1.0,821,5010821,V5,0,[]
COMPAS,shift_age_1.0,822,5010822,V6,0,[]
COMPAS,shift_age_1.0,822,5010822,V5,0,[]
COMPAS,shift_age_1.0,823,5010823,V6,0,[]
COMPAS,shift_age_1.0,823,5010823,V5,0,[]
COMPAS,shift_age_1.0,824,5010824,V6,0,[]
COMPAS,shift_age_1.0,824,5010824,V5,0,[]
COMPAS,shift_age_1.0,825,5010825,V6,0,[]
COMPAS,shift_age_1.0,825,5010825,V5,0,[]
COMPAS,shift_age_1.0,826,5010826,V6,0,[]
COMPAS,shift_age_1.0,826,5010826,V5,0,[]
COMPAS,shift_age_1.0,827,5010827,V6,0,[]
COMPAS,shift_age_1.0,827,5010827,V5,0,[]
COMPAS,shift_age_1.0,828,5010828,V6,1,"[[""age"", ""age_cat""]]"
COMPAS,shift_age_1.0,828,5010828,V5,1,"[[""age"", ""age_cat""]]"
COMPAS,shift_age_1.0,829,5010829,V6,0,[]
COMPAS,shift_age_1.0,829,5010829,V5,0,[]
COMPAS,shift_age_1.0,830,5010830,V6,0,[]
COMPAS,shift_age_1.0,830,5010830,V5,0,[]
COMPAS,shift_age_1.0,831,5010831,V6,0,[]
COMPAS,shift_age_1.0,831,5010831,V5,0,[]
COMPAS,shift_age_1.0,832,5010832,V6,0,[]
COMPAS,shift_age_1.0,832,5010832,V5,0,[]
COMPAS,shift_age_1.0,833,5010833,V6,0,[]
COMPAS,shift_age_1.0,833,5010833,V5,0,[]
COMPAS,shift_age_1.0,834,5010834,V6,0,[]
COMPAS,shift_age_1.0,834,5010834,V5,0,[]
COMPAS,shift_age_1.0,835,5010835,V6,0,[]
COMPAS,shift_age_1.0,835,5010835,V5,0,[]
COMPAS,shift_age_1.0,836,5010836,V6,0,[]
COMPAS,shift_age_1.0,836,5010836,V5,0,[]
COMPAS,shift_age_1.0,837,5010837,V6,0,[]
COMPAS,shift_age_1.0,837,5010837,V5,0,[]
COMPAS,shift_age_1.0,838,5010838,V6,0,[]
COMPAS,shift_age_1.0,838,5010838,V5,0,[]
COMPAS,shift_age_1.0,839,5010839,V6,0,[]
COMPAS,shift_age_1.0,839,5010839,V5,0,[]
COMPAS,shift_age_1.0,840,5010840,V6,0,[]
COMPAS,shift_age_1.0,840,5010840,V5,0,[]
COMPAS,shift_age_1.0,841,5010841,V6,0,[]
COMPAS,shift_age_1.0,841,5010841,V5,0,[]
COMPAS,shift_age_1.0,842,5010842,V6,0,[]
COMPAS,shift_age_1.0,842,5010842,V5,0,[]
COMPAS,shift_age_1.0,843,5010843,V6,0,[]
COMPAS,shift_age_1.0,843,5010843,V5,0,[]
COMPAS,shift_age_1.0,844,5010844,V6,0,[]
COMPAS,shift_age_1.0,844,5010844,V5,0,[]
COMPAS,shift_age_1.0,845,5010845,V6,0,[]
COMPAS,shift_age_1.0,845,5010845,V5,0,[]
COMPAS,shift_age_1.0,846,5010846,V6,0,[]
COMPAS,shift_age_1.0,846,5010846,V5,0,[]
COMPAS,shift_age_1.0,847,5010847,V6,0,[]
COMPAS,shift_age_1.0,847,5010847,V5,0,[]
COMPAS,shift_age_1.0,848,5010848,V6,1,"[[""age"", ""age_cat""]]"
COMPAS,shift_age_1.0,848,5010848,V5,0,[]
COMPAS,shift_age_1.0,849,5010849,V6,0,[]
COMPAS,shift_age_1.0,849,5010849,V5,0,[]
COMPAS,shift_age_1.0,850,5010850,V6,0,[]
COMPAS,shift_age_1.0,850,5010850,V5,0,[]
COMPAS,shift_age_1.0,851,5010851,V6,0,[]
COMPAS,shift_age_1.0,851,5010851,V5,0,[]
COMPAS,shift_age_1.0,852,5010852,V6,0,[]
COMPAS,shift_age_1.0,852,5010852,V5,0,[]
COMPAS,shift_age_1.0,853,5010853,V6,0,[]
COMPAS,shift_age_1.0,853,5010853,V5,0,[]
COMPAS,shift_age_1.0,854,5010854,V6,0,[]
COMPAS,shift_age_1.0,854,5010854,V5,0,[]
COMPAS,shift_age_1.0,855,5010855,V6,0,[]
COMPAS,shift_age_1.0,855,5010855,V5,0,[]
COMPAS,shift_age_1.0,856,5010856,V6,0,[]
COMPAS,shift_age_1.0,856,5010856,V5,0,[]
COMPAS,shift_age_1.0,857,5010857,V6,0,[]
COMPAS,shift_age_1.0,857,5010857,V5,0,[]
COMPAS,shift_age_1.0,858,5010858,V6,0,[]
COMPAS,shift_age_1.0,858,5010858,V5,0,[]
COMPAS,shift_age_1.0,859,5010859,V6,0,[]
COMPAS,shift_age_1.0,859,5010859,V5,0,[]
COMPAS,shift_age_1.0,860,5010860,V6,0,[]
COMPAS,shift_age_1.0,860,5010860,V5,0,[]
COMPAS,shift_age_1.0,861,5010861,V6,0,[]
COMPAS,shift_age_1.0,861,5010861,V5,0,[]
COMPAS,shift_age_1.0,862,5010862,V6,0,[]
COMPAS,shift_age_1.0,862,5010862,V5,0,[]
COMPAS,shift_age_1.0,863,5010863,V6,0,[]
COMPAS,shift_age_1.0,863,5010863,V5,0,[]
COMPAS,shift_age_1.0,864,5010864,V6,0,[]
COMPAS,shift_age_1.0,864,5010864,V5,0,[]
COMPAS,shift_age_1.0,865,5010865,V6,0,[]
COMPAS,shift_age_1.0,865,5010865,V5,0,[]
COMPAS,shift_age_1.0,866,5010866,V6,0,[]
COMPAS,shift_age_1.0,866,5010866,V5,0,[]
COMPAS,shift_age_1.0,867,5010867,V6,0,[]
COMPAS,shift_age_1.0,867,5010867,V5,0,[]
COMPAS,shift_age_1.0,868,5010868,V6,0,[]
COMPAS,shift_age_1.0,868,5010868,V5,0,[]
COMPAS,shift_age_1.0,869,5010869,V6,0,[]
COMPAS,shift_age_1.0,869,5010869,V5,0,[]
COMPAS,shift_age_1.0,870,5010870,V6,0,[]
COMPAS,shift_age_1.0,870,5010870,V5,0,[]
COMPAS,shift_age_1.0,871,5010871,V6,0,[]
COMPAS,shift_age_1.0,871,5010871,V5,0,[]
COMPAS,shift_age_1.0,872,5010872,V6,0,[]
COMPAS,shift_age_1.0,872,5010872,V5,0,[]
COMPAS,shift_age_1.0,873,5010873,V6,0,[]
COMPAS,shift_age_1.0,873,5010873,V5,0,[]
COMPAS,shift_age_1.0,874,5010874,V6,0,[]
COMPAS,shift_age_1.0,874,5010874,V5,0,[]
COMPAS,shift_age_1.0,875,5010875,V6,0,[]
COMPAS,shift_age_1.0,875,5010875,V5,0,[]
COMPAS,shift_age_1.0,876,5010876,V6,1,"[[""c_charge_degree""]]"
COMPAS,shift_age_1.0,876,5010876,V5,1,"[[""c_charge_degree""]]"
COMPAS,shift_age_1.0,877,5010877,V6,0,[]
COMPAS,shift_age_1.0,877,5010877,V5,0,[]
COMPAS,shift_age_1.0,878,5010878,V6,0,[]
COMPAS,shift_age_1.0,878,5010878,V5,0,[]
COMPAS,shift_age_1.0,879,5010879,V6,0,[]
COMPAS,shift_age_1.0,879,5010879,V5,0,[]
COMPAS,shift_age_1.0,880,5010880,V6,0,[]
COMPAS,shift_age_1.0,880,5010880,V5,0,[]
COMPAS,shift_age_1.0,881,5010881,V6,0,[]
COMPAS,shift_age_1.0,881,5010881,V5,0,[]
COMPAS,shift_age_1.0,882,5010882,V6,0,[]
COMPAS,shift_age_1.0,882,5010882,V5,0,[]
COMPAS,shift_age_1.0,883,5010883,V6,0,[]
COMPAS,shift_age_1.0,883,5010883,V5,0,[]
COMPAS,shift_age_1.0,884,5010884,V6,0,[]
COMPAS,shift_age_1.0,884,5010884,V5,0,[]
COMPAS,shift_age_1.0,885,5010885,V6,0,[]
COMPAS,shift_age_1.0,885,5010885,V5,0,[]
COMPAS,shift_age_1.0,886,5010886,V6,0,[]
COMPAS,shift_age_1.0,886,5010886,V5,0,[]
COMPAS,shift_age_1.0,887,5010887,V6,0,[]
COMPAS,shift_age_1.0,887,5010887,V5,0,[]
COMPAS,shift_age_1.0,888,5010888,V6,0,[]
COMPAS,shift_age_1.0,888,5010888,V5,0,[]
COMPAS,shift_age_1.0,889,5010889,V6,0,[]
COMPAS,shift_age_1.0,889,5010889,V5,0,[]
COMPAS,shift_age_1.0,890,5010890,V6,0,[]
COMPAS,shift_age_1.0,890,5010890,V5,0,[]
COMPAS,shift_age_1.0,891,5010891,V6,0,[]
COMPAS,shift_age_1.0,891,5010891,V5,0,[]
COMPAS,shift_age_1.0,892,5010892,V6,0,[]
COMPAS,shift_age_1.0,892,5010892,V5,0,[]
COMPAS,shift_age_1.0,893,5010893,V6,0,[]
COMPAS,shift_age_1.0,893,5010893,V5,0,[]
COMPAS,shift_age_1.0,894,5010894,V6,0,[]
COMPAS,shift_age_1.0,894,5010894,V5,0,[]
COMPAS,shift_age_1.0,895,5010895,V6,0,[]
COMPAS,shift_age_1.0,895,5010895,V5,0,[]
COMPAS,shift_age_1.0,896,5010896,V6,0,[]
COMPAS,shift_age_1.0,896,5010896,V5,0,[]
COMPAS,shift_age_1.0,897,5010897,V6,0,[]
COMPAS,shift_age_1.0,897,5010897,V5,0,[]
COMPAS,shift_age_1.0,898,5010898,V6,0,[]
COMPAS,shift_age_1.0,898,5010898,V5,0,[]
COMPAS,shift_age_1.0,899,5010899,V6,1,"[[""c_charge_degree""]]"
COMPAS,shift_age_1.0,899,5010899,V5,1,"[[""c_charge_degree""]]"
COMPAS,shift_age_1.0,900,5010900,V6,0,[]
COMPAS,shift_age_1.0,900,5010900,V5,0,[]
COMPAS,shift_age_1.0,901,5010901,V6,0,[]
COMPAS,shift_age_1.0,901,5010901,V5,0,[]
COMPAS,shift_age_1.0,902,5010902,V6,0,[]
COMPAS,shift_age_1.0,902,5010902,V5,0,[]
COMPAS,shift_age_1.0,903,5010903,V6,0,[]
COMPAS,shift_age_1.0,903,5010903,V5,0,[]
COMPAS,shift_age_1.0,904,5010904,V6,0,[]
COMPAS,shift_age_1.0,904,5010904,V5,0,[]
COMPAS,shift_age_1.0,905,5010905,V6,0,[]
COMPAS,shift_age_1.0,905,5010905,V5,0,[]
COMPAS,shift_age_1.0,906,5010906,V6,0,[]
COMPAS,shift_age_1.0,906,5010906,V5,0,[]
COMPAS,shift_age_1.0,907,5010907,V6,0,[]
COMPAS,shift_age_1.0,907,5010907,V5,0,[]
COMPAS,shift_age_1.0,908,5010908,V6,0,[]
COMPAS,shift_age_1.0,908,5010908,V5,0,[]
COMPAS,shift_age_1.0,909,5010909,V6,0,[]
COMPAS,shift_age_1.0,909,5010909,V5,0,[]
COMPAS,shift_age_1.0,910,5010910,V6,0,[]
COMPAS,shift_age_1.0,910,5010910,V5,0,[]
COMPAS,shift_age_1.0,911,5010911,V6,0,[]
COMPAS,shift_age_1.0,911,5010911,V5,0,[]
COMPAS,shift_age_1.0,912,5010912,V6,0,[]
COMPAS,shift_age_1.0,912,5010912,V5,0,[]
COMPAS,shift_age_1.0,913,5010913,V6,0,[]
COMPAS,shift_age_1.0,913,5010913,V5,0,[]
COMPAS,shift_age_1.0,914,5010914,V6,0,[]
COMPAS,shift_age_1.0,914,5010914,V5,0,[]
COMPAS,shift_age_1.0,915,5010915,V6,0,[]
COMPAS,shift_age_1.0,915,5010915,V5,0,[]
COMPAS,shift_age_1.0,916,5010916,V6,0,[]
COMPAS,shift_age_1.0,916,5010916,V5,0,[]
COMPAS,shift_age_1.0,917,5010917,V6,0,[]
COMPAS,shift_age_1.0,917,5010917,V5,0,[]
COMPAS,shift_age_1.0,918,5010918,V6,0,[]
COMPAS,shift_age_1.0,918,5010918,V5,0,[]
COMPAS,shift_age_1.0,919,5010919,V6,0,[]
COMPAS,shift_age_1.0,919,5010919,V5,0,[]
COMPAS,shift_age_1.0,920,5010920,V6,0,[]
COMPAS,shift_age_1.0,920,5010920,V5,0,[]
COMPAS,shift_age_1.0,921,5010921,V6,0,[]
COMPAS,shift_age_1.0,921,5010921,V5,0,[]
COMPAS,shift_age_1.0,922,5010922,V6,0,[]
COMPAS,shift_age_1.0,922,5010922,V5,0,[]
COMPAS,shift_age_1.0,923,5010923,V6,0,[]
COMPAS,shift_age_1.0,923,5010923,V5,0,[]
COMPAS,shift_age_1.0,924,5010924,V6,0,[]
COMPAS,shift_age_1.0,924,5010924,V5,0,[]
COMPAS,shift_age_1.0,925,5010925,V6,0,[]
COMPAS,shift_age_1.0,925,5010925,V5,0,[]
COMPAS,shift_age_1.0,926,5010926,V6,0,[]
COMPAS,shift_age_1.0,926,5010926,V5,0,[]
COMPAS,shift_age_1.0,927,5010927,V6,0,[]
COMPAS,shift_age_1.0,927,5010927,V5,0,[]
COMPAS,shift_age_1.0,928,5010928,V6,0,[]
COMPAS,shift_age_1.0,928,5010928,V5,0,[]
COMPAS,shift_age_1.0,929,5010929,V6,0,[]
COMPAS,shift_age_1.0,929,5010929,V5,0,[]
COMPAS,shift_age_1.0,930,5010930,V6,0,[]
COMPAS,shift_age_1.0,930,5010930,V5,0,[]
COMPAS,shift_age_1.0,931,5010931,V6,0,[]
COMPAS,shift_age_1.0,931,5010931,V5,0,[]
COMPAS,shift_age_1.0,932,5010932,V6,0,[]
COMPAS,shift_age_1.0,932,5010932,V5,0,[]
COMPAS,shift_age_1.0,933,5010933,V6,0,[]
COMPAS,shift_age_1.0,933,5010933,V5,0,[]
COMPAS,shift_age_1.0,934,5010934,V6,0,[]
COMPAS,shift_age_1.0,934,5010934,V5,0,[]
COMPAS,shift_age_1.0,935,5010935,V6,0,[]
COMPAS,shift_age_1.0,935,5010935,V5,0,[]
COMPAS,shift_age_1.0,936,5010936,V6,0,[]
COMPAS,shift_age_1.0,936,5010936,V5,0,[]
COMPAS,shift_age_1.0,937,5010937,V6,0,[]
COMPAS,shift_age_1.0,937,5010937,V5,0,[]
COMPAS,shift_age_1.0,938,5010938,V6,0,[]
COMPAS,shift_age_1.0,938,5010938,V5,0,[]
COMPAS,shift_age_1.0,939,5010939,V6,0,[]
COMPAS,shift_age_1.0,939,5010939,V5,0,[]
COMPAS,shift_age_1.0,940,5010940,V6,0,[]
COMPAS,shift_age_1.0,940,5010940,V5,0,[]
COMPAS,shift_age_1.0,941,5010941,V6,0,[]
COMPAS,shift_age_1.0,941,5010941,V5,0,[]
COMPAS,shift_age_1.0,942,5010942,V6,0,[]
COMPAS,shift_age_1.0,942,5010942,V5,0,[]
COMPAS,shift_age_1.0,943,5010943,V6,0,[]
COMPAS,shift_age_1.0,943,5010943,V5,0,[]
COMPAS,shift_age_1.0,944,5010944,V6,0,[]
COMPAS,shift_age_1.0,944,5010944,V5,0,[]
COMPAS,shift_age_1.0,945,5010945,V6,0,[]
COMPAS,shift_age_1.0,945,5010945,V5,0,[]
COMPAS,shift_age_1.0,946,5010946,V6,0,[]
COMPAS,shift_age_1.0,946,5010946,V5,0,[]
COMPAS,shift_age_1.0,947,5010947,V6,0,[]
COMPAS,shift_age_1.0,947,5010947,V5,0,[]
COMPAS,shift_age_1.0,948,5010948,V6,0,[]
COMPAS,shift_age_1.0,948,5010948,V5,0,[]
COMPAS,shift_age_1.0,949,5010949,V6,0,[]
COMPAS,shift_age_1.0,949,5010949,V5,0,[]
COMPAS,shift_age_1.0,950,5010950,V6,0,[]
COMPAS,shift_age_1.0,950,5010950,V5,0,[]
COMPAS,shift_age_1.0,951,5010951,V6,0,[]
COMPAS,shift_age_1.0,951,5010951,V5,0,[]
COMPAS,shift_age_1.0,952,5010952,V6,0,[]
COMPAS,shift_age_1.0,952,5010952,V5,0,[]
COMPAS,shift_age_1.0,953,5010953,V6,0,[]
COMPAS,shift_age_1.0,953,5010953,V5,0,[]
COMPAS,shift_age_1.0,954,5010954,V6,0,[]
COMPAS,shift_age_1.0,954,5010954,V5,0,[]
COMPAS,shift_age_1.0,955,5010955,V6,0,[]
COMPAS,shift_age_1.0,955,5010955,V5,0,[]
COMPAS,shift_age_1.0,956,5010956,V6,0,[]
COMPAS,shift_age_1.0,956,5010956,V5,0,[]
COMPAS,shift_age_1.0,957,5010957,V6,0,[]
COMPAS,shift_age_1.0,957,5010957,V5,0,[]
COMPAS,shift_age_1.0,958,5010958,V6,0,[]
COMPAS,shift_age_1.0,958,5010958,V5,0,[]
COMPAS,shift_age_1.0,959,5010959,V6,0,[]
COMPAS,shift_age_1.0,959,5010959,V5,0,[]
COMPAS,shift_age_1.0,960,5010960,V6,0,[]
COMPAS,shift_age_1.0,960,5010960,V5,0,[]
COMPAS,shift_age_1.0,961,5010961,V6,0,[]
COMPAS,shift_age_1.0,961,5010961,V5,0,[]
COMPAS,shift_age_1.0,962,5010962,V6,0,[]
COMPAS,shift_age_1.0,962,5010962,V5,0,[]
COMPAS,shift_age_1.0,963,5010963,V6,0,[]
COMPAS,shift_age_1.0,963,5010963,V5,0,[]
COMPAS,shift_age_1.0,964,5010964,V6,0,[]
COMPAS,shift_age_1.0,964,5010964,V5,0,[]
COMPAS,shift_age_1.0,965,5010965,V6,0,[]
COMPAS,shift_age_1.0,965,5010965,V5,0,[]
COMPAS,shift_age_1.0,966,5010966,V6,0,[]
COMPAS,shift_age_1.0,966,5010966,V5,0,[]
COMPAS,shift_age_1.0,967,5010967,V6,0,[]
COMPAS,shift_age_1.0,967,5010967,V5,0,[]
COMPAS,shift_age_1.0,968,5010968,V6,0,[]
COMPAS,shift_age_1.0,968,5010968,V5,0,[]
COMPAS,shift_age_1.0,969,5010969,V6,0,[]
COMPAS,shift_age_1.0,969,5010969,V5,0,[]
COMPAS,shift_age_1.0,970,5010970,V6,0,[]
COMPAS,shift_age_1.0,970,5010970,V5,0,[]
COMPAS,shift_age_1.0,971,5010971,V6,0,[]
COMPAS,shift_age_1.0,971,5010971,V5,0,[]
COMPAS,shift_age_1.0,972,5010972,V6,0,[]
COMPAS,shift_age_1.0,972,5010972,V5,0,[]
COMPAS,shift_age_1.0,973,5010973,V6,0,[]
COMPAS,shift_age_1.0,973,5010973,V5,0,[]
COMPAS,shift_age_1.0,974,5010974,V6,0,[]
COMPAS,shift_age_1.0,974,5010974,V5,0,[]
COMPAS,shift_age_1.0,975,5010975,V6,0,[]
COMPAS,shift_age_1.0,975,5010975,V5,0,[]
COMPAS,shift_age_1.0,976,5010976,V6,0,[]
COMPAS,shift_age_1.0,976,5010976,V5,0,[]
COMPAS,shift_age_1.0,977,5010977,V6,0,[]
COMPAS,shift_age_1.0,977,5010977,V5,0,[]
COMPAS,shift_age_1.0,978,5010978,V6,0,[]
COMPAS,shift_age_1.0,978,5010978,V5,0,[]
COMPAS,shift_age_1.0,979,5010979,V6,0,[]
COMPAS,shift_age_1.0,979,5010979,V5,0,[]
COMPAS,shift_age_1.0,980,5010980,V6,0,[]
COMPAS,shift_age_1.0,980,5010980,V5,0,[]
COMPAS,shift_age_1.0,981,5010981,V6,0,[]
COMPAS,shift_age_1.0,981,5010981,V5,0,[]
COMPAS,shift_age_1.0,982,5010982,V6,0,[]
COMPAS,shift_age_1.0,982,5010982,V5,0,[]
COMPAS,shift_age_1.0,983,5010983,V6,0,[]
COMPAS,shift_age_1.0,983,5010983,V5,0,[]
COMPAS,shift_age_1.0,984,5010984,V6,0,[]
COMPAS,shift_age_1.0,984,5010984,V5,0,[]
COMPAS,shift_age_1.0,985,5010985,V6,0,[]
COMPAS,shift_age_1.0,985,5010985,V5,0,[]
COMPAS,shift_age_1.0,986,5010986,V6,0,[]
COMPAS,shift_age_1.0,986,5010986,V5,0,[]
COMPAS,shift_age_1.0,987,5010987,V6,0,[]
COMPAS,shift_age_1.0,987,5010987,V5,0,[]
COMPAS,shift_age_1.0,988,5010988,V6,0,[]
COMPAS,shift_age_1.0,988,5010988,V5,0,[]
COMPAS,shift_age_1.0,989,5010989,V6,0,[]
COMPAS,shift_age_1.0,989,5010989,V5,0,[]
COMPAS,shift_age_1.0,990,5010990,V6,0,[]
COMPAS,shift_age_1.0,990,5010990,V5,0,[]
COMPAS,shift_age_1.0,991,5010991,V6,0,[]
COMPAS,shift_age_1.0,991,5010991,V5,0,[]
COMPAS,shift_age_1.0,992,5010992,V6,0,[]
COMPAS,shift_age_1.0,992,5010992,V5,0,[]
COMPAS,shift_age_1.0,993,5010993,V6,0,[]
COMPAS,shift_age_1.0,993,5010993,V5,0,[]
COMPAS,shift_age_1.0,994,5010994,V6,0,[]
COMPAS,shift_age_1.0,994,5010994,V5,0,[]
COMPAS,shift_age_1.0,995,5010995,V6,0,[]
COMPAS,shift_age_1.0,995,5010995,V5,0,[]
COMPAS,shift_age_1.0,996,5010996,V6,0,[]
COMPAS,shift_age_1.0,996,5010996,V5,0,[]
COMPAS,shift_age_1.0,997,5010997,V6,0,[]
COMPAS,shift_age_1.0,997,5010997,V5,0,[]
COMPAS,shift_age_1.0,998,5010998,V6,0,[]
COMPAS,shift_age_1.0,998,5010998,V5,0,[]
COMPAS,shift_age_1.0,999,5010999,V6,0,[]
COMPAS,shift_age_1.0,999,5010999,V5,0,[]
COMPAS,shift_age_1.5,0,5020000,V6,0,[]
COMPAS,shift_age_1.5,0,5020000,V5,0,[]
COMPAS,shift_age_1.5,1,5020001,V6,0,[]
COMPAS,shift_age_1.5,1,5020001,V5,0,[]
COMPAS,shift_age_1.5,2,5020002,V6,0,[]
COMPAS,shift_age_1.5,2,5020002,V5,0,[]
COMPAS,shift_age_1.5,3,5020003,V6,0,[]
COMPAS,shift_age_1.5,3,5020003,V5,0,[]
COMPAS,shift_age_1.5,4,5020004,V6,0,[]
COMPAS,shift_age_1.5,4,5020004,V5,0,[]
COMPAS,shift_age_1.5,5,5020005,V6,0,[]
COMPAS,shift_age_1.5,5,5020005,V5,0,[]
COMPAS,shift_age_1.5,6,5020006,V6,0,[]
COMPAS,shift_age_1.5,6,5020006,V5,0,[]
COMPAS,shift_age_1.5,7,5020007,V6,0,[]
COMPAS,shift_age_1.5,7,5020007,V5,0,[]
COMPAS,shift_age_1.5,8,5020008,V6,0,[]
COMPAS,shift_age_1.5,8,5020008,V5,0,[]
COMPAS,shift_age_1.5,9,5020009,V6,0,[]
COMPAS,shift_age_1.5,9,5020009,V5,0,[]
COMPAS,shift_age_1.5,10,5020010,V6,0,[]
COMPAS,shift_age_1.5,10,5020010,V5,0,[]
COMPAS,shift_age_1.5,11,5020011,V6,0,[]
COMPAS,shift_age_1.5,11,5020011,V5,0,[]
COMPAS,shift_age_1.5,12,5020012,V6,0,[]
COMPAS,shift_age_1.5,12,5020012,V5,0,[]
COMPAS,shift_age_1.5,13,5020013,V6,0,[]
COMPAS,shift_age_1.5,13,5020013,V5,0,[]
COMPAS,shift_age_1.5,14,5020014,V6,0,[]
COMPAS,shift_age_1.5,14,5020014,V5,0,[]
COMPAS,shift_age_1.5,15,5020015,V6,0,[]
COMPAS,shift_age_1.5,15,5020015,V5,0,[]
COMPAS,shift_age_1.5,16,5020016,V6,0,[]
COMPAS,shift_age_1.5,16,5020016,V5,0,[]
COMPAS,shift_age_1.5,17,5020017,V6,0,[]
COMPAS,shift_age_1.5,17,5020017,V5,0,[]
COMPAS,shift_age_1.5,18,5020018,V6,0,[]
COMPAS,shift_age_1.5,18,5020018,V5,0,[]
COMPAS,shift_age_1.5,19,5020019,V6,0,[]
COMPAS,shift_age_1.5,19,5020019,V5,0,[]
COMPAS,shift_age_1.5,20,5020020,V6,0,[]
COMPAS,shift_age_1.5,20,5020020,V5,0,[]
COMPAS,shift_age_1.5,21,5020021,V6,0,[]
COMPAS,shift_age_1.5,21,5020021,V5,0,[]
COMPAS,shift_age_1.5,22,5020022,V6,0,[]
COMPAS,shift_age_1.5,22,5020022,V5,0,[]
COMPAS,shift_age_1.5,23,5020023,V6,0,[]
COMPAS,shift_age_1.5,23,5020023,V5,0,[]
COMPAS,shift_age_1.5,24,5020024,V6,0,[]
COMPAS,shift_age_1.5,24,5020024,V5,0,[]
COMPAS,shift_age_1.5,25,5020025,V6,0,[]
COMPAS,shift_age_1.5,25,5020025,V5,0,[]
COMPAS,shift_age_1.5,26,5020026,V6,0,[]
COMPAS,shift_age_1.5,26,5020026,V5,0,[]
COMPAS,shift_age_1.5,27,5020027,V6,0,[]
COMPAS,shift_age_1.5,27,5020027,V5,0,[]
COMPAS,shift_age_1.5,28,5020028,V6,0,[]
COMPAS,shift_age_1.5,28,5020028,V5,0,[]
COMPAS,shift_age_1.5,29,5020029,V6,0,[]
COMPAS,shift_age_1.5,29,5020029,V5,0,[]
COMPAS,shift_age_1.5,30,5020030,V6,0,[]
COMPAS,shift_age_1.5,30,5020030,V5,0,[]
COMPAS,shift_age_1.5,31,5020031,V6,0,[]
COMPAS,shift_age_1.5,31,5020031,V5,0,[]
COMPAS,shift_age_1.5,32,5020032,V6,0,[]
COMPAS,shift_age_1.5,32,5020032,V5,0,[]
COMPAS,shift_age_1.5,33,5020033,V6,0,[]
COMPAS,shift_age_1.5,33,5020033,V5,0,[]
COMPAS,shift_age_1.5,34,5020034,V6,0,[]
COMPAS,shift_age_1.5,34,5020034,V5,0,[]
COMPAS,shift_age_1.5,35,5020035,V6,0,[]
COMPAS,shift_age_1.5,35,5020035,V5,0,[]
COMPAS,shift_age_1.5,36,5020036,V6,0,[]
COMPAS,shift_age_1.5,36,5020036,V5,0,[]
COMPAS,shift_age_1.5,37,5020037,V6,0,[]
COMPAS,shift_age_1.5,37,5020037,V5,0,[]
COMPAS,shift_age_1.5,38,5020038,V6,0,[]
COMPAS,shift_age_1.5,38,5020038,V5,0,[]
COMPAS,shift_age_1.5,39,5020039,V6,0,[]
COMPAS,shift_age_1.5,39,5020039,V5,0,[]
COMPAS,shift_age_1.5,40,5020040,V6,0,[]
COMPAS,shift_age_1.5,40,5020040,V5,0,[]
COMPAS,shift_age_1.5,41,5020041,V6,1,"[[""race""]]"
COMPAS,shift_age_1.5,41,5020041,V5,0,[]
COMPAS,shift_age_1.5,42,5020042,V6,0,[]
COMPAS,shift_age_1.5,42,5020042,V5,1,"[[""age"", ""age_cat""]]"
COMPAS,shift_age_1.5,43,5020043,V6,1,"[[""priors_count""]]"
COMPAS,shift_age_1.5,43,5020043,V5,1,"[[""priors_count""]]"
COMPAS,shift_age_1.5,44,5020044,V6,0,[]
COMPAS,shift_age_1.5,44,5020044,V5,0,[]
COMPAS,shift_age_1.5,45,5020045,V6,0,[]
COMPAS,shift_age_1.5,45,5020045,V5,0,[]
COMPAS,shift_age_1.5,46,5020046,V6,0,[]
COMPAS,shift_age_1.5,46,5020046,V5,0,[]
COMPAS,shift_age_1.5,47,5020047,V6,0,[]
COMPAS,shift_age_1.5,47,5020047,V5,0,[]
COMPAS,shift_age_1.5,48,5020048,V6,0,[]
COMPAS,shift_age_1.5,48,5020048,V5,0,[]
COMPAS,shift_age_1.5,49,5020049,V6,0,[]
COMPAS,shift_age_1.5,49,5020049,V5,0,[]
COMPAS,shift_age_1.5,50,5020050,V6,0,[]
COMPAS,shift_age_1.5,50,5020050,V5,0,[]
COMPAS,shift_age_1.5,51,5020051,V6,0,[]
COMPAS,shift_age_1.5,51,5020051,V5,0,[]
COMPAS,shift_age_1.5,52,5020052,V6,0,[]
COMPAS,shift_age_1.5,52,5020052,V5,0,[]
COMPAS,shift_age_1.5,53,5020053,V6,0,[]
COMPAS,shift_age_1.5,53,5020053,V5,0,[]
COMPAS,shift_age_1.5,54,5020054,V6,0,[]
COMPAS,shift_age_1.5,54,5020054,V5,0,[]
COMPAS,shift_age_1.5,55,5020055,V6,0,[]
COMPAS,shift_age_1.5,55,5020055,V5,0,[]
COMPAS,shift_age_1.5,56,5020056,V6,0,[]
COMPAS,shift_age_1.5,56,5020056,V5,0,[]
COMPAS,shift_age_1.5,57,5020057,V6,0,[]
COMPAS,shift_age_1.5,57,5020057,V5,0,[]
COMPAS,shift_age_1.5,58,5020058,V6,1,"[[""juv_misd_count""]]"
COMPAS,shift_age_1.5,58,5020058,V5,0,[]
COMPAS,shift_age_1.5,59,5020059,V6,0,[]
COMPAS,shift_age_1.5,59,5020059,V5,0,[]
COMPAS,shift_age_1.5,60,5020060,V6,0,[]
COMPAS,shift_age_1.5,60,5020060,V5,0,[]
COMPAS,shift_age_1.5,61,5020061,V6,0,[]
COMPAS,shift_age_1.5,61,5020061,V5,0,[]
COMPAS,shift_age_1.5,62,5020062,V6,0,[]
COMPAS,shift_age_1.5,62,5020062,V5,0,[]
COMPAS,shift_age_1.5,63,5020063,V6,0,[]
COMPAS,shift_age_1.5,63,5020063,V5,0,[]
COMPAS,shift_age_1.5,64,5020064,V6,0,[]
COMPAS,shift_age_1.5,64,5020064,V5,0,[]
COMPAS,shift_age_1.5,65,5020065,V6,0,[]
COMPAS,shift_age_1.5,65,5020065,V5,0,[]
COMPAS,shift_age_1.5,66,5020066,V6,0,[]
COMPAS,shift_age_1.5,66,5020066,V5,0,[]
COMPAS,shift_age_1.5,67,5020067,V6,0,[]
COMPAS,shift_age_1.5,67,5020067,V5,0,[]
COMPAS,shift_age_1.5,68,5020068,V6,1,"[[""c_charge_degree""]]"
COMPAS,shift_age_1.5,68,5020068,V5,0,[]
COMPAS,shift_age_1.5,69,5020069,V6,0,[]
COMPAS,shift_age_1.5,69,5020069,V5,0,[]
COMPAS,shift_age_1.5,70,5020070,V6,0,[]
COMPAS,shift_age_1.5,70,5020070,V5,0,[]
COMPAS,shift_age_1.5,71,5020071,V6,0,[]
COMPAS,shift_age_1.5,71,5020071,V5,0,[]
COMPAS,shift_age_1.5,72,5020072,V6,0,[]
COMPAS,shift_age_1.5,72,5020072,V5,0,[]
COMPAS,shift_age_1.5,73,5020073,V6,0,[]
COMPAS,shift_age_1.5,73,5020073,V5,0,[]
COMPAS,shift_age_1.5,74,5020074,V6,0,[]
COMPAS,shift_age_1.5,74,5020074,V5,0,[]
COMPAS,shift_age_1.5,75,5020075,V6,0,[]
COMPAS,shift_age_1.5,75,5020075,V5,0,[]
COMPAS,shift_age_1.5,76,5020076,V6,1,"[[""sex""]]"
COMPAS,shift_age_1.5,76,5020076,V5,1,"[[""sex""]]"
COMPAS,shift_age_1.5,77,5020077,V6,0,[]
COMPAS,shift_age_1.5,77,5020077,V5,0,[]
COMPAS,shift_age_1.5,78,5020078,V6,0,[]
COMPAS,shift_age_1.5,78,5020078,V5,0,[]
COMPAS,shift_age_1.5,79,5020079,V6,0,[]
COMPAS,shift_age_1.5,79,5020079,V5,0,[]
COMPAS,shift_age_1.5,80,5020080,V6,0,[]
COMPAS,shift_age_1.5,80,5020080,V5,0,[]
COMPAS,shift_age_1.5,81,5020081,V6,0,[]
COMPAS,shift_age_1.5,81,5020081,V5,0,[]
COMPAS,shift_age_1.5,82,5020082,V6,0,[]
COMPAS,shift_age_1.5,82,5020082,V5,0,[]
COMPAS,shift_age_1.5,83,5020083,V6,0,[]
COMPAS,shift_age_1.5,83,5020083,V5,0,[]
COMPAS,shift_age_1.5,84,5020084,V6,0,[]
COMPAS,shift_age_1.5,84,5020084,V5,0,[]
COMPAS,shift_age_1.5,85,5020085,V6,0,[]
COMPAS,shift_age_1.5,85,5020085,V5,0,[]
COMPAS,shift_age_1.5,86,5020086,V6,0,[]
COMPAS,shift_age_1.5,86,5020086,V5,0,[]
COMPAS,shift_age_1.5,87,5020087,V6,0,[]
COMPAS,shift_age_1.5,87,5020087,V5,0,[]
COMPAS,shift_age_1.5,88,5020088,V6,0,[]
COMPAS,shift_age_1.5,88,5020088,V5,0,[]
COMPAS,shift_age_1.5,89,5020089,V6,0,[]
COMPAS,shift_age_1.5,89,5020089,V5,0,[]
COMPAS,shift_age_1.5,90,5020090,V6,0,[]
COMPAS,shift_age_1.5,90,5020090,V5,0,[]
COMPAS,shift_age_1.5,91,5020091,V6,0,[]
COMPAS,shift_age_1.5,91,5020091,V5,0,[]
COMPAS,shift_age_1.5,92,5020092,V6,0,[]
COMPAS,shift_age_1.5,92,5020092,V5,0,[]
COMPAS,shift_age_1.5,93,5020093,V6,0,[]
COMPAS,shift_age_1.5,93,5020093,V5,0,[]
COMPAS,shift_age_1.5,94,5020094,V6,0,[]
COMPAS,shift_age_1.5,94,5020094,V5,0,[]
COMPAS,shift_age_1.5,95,5020095,V6,0,[]
COMPAS,shift_age_1.5,95,5020095,V5,0,[]
COMPAS,shift_age_1.5,96,5020096,V6,0,[]
COMPAS,shift_age_1.5,96,5020096,V5,0,[]
COMPAS,shift_age_1.5,97,5020097,V6,0,[]
COMPAS,shift_age_1.5,97,5020097,V5,0,[]
COMPAS,shift_age_1.5,98,5020098,V6,0,[]
COMPAS,shift_age_1.5,98,5020098,V5,0,[]
COMPAS,shift_age_1.5,99,5020099,V6,0,[]
COMPAS,shift_age_1.5,99,5020099,V5,0,[]
COMPAS,shift_age_1.5,100,5020100,V6,0,[]
COMPAS,shift_age_1.5,100,5020100,V5,0,[]
COMPAS,shift_age_1.5,101,5020101,V6,0,[]
COMPAS,shift_age_1.5,101,5020101,V5,0,[]
COMPAS,shift_age_1.5,102,5020102,V6,0,[]
COMPAS,shift_age_1.5,102,5020102,V5,0,[]
COMPAS,shift_age_1.5,103,5020103,V6,0,[]
COMPAS,shift_age_1.5,103,5020103,V5,0,[]
COMPAS,shift_age_1.5,104,5020104,V6,0,[]
COMPAS,shift_age_1.5,104,5020104,V5,0,[]
COMPAS,shift_age_1.5,105,5020105,V6,0,[]
COMPAS,shift_age_1.5,105,5020105,V5,0,[]
COMPAS,shift_age_1.5,106,5020106,V6,0,[]
COMPAS,shift_age_1.5,106,5020106,V5,0,[]
COMPAS,shift_age_1.5,107,5020107,V6,0,[]
COMPAS,shift_age_1.5,107,5020107,V5,0,[]
COMPAS,shift_age_1.5,108,5020108,V6,0,[]
COMPAS,shift_age_1.5,108,5020108,V5,0,[]
COMPAS,shift_age_1.5,109,5020109,V6,0,[]
COMPAS,shift_age_1.5,109,5020109,V5,0,[]
COMPAS,shift_age_1.5,110,5020110,V6,0,[]
COMPAS,shift_age_1.5,110,5020110,V5,0,[]
COMPAS,shift_age_1.5,111,5020111,V6,0,[]
COMPAS,shift_age_1.5,111,5020111,V5,0,[]
COMPAS,shift_age_1.5,112,5020112,V6,0,[]
COMPAS,shift_age_1.5,112,5020112,V5,0,[]
COMPAS,shift_age_1.5,113,5020113,V6,0,[]
COMPAS,shift_age_1.5,113,5020113,V5,0,[]
COMPAS,shift_age_1.5,114,5020114,V6,0,[]
COMPAS,shift_age_1.5,114,5020114,V5,0,[]
COMPAS,shift_age_1.5,115,5020115,V6,0,[]
COMPAS,shift_age_1.5,115,5020115,V5,0,[]
COMPAS,shift_age_1.5,116,5020116,V6,0,[]
COMPAS,shift_age_1.5,116,5020116,V5,0,[]
COMPAS,shift_age_1.5,117,5020117,V6,0,[]
COMPAS,shift_age_1.5,117,5020117,V5,0,[]
COMPAS,shift_age_1.5,118,5020118,V6,0,[]
COMPAS,shift_age_1.5,118,5020118,V5,0,[]
COMPAS,shift_age_1.5,119,5020119,V6,0,[]
COMPAS,shift_age_1.5,119,5020119,V5,0,[]
COMPAS,shift_age_1.5,120,5020120,V6,0,[]
COMPAS,shift_age_1.5,120,5020120,V5,0,[]
COMPAS,shift_age_1.5,121,5020121,V6,0,[]
COMPAS,shift_age_1.5,121,5020121,V5,0,[]
COMPAS,shift_age_1.5,122,5020122,V6,0,[]
COMPAS,shift_age_1.5,122,5020122,V5,0,[]
COMPAS,shift_age_1.5,123,5020123,V6,0,[]
COMPAS,shift_age_1.5,123,5020123,V5,0,[]
COMPAS,shift_age_1.5,124,5020124,V6,0,[]
COMPAS,shift_age_1.5,124,5020124,V5,0,[]
COMPAS,shift_age_1.5,125,5020125,V6,0,[]
COMPAS,shift_age_1.5,125,5020125,V5,0,[]
COMPAS,shift_age_1.5,126,5020126,V6,0,[]
COMPAS,shift_age_1.5,126,5020126,V5,0,[]
COMPAS,shift_age_1.5,127,5020127,V6,0,[]
COMPAS,shift_age_1.5,127,5020127,V5,0,[]
COMPAS,shift_age_1.5,128,5020128,V6,0,[]
COMPAS,shift_age_1.5,128,5020128,V5,0,[]
COMPAS,shift_age_1.5,129,5020129,V6,0,[]
COMPAS,shift_age_1.5,129,5020129,V5,0,[]
COMPAS,shift_age_1.5,130,5020130,V6,0,[]
COMPAS,shift_age_1.5,130,5020130,V5,0,[]
COMPAS,shift_age_1.5,131,5020131,V6,0,[]
COMPAS,shift_age_1.5,131,5020131,V5,0,[]
COMPAS,shift_age_1.5,132,5020132,V6,0,[]
COMPAS,shift_age_1.5,132,5020132,V5,0,[]
COMPAS,shift_age_1.5,133,5020133,V6,0,[]
COMPAS,shift_age_1.5,133,5020133,V5,0,[]
COMPAS,shift_age_1.5,134,5020134,V6,0,[]
COMPAS,shift_age_1.5,134,5020134,V5,0,[]
COMPAS,shift_age_1.5,135,5020135,V6,0,[]
COMPAS,shift_age_1.5,135,5020135,V5,0,[]
COMPAS,shift_age_1.5,136,5020136,V6,1,"[[""age"", ""age_cat""]]"
COMPAS,shift_age_1.5,136,5020136,V5,0,[]
COMPAS,shift_age_1.5,137,5020137,V6,0,[]
COMPAS,shift_age_1.5,137,5020137,V5,0,[]
COMPAS,shift_age_1.5,138,5020138,V6,0,[]
COMPAS,shift_age_1.5,138,5020138,V5,0,[]
COMPAS,shift_age_1.5,139,5020139,V6,0,[]
COMPAS,shift_age_1.5,139,5020139,V5,0,[]
COMPAS,shift_age_1.5,140,5020140,V6,0,[]
COMPAS,shift_age_1.5,140,5020140,V5,0,[]
COMPAS,shift_age_1.5,141,5020141,V6,0,[]
COMPAS,shift_age_1.5,141,5020141,V5,0,[]
COMPAS,shift_age_1.5,142,5020142,V6,0,[]
COMPAS,shift_age_1.5,142,5020142,V5,0,[]
COMPAS,shift_age_1.5,143,5020143,V6,0,[]
COMPAS,shift_age_1.5,143,5020143,V5,0,[]
COMPAS,shift_age_1.5,144,5020144,V6,0,[]
COMPAS,shift_age_1.5,144,5020144,V5,0,[]
COMPAS,shift_age_1.5,145,5020145,V6,0,[]
COMPAS,shift_age_1.5,145,5020145,V5,0,[]
COMPAS,shift_age_1.5,146,5020146,V6,0,[]
COMPAS,shift_age_1.5,146,5020146,V5,0,[]
COMPAS,shift_age_1.5,147,5020147,V6,0,[]
COMPAS,shift_age_1.5,147,5020147,V5,0,[]
COMPAS,shift_age_1.5,148,5020148,V6,0,[]
COMPAS,shift_age_1.5,148,5020148,V5,0,[]
COMPAS,shift_age_1.5,149,5020149,V6,0,[]
COMPAS,shift_age_1.5,149,5020149,V5,0,[]
COMPAS,shift_age_1.5,150,5020150,V6,0,[]
COMPAS,shift_age_1.5,150,5020150,V5,0,[]
COMPAS,shift_age_1.5,151,5020151,V6,0,[]
COMPAS,shift_age_1.5,151,5020151,V5,0,[]
COMPAS,shift_age_1.5,152,5020152,V6,0,[]
COMPAS,shift_age_1.5,152,5020152,V5,0,[]
COMPAS,shift_age_1.5,153,5020153,V6,0,[]
COMPAS,shift_age_1.5,153,5020153,V5,0,[]
COMPAS,shift_age_1.5,154,5020154,V6,0,[]
COMPAS,shift_age_1.5,154,5020154,V5,0,[]
COMPAS,shift_age_1.5,155,5020155,V6,0,[]
COMPAS,shift_age_1.5,155,5020155,V5,0,[]
COMPAS,shift_age_1.5,156,5020156,V6,0,[]
COMPAS,shift_age_1.5,156,5020156,V5,0,[]
COMPAS,shift_age_1.5,157,5020157,V6,0,[]
COMPAS,shift_age_1.5,157,5020157,V5,0,[]
COMPAS,shift_age_1.5,158,5020158,V6,0,[]
COMPAS,shift_age_1.5,158,5020158,V5,0,[]
COMPAS,shift_age_1.5,159,5020159,V6,0,[]
COMPAS,shift_age_1.5,159,5020159,V5,0,[]
COMPAS,shift_age_1.5,160,5020160,V6,0,[]
COMPAS,shift_age_1.5,160,5020160,V5,0,[]
COMPAS,shift_age_1.5,161,5020161,V6,0,[]
COMPAS,shift_age_1.5,161,5020161,V5,0,[]
COMPAS,shift_age_1.5,162,5020162,V6,0,[]
COMPAS,shift_age_1.5,162,5020162,V5,0,[]
COMPAS,shift_age_1.5,163,5020163,V6,0,[]
COMPAS,shift_age_1.5,163,5020163,V5,0,[]
COMPAS,shift_age_1.5,164,5020164,V6,0,[]
COMPAS,shift_age_1.5,164,5020164,V5,0,[]
COMPAS,shift_age_1.5,165,5020165,V6,0,[]
COMPAS,shift_age_1.5,165,5020165,V5,0,[]
COMPAS,shift_age_1.5,166,5020166,V6,0,[]
COMPAS,shift_age_1.5,166,5020166,V5,0,[]
COMPAS,shift_age_1.5,167,5020167,V6,0,[]
COMPAS,shift_age_1.5,167,5020167,V5,0,[]
COMPAS,shift_age_1.5,168,5020168,V6,0,[]
COMPAS,shift_age_1.5,168,5020168,V5,0,[]
COMPAS,shift_age_1.5,169,5020169,V6,0,[]
COMPAS,shift_age_1.5,169,5020169,V5,0,[]
COMPAS,shift_age_1.5,170,5020170,V6,0,[]
COMPAS,shift_age_1.5,170,5020170,V5,0,[]
COMPAS,shift_age_1.5,171,5020171,V6,0,[]
COMPAS,shift_age_1.5,171,5020171,V5,0,[]
COMPAS,shift_age_1.5,172,5020172,V6,0,[]
COMPAS,shift_age_1.5,172,5020172,V5,0,[]
COMPAS,shift_age_1.5,173,5020173,V6,0,[]
COMPAS,shift_age_1.5,173,5020173,V5,0,[]
COMPAS,shift_age_1.5,174,5020174,V6,0,[]
COMPAS,shift_age_1.5,174,5020174,V5,0,[]
COMPAS,shift_age_1.5,175,5020175,V6,0,[]
COMPAS,shift_age_1.5,175,5020175,V5,0,[]
COMPAS,shift_age_1.5,176,5020176,V6,0,[]
COMPAS,shift_age_1.5,176,5020176,V5,0,[]
COMPAS,shift_age_1.5,177,5020177,V6,0,[]
COMPAS,shift_age_1.5,177,5020177,V5,0,[]
COMPAS,shift_age_1.5,178,5020178,V6,0,[]
COMPAS,shift_age_1.5,178,5020178,V5,0,[]
COMPAS,shift_age_1.5,179,5020179,V6,0,[]
COMPAS,shift_age_1.5,179,5020179,V5,0,[]
COMPAS,shift_age_1.5,180,5020180,V6,0,[]
COMPAS,shift_age_1.5,180,5020180,V5,0,[]
COMPAS,shift_age_1.5,181,5020181,V6,0,[]
COMPAS,shift_age_1.5,181,5020181,V5,0,[]
COMPAS,shift_age_1.5,182,5020182,V6,0,[]
COMPAS,shift_age_1.5,182,5020182,V5,0,[]
COMPAS,shift_age_1.5,183,5020183,V6,0,[]
COMPAS,shift_age_1.5,183,5020183,V5,0,[]
COMPAS,shift_age_1.5,184,5020184,V6,0,[]
COMPAS,shift_age_1.5,184,5020184,V5,0,[]
COMPAS,shift_age_1.5,185,5020185,V6,0,[]
COMPAS,shift_age_1.5,185,5020185,V5,0,[]
COMPAS,shift_age_1.5,186,5020186,V6,0,[]
COMPAS,shift_age_1.5,186,5020186,V5,0,[]
COMPAS,shift_age_1.5,187,5020187,V6,0,[]
COMPAS,shift_age_1.5,187,5020187,V5,0,[]
COMPAS,shift_age_1.5,188,5020188,V6,0,[]
COMPAS,shift_age_1.5,188,5020188,V5,0,[]
COMPAS,shift_age_1.5,189,5020189,V6,0,[]
COMPAS,shift_age_1.5,189,5020189,V5,0,[]
COMPAS,shift_age_1.5,190,5020190,V6,0,[]
COMPAS,shift_age_1.5,190,5020190,V5,0,[]
COMPAS,shift_age_1.5,191,5020191,V6,0,[]
COMPAS,shift_age_1.5,191,5020191,V5,0,[]
COMPAS,shift_age_1.5,192,5020192,V6,0,[]
COMPAS,shift_age_1.5,192,5020192,V5,0,[]
COMPAS,shift_age_1.5,193,5020193,V6,0,[]
COMPAS,shift_age_1.5,193,5020193,V5,0,[]
COMPAS,shift_age_1.5,194,5020194,V6,0,[]
COMPAS,shift_age_1.5,194,5020194,V5,0,[]
COMPAS,shift_age_1.5,195,5020195,V6,0,[]
COMPAS,shift_age_1.5,195,5020195,V5,0,[]
COMPAS,shift_age_1.5,196,5020196,V6,0,[]
COMPAS,shift_age_1.5,196,5020196,V5,0,[]
COMPAS,shift_age_1.5,197,5020197,V6,0,[]
COMPAS,shift_age_1.5,197,5020197,V5,0,[]
COMPAS,shift_age_1.5,198,5020198,V6,0,[]
COMPAS,shift_age_1.5,198,5020198,V5,0,[]
COMPAS,shift_age_1.5,199,5020199,V6,0,[]
COMPAS,shift_age_1.5,199,5020199,V5,0,[]
COMPAS,shift_age_1.5,200,5020200,V6,0,[]
COMPAS,shift_age_1.5,200,5020200,V5,0,[]
COMPAS,shift_age_1.5,201,5020201,V6,0,[]
COMPAS,shift_age_1.5,201,5020201,V5,0,[]
COMPAS,shift_age_1.5,202,5020202,V6,0,[]
COMPAS,shift_age_1.5,202,5020202,V5,0,[]
COMPAS,shift_age_1.5,203,5020203,V6,0,[]
COMPAS,shift_age_1.5,203,5020203,V5,0,[]
COMPAS,shift_age_1.5,204,5020204,V6,0,[]
COMPAS,shift_age_1.5,204,5020204,V5,0,[]
COMPAS,shift_age_1.5,205,5020205,V6,0,[]
COMPAS,shift_age_1.5,205,5020205,V5,0,[]
COMPAS,shift_age_1.5,206,5020206,V6,0,[]
COMPAS,shift_age_1.5,206,5020206,V5,0,[]
COMPAS,shift_age_1.5,207,5020207,V6,0,[]
COMPAS,shift_age_1.5,207,5020207,V5,0,[]
COMPAS,shift_age_1.5,208,5020208,V6,0,[]
COMPAS,shift_age_1.5,208,5020208,V5,0,[]
COMPAS,shift_age_1.5,209,5020209,V6,0,[]
COMPAS,shift_age_1.5,209,5020209,V5,0,[]
COMPAS,shift_age_1.5,210,5020210,V6,0,[]
COMPAS,shift_age_1.5,210,5020210,V5,0,[]
COMPAS,shift_age_1.5,211,5020211,V6,0,[]
COMPAS,shift_age_1.5,211,5020211,V5,0,[]
COMPAS,shift_age_1.5,212,5020212,V6,0,[]
COMPAS,shift_age_1.5,212,5020212,V5,0,[]
COMPAS,shift_age_1.5,213,5020213,V6,0,[]
COMPAS,shift_age_1.5,213,5020213,V5,0,[]
COMPAS,shift_age_1.5,214,5020214,V6,0,[]
COMPAS,shift_age_1.5,214,5020214,V5,0,[]
COMPAS,shift_age_1.5,215,5020215,V6,0,[]
COMPAS,shift_age_1.5,215,5020215,V5,0,[]
COMPAS,shift_age_1.5,216,5020216,V6,0,[]
COMPAS,shift_age_1.5,216,5020216,V5,0,[]
COMPAS,shift_age_1.5,217,5020217,V6,0,[]
COMPAS,shift_age_1.5,217,5020217,V5,0,[]
COMPAS,shift_age_1.5,218,5020218,V6,0,[]
COMPAS,shift_age_1.5,218,5020218,V5,0,[]
COMPAS,shift_age_1.5,219,5020219,V6,0,[]
COMPAS,shift_age_1.5,219,5020219,V5,0,[]
COMPAS,shift_age_1.5,220,5020220,V6,0,[]
COMPAS,shift_age_1.5,220,5020220,V5,0,[]
COMPAS,shift_age_1.5,221,5020221,V6,1,"[[""juv_other_count""]]"
COMPAS,shift_age_1.5,221,5020221,V5,0,[]
COMPAS,shift_age_1.5,222,5020222,V6,0,[]
COMPAS,shift_age_1.5,222,5020222,V5,0,[]
COMPAS,shift_age_1.5,223,5020223,V6,0,[]
COMPAS,shift_age_1.5,223,5020223,V5,0,[]
COMPAS,shift_age_1.5,224,5020224,V6,0,[]
COMPAS,shift_age_1.5,224,5020224,V5,0,[]
COMPAS,shift_age_1.5,225,5020225,V6,0,[]
COMPAS,shift_age_1.5,225,5020225,V5,0,[]
COMPAS,shift_age_1.5,226,5020226,V6,0,[]
COMPAS,shift_age_1.5,226,5020226,V5,0,[]
COMPAS,shift_age_1.5,227,5020227,V6,0,[]
COMPAS,shift_age_1.5,227,5020227,V5,0,[]
COMPAS,shift_age_1.5,228,5020228,V6,0,[]
COMPAS,shift_age_1.5,228,5020228,V5,0,[]
COMPAS,shift_age_1.5,229,5020229,V6,0,[]
COMPAS,shift_age_1.5,229,5020229,V5,0,[]
COMPAS,shift_age_1.5,230,5020230,V6,0,[]
COMPAS,shift_age_1.5,230,5020230,V5,0,[]
COMPAS,shift_age_1.5,231,5020231,V6,0,[]
COMPAS,shift_age_1.5,231,5020231,V5,0,[]
COMPAS,shift_age_1.5,232,5020232,V6,0,[]
COMPAS,shift_age_1.5,232,5020232,V5,0,[]
COMPAS,shift_age_1.5,233,5020233,V6,0,[]
COMPAS,shift_age_1.5,233,5020233,V5,0,[]
COMPAS,shift_age_1.5,234,5020234,V6,0,[]
COMPAS,shift_age_1.5,234,5020234,V5,0,[]
COMPAS,shift_age_1.5,235,5020235,V6,0,[]
COMPAS,shift_age_1.5,235,5020235,V5,0,[]
COMPAS,shift_age_1.5,236,5020236,V6,0,[]
COMPAS,shift_age_1.5,236,5020236,V5,0,[]
COMPAS,shift_age_1.5,237,5020237,V6,0,[]
COMPAS,shift_age_1.5,237,5020237,V5,0,[]
COMPAS,shift_age_1.5,238,5020238,V6,0,[]
COMPAS,shift_age_1.5,238,5020238,V5,0,[]
COMPAS,shift_age_1.5,239,5020239,V6,0,[]
COMPAS,shift_age_1.5,239,5020239,V5,0,[]
COMPAS,shift_age_1.5,240,5020240,V6,0,[]
COMPAS,shift_age_1.5,240,5020240,V5,0,[]
COMPAS,shift_age_1.5,241,5020241,V6,0,[]
COMPAS,shift_age_1.5,241,5020241,V5,0,[]
COMPAS,shift_age_1.5,242,5020242,V6,0,[]
COMPAS,shift_age_1.5,242,5020242,V5,0,[]
COMPAS,shift_age_1.5,243,5020243,V6,0,[]
COMPAS,shift_age_1.5,243,5020243,V5,0,[]
COMPAS,shift_age_1.5,244,5020244,V6,0,[]
COMPAS,shift_age_1.5,244,5020244,V5,0,[]
COMPAS,shift_age_1.5,245,5020245,V6,0,[]
COMPAS,shift_age_1.5,245,5020245,V5,0,[]
COMPAS,shift_age_1.5,246,5020246,V6,0,[]
COMPAS,shift_age_1.5,246,5020246,V5,0,[]
COMPAS,shift_age_1.5,247,5020247,V6,0,[]
COMPAS,shift_age_1.5,247,5020247,V5,0,[]
COMPAS,shift_age_1.5,248,5020248,V6,0,[]
COMPAS,shift_age_1.5,248,5020248,V5,0,[]
COMPAS,shift_age_1.5,249,5020249,V6,0,[]
COMPAS,shift_age_1.5,249,5020249,V5,0,[]
COMPAS,shift_age_1.5,250,5020250,V6,0,[]
COMPAS,shift_age_1.5,250,5020250,V5,0,[]
COMPAS,shift_age_1.5,251,5020251,V6,0,[]
COMPAS,shift_age_1.5,251,5020251,V5,0,[]
COMPAS,shift_age_1.5,252,5020252,V6,0,[]
COMPAS,shift_age_1.5,252,5020252,V5,0,[]
COMPAS,shift_age_1.5,253,5020253,V6,0,[]
COMPAS,shift_age_1.5,253,5020253,V5,0,[]
COMPAS,shift_age_1.5,254,5020254,V6,0,[]
COMPAS,shift_age_1.5,254,5020254,V5,0,[]
COMPAS,shift_age_1.5,255,5020255,V6,0,[]
COMPAS,shift_age_1.5,255,5020255,V5,0,[]
COMPAS,shift_age_1.5,256,5020256,V6,0,[]
COMPAS,shift_age_1.5,256,5020256,V5,0,[]
COMPAS,shift_age_1.5,257,5020257,V6,0,[]
COMPAS,shift_age_1.5,257,5020257,V5,0,[]
COMPAS,shift_age_1.5,258,5020258,V6,0,[]
COMPAS,shift_age_1.5,258,5020258,V5,0,[]
COMPAS,shift_age_1.5,259,5020259,V6,0,[]
COMPAS,shift_age_1.5,259,5020259,V5,0,[]
COMPAS,shift_age_1.5,260,5020260,V6,0,[]
COMPAS,shift_age_1.5,260,5020260,V5,0,[]
COMPAS,shift_age_1.5,261,5020261,V6,0,[]
COMPAS,shift_age_1.5,261,5020261,V5,0,[]
COMPAS,shift_age_1.5,262,5020262,V6,0,[]
COMPAS,shift_age_1.5,262,5020262,V5,0,[]
COMPAS,shift_age_1.5,263,5020263,V6,0,[]
COMPAS,shift_age_1.5,263,5020263,V5,0,[]
COMPAS,shift_age_1.5,264,5020264,V6,0,[]
COMPAS,shift_age_1.5,264,5020264,V5,0,[]
COMPAS,shift_age_1.5,265,5020265,V6,0,[]
COMPAS,shift_age_1.5,265,5020265,V5,0,[]
COMPAS,shift_age_1.5,266,5020266,V6,0,[]
COMPAS,shift_age_1.5,266,5020266,V5,0,[]
COMPAS,shift_age_1.5,267,5020267,V6,1,"[[""juv_fel_count""]]"
COMPAS,shift_age_1.5,267,5020267,V5,0,[]
COMPAS,shift_age_1.5,268,5020268,V6,0,[]
COMPAS,shift_age_1.5,268,5020268,V5,0,[]
COMPAS,shift_age_1.5,269,5020269,V6,0,[]
COMPAS,shift_age_1.5,269,5020269,V5,0,[]
COMPAS,shift_age_1.5,270,5020270,V6,0,[]
COMPAS,shift_age_1.5,270,5020270,V5,0,[]
COMPAS,shift_age_1.5,271,5020271,V6,0,[]
COMPAS,shift_age_1.5,271,5020271,V5,0,[]
COMPAS,shift_age_1.5,272,5020272,V6,0,[]
COMPAS,shift_age_1.5,272,5020272,V5,0,[]
COMPAS,shift_age_1.5,273,5020273,V6,0,[]
COMPAS,shift_age_1.5,273,5020273,V5,0,[]
COMPAS,shift_age_1.5,274,5020274,V6,0,[]
COMPAS,shift_age_1.5,274,5020274,V5,0,[]
COMPAS,shift_age_1.5,275,5020275,V6,0,[]
COMPAS,shift_age_1.5,275,5020275,V5,0,[]
COMPAS,shift_age_1.5,276,5020276,V6,0,[]
COMPAS,shift_age_1.5,276,5020276,V5,0,[]
COMPAS,shift_age_1.5,277,5020277,V6,0,[]
COMPAS,shift_age_1.5,277,5020277,V5,0,[]
COMPAS,shift_age_1.5,278,5020278,V6,0,[]
COMPAS,shift_age_1.5,278,5020278,V5,0,[]
COMPAS,shift_age_1.5,279,5020279,V6,0,[]
COMPAS,shift_age_1.5,279,5020279,V5,0,[]
COMPAS,shift_age_1.5,280,5020280,V6,0,[]
COMPAS,shift_age_1.5,280,5020280,V5,0,[]
COMPAS,shift_age_1.5,281,5020281,V6,0,[]
COMPAS,shift_age_1.5,281,5020281,V5,0,[]
COMPAS,shift_age_1.5,282,5020282,V6,0,[]
COMPAS,shift_age_1.5,282,5020282,V5,0,[]
COMPAS,shift_age_1.5,283,5020283,V6,0,[]
COMPAS,shift_age_1.5,283,5020283,V5,0,[]
COMPAS,shift_age_1.5,284,5020284,V6,0,[]
COMPAS,shift_age_1.5,284,5020284,V5,0,[]
COMPAS,shift_age_1.5,285,5020285,V6,0,[]
COMPAS,shift_age_1.5,285,5020285,V5,0,[]
COMPAS,shift_age_1.5,286,5020286,V6,0,[]
COMPAS,shift_age_1.5,286,5020286,V5,0,[]
COMPAS,shift_age_1.5,287,5020287,V6,0,[]
COMPAS,shift_age_1.5,287,5020287,V5,0,[]
COMPAS,shift_age_1.5,288,5020288,V6,0,[]
COMPAS,shift_age_1.5,288,5020288,V5,0,[]
COMPAS,shift_age_1.5,289,5020289,V6,0,[]
COMPAS,shift_age_1.5,289,5020289,V5,0,[]
COMPAS,shift_age_1.5,290,5020290,V6,0,[]
COMPAS,shift_age_1.5,290,5020290,V5,0,[]
COMPAS,shift_age_1.5,291,5020291,V6,0,[]
COMPAS,shift_age_1.5,291,5020291,V5,0,[]
COMPAS,shift_age_1.5,292,5020292,V6,0,[]
COMPAS,shift_age_1.5,292,5020292,V5,0,[]
COMPAS,shift_age_1.5,293,5020293,V6,0,[]
COMPAS,shift_age_1.5,293,5020293,V5,0,[]
COMPAS,shift_age_1.5,294,5020294,V6,0,[]
COMPAS,shift_age_1.5,294,5020294,V5,0,[]
COMPAS,shift_age_1.5,295,5020295,V6,0,[]
COMPAS,shift_age_1.5,295,5020295,V5,0,[]
COMPAS,shift_age_1.5,296,5020296,V6,0,[]
COMPAS,shift_age_1.5,296,5020296,V5,0,[]
COMPAS,shift_age_1.5,297,5020297,V6,0,[]
COMPAS,shift_age_1.5,297,5020297,V5,0,[]
COMPAS,shift_age_1.5,298,5020298,V6,0,[]
COMPAS,shift_age_1.5,298,5020298,V5,0,[]
COMPAS,shift_age_1.5,299,5020299,V6,0,[]
COMPAS,shift_age_1.5,299,5020299,V5,0,[]
COMPAS,shift_age_1.5,300,5020300,V6,0,[]
COMPAS,shift_age_1.5,300,5020300,V5,0,[]
COMPAS,shift_age_1.5,301,5020301,V6,0,[]
COMPAS,shift_age_1.5,301,5020301,V5,0,[]
COMPAS,shift_age_1.5,302,5020302,V6,0,[]
COMPAS,shift_age_1.5,302,5020302,V5,0,[]
COMPAS,shift_age_1.5,303,5020303,V6,0,[]
COMPAS,shift_age_1.5,303,5020303,V5,0,[]
COMPAS,shift_age_1.5,304,5020304,V6,0,[]
COMPAS,shift_age_1.5,304,5020304,V5,0,[]
COMPAS,shift_age_1.5,305,5020305,V6,0,[]
COMPAS,shift_age_1.5,305,5020305,V5,0,[]
COMPAS,shift_age_1.5,306,5020306,V6,0,[]
COMPAS,shift_age_1.5,306,5020306,V5,0,[]
COMPAS,shift_age_1.5,307,5020307,V6,0,[]
COMPAS,shift_age_1.5,307,5020307,V5,0,[]
COMPAS,shift_age_1.5,308,5020308,V6,0,[]
COMPAS,shift_age_1.5,308,5020308,V5,0,[]
COMPAS,shift_age_1.5,309,5020309,V6,0,[]
COMPAS,shift_age_1.5,309,5020309,V5,0,[]
COMPAS,shift_age_1.5,310,5020310,V6,0,[]
COMPAS,shift_age_1.5,310,5020310,V5,0,[]
COMPAS,shift_age_1.5,311,5020311,V6,0,[]
COMPAS,shift_age_1.5,311,5020311,V5,0,[]
COMPAS,shift_age_1.5,312,5020312,V6,0,[]
COMPAS,shift_age_1.5,312,5020312,V5,0,[]
COMPAS,shift_age_1.5,313,5020313,V6,0,[]
COMPAS,shift_age_1.5,313,5020313,V5,0,[]
COMPAS,shift_age_1.5,314,5020314,V6,0,[]
COMPAS,shift_age_1.5,314,5020314,V5,0,[]
COMPAS,shift_age_1.5,315,5020315,V6,0,[]
COMPAS,shift_age_1.5,315,5020315,V5,0,[]
COMPAS,shift_age_1.5,316,5020316,V6,0,[]
COMPAS,shift_age_1.5,316,5020316,V5,0,[]
COMPAS,shift_age_1.5,317,5020317,V6,0,[]
COMPAS,shift_age_1.5,317,5020317,V5,0,[]
COMPAS,shift_age_1.5,318,5020318,V6,0,[]
COMPAS,shift_age_1.5,318,5020318,V5,0,[]
COMPAS,shift_age_1.5,319,5020319,V6,0,[]
COMPAS,shift_age_1.5,319,5020319,V5,0,[]
COMPAS,shift_age_1.5,320,5020320,V6,0,[]
COMPAS,shift_age_1.5,320,5020320,V5,0,[]
COMPAS,shift_age_1.5,321,5020321,V6,0,[]
COMPAS,shift_age_1.5,321,5020321,V5,0,[]
COMPAS,shift_age_1.5,322,5020322,V6,0,[]
COMPAS,shift_age_1.5,322,5020322,V5,0,[]
COMPAS,shift_age_1.5,323,5020323,V6,0,[]
COMPAS,shift_age_1.5,323,5020323,V5,0,[]
COMPAS,shift_age_1.5,324,5020324,V6,0,[]
COMPAS,shift_age_1.5,324,5020324,V5,0,[]
COMPAS,shift_age_1.5,325,5020325,V6,0,[]
COMPAS,shift_age_1.5,325,5020325,V5,0,[]
COMPAS,shift_age_1.5,326,5020326,V6,0,[]
COMPAS,shift_age_1.5,326,5020326,V5,0,[]
COMPAS,shift_age_1.5,327,5020327,V6,0,[]
COMPAS,shift_age_1.5,327,5020327,V5,0,[]
COMPAS,shift_age_1.5,328,5020328,V6,0,[]
COMPAS,shift_age_1.5,328,5020328,V5,0,[]
COMPAS,shift_age_1.5,329,5020329,V6,0,[]
COMPAS,shift_age_1.5,329,5020329,V5,0,[]
COMPAS,shift_age_1.5,330,5020330,V6,0,[]
COMPAS,shift_age_1.5,330,5020330,V5,0,[]
COMPAS,shift_age_1.5,331,5020331,V6,0,[]
COMPAS,shift_age_1.5,331,5020331,V5,0,[]
COMPAS,shift_age_1.5,332,5020332,V6,0,[]
COMPAS,shift_age_1.5,332,5020332,V5,0,[]
COMPAS,shift_age_1.5,333,5020333,V6,0,[]
COMPAS,shift_age_1.5,333,5020333,V5,0,[]
COMPAS,shift_age_1.5,334,5020334,V6,0,[]
COMPAS,shift_age_1.5,334,5020334,V5,0,[]
COMPAS,shift_age_1.5,335,5020335,V6,0,[]
COMPAS,shift_age_1.5,335,5020335,V5,0,[]
COMPAS,shift_age_1.5,336,5020336,V6,0,[]
COMPAS,shift_age_1.5,336,5020336,V5,0,[]
COMPAS,shift_age_1.5,337,5020337,V6,0,[]
COMPAS,shift_age_1.5,337,5020337,V5,0,[]
COMPAS,shift_age_1.5,338,5020338,V6,0,[]
COMPAS,shift_age_1.5,338,5020338,V5,0,[]
COMPAS,shift_age_1.5,339,5020339,V6,0,[]
COMPAS,shift_age_1.5,339,5020339,V5,0,[]
COMPAS,shift_age_1.5,340,5020340,V6,0,[]
COMPAS,shift_age_1.5,340,5020340,V5,0,[]
COMPAS,shift_age_1.5,341,5020341,V6,0,[]
COMPAS,shift_age_1.5,341,5020341,V5,0,[]
COMPAS,shift_age_1.5,342,5020342,V6,0,[]
COMPAS,shift_age_1.5,342,5020342,V5,0,[]
COMPAS,shift_age_1.5,343,5020343,V6,0,[]
COMPAS,shift_age_1.5,343,5020343,V5,0,[]
COMPAS,shift_age_1.5,344,5020344,V6,0,[]
COMPAS,shift_age_1.5,344,5020344,V5,0,[]
COMPAS,shift_age_1.5,345,5020345,V6,0,[]
COMPAS,shift_age_1.5,345,5020345,V5,0,[]
COMPAS,shift_age_1.5,346,5020346,V6,0,[]
COMPAS,shift_age_1.5,346,5020346,V5,0,[]
COMPAS,shift_age_1.5,347,5020347,V6,0,[]
COMPAS,shift_age_1.5,347,5020347,V5,0,[]
COMPAS,shift_age_1.5,348,5020348,V6,0,[]
COMPAS,shift_age_1.5,348,5020348,V5,0,[]
COMPAS,shift_age_1.5,349,5020349,V6,0,[]
COMPAS,shift_age_1.5,349,5020349,V5,0,[]
COMPAS,shift_age_1.5,350,5020350,V6,0,[]
COMPAS,shift_age_1.5,350,5020350,V5,0,[]
COMPAS,shift_age_1.5,351,5020351,V6,0,[]
COMPAS,shift_age_1.5,351,5020351,V5,0,[]
COMPAS,shift_age_1.5,352,5020352,V6,0,[]
COMPAS,shift_age_1.5,352,5020352,V5,0,[]
COMPAS,shift_age_1.5,353,5020353,V6,0,[]
COMPAS,shift_age_1.5,353,5020353,V5,0,[]
COMPAS,shift_age_1.5,354,5020354,V6,0,[]
COMPAS,shift_age_1.5,354,5020354,V5,0,[]
COMPAS,shift_age_1.5,355,5020355,V6,0,[]
COMPAS,shift_age_1.5,355,5020355,V5,0,[]
COMPAS,shift_age_1.5,356,5020356,V6,0,[]
COMPAS,shift_age_1.5,356,5020356,V5,0,[]
COMPAS,shift_age_1.5,357,5020357,V6,0,[]
COMPAS,shift_age_1.5,357,5020357,V5,0,[]
COMPAS,shift_age_1.5,358,5020358,V6,0,[]
COMPAS,shift_age_1.5,358,5020358,V5,0,[]
COMPAS,shift_age_1.5,359,5020359,V6,0,[]
COMPAS,shift_age_1.5,359,5020359,V5,0,[]
COMPAS,shift_age_1.5,360,5020360,V6,0,[]
COMPAS,shift_age_1.5,360,5020360,V5,0,[]
COMPAS,shift_age_1.5,361,5020361,V6,0,[]
COMPAS,shift_age_1.5,361,5020361,V5,0,[]
COMPAS,shift_age_1.5,362,5020362,V6,0,[]
COMPAS,shift_age_1.5,362,5020362,V5,0,[]
COMPAS,shift_age_1.5,363,5020363,V6,0,[]
COMPAS,shift_age_1.5,363,5020363,V5,0,[]
COMPAS,shift_age_1.5,364,5020364,V6,0,[]
COMPAS,shift_age_1.5,364,5020364,V5,0,[]
COMPAS,shift_age_1.5,365,5020365,V6,0,[]
COMPAS,shift_age_1.5,365,5020365,V5,0,[]
COMPAS,shift_age_1.5,366,5020366,V6,0,[]
COMPAS,shift_age_1.5,366,5020366,V5,0,[]
COMPAS,shift_age_1.5,367,5020367,V6,0,[]
COMPAS,shift_age_1.5,367,5020367,V5,0,[]
COMPAS,shift_age_1.5,368,5020368,V6,0,[]
COMPAS,shift_age_1.5,368,5020368,V5,0,[]
COMPAS,shift_age_1.5,369,5020369,V6,0,[]
COMPAS,shift_age_1.5,369,5020369,V5,0,[]
COMPAS,shift_age_1.5,370,5020370,V6,0,[]
COMPAS,shift_age_1.5,370,5020370,V5,0,[]
COMPAS,shift_age_1.5,371,5020371,V6,0,[]
COMPAS,shift_age_1.5,371,5020371,V5,0,[]
COMPAS,shift_age_1.5,372,5020372,V6,0,[]
COMPAS,shift_age_1.5,372,5020372,V5,0,[]
COMPAS,shift_age_1.5,373,5020373,V6,0,[]
COMPAS,shift_age_1.5,373,5020373,V5,0,[]
COMPAS,shift_age_1.5,374,5020374,V6,0,[]
COMPAS,shift_age_1.5,374,5020374,V5,0,[]
COMPAS,shift_age_1.5,375,5020375,V6,0,[]
COMPAS,shift_age_1.5,375,5020375,V5,0,[]
COMPAS,shift_age_1.5,376,5020376,V6,0,[]
COMPAS,shift_age_1.5,376,5020376,V5,0,[]
COMPAS,shift_age_1.5,377,5020377,V6,0,[]
COMPAS,shift_age_1.5,377,5020377,V5,0,[]
COMPAS,shift_age_1.5,378,5020378,V6,0,[]
COMPAS,shift_age_1.5,378,5020378,V5,0,[]
COMPAS,shift_age_1.5,379,5020379,V6,0,[]
COMPAS,shift_age_1.5,379,5020379,V5,0,[]
COMPAS,shift_age_1.5,380,5020380,V6,0,[]
COMPAS,shift_age_1.5,380,5020380,V5,0,[]
COMPAS,shift_age_1.5,381,5020381,V6,0,[]
COMPAS,shift_age_1.5,381,5020381,V5,0,[]
COMPAS,shift_age_1.5,382,5020382,V6,0,[]
COMPAS,shift_age_1.5,382,5020382,V5,0,[]
COMPAS,shift_age_1.5,383,5020383,V6,0,[]
COMPAS,shift_age_1.5,383,5020383,V5,0,[]
COMPAS,shift_age_1.5,384,5020384,V6,0,[]
COMPAS,shift_age_1.5,384,5020384,V5,0,[]
COMPAS,shift_age_1.5,385,5020385,V6,0,[]
COMPAS,shift_age_1.5,385,5020385,V5,0,[]
COMPAS,shift_age_1.5,386,5020386,V6,0,[]
COMPAS,shift_age_1.5,386,5020386,V5,0,[]
COMPAS,shift_age_1.5,387,5020387,V6,0,[]
COMPAS,shift_age_1.5,387,5020387,V5,0,[]
COMPAS,shift_age_1.5,388,5020388,V6,0,[]
COMPAS,shift_age_1.5,388,5020388,V5,0,[]
COMPAS,shift_age_1.5,389,5020389,V6,0,[]
COMPAS,shift_age_1.5,389,5020389,V5,0,[]
COMPAS,shift_age_1.5,390,5020390,V6,0,[]
COMPAS,shift_age_1.5,390,5020390,V5,0,[]
COMPAS,shift_age_1.5,391,5020391,V6,0,[]
COMPAS,shift_age_1.5,391,5020391,V5,0,[]
COMPAS,shift_age_1.5,392,5020392,V6,0,[]
COMPAS,shift_age_1.5,392,5020392,V5,0,[]
COMPAS,shift_age_1.5,393,5020393,V6,1,"[[""c_charge_degree""]]"
COMPAS,shift_age_1.5,393,5020393,V5,0,[]
COMPAS,shift_age_1.5,394,5020394,V6,0,[]
COMPAS,shift_age_1.5,394,5020394,V5,0,[]
COMPAS,shift_age_1.5,395,5020395,V6,0,[]
COMPAS,shift_age_1.5,395,5020395,V5,0,[]
COMPAS,shift_age_1.5,396,5020396,V6,0,[]
COMPAS,shift_age_1.5,396,5020396,V5,0,[]
COMPAS,shift_age_1.5,397,5020397,V6,0,[]
COMPAS,shift_age_1.5,397,5020397,V5,0,[]
COMPAS,shift_age_1.5,398,5020398,V6,0,[]
COMPAS,shift_age_1.5,398,5020398,V5,0,[]
COMPAS,shift_age_1.5,399,5020399,V6,0,[]
COMPAS,shift_age_1.5,399,5020399,V5,0,[]
COMPAS,shift_age_1.5,400,5020400,V6,0,[]
COMPAS,shift_age_1.5,400,5020400,V5,0,[]
COMPAS,shift_age_1.5,401,5020401,V6,0,[]
COMPAS,shift_age_1.5,401,5020401,V5,0,[]
COMPAS,shift_age_1.5,402,5020402,V6,0,[]
COMPAS,shift_age_1.5,402,5020402,V5,0,[]
COMPAS,shift_age_1.5,403,5020403,V6,0,[]
COMPAS,shift_age_1.5,403,5020403,V5,0,[]
COMPAS,shift_age_1.5,404,5020404,V6,0,[]
COMPAS,shift_age_1.5,404,5020404,V5,0,[]
COMPAS,shift_age_1.5,405,5020405,V6,0,[]
COMPAS,shift_age_1.5,405,5020405,V5,0,[]
COMPAS,shift_age_1.5,406,5020406,V6,0,[]
COMPAS,shift_age_1.5,406,5020406,V5,0,[]
COMPAS,shift_age_1.5,407,5020407,V6,0,[]
COMPAS,shift_age_1.5,407,5020407,V5,0,[]
COMPAS,shift_age_1.5,408,5020408,V6,0,[]
COMPAS,shift_age_1.5,408,5020408,V5,0,[]
COMPAS,shift_age_1.5,409,5020409,V6,0,[]
COMPAS,shift_age_1.5,409,5020409,V5,0,[]
COMPAS,shift_age_1.5,410,5020410,V6,0,[]
COMPAS,shift_age_1.5,410,5020410,V5,0,[]
COMPAS,shift_age_1.5,411,5020411,V6,0,[]
COMPAS,shift_age_1.5,411,5020411,V5,0,[]
COMPAS,shift_age_1.5,412,5020412,V6,0,[]
COMPAS,shift_age_1.5,412,5020412,V5,0,[]
COMPAS,shift_age_1.5,413,5020413,V6,0,[]
COMPAS,shift_age_1.5,413,5020413,V5,0,[]
COMPAS,shift_age_1.5,414,5020414,V6,0,[]
COMPAS,shift_age_1.5,414,5020414,V5,0,[]
COMPAS,shift_age_1.5,415,5020415,V6,0,[]
COMPAS,shift_age_1.5,415,5020415,V5,0,[]
COMPAS,shift_age_1.5,416,5020416,V6,0,[]
COMPAS,shift_age_1.5,416,5020416,V5,0,[]
COMPAS,shift_age_1.5,417,5020417,V6,0,[]
COMPAS,shift_age_1.5,417,5020417,V5,0,[]
COMPAS,shift_age_1.5,418,5020418,V6,0,[]
COMPAS,shift_age_1.5,418,5020418,V5,0,[]
COMPAS,shift_age_1.5,419,5020419,V6,0,[]
COMPAS,shift_age_1.5,419,5020419,V5,0,[]
COMPAS,shift_age_1.5,420,5020420,V6,0,[]
COMPAS,shift_age_1.5,420,5020420,V5,0,[]
COMPAS,shift_age_1.5,421,5020421,V6,0,[]
COMPAS,shift_age_1.5,421,5020421,V5,0,[]
COMPAS,shift_age_1.5,422,5020422,V6,0,[]
COMPAS,shift_age_1.5,422,5020422,V5,0,[]
COMPAS,shift_age_1.5,423,5020423,V6,0,[]
COMPAS,shift_age_1.5,423,5020423,V5,0,[]
COMPAS,shift_age_1.5,424,5020424,V6,0,[]
COMPAS,shift_age_1.5,424,5020424,V5,0,[]
COMPAS,shift_age_1.5,425,5020425,V6,0,[]
COMPAS,shift_age_1.5,425,5020425,V5,0,[]
COMPAS,shift_age_1.5,426,5020426,V6,0,[]
COMPAS,shift_age_1.5,426,5020426,V5,0,[]
COMPAS,shift_age_1.5,427,5020427,V6,0,[]
COMPAS,shift_age_1.5,427,5020427,V5,0,[]
COMPAS,shift_age_1.5,428,5020428,V6,0,[]
COMPAS,shift_age_1.5,428,5020428,V5,0,[]
COMPAS,shift_age_1.5,429,5020429,V6,0,[]
COMPAS,shift_age_1.5,429,5020429,V5,0,[]
COMPAS,shift_age_1.5,430,5020430,V6,0,[]
COMPAS,shift_age_1.5,430,5020430,V5,0,[]
COMPAS,shift_age_1.5,431,5020431,V6,0,[]
COMPAS,shift_age_1.5,431,5020431,V5,0,[]
COMPAS,shift_age_1.5,432,5020432,V6,0,[]
COMPAS,shift_age_1.5,432,5020432,V5,0,[]
COMPAS,shift_age_1.5,433,5020433,V6,0,[]
COMPAS,shift_age_1.5,433,5020433,V5,0,[]
COMPAS,shift_age_1.5,434,5020434,V6,0,[]
COMPAS,shift_age_1.5,434,5020434,V5,0,[]
COMPAS,shift_age_1.5,435,5020435,V6,0,[]
COMPAS,shift_age_1.5,435,5020435,V5,0,[]
COMPAS,shift_age_1.5,436,5020436,V6,0,[]
COMPAS,shift_age_1.5,436,5020436,V5,0,[]
COMPAS,shift_age_1.5,437,5020437,V6,0,[]
COMPAS,shift_age_1.5,437,5020437,V5,0,[]
COMPAS,shift_age_1.5,438,5020438,V6,0,[]
COMPAS,shift_age_1.5,438,5020438,V5,0,[]
COMPAS,shift_age_1.5,439,5020439,V6,0,[]
COMPAS,shift_age_1.5,439,5020439,V5,0,[]
COMPAS,shift_age_1.5,440,5020440,V6,0,[]
COMPAS,shift_age_1.5,440,5020440,V5,0,[]
COMPAS,shift_age_1.5,441,5020441,V6,0,[]
COMPAS,shift_age_1.5,441,5020441,V5,0,[]
COMPAS,shift_age_1.5,442,5020442,V6,0,[]
COMPAS,shift_age_1.5,442,5020442,V5,0,[]
COMPAS,shift_age_1.5,443,5020443,V6,0,[]
COMPAS,shift_age_1.5,443,5020443,V5,0,[]
COMPAS,shift_age_1.5,444,5020444,V6,0,[]
COMPAS,shift_age_1.5,444,5020444,V5,0,[]
COMPAS,shift_age_1.5,445,5020445,V6,0,[]
COMPAS,shift_age_1.5,445,5020445,V5,0,[]
COMPAS,shift_age_1.5,446,5020446,V6,0,[]
COMPAS,shift_age_1.5,446,5020446,V5,0,[]
COMPAS,shift_age_1.5,447,5020447,V6,0,[]
COMPAS,shift_age_1.5,447,5020447,V5,0,[]
COMPAS,shift_age_1.5,448,5020448,V6,0,[]
COMPAS,shift_age_1.5,448,5020448,V5,0,[]
COMPAS,shift_age_1.5,449,5020449,V6,0,[]
COMPAS,shift_age_1.5,449,5020449,V5,0,[]
COMPAS,shift_age_1.5,450,5020450,V6,0,[]
COMPAS,shift_age_1.5,450,5020450,V5,0,[]
COMPAS,shift_age_1.5,451,5020451,V6,0,[]
COMPAS,shift_age_1.5,451,5020451,V5,0,[]
COMPAS,shift_age_1.5,452,5020452,V6,0,[]
COMPAS,shift_age_1.5,452,5020452,V5,0,[]
COMPAS,shift_age_1.5,453,5020453,V6,0,[]
COMPAS,shift_age_1.5,453,5020453,V5,0,[]
COMPAS,shift_age_1.5,454,5020454,V6,0,[]
COMPAS,shift_age_1.5,454,5020454,V5,0,[]
COMPAS,shift_age_1.5,455,5020455,V6,0,[]
COMPAS,shift_age_1.5,455,5020455,V5,0,[]
COMPAS,shift_age_1.5,456,5020456,V6,0,[]
COMPAS,shift_age_1.5,456,5020456,V5,0,[]
COMPAS,shift_age_1.5,457,5020457,V6,0,[]
COMPAS,shift_age_1.5,457,5020457,V5,0,[]
COMPAS,shift_age_1.5,458,5020458,V6,0,[]
COMPAS,shift_age_1.5,458,5020458,V5,0,[]
COMPAS,shift_age_1.5,459,5020459,V6,0,[]
COMPAS,shift_age_1.5,459,5020459,V5,0,[]
COMPAS,shift_age_1.5,460,5020460,V6,0,[]
COMPAS,shift_age_1.5,460,5020460,V5,0,[]
COMPAS,shift_age_1.5,461,5020461,V6,0,[]
COMPAS,shift_age_1.5,461,5020461,V5,0,[]
COMPAS,shift_age_1.5,462,5020462,V6,0,[]
COMPAS,shift_age_1.5,462,5020462,V5,0,[]
COMPAS,shift_age_1.5,463,5020463,V6,0,[]
COMPAS,shift_age_1.5,463,5020463,V5,0,[]
COMPAS,shift_age_1.5,464,5020464,V6,0,[]
COMPAS,shift_age_1.5,464,5020464,V5,0,[]
COMPAS,shift_age_1.5,465,5020465,V6,0,[]
COMPAS,shift_age_1.5,465,5020465,V5,0,[]
COMPAS,shift_age_1.5,466,5020466,V6,0,[]
COMPAS,shift_age_1.5,466,5020466,V5,0,[]
COMPAS,shift_age_1.5,467,5020467,V6,0,[]
COMPAS,shift_age_1.5,467,5020467,V5,0,[]
COMPAS,shift_age_1.5,468,5020468,V6,0,[]
COMPAS,shift_age_1.5,468,5020468,V5,0,[]
COMPAS,shift_age_1.5,469,5020469,V6,0,[]
COMPAS,shift_age_1.5,469,5020469,V5,0,[]
COMPAS,shift_age_1.5,470,5020470,V6,0,[]
COMPAS,shift_age_1.5,470,5020470,V5,0,[]
COMPAS,shift_age_1.5,471,5020471,V6,0,[]
COMPAS,shift_age_1.5,471,5020471,V5,0,[]
COMPAS,shift_age_1.5,472,5020472,V6,0,[]
COMPAS,shift_age_1.5,472,5020472,V5,0,[]
COMPAS,shift_age_1.5,473,5020473,V6,0,[]
COMPAS,shift_age_1.5,473,5020473,V5,0,[]
COMPAS,shift_age_1.5,474,5020474,V6,0,[]
COMPAS,shift_age_1.5,474,5020474,V5,0,[]
COMPAS,shift_age_1.5,475,5020475,V6,0,[]
COMPAS,shift_age_1.5,475,5020475,V5,0,[]
COMPAS,shift_age_1.5,476,5020476,V6,0,[]
COMPAS,shift_age_1.5,476,5020476,V5,0,[]
COMPAS,shift_age_1.5,477,5020477,V6,0,[]
COMPAS,shift_age_1.5,477,5020477,V5,0,[]
COMPAS,shift_age_1.5,478,5020478,V6,0,[]
COMPAS,shift_age_1.5,478,5020478,V5,0,[]
COMPAS,shift_age_1.5,479,5020479,V6,0,[]
COMPAS,shift_age_1.5,479,5020479,V5,0,[]
COMPAS,shift_age_1.5,480,5020480,V6,0,[]
COMPAS,shift_age_1.5,480,5020480,V5,0,[]
COMPAS,shift_age_1.5,481,5020481,V6,0,[]
COMPAS,shift_age_1.5,481,5020481,V5,0,[]
COMPAS,shift_age_1.5,482,5020482,V6,0,[]
COMPAS,shift_age_1.5,482,5020482,V5,0,[]
COMPAS,shift_age_1.5,483,5020483,V6,0,[]
COMPAS,shift_age_1.5,483,5020483,V5,0,[]
COMPAS,shift_age_1.5,484,5020484,V6,0,[]
COMPAS,shift_age_1.5,484,5020484,V5,0,[]
COMPAS,shift_age_1.5,485,5020485,V6,0,[]
COMPAS,shift_age_1.5,485,5020485,V5,0,[]
COMPAS,shift_age_1.5,486,5020486,V6,0,[]
COMPAS,shift_age_1.5,486,5020486,V5,0,[]
COMPAS,shift_age_1.5,487,5020487,V6,0,[]
COMPAS,shift_age_1.5,487,5020487,V5,0,[]
COMPAS,shift_age_1.5,488,5020488,V6,0,[]
COMPAS,shift_age_1.5,488,5020488,V5,0,[]
COMPAS,shift_age_1.5,489,5020489,V6,0,[]
COMPAS,shift_age_1.5,489,5020489,V5,0,[]
COMPAS,shift_age_1.5,490,5020490,V6,0,[]
COMPAS,shift_age_1.5,490,5020490,V5,0,[]
COMPAS,shift_age_1.5,491,5020491,V6,0,[]
COMPAS,shift_age_1.5,491,5020491,V5,0,[]
COMPAS,shift_age_1.5,492,5020492,V6,0,[]
COMPAS,shift_age_1.5,492,5020492,V5,0,[]
COMPAS,shift_age_1.5,493,5020493,V6,0,[]
COMPAS,shift_age_1.5,493,5020493,V5,0,[]
COMPAS,shift_age_1.5,494,5020494,V6,0,[]
COMPAS,shift_age_1.5,494,5020494,V5,0,[]
COMPAS,shift_age_1.5,495,5020495,V6,0,[]
COMPAS,shift_age_1.5,495,5020495,V5,0,[]
COMPAS,shift_age_1.5,496,5020496,V6,0,[]
COMPAS,shift_age_1.5,496,5020496,V5,0,[]
COMPAS,shift_age_1.5,497,5020497,V6,0,[]
COMPAS,shift_age_1.5,497,5020497,V5,0,[]
COMPAS,shift_age_1.5,498,5020498,V6,0,[]
COMPAS,shift_age_1.5,498,5020498,V5,0,[]
COMPAS,shift_age_1.5,499,5020499,V6,0,[]
COMPAS,shift_age_1.5,499,5020499,V5,0,[]
COMPAS,shift_age_1.5,500,5020500,V6,0,[]
COMPAS,shift_age_1.5,500,5020500,V5,0,[]
COMPAS,shift_age_1.5,501,5020501,V6,0,[]
COMPAS,shift_age_1.5,501,5020501,V5,0,[]
COMPAS,shift_age_1.5,502,5020502,V6,0,[]
COMPAS,shift_age_1.5,502,5020502,V5,0,[]
COMPAS,shift_age_1.5,503,5020503,V6,0,[]
COMPAS,shift_age_1.5,503,5020503,V5,0,[]
COMPAS,shift_age_1.5,504,5020504,V6,0,[]
COMPAS,shift_age_1.5,504,5020504,V5,0,[]
COMPAS,shift_age_1.5,505,5020505,V6,0,[]
COMPAS,shift_age_1.5,505,5020505,V5,0,[]
COMPAS,shift_age_1.5,506,5020506,V6,0,[]
COMPAS,shift_age_1.5,506,5020506,V5,0,[]
COMPAS,shift_age_1.5,507,5020507,V6,0,[]
COMPAS,shift_age_1.5,507,5020507,V5,0,[]
COMPAS,shift_age_1.5,508,5020508,V6,0,[]
COMPAS,shift_age_1.5,508,5020508,V5,0,[]
COMPAS,shift_age_1.5,509,5020509,V6,0,[]
COMPAS,shift_age_1.5,509,5020509,V5,0,[]
COMPAS,shift_age_1.5,510,5020510,V6,0,[]
COMPAS,shift_age_1.5,510,5020510,V5,0,[]
COMPAS,shift_age_1.5,511,5020511,V6,0,[]
COMPAS,shift_age_1.5,511,5020511,V5,0,[]
COMPAS,shift_age_1.5,512,5020512,V6,0,[]
COMPAS,shift_age_1.5,512,5020512,V5,0,[]
COMPAS,shift_age_1.5,513,5020513,V6,0,[]
COMPAS,shift_age_1.5,513,5020513,V5,0,[]
COMPAS,shift_age_1.5,514,5020514,V6,0,[]
COMPAS,shift_age_1.5,514,5020514,V5,0,[]
COMPAS,shift_age_1.5,515,5020515,V6,0,[]
COMPAS,shift_age_1.5,515,5020515,V5,0,[]
COMPAS,shift_age_1.5,516,5020516,V6,0,[]
COMPAS,shift_age_1.5,516,5020516,V5,0,[]
COMPAS,shift_age_1.5,517,5020517,V6,0,[]
COMPAS,shift_age_1.5,517,5020517,V5,0,[]
COMPAS,shift_age_1.5,518,5020518,V6,0,[]
COMPAS,shift_age_1.5,518,5020518,V5,0,[]
COMPAS,shift_age_1.5,519,5020519,V6,0,[]
COMPAS,shift_age_1.5,519,5020519,V5,0,[]
COMPAS,shift_age_1.5,520,5020520,V6,1,"[[""sex""]]"
COMPAS,shift_age_1.5,520,5020520,V5,0,[]
COMPAS,shift_age_1.5,521,5020521,V6,0,[]
COMPAS,shift_age_1.5,521,5020521,V5,0,[]
COMPAS,shift_age_1.5,522,5020522,V6,0,[]
COMPAS,shift_age_1.5,522,5020522,V5,0,[]
COMPAS,shift_age_1.5,523,5020523,V6,0,[]
COMPAS,shift_age_1.5,523,5020523,V5,0,[]
COMPAS,shift_age_1.5,524,5020524,V6,0,[]
COMPAS,shift_age_1.5,524,5020524,V5,0,[]
COMPAS,shift_age_1.5,525,5020525,V6,0,[]
COMPAS,shift_age_1.5,525,5020525,V5,0,[]
COMPAS,shift_age_1.5,526,5020526,V6,0,[]
COMPAS,shift_age_1.5,526,5020526,V5,0,[]
COMPAS,shift_age_1.5,527,5020527,V6,0,[]
COMPAS,shift_age_1.5,527,5020527,V5,0,[]
COMPAS,shift_age_1.5,528,5020528,V6,0,[]
COMPAS,shift_age_1.5,528,5020528,V5,0,[]
COMPAS,shift_age_1.5,529,5020529,V6,0,[]
COMPAS,shift_age_1.5,529,5020529,V5,0,[]
COMPAS,shift_age_1.5,530,5020530,V6,0,[]
COMPAS,shift_age_1.5,530,5020530,V5,0,[]
COMPAS,shift_age_1.5,531,5020531,V6,0,[]
COMPAS,shift_age_1.5,531,5020531,V5,0,[]
COMPAS,shift_age_1.5,532,5020532,V6,0,[]
COMPAS,shift_age_1.5,532,5020532,V5,0,[]
COMPAS,shift_age_1.5,533,5020533,V6,0,[]
COMPAS,shift_age_1.5,533,5020533,V5,0,[]
COMPAS,shift_age_1.5,534,5020534,V6,0,[]
COMPAS,shift_age_1.5,534,5020534,V5,0,[]
COMPAS,shift_age_1.5,535,5020535,V6,0,[]
COMPAS,shift_age_1.5,535,5020535,V5,0,[]
COMPAS,shift_age_1.5,536,5020536,V6,0,[]
COMPAS,shift_age_1.5,536,5020536,V5,0,[]
COMPAS,shift_age_1.5,537,5020537,V6,0,[]
COMPAS,shift_age_1.5,537,5020537,V5,0,[]
COMPAS,shift_age_1.5,538,5020538,V6,0,[]
COMPAS,shift_age_1.5,538,5020538,V5,0,[]
COMPAS,shift_age_1.5,539,5020539,V6,0,[]
COMPAS,shift_age_1.5,539,5020539,V5,0,[]
COMPAS,shift_age_1.5,540,5020540,V6,0,[]
COMPAS,shift_age_1.5,540,5020540,V5,0,[]
COMPAS,shift_age_1.5,541,5020541,V6,0,[]
COMPAS,shift_age_1.5,541,5020541,V5,0,[]
COMPAS,shift_age_1.5,542,5020542,V6,0,[]
COMPAS,shift_age_1.5,542,5020542,V5,0,[]
COMPAS,shift_age_1.5,543,5020543,V6,0,[]
COMPAS,shift_age_1.5,543,5020543,V5,0,[]
COMPAS,shift_age_1.5,544,5020544,V6,0,[]
COMPAS,shift_age_1.5,544,5020544,V5,0,[]
COMPAS,shift_age_1.5,545,5020545,V6,0,[]
COMPAS,shift_age_1.5,545,5020545,V5,0,[]
COMPAS,shift_age_1.5,546,5020546,V6,0,[]
COMPAS,shift_age_1.5,546,5020546,V5,0,[]
COMPAS,shift_age_1.5,547,5020547,V6,0,[]
COMPAS,shift_age_1.5,547,5020547,V5,0,[]
COMPAS,shift_age_1.5,548,5020548,V6,0,[]
COMPAS,shift_age_1.5,548,5020548,V5,0,[]
COMPAS,shift_age_1.5,549,5020549,V6,0,[]
COMPAS,shift_age_1.5,549,5020549,V5,0,[]
COMPAS,shift_age_1.5,550,5020550,V6,0,[]
COMPAS,shift_age_1.5,550,5020550,V5,0,[]
COMPAS,shift_age_1.5,551,5020551,V6,0,[]
COMPAS,shift_age_1.5,551,5020551,V5,1,"[[""c_charge_degree""]]"
COMPAS,shift_age_1.5,552,5020552,V6,0,[]
COMPAS,shift_age_1.5,552,5020552,V5,0,[]
COMPAS,shift_age_1.5,553,5020553,V6,0,[]
COMPAS,shift_age_1.5,553,5020553,V5,0,[]
COMPAS,shift_age_1.5,554,5020554,V6,0,[]
COMPAS,shift_age_1.5,554,5020554,V5,0,[]
COMPAS,shift_age_1.5,555,5020555,V6,0,[]
COMPAS,shift_age_1.5,555,5020555,V5,0,[]
COMPAS,shift_age_1.5,556,5020556,V6,0,[]
COMPAS,shift_age_1.5,556,5020556,V5,0,[]
COMPAS,shift_age_1.5,557,5020557,V6,0,[]
COMPAS,shift_age_1.5,557,5020557,V5,0,[]
COMPAS,shift_age_1.5,558,5020558,V6,0,[]
COMPAS,shift_age_1.5,558,5020558,V5,0,[]
COMPAS,shift_age_1.5,559,5020559,V6,0,[]
COMPAS,shift_age_1.5,559,5020559,V5,0,[]
COMPAS,shift_age_1.5,560,5020560,V6,0,[]
COMPAS,shift_age_1.5,560,5020560,V5,0,[]
COMPAS,shift_age_1.5,561,5020561,V6,0,[]
COMPAS,shift_age_1.5,561,5020561,V5,0,[]
COMPAS,shift_age_1.5,562,5020562,V6,0,[]
COMPAS,shift_age_1.5,562,5020562,V5,0,[]
COMPAS,shift_age_1.5,563,5020563,V6,0,[]
COMPAS,shift_age_1.5,563,5020563,V5,0,[]
COMPAS,shift_age_1.5,564,5020564,V6,0,[]
COMPAS,shift_age_1.5,564,5020564,V5,0,[]
COMPAS,shift_age_1.5,565,5020565,V6,0,[]
COMPAS,shift_age_1.5,565,5020565,V5,0,[]
COMPAS,shift_age_1.5,566,5020566,V6,0,[]
COMPAS,shift_age_1.5,566,5020566,V5,0,[]
COMPAS,shift_age_1.5,567,5020567,V6,0,[]
COMPAS,shift_age_1.5,567,5020567,V5,0,[]
COMPAS,shift_age_1.5,568,5020568,V6,0,[]
COMPAS,shift_age_1.5,568,5020568,V5,0,[]
COMPAS,shift_age_1.5,569,5020569,V6,0,[]
COMPAS,shift_age_1.5,569,5020569,V5,0,[]
COMPAS,shift_age_1.5,570,5020570,V6,0,[]
COMPAS,shift_age_1.5,570,5020570,V5,0,[]
COMPAS,shift_age_1.5,571,5020571,V6,0,[]
COMPAS,shift_age_1.5,571,5020571,V5,0,[]
COMPAS,shift_age_1.5,572,5020572,V6,0,[]
COMPAS,shift_age_1.5,572,5020572,V5,0,[]
COMPAS,shift_age_1.5,573,5020573,V6,0,[]
COMPAS,shift_age_1.5,573,5020573,V5,0,[]
COMPAS,shift_age_1.5,574,5020574,V6,0,[]
COMPAS,shift_age_1.5,574,5020574,V5,0,[]
COMPAS,shift_age_1.5,575,5020575,V6,0,[]
COMPAS,shift_age_1.5,575,5020575,V5,0,[]
COMPAS,shift_age_1.5,576,5020576,V6,0,[]
COMPAS,shift_age_1.5,576,5020576,V5,0,[]
COMPAS,shift_age_1.5,577,5020577,V6,0,[]
COMPAS,shift_age_1.5,577,5020577,V5,0,[]
COMPAS,shift_age_1.5,578,5020578,V6,0,[]
COMPAS,shift_age_1.5,578,5020578,V5,0,[]
COMPAS,shift_age_1.5,579,5020579,V6,0,[]
COMPAS,shift_age_1.5,579,5020579,V5,0,[]
COMPAS,shift_age_1.5,580,5020580,V6,0,[]
COMPAS,shift_age_1.5,580,5020580,V5,0,[]
COMPAS,shift_age_1.5,581,5020581,V6,0,[]
COMPAS,shift_age_1.5,581,5020581,V5,0,[]
COMPAS,shift_age_1.5,582,5020582,V6,0,[]
COMPAS,shift_age_1.5,582,5020582,V5,0,[]
COMPAS,shift_age_1.5,583,5020583,V6,0,[]
COMPAS,shift_age_1.5,583,5020583,V5,0,[]
COMPAS,shift_age_1.5,584,5020584,V6,0,[]
COMPAS,shift_age_1.5,584,5020584,V5,0,[]
COMPAS,shift_age_1.5,585,5020585,V6,0,[]
COMPAS,shift_age_1.5,585,5020585,V5,0,[]
COMPAS,shift_age_1.5,586,5020586,V6,0,[]
COMPAS,shift_age_1.5,586,5020586,V5,0,[]
COMPAS,shift_age_1.5,587,5020587,V6,0,[]
COMPAS,shift_age_1.5,587,5020587,V5,0,[]
COMPAS,shift_age_1.5,588,5020588,V6,0,[]
COMPAS,shift_age_1.5,588,5020588,V5,0,[]
COMPAS,shift_age_1.5,589,5020589,V6,0,[]
COMPAS,shift_age_1.5,589,5020589,V5,0,[]
COMPAS,shift_age_1.5,590,5020590,V6,0,[]
COMPAS,shift_age_1.5,590,5020590,V5,0,[]
COMPAS,shift_age_1.5,591,5020591,V6,0,[]
COMPAS,shift_age_1.5,591,5020591,V5,0,[]
COMPAS,shift_age_1.5,592,5020592,V6,0,[]
COMPAS,shift_age_1.5,592,5020592,V5,0,[]
COMPAS,shift_age_1.5,593,5020593,V6,0,[]
COMPAS,shift_age_1.5,593,5020593,V5,0,[]
COMPAS,shift_age_1.5,594,5020594,V6,0,[]
COMPAS,shift_age_1.5,594,5020594,V5,0,[]
COMPAS,shift_age_1.5,595,5020595,V6,0,[]
COMPAS,shift_age_1.5,595,5020595,V5,0,[]
COMPAS,shift_age_1.5,596,5020596,V6,0,[]
COMPAS,shift_age_1.5,596,5020596,V5,0,[]
COMPAS,shift_age_1.5,597,5020597,V6,0,[]
COMPAS,shift_age_1.5,597,5020597,V5,0,[]
COMPAS,shift_age_1.5,598,5020598,V6,0,[]
COMPAS,shift_age_1.5,598,5020598,V5,0,[]
COMPAS,shift_age_1.5,599,5020599,V6,0,[]
COMPAS,shift_age_1.5,599,5020599,V5,0,[]
COMPAS,shift_age_1.5,600,5020600,V6,0,[]
COMPAS,shift_age_1.5,600,5020600,V5,0,[]
COMPAS,shift_age_1.5,601,5020601,V6,0,[]
COMPAS,shift_age_1.5,601,5020601,V5,0,[]
COMPAS,shift_age_1.5,602,5020602,V6,0,[]
COMPAS,shift_age_1.5,602,5020602,V5,0,[]
COMPAS,shift_age_1.5,603,5020603,V6,0,[]
COMPAS,shift_age_1.5,603,5020603,V5,0,[]
COMPAS,shift_age_1.5,604,5020604,V6,0,[]
COMPAS,shift_age_1.5,604,5020604,V5,0,[]
COMPAS,shift_age_1.5,605,5020605,V6,0,[]
COMPAS,shift_age_1.5,605,5020605,V5,0,[]
COMPAS,shift_age_1.5,606,5020606,V6,0,[]
COMPAS,shift_age_1.5,606,5020606,V5,0,[]
COMPAS,shift_age_1.5,607,5020607,V6,0,[]
COMPAS,shift_age_1.5,607,5020607,V5,0,[]
COMPAS,shift_age_1.5,608,5020608,V6,0,[]
COMPAS,shift_age_1.5,608,5020608,V5,0,[]
COMPAS,shift_age_1.5,609,5020609,V6,0,[]
COMPAS,shift_age_1.5,609,5020609,V5,0,[]
COMPAS,shift_age_1.5,610,5020610,V6,0,[]
COMPAS,shift_age_1.5,610,5020610,V5,0,[]
COMPAS,shift_age_1.5,611,5020611,V6,0,[]
COMPAS,shift_age_1.5,611,5020611,V5,0,[]
COMPAS,shift_age_1.5,612,5020612,V6,0,[]
COMPAS,shift_age_1.5,612,5020612,V5,0,[]
COMPAS,shift_age_1.5,613,5020613,V6,0,[]
COMPAS,shift_age_1.5,613,5020613,V5,0,[]
COMPAS,shift_age_1.5,614,5020614,V6,0,[]
COMPAS,shift_age_1.5,614,5020614,V5,0,[]
COMPAS,shift_age_1.5,615,5020615,V6,0,[]
COMPAS,shift_age_1.5,615,5020615,V5,0,[]
COMPAS,shift_age_1.5,616,5020616,V6,0,[]
COMPAS,shift_age_1.5,616,5020616,V5,0,[]
COMPAS,shift_age_1.5,617,5020617,V6,0,[]
COMPAS,shift_age_1.5,617,5020617,V5,0,[]
COMPAS,shift_age_1.5,618,5020618,V6,0,[]
COMPAS,shift_age_1.5,618,5020618,V5,0,[]
COMPAS,shift_age_1.5,619,5020619,V6,0,[]
COMPAS,shift_age_1.5,619,5020619,V5,0,[]
COMPAS,shift_age_1.5,620,5020620,V6,0,[]
COMPAS,shift_age_1.5,620,5020620,V5,0,[]
COMPAS,shift_age_1.5,621,5020621,V6,0,[]
COMPAS,shift_age_1.5,621,5020621,V5,0,[]
COMPAS,shift_age_1.5,622,5020622,V6,0,[]
COMPAS,shift_age_1.5,622,5020622,V5,0,[]
COMPAS,shift_age_1.5,623,5020623,V6,0,[]
COMPAS,shift_age_1.5,623,5020623,V5,0,[]
COMPAS,shift_age_1.5,624,5020624,V6,0,[]
COMPAS,shift_age_1.5,624,5020624,V5,0,[]
COMPAS,shift_age_1.5,625,5020625,V6,0,[]
COMPAS,shift_age_1.5,625,5020625,V5,0,[]
COMPAS,shift_age_1.5,626,5020626,V6,0,[]
COMPAS,shift_age_1.5,626,5020626,V5,0,[]
COMPAS,shift_age_1.5,627,5020627,V6,0,[]
COMPAS,shift_age_1.5,627,5020627,V5,0,[]
COMPAS,shift_age_1.5,628,5020628,V6,1,"[[""juv_other_count""]]"
COMPAS,shift_age_1.5,628,5020628,V5,0,[]
COMPAS,shift_age_1.5,629,5020629,V6,0,[]
COMPAS,shift_age_1.5,629,5020629,V5,0,[]
COMPAS,shift_age_1.5,630,5020630,V6,0,[]
COMPAS,shift_age_1.5,630,5020630,V5,0,[]
COMPAS,shift_age_1.5,631,5020631,V6,0,[]
COMPAS,shift_age_1.5,631,5020631,V5,0,[]
COMPAS,shift_age_1.5,632,5020632,V6,0,[]
COMPAS,shift_age_1.5,632,5020632,V5,0,[]
COMPAS,shift_age_1.5,633,5020633,V6,0,[]
COMPAS,shift_age_1.5,633,5020633,V5,1,"[[""age"", ""age_cat""]]"
COMPAS,shift_age_1.5,634,5020634,V6,0,[]
COMPAS,shift_age_1.5,634,5020634,V5,0,[]
COMPAS,shift_age_1.5,635,5020635,V6,0,[]
COMPAS,shift_age_1.5,635,5020635,V5,0,[]
COMPAS,shift_age_1.5,636,5020636,V6,0,[]
COMPAS,shift_age_1.5,636,5020636,V5,0,[]
COMPAS,shift_age_1.5,637,5020637,V6,0,[]
COMPAS,shift_age_1.5,637,5020637,V5,0,[]
COMPAS,shift_age_1.5,638,5020638,V6,0,[]
COMPAS,shift_age_1.5,638,5020638,V5,0,[]
COMPAS,shift_age_1.5,639,5020639,V6,0,[]
COMPAS,shift_age_1.5,639,5020639,V5,0,[]
COMPAS,shift_age_1.5,640,5020640,V6,0,[]
COMPAS,shift_age_1.5,640,5020640,V5,0,[]
COMPAS,shift_age_1.5,641,5020641,V6,0,[]
COMPAS,shift_age_1.5,641,5020641,V5,0,[]
COMPAS,shift_age_1.5,642,5020642,V6,0,[]
COMPAS,shift_age_1.5,642,5020642,V5,0,[]
COMPAS,shift_age_1.5,643,5020643,V6,0,[]
COMPAS,shift_age_1.5,643,5020643,V5,0,[]
COMPAS,shift_age_1.5,644,5020644,V6,0,[]
COMPAS,shift_age_1.5,644,5020644,V5,0,[]
COMPAS,shift_age_1.5,645,5020645,V6,0,[]
COMPAS,shift_age_1.5,645,5020645,V5,0,[]
COMPAS,shift_age_1.5,646,5020646,V6,0,[]
COMPAS,shift_age_1.5,646,5020646,V5,0,[]
COMPAS,shift_age_1.5,647,5020647,V6,0,[]
COMPAS,shift_age_1.5,647,5020647,V5,0,[]
COMPAS,shift_age_1.5,648,5020648,V6,0,[]
COMPAS,shift_age_1.5,648,5020648,V5,0,[]
COMPAS,shift_age_1.5,649,5020649,V6,0,[]
COMPAS,shift_age_1.5,649,5020649,V5,0,[]
COMPAS,shift_age_1.5,650,5020650,V6,0,[]
COMPAS,shift_age_1.5,650,5020650,V5,0,[]
COMPAS,shift_age_1.5,651,5020651,V6,0,[]
COMPAS,shift_age_1.5,651,5020651,V5,0,[]
COMPAS,shift_age_1.5,652,5020652,V6,0,[]
COMPAS,shift_age_1.5,652,5020652,V5,0,[]
COMPAS,shift_age_1.5,653,5020653,V6,0,[]
COMPAS,shift_age_1.5,653,5020653,V5,0,[]
COMPAS,shift_age_1.5,654,5020654,V6,0,[]
COMPAS,shift_age_1.5,654,5020654,V5,0,[]
COMPAS,shift_age_1.5,655,5020655,V6,1,"[[""race""]]"
COMPAS,shift_age_1.5,655,5020655,V5,0,[]
COMPAS,shift_age_1.5,656,5020656,V6,0,[]
COMPAS,shift_age_1.5,656,5020656,V5,0,[]
COMPAS,shift_age_1.5,657,5020657,V6,0,[]
COMPAS,shift_age_1.5,657,5020657,V5,0,[]
COMPAS,shift_age_1.5,658,5020658,V6,0,[]
COMPAS,shift_age_1.5,658,5020658,V5,0,[]
COMPAS,shift_age_1.5,659,5020659,V6,0,[]
COMPAS,shift_age_1.5,659,5020659,V5,0,[]
COMPAS,shift_age_1.5,660,5020660,V6,0,[]
COMPAS,shift_age_1.5,660,5020660,V5,0,[]
COMPAS,shift_age_1.5,661,5020661,V6,0,[]
COMPAS,shift_age_1.5,661,5020661,V5,0,[]
COMPAS,shift_age_1.5,662,5020662,V6,0,[]
COMPAS,shift_age_1.5,662,5020662,V5,0,[]
COMPAS,shift_age_1.5,663,5020663,V6,1,"[[""juv_fel_count""]]"
COMPAS,shift_age_1.5,663,5020663,V5,0,[]
COMPAS,shift_age_1.5,664,5020664,V6,0,[]
COMPAS,shift_age_1.5,664,5020664,V5,0,[]
COMPAS,shift_age_1.5,665,5020665,V6,0,[]
COMPAS,shift_age_1.5,665,5020665,V5,0,[]
COMPAS,shift_age_1.5,666,5020666,V6,0,[]
COMPAS,shift_age_1.5,666,5020666,V5,0,[]
COMPAS,shift_age_1.5,667,5020667,V6,0,[]
COMPAS,shift_age_1.5,667,5020667,V5,0,[]
COMPAS,shift_age_1.5,668,5020668,V6,0,[]
COMPAS,shift_age_1.5,668,5020668,V5,0,[]
COMPAS,shift_age_1.5,669,5020669,V6,0,[]
COMPAS,shift_age_1.5,669,5020669,V5,0,[]
COMPAS,shift_age_1.5,670,5020670,V6,0,[]
COMPAS,shift_age_1.5,670,5020670,V5,0,[]
COMPAS,shift_age_1.5,671,5020671,V6,0,[]
COMPAS,shift_age_1.5,671,5020671,V5,0,[]
COMPAS,shift_age_1.5,672,5020672,V6,0,[]
COMPAS,shift_age_1.5,672,5020672,V5,0,[]
COMPAS,shift_age_1.5,673,5020673,V6,0,[]
COMPAS,shift_age_1.5,673,5020673,V5,0,[]
COMPAS,shift_age_1.5,674,5020674,V6,0,[]
COMPAS,shift_age_1.5,674,5020674,V5,0,[]
COMPAS,shift_age_1.5,675,5020675,V6,0,[]
COMPAS,shift_age_1.5,675,5020675,V5,0,[]
COMPAS,shift_age_1.5,676,5020676,V6,0,[]
COMPAS,shift_age_1.5,676,5020676,V5,0,[]
COMPAS,shift_age_1.5,677,5020677,V6,0,[]
COMPAS,shift_age_1.5,677,5020677,V5,0,[]
COMPAS,shift_age_1.5,678,5020678,V6,0,[]
COMPAS,shift_age_1.5,678,5020678,V5,0,[]
COMPAS,shift_age_1.5,679,5020679,V6,0,[]
COMPAS,shift_age_1.5,679,5020679,V5,0,[]
COMPAS,shift_age_1.5,680,5020680,V6,0,[]
COMPAS,shift_age_1.5,680,5020680,V5,0,[]
COMPAS,shift_age_1.5,681,5020681,V6,0,[]
COMPAS,shift_age_1.5,681,5020681,V5,0,[]
COMPAS,shift_age_1.5,682,5020682,V6,0,[]
COMPAS,shift_age_1.5,682,5020682,V5,0,[]
COMPAS,shift_age_1.5,683,5020683,V6,0,[]
COMPAS,shift_age_1.5,683,5020683,V5,0,[]
COMPAS,shift_age_1.5,684,5020684,V6,0,[]
COMPAS,shift_age_1.5,684,5020684,V5,0,[]
COMPAS,shift_age_1.5,685,5020685,V6,0,[]
COMPAS,shift_age_1.5,685,5020685,V5,0,[]
COMPAS,shift_age_1.5,686,5020686,V6,0,[]
COMPAS,shift_age_1.5,686,5020686,V5,0,[]
COMPAS,shift_age_1.5,687,5020687,V6,0,[]
COMPAS,shift_age_1.5,687,5020687,V5,0,[]
COMPAS,shift_age_1.5,688,5020688,V6,0,[]
COMPAS,shift_age_1.5,688,5020688,V5,0,[]
COMPAS,shift_age_1.5,689,5020689,V6,0,[]
COMPAS,shift_age_1.5,689,5020689,V5,0,[]
COMPAS,shift_age_1.5,690,5020690,V6,0,[]
COMPAS,shift_age_1.5,690,5020690,V5,0,[]
COMPAS,shift_age_1.5,691,5020691,V6,0,[]
COMPAS,shift_age_1.5,691,5020691,V5,0,[]
COMPAS,shift_age_1.5,692,5020692,V6,0,[]
COMPAS,shift_age_1.5,692,5020692,V5,0,[]
COMPAS,shift_age_1.5,693,5020693,V6,0,[]
COMPAS,shift_age_1.5,693,5020693,V5,0,[]
COMPAS,shift_age_1.5,694,5020694,V6,0,[]
COMPAS,shift_age_1.5,694,5020694,V5,0,[]
COMPAS,shift_age_1.5,695,5020695,V6,0,[]
COMPAS,shift_age_1.5,695,5020695,V5,0,[]
COMPAS,shift_age_1.5,696,5020696,V6,0,[]
COMPAS,shift_age_1.5,696,5020696,V5,0,[]
COMPAS,shift_age_1.5,697,5020697,V6,0,[]
COMPAS,shift_age_1.5,697,5020697,V5,0,[]
COMPAS,shift_age_1.5,698,5020698,V6,0,[]
COMPAS,shift_age_1.5,698,5020698,V5,0,[]
COMPAS,shift_age_1.5,699,5020699,V6,0,[]
COMPAS,shift_age_1.5,699,5020699,V5,0,[]
COMPAS,shift_age_1.5,700,5020700,V6,0,[]
COMPAS,shift_age_1.5,700,5020700,V5,0,[]
COMPAS,shift_age_1.5,701,5020701,V6,0,[]
COMPAS,shift_age_1.5,701,5020701,V5,0,[]
COMPAS,shift_age_1.5,702,5020702,V6,0,[]
COMPAS,shift_age_1.5,702,5020702,V5,0,[]
COMPAS,shift_age_1.5,703,5020703,V6,0,[]
COMPAS,shift_age_1.5,703,5020703,V5,0,[]
COMPAS,shift_age_1.5,704,5020704,V6,0,[]
COMPAS,shift_age_1.5,704,5020704,V5,0,[]
COMPAS,shift_age_1.5,705,5020705,V6,0,[]
COMPAS,shift_age_1.5,705,5020705,V5,0,[]
COMPAS,shift_age_1.5,706,5020706,V6,0,[]
COMPAS,shift_age_1.5,706,5020706,V5,0,[]
COMPAS,shift_age_1.5,707,5020707,V6,0,[]
COMPAS,shift_age_1.5,707,5020707,V5,0,[]
COMPAS,shift_age_1.5,708,5020708,V6,0,[]
COMPAS,shift_age_1.5,708,5020708,V5,0,[]
COMPAS,shift_age_1.5,709,5020709,V6,1,"[[""juv_fel_count""]]"
COMPAS,shift_age_1.5,709,5020709,V5,0,[]
COMPAS,shift_age_1.5,710,5020710,V6,0,[]
COMPAS,shift_age_1.5,710,5020710,V5,0,[]
COMPAS,shift_age_1.5,711,5020711,V6,0,[]
COMPAS,shift_age_1.5,711,5020711,V5,0,[]
COMPAS,shift_age_1.5,712,5020712,V6,0,[]
COMPAS,shift_age_1.5,712,5020712,V5,1,"[[""age"", ""age_cat""]]"
COMPAS,shift_age_1.5,713,5020713,V6,0,[]
COMPAS,shift_age_1.5,713,5020713,V5,0,[]
COMPAS,shift_age_1.5,714,5020714,V6,0,[]
COMPAS,shift_age_1.5,714,5020714,V5,0,[]
COMPAS,shift_age_1.5,715,5020715,V6,0,[]
COMPAS,shift_age_1.5,715,5020715,V5,0,[]
COMPAS,shift_age_1.5,716,5020716,V6,0,[]
COMPAS,shift_age_1.5,716,5020716,V5,0,[]
COMPAS,shift_age_1.5,717,5020717,V6,0,[]
COMPAS,shift_age_1.5,717,5020717,V5,0,[]
COMPAS,shift_age_1.5,718,5020718,V6,0,[]
COMPAS,shift_age_1.5,718,5020718,V5,0,[]
COMPAS,shift_age_1.5,719,5020719,V6,0,[]
COMPAS,shift_age_1.5,719,5020719,V5,0,[]
COMPAS,shift_age_1.5,720,5020720,V6,0,[]
COMPAS,shift_age_1.5,720,5020720,V5,0,[]
COMPAS,shift_age_1.5,721,5020721,V6,0,[]
COMPAS,shift_age_1.5,721,5020721,V5,0,[]
COMPAS,shift_age_1.5,722,5020722,V6,0,[]
COMPAS,shift_age_1.5,722,5020722,V5,0,[]
COMPAS,shift_age_1.5,723,5020723,V6,0,[]
COMPAS,shift_age_1.5,723,5020723,V5,0,[]
COMPAS,shift_age_1.5,724,5020724,V6,0,[]
COMPAS,shift_age_1.5,724,5020724,V5,0,[]
COMPAS,shift_age_1.5,725,5020725,V6,0,[]
COMPAS,shift_age_1.5,725,5020725,V5,0,[]
COMPAS,shift_age_1.5,726,5020726,V6,0,[]
COMPAS,shift_age_1.5,726,5020726,V5,0,[]
COMPAS,shift_age_1.5,727,5020727,V6,0,[]
COMPAS,shift_age_1.5,727,5020727,V5,0,[]
COMPAS,shift_age_1.5,728,5020728,V6,0,[]
COMPAS,shift_age_1.5,728,5020728,V5,0,[]
COMPAS,shift_age_1.5,729,5020729,V6,0,[]
COMPAS,shift_age_1.5,729,5020729,V5,0,[]
COMPAS,shift_age_1.5,730,5020730,V6,0,[]
COMPAS,shift_age_1.5,730,5020730,V5,0,[]
COMPAS,shift_age_1.5,731,5020731,V6,0,[]
COMPAS,shift_age_1.5,731,5020731,V5,0,[]
COMPAS,shift_age_1.5,732,5020732,V6,0,[]
COMPAS,shift_age_1.5,732,5020732,V5,0,[]
COMPAS,shift_age_1.5,733,5020733,V6,0,[]
COMPAS,shift_age_1.5,733,5020733,V5,0,[]
COMPAS,shift_age_1.5,734,5020734,V6,0,[]
COMPAS,shift_age_1.5,734,5020734,V5,0,[]
COMPAS,shift_age_1.5,735,5020735,V6,0,[]
COMPAS,shift_age_1.5,735,5020735,V5,0,[]
COMPAS,shift_age_1.5,736,5020736,V6,0,[]
COMPAS,shift_age_1.5,736,5020736,V5,0,[]
COMPAS,shift_age_1.5,737,5020737,V6,0,[]
COMPAS,shift_age_1.5,737,5020737,V5,0,[]
COMPAS,shift_age_1.5,738,5020738,V6,0,[]
COMPAS,shift_age_1.5,738,5020738,V5,0,[]
COMPAS,shift_age_1.5,739,5020739,V6,0,[]
COMPAS,shift_age_1.5,739,5020739,V5,0,[]
COMPAS,shift_age_1.5,740,5020740,V6,0,[]
COMPAS,shift_age_1.5,740,5020740,V5,0,[]
COMPAS,shift_age_1.5,741,5020741,V6,0,[]
COMPAS,shift_age_1.5,741,5020741,V5,0,[]
COMPAS,shift_age_1.5,742,5020742,V6,0,[]
COMPAS,shift_age_1.5,742,5020742,V5,0,[]
COMPAS,shift_age_1.5,743,5020743,V6,0,[]
COMPAS,shift_age_1.5,743,5020743,V5,0,[]
COMPAS,shift_age_1.5,744,5020744,V6,0,[]
COMPAS,shift_age_1.5,744,5020744,V5,0,[]
COMPAS,shift_age_1.5,745,5020745,V6,0,[]
COMPAS,shift_age_1.5,745,5020745,V5,0,[]
COMPAS,shift_age_1.5,746,5020746,V6,0,[]
COMPAS,shift_age_1.5,746,5020746,V5,0,[]
COMPAS,shift_age_1.5,747,5020747,V6,0,[]
COMPAS,shift_age_1.5,747,5020747,V5,1,"[[""priors_count""]]"
COMPAS,shift_age_1.5,748,5020748,V6,0,[]
COMPAS,shift_age_1.5,748,5020748,V5,0,[]
COMPAS,shift_age_1.5,749,5020749,V6,0,[]
COMPAS,shift_age_1.5,749,5020749,V5,0,[]
COMPAS,shift_age_1.5,750,5020750,V6,0,[]
COMPAS,shift_age_1.5,750,5020750,V5,0,[]
COMPAS,shift_age_1.5,751,5020751,V6,0,[]
COMPAS,shift_age_1.5,751,5020751,V5,0,[]
COMPAS,shift_age_1.5,752,5020752,V6,0,[]
COMPAS,shift_age_1.5,752,5020752,V5,0,[]
COMPAS,shift_age_1.5,753,5020753,V6,0,[]
COMPAS,shift_age_1.5,753,5020753,V5,0,[]
COMPAS,shift_age_1.5,754,5020754,V6,0,[]
COMPAS,shift_age_1.5,754,5020754,V5,0,[]
COMPAS,shift_age_1.5,755,5020755,V6,0,[]
COMPAS,shift_age_1.5,755,5020755,V5,0,[]
COMPAS,shift_age_1.5,756,5020756,V6,0,[]
COMPAS,shift_age_1.5,756,5020756,V5,0,[]
COMPAS,shift_age_1.5,757,5020757,V6,0,[]
COMPAS,shift_age_1.5,757,5020757,V5,0,[]
COMPAS,shift_age_1.5,758,5020758,V6,0,[]
COMPAS,shift_age_1.5,758,5020758,V5,0,[]
COMPAS,shift_age_1.5,759,5020759,V6,0,[]
COMPAS,shift_age_1.5,759,5020759,V5,0,[]
COMPAS,shift_age_1.5,760,5020760,V6,0,[]
COMPAS,shift_age_1.5,760,5020760,V5,0,[]
COMPAS,shift_age_1.5,761,5020761,V6,0,[]
COMPAS,shift_age_1.5,761,5020761,V5,0,[]
COMPAS,shift_age_1.5,762,5020762,V6,0,[]
COMPAS,shift_age_1.5,762,5020762,V5,0,[]
COMPAS,shift_age_1.5,763,5020763,V6,0,[]
COMPAS,shift_age_1.5,763,5020763,V5,0,[]
COMPAS,shift_age_1.5,764,5020764,V6,0,[]
COMPAS,shift_age_1.5,764,5020764,V5,0,[]
COMPAS,shift_age_1.5,765,5020765,V6,0,[]
COMPAS,shift_age_1.5,765,5020765,V5,0,[]
COMPAS,shift_age_1.5,766,5020766,V6,0,[]
COMPAS,shift_age_1.5,766,5020766,V5,0,[]
COMPAS,shift_age_1.5,767,5020767,V6,0,[]
COMPAS,shift_age_1.5,767,5020767,V5,0,[]
COMPAS,shift_age_1.5,768,5020768,V6,0,[]
COMPAS,shift_age_1.5,768,5020768,V5,0,[]
COMPAS,shift_age_1.5,769,5020769,V6,0,[]
COMPAS,shift_age_1.5,769,5020769,V5,0,[]
COMPAS,shift_age_1.5,770,5020770,V6,0,[]
COMPAS,shift_age_1.5,770,5020770,V5,0,[]
COMPAS,shift_age_1.5,771,5020771,V6,0,[]
COMPAS,shift_age_1.5,771,5020771,V5,0,[]
COMPAS,shift_age_1.5,772,5020772,V6,0,[]
COMPAS,shift_age_1.5,772,5020772,V5,0,[]
COMPAS,shift_age_1.5,773,5020773,V6,0,[]
COMPAS,shift_age_1.5,773,5020773,V5,0,[]
COMPAS,shift_age_1.5,774,5020774,V6,0,[]
COMPAS,shift_age_1.5,774,5020774,V5,0,[]
COMPAS,shift_age_1.5,775,5020775,V6,0,[]
COMPAS,shift_age_1.5,775,5020775,V5,0,[]
COMPAS,shift_age_1.5,776,5020776,V6,0,[]
COMPAS,shift_age_1.5,776,5020776,V5,0,[]
COMPAS,shift_age_1.5,777,5020777,V6,0,[]
COMPAS,shift_age_1.5,777,5020777,V5,0,[]
COMPAS,shift_age_1.5,778,5020778,V6,0,[]
COMPAS,shift_age_1.5,778,5020778,V5,0,[]
COMPAS,shift_age_1.5,779,5020779,V6,0,[]
COMPAS,shift_age_1.5,779,5020779,V5,0,[]
COMPAS,shift_age_1.5,780,5020780,V6,0,[]
COMPAS,shift_age_1.5,780,5020780,V5,0,[]
COMPAS,shift_age_1.5,781,5020781,V6,0,[]
COMPAS,shift_age_1.5,781,5020781,V5,0,[]
COMPAS,shift_age_1.5,782,5020782,V6,0,[]
COMPAS,shift_age_1.5,782,5020782,V5,0,[]
COMPAS,shift_age_1.5,783,5020783,V6,0,[]
COMPAS,shift_age_1.5,783,5020783,V5,0,[]
COMPAS,shift_age_1.5,784,5020784,V6,0,[]
COMPAS,shift_age_1.5,784,5020784,V5,0,[]
COMPAS,shift_age_1.5,785,5020785,V6,0,[]
COMPAS,shift_age_1.5,785,5020785,V5,0,[]
COMPAS,shift_age_1.5,786,5020786,V6,0,[]
COMPAS,shift_age_1.5,786,5020786,V5,0,[]
COMPAS,shift_age_1.5,787,5020787,V6,0,[]
COMPAS,shift_age_1.5,787,5020787,V5,0,[]
COMPAS,shift_age_1.5,788,5020788,V6,0,[]
COMPAS,shift_age_1.5,788,5020788,V5,0,[]
COMPAS,shift_age_1.5,789,5020789,V6,0,[]
COMPAS,shift_age_1.5,789,5020789,V5,0,[]
COMPAS,shift_age_1.5,790,5020790,V6,0,[]
COMPAS,shift_age_1.5,790,5020790,V5,0,[]
COMPAS,shift_age_1.5,791,5020791,V6,0,[]
COMPAS,shift_age_1.5,791,5020791,V5,1,"[[""priors_count""]]"
COMPAS,shift_age_1.5,792,5020792,V6,0,[]
COMPAS,shift_age_1.5,792,5020792,V5,0,[]
COMPAS,shift_age_1.5,793,5020793,V6,0,[]
COMPAS,shift_age_1.5,793,5020793,V5,0,[]
COMPAS,shift_age_1.5,794,5020794,V6,0,[]
COMPAS,shift_age_1.5,794,5020794,V5,0,[]
COMPAS,shift_age_1.5,795,5020795,V6,0,[]
COMPAS,shift_age_1.5,795,5020795,V5,0,[]
COMPAS,shift_age_1.5,796,5020796,V6,0,[]
COMPAS,shift_age_1.5,796,5020796,V5,0,[]
COMPAS,shift_age_1.5,797,5020797,V6,0,[]
COMPAS,shift_age_1.5,797,5020797,V5,0,[]
COMPAS,shift_age_1.5,798,5020798,V6,0,[]
COMPAS,shift_age_1.5,798,5020798,V5,0,[]
COMPAS,shift_age_1.5,799,5020799,V6,0,[]
COMPAS,shift_age_1.5,799,5020799,V5,0,[]
COMPAS,shift_age_1.5,800,5020800,V6,0,[]
COMPAS,shift_age_1.5,800,5020800,V5,0,[]
COMPAS,shift_age_1.5,801,5020801,V6,0,[]
COMPAS,shift_age_1.5,801,5020801,V5,0,[]
COMPAS,shift_age_1.5,802,5020802,V6,0,[]
COMPAS,shift_age_1.5,802,5020802,V5,0,[]
COMPAS,shift_age_1.5,803,5020803,V6,0,[]
COMPAS,shift_age_1.5,803,5020803,V5,0,[]
COMPAS,shift_age_1.5,804,5020804,V6,0,[]
COMPAS,shift_age_1.5,804,5020804,V5,0,[]
COMPAS,shift_age_1.5,805,5020805,V6,0,[]
COMPAS,shift_age_1.5,805,5020805,V5,0,[]
COMPAS,shift_age_1.5,806,5020806,V6,0,[]
COMPAS,shift_age_1.5,806,5020806,V5,0,[]
COMPAS,shift_age_1.5,807,5020807,V6,0,[]
COMPAS,shift_age_1.5,807,5020807,V5,0,[]
COMPAS,shift_age_1.5,808,5020808,V6,0,[]
COMPAS,shift_age_1.5,808,5020808,V5,0,[]
COMPAS,shift_age_1.5,809,5020809,V6,0,[]
COMPAS,shift_age_1.5,809,5020809,V5,0,[]
COMPAS,shift_age_1.5,810,5020810,V6,0,[]
COMPAS,shift_age_1.5,810,5020810,V5,0,[]
COMPAS,shift_age_1.5,811,5020811,V6,0,[]
COMPAS,shift_age_1.5,811,5020811,V5,0,[]
COMPAS,shift_age_1.5,812,5020812,V6,0,[]
COMPAS,shift_age_1.5,812,5020812,V5,0,[]
COMPAS,shift_age_1.5,813,5020813,V6,0,[]
COMPAS,shift_age_1.5,813,5020813,V5,0,[]
COMPAS,shift_age_1.5,814,5020814,V6,0,[]
COMPAS,shift_age_1.5,814,5020814,V5,0,[]
COMPAS,shift_age_1.5,815,5020815,V6,0,[]
COMPAS,shift_age_1.5,815,5020815,V5,0,[]
COMPAS,shift_age_1.5,816,5020816,V6,0,[]
COMPAS,shift_age_1.5,816,5020816,V5,0,[]
COMPAS,shift_age_1.5,817,5020817,V6,0,[]
COMPAS,shift_age_1.5,817,5020817,V5,0,[]
COMPAS,shift_age_1.5,818,5020818,V6,0,[]
COMPAS,shift_age_1.5,818,5020818,V5,0,[]
COMPAS,shift_age_1.5,819,5020819,V6,0,[]
COMPAS,shift_age_1.5,819,5020819,V5,0,[]
COMPAS,shift_age_1.5,820,5020820,V6,0,[]
COMPAS,shift_age_1.5,820,5020820,V5,0,[]
COMPAS,shift_age_1.5,821,5020821,V6,0,[]
COMPAS,shift_age_1.5,821,5020821,V5,0,[]
COMPAS,shift_age_1.5,822,5020822,V6,0,[]
COMPAS,shift_age_1.5,822,5020822,V5,0,[]
COMPAS,shift_age_1.5,823,5020823,V6,0,[]
COMPAS,shift_age_1.5,823,5020823,V5,0,[]
COMPAS,shift_age_1.5,824,5020824,V6,1,"[[""sex""]]"
COMPAS,shift_age_1.5,824,5020824,V5,1,"[[""sex""]]"
COMPAS,shift_age_1.5,825,5020825,V6,0,[]
COMPAS,shift_age_1.5,825,5020825,V5,0,[]
COMPAS,shift_age_1.5,826,5020826,V6,0,[]
COMPAS,shift_age_1.5,826,5020826,V5,0,[]
COMPAS,shift_age_1.5,827,5020827,V6,0,[]
COMPAS,shift_age_1.5,827,5020827,V5,0,[]
COMPAS,shift_age_1.5,828,5020828,V6,0,[]
COMPAS,shift_age_1.5,828,5020828,V5,0,[]
COMPAS,shift_age_1.5,829,5020829,V6,0,[]
COMPAS,shift_age_1.5,829,5020829,V5,0,[]
COMPAS,shift_age_1.5,830,5020830,V6,0,[]
COMPAS,shift_age_1.5,830,5020830,V5,0,[]
COMPAS,shift_age_1.5,831,5020831,V6,0,[]
COMPAS,shift_age_1.5,831,5020831,V5,0,[]
COMPAS,shift_age_1.5,832,5020832,V6,0,[]
COMPAS,shift_age_1.5,832,5020832,V5,0,[]
COMPAS,shift_age_1.5,833,5020833,V6,0,[]
COMPAS,shift_age_1.5,833,5020833,V5,0,[]
COMPAS,shift_age_1.5,834,5020834,V6,0,[]
COMPAS,shift_age_1.5,834,5020834,V5,0,[]
COMPAS,shift_age_1.5,835,5020835,V6,0,[]
COMPAS,shift_age_1.5,835,5020835,V5,0,[]
COMPAS,shift_age_1.5,836,5020836,V6,0,[]
COMPAS,shift_age_1.5,836,5020836,V5,0,[]
COMPAS,shift_age_1.5,837,5020837,V6,0,[]
COMPAS,shift_age_1.5,837,5020837,V5,0,[]
COMPAS,shift_age_1.5,838,5020838,V6,0,[]
COMPAS,shift_age_1.5,838,5020838,V5,0,[]
COMPAS,shift_age_1.5,839,5020839,V6,0,[]
COMPAS,shift_age_1.5,839,5020839,V5,0,[]
COMPAS,shift_age_1.5,840,5020840,V6,0,[]
COMPAS,shift_age_1.5,840,5020840,V5,0,[]
COMPAS,shift_age_1.5,841,5020841,V6,0,[]
COMPAS,shift_age_1.5,841,5020841,V5,0,[]
COMPAS,shift_age_1.5,842,5020842,V6,0,[]
COMPAS,shift_age_1.5,842,5020842,V5,0,[]
COMPAS,shift_age_1.5,843,5020843,V6,0,[]
COMPAS,shift_age_1.5,843,5020843,V5,0,[]
COMPAS,shift_age_1.5,844,5020844,V6,0,[]
COMPAS,shift_age_1.5,844,5020844,V5,0,[]
COMPAS,shift_age_1.5,845,5020845,V6,0,[]
COMPAS,shift_age_1.5,845,5020845,V5,0,[]
COMPAS,shift_age_1.5,846,5020846,V6,0,[]
COMPAS,shift_age_1.5,846,5020846,V5,0,[]
COMPAS,shift_age_1.5,847,5020847,V6,0,[]
COMPAS,shift_age_1.5,847,5020847,V5,0,[]
COMPAS,shift_age_1.5,848,5020848,V6,0,[]
COMPAS,shift_age_1.5,848,5020848,V5,0,[]
COMPAS,shift_age_1.5,849,5020849,V6,0,[]
COMPAS,shift_age_1.5,849,5020849,V5,0,[]
COMPAS,shift_age_1.5,850,5020850,V6,0,[]
COMPAS,shift_age_1.5,850,5020850,V5,0,[]
COMPAS,shift_age_1.5,851,5020851,V6,0,[]
COMPAS,shift_age_1.5,851,5020851,V5,0,[]
COMPAS,shift_age_1.5,852,5020852,V6,0,[]
COMPAS,shift_age_1.5,852,5020852,V5,0,[]
COMPAS,shift_age_1.5,853,5020853,V6,0,[]
COMPAS,shift_age_1.5,853,5020853,V5,0,[]
COMPAS,shift_age_1.5,854,5020854,V6,0,[]
COMPAS,shift_age_1.5,854,5020854,V5,0,[]
COMPAS,shift_age_1.5,855,5020855,V6,0,[]
COMPAS,shift_age_1.5,855,5020855,V5,0,[]
COMPAS,shift_age_1.5,856,5020856,V6,0,[]
COMPAS,shift_age_1.5,856,5020856,V5,0,[]
COMPAS,shift_age_1.5,857,5020857,V6,0,[]
COMPAS,shift_age_1.5,857,5020857,V5,0,[]
COMPAS,shift_age_1.5,858,5020858,V6,0,[]
COMPAS,shift_age_1.5,858,5020858,V5,0,[]
COMPAS,shift_age_1.5,859,5020859,V6,0,[]
COMPAS,shift_age_1.5,859,5020859,V5,0,[]
COMPAS,shift_age_1.5,860,5020860,V6,0,[]
COMPAS,shift_age_1.5,860,5020860,V5,0,[]
COMPAS,shift_age_1.5,861,5020861,V6,0,[]
COMPAS,shift_age_1.5,861,5020861,V5,0,[]
COMPAS,shift_age_1.5,862,5020862,V6,0,[]
COMPAS,shift_age_1.5,862,5020862,V5,0,[]
COMPAS,shift_age_1.5,863,5020863,V6,0,[]
COMPAS,shift_age_1.5,863,5020863,V5,0,[]
COMPAS,shift_age_1.5,864,5020864,V6,0,[]
COMPAS,shift_age_1.5,864,5020864,V5,0,[]
COMPAS,shift_age_1.5,865,5020865,V6,0,[]
COMPAS,shift_age_1.5,865,5020865,V5,0,[]
COMPAS,shift_age_1.5,866,5020866,V6,0,[]
COMPAS,shift_age_1.5,866,5020866,V5,0,[]
COMPAS,shift_age_1.5,867,5020867,V6,0,[]
COMPAS,shift_age_1.5,867,5020867,V5,0,[]
COMPAS,shift_age_1.5,868,5020868,V6,0,[]
COMPAS,shift_age_1.5,868,5020868,V5,0,[]
COMPAS,shift_age_1.5,869,5020869,V6,0,[]
COMPAS,shift_age_1.5,869,5020869,V5,0,[]
COMPAS,shift_age_1.5,870,5020870,V6,0,[]
COMPAS,shift_age_1.5,870,5020870,V5,0,[]
COMPAS,shift_age_1.5,871,5020871,V6,0,[]
COMPAS,shift_age_1.5,871,5020871,V5,0,[]
COMPAS,shift_age_1.5,872,5020872,V6,0,[]
COMPAS,shift_age_1.5,872,5020872,V5,0,[]
COMPAS,shift_age_1.5,873,5020873,V6,0,[]
COMPAS,shift_age_1.5,873,5020873,V5,0,[]
COMPAS,shift_age_1.5,874,5020874,V6,0,[]
COMPAS,shift_age_1.5,874,5020874,V5,0,[]
COMPAS,shift_age_1.5,875,5020875,V6,0,[]
COMPAS,shift_age_1.5,875,5020875,V5,0,[]
COMPAS,shift_age_1.5,876,5020876,V6,0,[]
COMPAS,shift_age_1.5,876,5020876,V5,1,"[[""age"", ""age_cat""]]"
COMPAS,shift_age_1.5,877,5020877,V6,0,[]
COMPAS,shift_age_1.5,877,5020877,V5,0,[]
COMPAS,shift_age_1.5,878,5020878,V6,0,[]
COMPAS,shift_age_1.5,878,5020878,V5,0,[]
COMPAS,shift_age_1.5,879,5020879,V6,0,[]
COMPAS,shift_age_1.5,879,5020879,V5,0,[]
COMPAS,shift_age_1.5,880,5020880,V6,0,[]
COMPAS,shift_age_1.5,880,5020880,V5,0,[]
COMPAS,shift_age_1.5,881,5020881,V6,0,[]
COMPAS,shift_age_1.5,881,5020881,V5,0,[]
COMPAS,shift_age_1.5,882,5020882,V6,0,[]
COMPAS,shift_age_1.5,882,5020882,V5,0,[]
COMPAS,shift_age_1.5,883,5020883,V6,0,[]
COMPAS,shift_age_1.5,883,5020883,V5,0,[]
COMPAS,shift_age_1.5,884,5020884,V6,0,[]
COMPAS,shift_age_1.5,884,5020884,V5,0,[]
COMPAS,shift_age_1.5,885,5020885,V6,0,[]
COMPAS,shift_age_1.5,885,5020885,V5,0,[]
COMPAS,shift_age_1.5,886,5020886,V6,0,[]
COMPAS,shift_age_1.5,886,5020886,V5,0,[]
COMPAS,shift_age_1.5,887,5020887,V6,0,[]
COMPAS,shift_age_1.5,887,5020887,V5,0,[]
COMPAS,shift_age_1.5,888,5020888,V6,0,[]
COMPAS,shift_age_1.5,888,5020888,V5,0,[]
COMPAS,shift_age_1.5,889,5020889,V6,0,[]
COMPAS,shift_age_1.5,889,5020889,V5,0,[]
COMPAS,shift_age_1.5,890,5020890,V6,0,[]
COMPAS,shift_age_1.5,890,5020890,V5,0,[]
COMPAS,shift_age_1.5,891,5020891,V6,0,[]
COMPAS,shift_age_1.5,891,5020891,V5,0,[]
COMPAS,shift_age_1.5,892,5020892,V6,0,[]
COMPAS,shift_age_1.5,892,5020892,V5,0,[]
COMPAS,shift_age_1.5,893,5020893,V6,0,[]
COMPAS,shift_age_1.5,893,5020893,V5,0,[]
COMPAS,shift_age_1.5,894,5020894,V6,0,[]
COMPAS,shift_age_1.5,894,5020894,V5,0,[]
COMPAS,shift_age_1.5,895,5020895,V6,0,[]
COMPAS,shift_age_1.5,895,5020895,V5,0,[]
COMPAS,shift_age_1.5,896,5020896,V6,0,[]
COMPAS,shift_age_1.5,896,5020896,V5,0,[]
COMPAS,shift_age_1.5,897,5020897,V6,0,[]
COMPAS,shift_age_1.5,897,5020897,V5,1,"[[""priors_count""]]"
COMPAS,shift_age_1.5,898,5020898,V6,0,[]
COMPAS,shift_age_1.5,898,5020898,V5,0,[]
COMPAS,shift_age_1.5,899,5020899,V6,0,[]
COMPAS,shift_age_1.5,899,5020899,V5,0,[]
COMPAS,shift_age_1.5,900,5020900,V6,0,[]
COMPAS,shift_age_1.5,900,5020900,V5,0,[]
COMPAS,shift_age_1.5,901,5020901,V6,0,[]
COMPAS,shift_age_1.5,901,5020901,V5,0,[]
COMPAS,shift_age_1.5,902,5020902,V6,0,[]
COMPAS,shift_age_1.5,902,5020902,V5,0,[]
COMPAS,shift_age_1.5,903,5020903,V6,0,[]
COMPAS,shift_age_1.5,903,5020903,V5,0,[]
COMPAS,shift_age_1.5,904,5020904,V6,0,[]
COMPAS,shift_age_1.5,904,5020904,V5,0,[]
COMPAS,shift_age_1.5,905,5020905,V6,0,[]
COMPAS,shift_age_1.5,905,5020905,V5,0,[]
COMPAS,shift_age_1.5,906,5020906,V6,0,[]
COMPAS,shift_age_1.5,906,5020906,V5,0,[]
COMPAS,shift_age_1.5,907,5020907,V6,0,[]
COMPAS,shift_age_1.5,907,5020907,V5,0,[]
COMPAS,shift_age_1.5,908,5020908,V6,0,[]
COMPAS,shift_age_1.5,908,5020908,V5,0,[]
COMPAS,shift_age_1.5,909,5020909,V6,0,[]
COMPAS,shift_age_1.5,909,5020909,V5,0,[]
COMPAS,shift_age_1.5,910,5020910,V6,0,[]
COMPAS,shift_age_1.5,910,5020910,V5,0,[]
COMPAS,shift_age_1.5,911,5020911,V6,0,[]
COMPAS,shift_age_1.5,911,5020911,V5,0,[]
COMPAS,shift_age_1.5,912,5020912,V6,0,[]
COMPAS,shift_age_1.5,912,5020912,V5,0,[]
COMPAS,shift_age_1.5,913,5020913,V6,0,[]
COMPAS,shift_age_1.5,913,5020913,V5,0,[]
COMPAS,shift_age_1.5,914,5020914,V6,0,[]
COMPAS,shift_age_1.5,914,5020914,V5,0,[]
COMPAS,shift_age_1.5,915,5020915,V6,0,[]
COMPAS,shift_age_1.5,915,5020915,V5,0,[]
COMPAS,shift_age_1.5,916,5020916,V6,0,[]
COMPAS,shift_age_1.5,916,5020916,V5,0,[]
COMPAS,shift_age_1.5,917,5020917,V6,0,[]
COMPAS,shift_age_1.5,917,5020917,V5,0,[]
COMPAS,shift_age_1.5,918,5020918,V6,0,[]
COMPAS,shift_age_1.5,918,5020918,V5,0,[]
COMPAS,shift_age_1.5,919,5020919,V6,0,[]
COMPAS,shift_age_1.5,919,5020919,V5,0,[]
COMPAS,shift_age_1.5,920,5020920,V6,0,[]
COMPAS,shift_age_1.5,920,5020920,V5,0,[]
COMPAS,shift_age_1.5,921,5020921,V6,0,[]
COMPAS,shift_age_1.5,921,5020921,V5,0,[]
COMPAS,shift_age_1.5,922,5020922,V6,0,[]
COMPAS,shift_age_1.5,922,5020922,V5,0,[]
COMPAS,shift_age_1.5,923,5020923,V6,0,[]
COMPAS,shift_age_1.5,923,5020923,V5,0,[]
COMPAS,shift_age_1.5,924,5020924,V6,0,[]
COMPAS,shift_age_1.5,924,5020924,V5,0,[]
COMPAS,shift_age_1.5,925,5020925,V6,0,[]
COMPAS,shift_age_1.5,925,5020925,V5,0,[]
COMPAS,shift_age_1.5,926,5020926,V6,0,[]
COMPAS,shift_age_1.5,926,5020926,V5,0,[]
COMPAS,shift_age_1.5,927,5020927,V6,0,[]
COMPAS,shift_age_1.5,927,5020927,V5,0,[]
COMPAS,shift_age_1.5,928,5020928,V6,0,[]
COMPAS,shift_age_1.5,928,5020928,V5,0,[]
COMPAS,shift_age_1.5,929,5020929,V6,0,[]
COMPAS,shift_age_1.5,929,5020929,V5,0,[]
COMPAS,shift_age_1.5,930,5020930,V6,1,"[[""race""], [""juv_fel_count""]]"
COMPAS,shift_age_1.5,930,5020930,V5,0,[]
COMPAS,shift_age_1.5,931,5020931,V6,0,[]
COMPAS,shift_age_1.5,931,5020931,V5,0,[]
COMPAS,shift_age_1.5,932,5020932,V6,0,[]
COMPAS,shift_age_1.5,932,5020932,V5,0,[]
COMPAS,shift_age_1.5,933,5020933,V6,0,[]
COMPAS,shift_age_1.5,933,5020933,V5,0,[]
COMPAS,shift_age_1.5,934,5020934,V6,0,[]
COMPAS,shift_age_1.5,934,5020934,V5,0,[]
COMPAS,shift_age_1.5,935,5020935,V6,0,[]
COMPAS,shift_age_1.5,935,5020935,V5,0,[]
COMPAS,shift_age_1.5,936,5020936,V6,0,[]
COMPAS,shift_age_1.5,936,5020936,V5,0,[]
COMPAS,shift_age_1.5,937,5020937,V6,0,[]
COMPAS,shift_age_1.5,937,5020937,V5,0,[]
COMPAS,shift_age_1.5,938,5020938,V6,0,[]
COMPAS,shift_age_1.5,938,5020938,V5,0,[]
COMPAS,shift_age_1.5,939,5020939,V6,0,[]
COMPAS,shift_age_1.5,939,5020939,V5,0,[]
COMPAS,shift_age_1.5,940,5020940,V6,0,[]
COMPAS,shift_age_1.5,940,5020940,V5,0,[]
COMPAS,shift_age_1.5,941,5020941,V6,0,[]
COMPAS,shift_age_1.5,941,5020941,V5,0,[]
COMPAS,shift_age_1.5,942,5020942,V6,0,[]
COMPAS,shift_age_1.5,942,5020942,V5,0,[]
COMPAS,shift_age_1.5,943,5020943,V6,0,[]
COMPAS,shift_age_1.5,943,5020943,V5,0,[]
COMPAS,shift_age_1.5,944,5020944,V6,0,[]
COMPAS,shift_age_1.5,944,5020944,V5,0,[]
COMPAS,shift_age_1.5,945,5020945,V6,1,"[[""juv_other_count""]]"
COMPAS,shift_age_1.5,945,5020945,V5,0,[]
COMPAS,shift_age_1.5,946,5020946,V6,0,[]
COMPAS,shift_age_1.5,946,5020946,V5,0,[]
COMPAS,shift_age_1.5,947,5020947,V6,0,[]
COMPAS,shift_age_1.5,947,5020947,V5,0,[]
COMPAS,shift_age_1.5,948,5020948,V6,0,[]
COMPAS,shift_age_1.5,948,5020948,V5,0,[]
COMPAS,shift_age_1.5,949,5020949,V6,0,[]
COMPAS,shift_age_1.5,949,5020949,V5,0,[]
COMPAS,shift_age_1.5,950,5020950,V6,0,[]
COMPAS,shift_age_1.5,950,5020950,V5,0,[]
COMPAS,shift_age_1.5,951,5020951,V6,0,[]
COMPAS,shift_age_1.5,951,5020951,V5,0,[]
COMPAS,shift_age_1.5,952,5020952,V6,0,[]
COMPAS,shift_age_1.5,952,5020952,V5,0,[]
COMPAS,shift_age_1.5,953,5020953,V6,0,[]
COMPAS,shift_age_1.5,953,5020953,V5,0,[]
COMPAS,shift_age_1.5,954,5020954,V6,0,[]
COMPAS,shift_age_1.5,954,5020954,V5,0,[]
COMPAS,shift_age_1.5,955,5020955,V6,0,[]
COMPAS,shift_age_1.5,955,5020955,V5,0,[]
COMPAS,shift_age_1.5,956,5020956,V6,0,[]
COMPAS,shift_age_1.5,956,5020956,V5,0,[]
COMPAS,shift_age_1.5,957,5020957,V6,0,[]
COMPAS,shift_age_1.5,957,5020957,V5,0,[]
COMPAS,shift_age_1.5,958,5020958,V6,0,[]
COMPAS,shift_age_1.5,958,5020958,V5,0,[]
COMPAS,shift_age_1.5,959,5020959,V6,0,[]
COMPAS,shift_age_1.5,959,5020959,V5,0,[]
COMPAS,shift_age_1.5,960,5020960,V6,0,[]
COMPAS,shift_age_1.5,960,5020960,V5,0,[]
COMPAS,shift_age_1.5,961,5020961,V6,0,[]
COMPAS,shift_age_1.5,961,5020961,V5,0,[]
COMPAS,shift_age_1.5,962,5020962,V6,0,[]
COMPAS,shift_age_1.5,962,5020962,V5,0,[]
COMPAS,shift_age_1.5,963,5020963,V6,0,[]
COMPAS,shift_age_1.5,963,5020963,V5,1,"[[""priors_count""]]"
COMPAS,shift_age_1.5,964,5020964,V6,0,[]
COMPAS,shift_age_1.5,964,5020964,V5,0,[]
COMPAS,shift_age_1.5,965,5020965,V6,0,[]
COMPAS,shift_age_1.5,965,5020965,V5,0,[]
COMPAS,shift_age_1.5,966,5020966,V6,0,[]
COMPAS,shift_age_1.5,966,5020966,V5,0,[]
COMPAS,shift_age_1.5,967,5020967,V6,0,[]
COMPAS,shift_age_1.5,967,5020967,V5,0,[]
COMPAS,shift_age_1.5,968,5020968,V6,0,[]
COMPAS,shift_age_1.5,968,5020968,V5,0,[]
COMPAS,shift_age_1.5,969,5020969,V6,0,[]
COMPAS,shift_age_1.5,969,5020969,V5,0,[]
COMPAS,shift_age_1.5,970,5020970,V6,0,[]
COMPAS,shift_age_1.5,970,5020970,V5,0,[]
COMPAS,shift_age_1.5,971,5020971,V6,0,[]
COMPAS,shift_age_1.5,971,5020971,V5,0,[]
COMPAS,shift_age_1.5,972,5020972,V6,0,[]
COMPAS,shift_age_1.5,972,5020972,V5,0,[]
COMPAS,shift_age_1.5,973,5020973,V6,0,[]
COMPAS,shift_age_1.5,973,5020973,V5,0,[]
COMPAS,shift_age_1.5,974,5020974,V6,0,[]
COMPAS,shift_age_1.5,974,5020974,V5,0,[]
COMPAS,shift_age_1.5,975,5020975,V6,0,[]
COMPAS,shift_age_1.5,975,5020975,V5,0,[]
COMPAS,shift_age_1.5,976,5020976,V6,0,[]
COMPAS,shift_age_1.5,976,5020976,V5,0,[]
COMPAS,shift_age_1.5,977,5020977,V6,0,[]
COMPAS,shift_age_1.5,977,5020977,V5,0,[]
COMPAS,shift_age_1.5,978,5020978,V6,0,[]
COMPAS,shift_age_1.5,978,5020978,V5,0,[]
COMPAS,shift_age_1.5,979,5020979,V6,0,[]
COMPAS,shift_age_1.5,979,5020979,V5,0,[]
COMPAS,shift_age_1.5,980,5020980,V6,0,[]
COMPAS,shift_age_1.5,980,5020980,V5,0,[]
COMPAS,shift_age_1.5,981,5020981,V6,0,[]
COMPAS,shift_age_1.5,981,5020981,V5,0,[]
COMPAS,shift_age_1.5,982,5020982,V6,0,[]
COMPAS,shift_age_1.5,982,5020982,V5,0,[]
COMPAS,shift_age_1.5,983,5020983,V6,0,[]
COMPAS,shift_age_1.5,983,5020983,V5,0,[]
COMPAS,shift_age_1.5,984,5020984,V6,0,[]
COMPAS,shift_age_1.5,984,5020984,V5,0,[]
COMPAS,shift_age_1.5,985,5020985,V6,0,[]
COMPAS,shift_age_1.5,985,5020985,V5,0,[]
COMPAS,shift_age_1.5,986,5020986,V6,0,[]
COMPAS,shift_age_1.5,986,5020986,V5,0,[]
COMPAS,shift_age_1.5,987,5020987,V6,0,[]
COMPAS,shift_age_1.5,987,5020987,V5,0,[]
COMPAS,shift_age_1.5,988,5020988,V6,0,[]
COMPAS,shift_age_1.5,988,5020988,V5,0,[]
COMPAS,shift_age_1.5,989,5020989,V6,0,[]
COMPAS,shift_age_1.5,989,5020989,V5,0,[]
COMPAS,shift_age_1.5,990,5020990,V6,0,[]
COMPAS,shift_age_1.5,990,5020990,V5,0,[]
COMPAS,shift_age_1.5,991,5020991,V6,0,[]
COMPAS,shift_age_1.5,991,5020991,V5,0,[]
COMPAS,shift_age_1.5,992,5020992,V6,0,[]
COMPAS,shift_age_1.5,992,5020992,V5,0,[]
COMPAS,shift_age_1.5,993,5020993,V6,0,[]
COMPAS,shift_age_1.5,993,5020993,V5,0,[]
COMPAS,shift_age_1.5,994,5020994,V6,0,[]
COMPAS,shift_age_1.5,994,5020994,V5,0,[]
COMPAS,shift_age_1.5,995,5020995,V6,0,[]
COMPAS,shift_age_1.5,995,5020995,V5,0,[]
COMPAS,shift_age_1.5,996,5020996,V6,0,[]
COMPAS,shift_age_1.5,996,5020996,V5,0,[]
COMPAS,shift_age_1.5,997,5020997,V6,0,[]
COMPAS,shift_age_1.5,997,5020997,V5,0,[]
COMPAS,shift_age_1.5,998,5020998,V6,0,[]
COMPAS,shift_age_1.5,998,5020998,V5,0,[]
COMPAS,shift_age_1.5,999,5020999,V6,0,[]
COMPAS,shift_age_1.5,999,5020999,V5,0,[]
German Credit,clean,0,5100000,V6,0,[]
German Credit,clean,0,5100000,V5,0,[]
German Credit,clean,1,5100001,V6,0,[]
German Credit,clean,1,5100001,V5,0,[]
German Credit,clean,2,5100002,V6,0,[]
German Credit,clean,2,5100002,V5,0,[]
German Credit,clean,3,5100003,V6,0,[]
German Credit,clean,3,5100003,V5,0,[]
German Credit,clean,4,5100004,V6,0,[]
German Credit,clean,4,5100004,V5,0,[]
German Credit,clean,5,5100005,V6,0,[]
German Credit,clean,5,5100005,V5,0,[]
German Credit,clean,6,5100006,V6,0,[]
German Credit,clean,6,5100006,V5,0,[]
German Credit,clean,7,5100007,V6,0,[]
German Credit,clean,7,5100007,V5,0,[]
German Credit,clean,8,5100008,V6,0,[]
German Credit,clean,8,5100008,V5,0,[]
German Credit,clean,9,5100009,V6,0,[]
German Credit,clean,9,5100009,V5,0,[]
German Credit,clean,10,5100010,V6,0,[]
German Credit,clean,10,5100010,V5,0,[]
German Credit,clean,11,5100011,V6,0,[]
German Credit,clean,11,5100011,V5,0,[]
German Credit,clean,12,5100012,V6,0,[]
German Credit,clean,12,5100012,V5,0,[]
German Credit,clean,13,5100013,V6,0,[]
German Credit,clean,13,5100013,V5,0,[]
German Credit,clean,14,5100014,V6,0,[]
German Credit,clean,14,5100014,V5,0,[]
German Credit,clean,15,5100015,V6,0,[]
German Credit,clean,15,5100015,V5,0,[]
German Credit,clean,16,5100016,V6,0,[]
German Credit,clean,16,5100016,V5,0,[]
German Credit,clean,17,5100017,V6,0,[]
German Credit,clean,17,5100017,V5,0,[]
German Credit,clean,18,5100018,V6,0,[]
German Credit,clean,18,5100018,V5,0,[]
German Credit,clean,19,5100019,V6,0,[]
German Credit,clean,19,5100019,V5,0,[]
German Credit,clean,20,5100020,V6,0,[]
German Credit,clean,20,5100020,V5,0,[]
German Credit,clean,21,5100021,V6,0,[]
German Credit,clean,21,5100021,V5,0,[]
German Credit,clean,22,5100022,V6,0,[]
German Credit,clean,22,5100022,V5,0,[]
German Credit,clean,23,5100023,V6,0,[]
German Credit,clean,23,5100023,V5,0,[]
German Credit,clean,24,5100024,V6,0,[]
German Credit,clean,24,5100024,V5,0,[]
German Credit,clean,25,5100025,V6,0,[]
German Credit,clean,25,5100025,V5,0,[]
German Credit,clean,26,5100026,V6,0,[]
German Credit,clean,26,5100026,V5,0,[]
German Credit,clean,27,5100027,V6,0,[]
German Credit,clean,27,5100027,V5,0,[]
German Credit,clean,28,5100028,V6,0,[]
German Credit,clean,28,5100028,V5,0,[]
German Credit,clean,29,5100029,V6,0,[]
German Credit,clean,29,5100029,V5,0,[]
German Credit,clean,30,5100030,V6,0,[]
German Credit,clean,30,5100030,V5,0,[]
German Credit,clean,31,5100031,V6,0,[]
German Credit,clean,31,5100031,V5,0,[]
German Credit,clean,32,5100032,V6,0,[]
German Credit,clean,32,5100032,V5,0,[]
German Credit,clean,33,5100033,V6,0,[]
German Credit,clean,33,5100033,V5,0,[]
German Credit,clean,34,5100034,V6,0,[]
German Credit,clean,34,5100034,V5,0,[]
German Credit,clean,35,5100035,V6,0,[]
German Credit,clean,35,5100035,V5,0,[]
German Credit,clean,36,5100036,V6,0,[]
German Credit,clean,36,5100036,V5,0,[]
German Credit,clean,37,5100037,V6,0,[]
German Credit,clean,37,5100037,V5,0,[]
German Credit,clean,38,5100038,V6,0,[]
German Credit,clean,38,5100038,V5,0,[]
German Credit,clean,39,5100039,V6,0,[]
German Credit,clean,39,5100039,V5,0,[]
German Credit,clean,40,5100040,V6,0,[]
German Credit,clean,40,5100040,V5,0,[]
German Credit,clean,41,5100041,V6,0,[]
German Credit,clean,41,5100041,V5,0,[]
German Credit,clean,42,5100042,V6,0,[]
German Credit,clean,42,5100042,V5,0,[]
German Credit,clean,43,5100043,V6,0,[]
German Credit,clean,43,5100043,V5,0,[]
German Credit,clean,44,5100044,V6,0,[]
German Credit,clean,44,5100044,V5,0,[]
German Credit,clean,45,5100045,V6,0,[]
German Credit,clean,45,5100045,V5,0,[]
German Credit,clean,46,5100046,V6,0,[]
German Credit,clean,46,5100046,V5,0,[]
German Credit,clean,47,5100047,V6,0,[]
German Credit,clean,47,5100047,V5,0,[]
German Credit,clean,48,5100048,V6,0,[]
German Credit,clean,48,5100048,V5,0,[]
German Credit,clean,49,5100049,V6,0,[]
German Credit,clean,49,5100049,V5,0,[]
German Credit,clean,50,5100050,V6,0,[]
German Credit,clean,50,5100050,V5,0,[]
German Credit,clean,51,5100051,V6,0,[]
German Credit,clean,51,5100051,V5,0,[]
German Credit,clean,52,5100052,V6,0,[]
German Credit,clean,52,5100052,V5,0,[]
German Credit,clean,53,5100053,V6,0,[]
German Credit,clean,53,5100053,V5,0,[]
German Credit,clean,54,5100054,V6,0,[]
German Credit,clean,54,5100054,V5,0,[]
German Credit,clean,55,5100055,V6,0,[]
German Credit,clean,55,5100055,V5,0,[]
German Credit,clean,56,5100056,V6,0,[]
German Credit,clean,56,5100056,V5,0,[]
German Credit,clean,57,5100057,V6,0,[]
German Credit,clean,57,5100057,V5,0,[]
German Credit,clean,58,5100058,V6,0,[]
German Credit,clean,58,5100058,V5,0,[]
German Credit,clean,59,5100059,V6,0,[]
German Credit,clean,59,5100059,V5,0,[]
German Credit,clean,60,5100060,V6,0,[]
German Credit,clean,60,5100060,V5,0,[]
German Credit,clean,61,5100061,V6,0,[]
German Credit,clean,61,5100061,V5,0,[]
German Credit,clean,62,5100062,V6,0,[]
German Credit,clean,62,5100062,V5,0,[]
German Credit,clean,63,5100063,V6,0,[]
German Credit,clean,63,5100063,V5,0,[]
German Credit,clean,64,5100064,V6,0,[]
German Credit,clean,64,5100064,V5,0,[]
German Credit,clean,65,5100065,V6,0,[]
German Credit,clean,65,5100065,V5,0,[]
German Credit,clean,66,5100066,V6,0,[]
German Credit,clean,66,5100066,V5,0,[]
German Credit,clean,67,5100067,V6,0,[]
German Credit,clean,67,5100067,V5,0,[]
German Credit,clean,68,5100068,V6,0,[]
German Credit,clean,68,5100068,V5,0,[]
German Credit,clean,69,5100069,V6,0,[]
German Credit,clean,69,5100069,V5,0,[]
German Credit,clean,70,5100070,V6,0,[]
German Credit,clean,70,5100070,V5,0,[]
German Credit,clean,71,5100071,V6,0,[]
German Credit,clean,71,5100071,V5,0,[]
German Credit,clean,72,5100072,V6,0,[]
German Credit,clean,72,5100072,V5,0,[]
German Credit,clean,73,5100073,V6,0,[]
German Credit,clean,73,5100073,V5,0,[]
German Credit,clean,74,5100074,V6,0,[]
German Credit,clean,74,5100074,V5,0,[]
German Credit,clean,75,5100075,V6,0,[]
German Credit,clean,75,5100075,V5,0,[]
German Credit,clean,76,5100076,V6,0,[]
German Credit,clean,76,5100076,V5,0,[]
German Credit,clean,77,5100077,V6,0,[]
German Credit,clean,77,5100077,V5,0,[]
German Credit,clean,78,5100078,V6,0,[]
German Credit,clean,78,5100078,V5,0,[]
German Credit,clean,79,5100079,V6,0,[]
German Credit,clean,79,5100079,V5,0,[]
German Credit,clean,80,5100080,V6,0,[]
German Credit,clean,80,5100080,V5,0,[]
German Credit,clean,81,5100081,V6,0,[]
German Credit,clean,81,5100081,V5,0,[]
German Credit,clean,82,5100082,V6,0,[]
German Credit,clean,82,5100082,V5,0,[]
German Credit,clean,83,5100083,V6,0,[]
German Credit,clean,83,5100083,V5,0,[]
German Credit,clean,84,5100084,V6,0,[]
German Credit,clean,84,5100084,V5,0,[]
German Credit,clean,85,5100085,V6,0,[]
German Credit,clean,85,5100085,V5,0,[]
German Credit,clean,86,5100086,V6,0,[]
German Credit,clean,86,5100086,V5,0,[]
German Credit,clean,87,5100087,V6,0,[]
German Credit,clean,87,5100087,V5,0,[]
German Credit,clean,88,5100088,V6,0,[]
German Credit,clean,88,5100088,V5,0,[]
German Credit,clean,89,5100089,V6,0,[]
German Credit,clean,89,5100089,V5,0,[]
German Credit,clean,90,5100090,V6,0,[]
German Credit,clean,90,5100090,V5,0,[]
German Credit,clean,91,5100091,V6,0,[]
German Credit,clean,91,5100091,V5,0,[]
German Credit,clean,92,5100092,V6,0,[]
German Credit,clean,92,5100092,V5,0,[]
German Credit,clean,93,5100093,V6,0,[]
German Credit,clean,93,5100093,V5,0,[]
German Credit,clean,94,5100094,V6,0,[]
German Credit,clean,94,5100094,V5,0,[]
German Credit,clean,95,5100095,V6,0,[]
German Credit,clean,95,5100095,V5,0,[]
German Credit,clean,96,5100096,V6,0,[]
German Credit,clean,96,5100096,V5,0,[]
German Credit,clean,97,5100097,V6,0,[]
German Credit,clean,97,5100097,V5,0,[]
German Credit,clean,98,5100098,V6,0,[]
German Credit,clean,98,5100098,V5,0,[]
German Credit,clean,99,5100099,V6,0,[]
German Credit,clean,99,5100099,V5,0,[]
German Credit,clean,100,5100100,V6,0,[]
German Credit,clean,100,5100100,V5,0,[]
German Credit,clean,101,5100101,V6,0,[]
German Credit,clean,101,5100101,V5,0,[]
German Credit,clean,102,5100102,V6,0,[]
German Credit,clean,102,5100102,V5,0,[]
German Credit,clean,103,5100103,V6,0,[]
German Credit,clean,103,5100103,V5,0,[]
German Credit,clean,104,5100104,V6,0,[]
German Credit,clean,104,5100104,V5,0,[]
German Credit,clean,105,5100105,V6,0,[]
German Credit,clean,105,5100105,V5,0,[]
German Credit,clean,106,5100106,V6,0,[]
German Credit,clean,106,5100106,V5,0,[]
German Credit,clean,107,5100107,V6,0,[]
German Credit,clean,107,5100107,V5,0,[]
German Credit,clean,108,5100108,V6,0,[]
German Credit,clean,108,5100108,V5,0,[]
German Credit,clean,109,5100109,V6,0,[]
German Credit,clean,109,5100109,V5,0,[]
German Credit,clean,110,5100110,V6,0,[]
German Credit,clean,110,5100110,V5,0,[]
German Credit,clean,111,5100111,V6,0,[]
German Credit,clean,111,5100111,V5,0,[]
German Credit,clean,112,5100112,V6,0,[]
German Credit,clean,112,5100112,V5,0,[]
German Credit,clean,113,5100113,V6,0,[]
German Credit,clean,113,5100113,V5,0,[]
German Credit,clean,114,5100114,V6,0,[]
German Credit,clean,114,5100114,V5,0,[]
German Credit,clean,115,5100115,V6,0,[]
German Credit,clean,115,5100115,V5,0,[]
German Credit,clean,116,5100116,V6,0,[]
German Credit,clean,116,5100116,V5,0,[]
German Credit,clean,117,5100117,V6,0,[]
German Credit,clean,117,5100117,V5,0,[]
German Credit,clean,118,5100118,V6,0,[]
German Credit,clean,118,5100118,V5,0,[]
German Credit,clean,119,5100119,V6,0,[]
German Credit,clean,119,5100119,V5,0,[]
German Credit,clean,120,5100120,V6,0,[]
German Credit,clean,120,5100120,V5,0,[]
German Credit,clean,121,5100121,V6,0,[]
German Credit,clean,121,5100121,V5,0,[]
German Credit,clean,122,5100122,V6,0,[]
German Credit,clean,122,5100122,V5,0,[]
German Credit,clean,123,5100123,V6,0,[]
German Credit,clean,123,5100123,V5,0,[]
German Credit,clean,124,5100124,V6,0,[]
German Credit,clean,124,5100124,V5,0,[]
German Credit,clean,125,5100125,V6,0,[]
German Credit,clean,125,5100125,V5,0,[]
German Credit,clean,126,5100126,V6,0,[]
German Credit,clean,126,5100126,V5,0,[]
German Credit,clean,127,5100127,V6,0,[]
German Credit,clean,127,5100127,V5,0,[]
German Credit,clean,128,5100128,V6,0,[]
German Credit,clean,128,5100128,V5,0,[]
German Credit,clean,129,5100129,V6,0,[]
German Credit,clean,129,5100129,V5,0,[]
German Credit,clean,130,5100130,V6,0,[]
German Credit,clean,130,5100130,V5,0,[]
German Credit,clean,131,5100131,V6,0,[]
German Credit,clean,131,5100131,V5,0,[]
German Credit,clean,132,5100132,V6,0,[]
German Credit,clean,132,5100132,V5,0,[]
German Credit,clean,133,5100133,V6,0,[]
German Credit,clean,133,5100133,V5,0,[]
German Credit,clean,134,5100134,V6,0,[]
German Credit,clean,134,5100134,V5,0,[]
German Credit,clean,135,5100135,V6,0,[]
German Credit,clean,135,5100135,V5,0,[]
German Credit,clean,136,5100136,V6,0,[]
German Credit,clean,136,5100136,V5,0,[]
German Credit,clean,137,5100137,V6,0,[]
German Credit,clean,137,5100137,V5,0,[]
German Credit,clean,138,5100138,V6,0,[]
German Credit,clean,138,5100138,V5,0,[]
German Credit,clean,139,5100139,V6,0,[]
German Credit,clean,139,5100139,V5,0,[]
German Credit,clean,140,5100140,V6,0,[]
German Credit,clean,140,5100140,V5,0,[]
German Credit,clean,141,5100141,V6,0,[]
German Credit,clean,141,5100141,V5,0,[]
German Credit,clean,142,5100142,V6,0,[]
German Credit,clean,142,5100142,V5,0,[]
German Credit,clean,143,5100143,V6,0,[]
German Credit,clean,143,5100143,V5,0,[]
German Credit,clean,144,5100144,V6,0,[]
German Credit,clean,144,5100144,V5,0,[]
German Credit,clean,145,5100145,V6,0,[]
German Credit,clean,145,5100145,V5,0,[]
German Credit,clean,146,5100146,V6,0,[]
German Credit,clean,146,5100146,V5,0,[]
German Credit,clean,147,5100147,V6,0,[]
German Credit,clean,147,5100147,V5,0,[]
German Credit,clean,148,5100148,V6,0,[]
German Credit,clean,148,5100148,V5,0,[]
German Credit,clean,149,5100149,V6,0,[]
German Credit,clean,149,5100149,V5,0,[]
German Credit,clean,150,5100150,V6,0,[]
German Credit,clean,150,5100150,V5,0,[]
German Credit,clean,151,5100151,V6,0,[]
German Credit,clean,151,5100151,V5,0,[]
German Credit,clean,152,5100152,V6,0,[]
German Credit,clean,152,5100152,V5,0,[]
German Credit,clean,153,5100153,V6,0,[]
German Credit,clean,153,5100153,V5,0,[]
German Credit,clean,154,5100154,V6,0,[]
German Credit,clean,154,5100154,V5,0,[]
German Credit,clean,155,5100155,V6,0,[]
German Credit,clean,155,5100155,V5,0,[]
German Credit,clean,156,5100156,V6,0,[]
German Credit,clean,156,5100156,V5,0,[]
German Credit,clean,157,5100157,V6,0,[]
German Credit,clean,157,5100157,V5,0,[]
German Credit,clean,158,5100158,V6,0,[]
German Credit,clean,158,5100158,V5,0,[]
German Credit,clean,159,5100159,V6,0,[]
German Credit,clean,159,5100159,V5,0,[]
German Credit,clean,160,5100160,V6,0,[]
German Credit,clean,160,5100160,V5,0,[]
German Credit,clean,161,5100161,V6,0,[]
German Credit,clean,161,5100161,V5,0,[]
German Credit,clean,162,5100162,V6,0,[]
German Credit,clean,162,5100162,V5,0,[]
German Credit,clean,163,5100163,V6,0,[]
German Credit,clean,163,5100163,V5,0,[]
German Credit,clean,164,5100164,V6,0,[]
German Credit,clean,164,5100164,V5,0,[]
German Credit,clean,165,5100165,V6,0,[]
German Credit,clean,165,5100165,V5,0,[]
German Credit,clean,166,5100166,V6,0,[]
German Credit,clean,166,5100166,V5,0,[]
German Credit,clean,167,5100167,V6,0,[]
German Credit,clean,167,5100167,V5,0,[]
German Credit,clean,168,5100168,V6,0,[]
German Credit,clean,168,5100168,V5,0,[]
German Credit,clean,169,5100169,V6,0,[]
German Credit,clean,169,5100169,V5,0,[]
German Credit,clean,170,5100170,V6,0,[]
German Credit,clean,170,5100170,V5,0,[]
German Credit,clean,171,5100171,V6,0,[]
German Credit,clean,171,5100171,V5,0,[]
German Credit,clean,172,5100172,V6,0,[]
German Credit,clean,172,5100172,V5,0,[]
German Credit,clean,173,5100173,V6,0,[]
German Credit,clean,173,5100173,V5,0,[]
German Credit,clean,174,5100174,V6,0,[]
German Credit,clean,174,5100174,V5,0,[]
German Credit,clean,175,5100175,V6,0,[]
German Credit,clean,175,5100175,V5,0,[]
German Credit,clean,176,5100176,V6,0,[]
German Credit,clean,176,5100176,V5,0,[]
German Credit,clean,177,5100177,V6,0,[]
German Credit,clean,177,5100177,V5,0,[]
German Credit,clean,178,5100178,V6,0,[]
German Credit,clean,178,5100178,V5,0,[]
German Credit,clean,179,5100179,V6,0,[]
German Credit,clean,179,5100179,V5,0,[]
German Credit,clean,180,5100180,V6,0,[]
German Credit,clean,180,5100180,V5,0,[]
German Credit,clean,181,5100181,V6,0,[]
German Credit,clean,181,5100181,V5,0,[]
German Credit,clean,182,5100182,V6,0,[]
German Credit,clean,182,5100182,V5,0,[]
German Credit,clean,183,5100183,V6,0,[]
German Credit,clean,183,5100183,V5,0,[]
German Credit,clean,184,5100184,V6,0,[]
German Credit,clean,184,5100184,V5,0,[]
German Credit,clean,185,5100185,V6,0,[]
German Credit,clean,185,5100185,V5,0,[]
German Credit,clean,186,5100186,V6,0,[]
German Credit,clean,186,5100186,V5,0,[]
German Credit,clean,187,5100187,V6,0,[]
German Credit,clean,187,5100187,V5,0,[]
German Credit,clean,188,5100188,V6,0,[]
German Credit,clean,188,5100188,V5,0,[]
German Credit,clean,189,5100189,V6,0,[]
German Credit,clean,189,5100189,V5,0,[]
German Credit,clean,190,5100190,V6,0,[]
German Credit,clean,190,5100190,V5,0,[]
German Credit,clean,191,5100191,V6,0,[]
German Credit,clean,191,5100191,V5,0,[]
German Credit,clean,192,5100192,V6,0,[]
German Credit,clean,192,5100192,V5,0,[]
German Credit,clean,193,5100193,V6,0,[]
German Credit,clean,193,5100193,V5,0,[]
German Credit,clean,194,5100194,V6,0,[]
German Credit,clean,194,5100194,V5,0,[]
German Credit,clean,195,5100195,V6,0,[]
German Credit,clean,195,5100195,V5,0,[]
German Credit,clean,196,5100196,V6,0,[]
German Credit,clean,196,5100196,V5,0,[]
German Credit,clean,197,5100197,V6,0,[]
German Credit,clean,197,5100197,V5,0,[]
German Credit,clean,198,5100198,V6,0,[]
German Credit,clean,198,5100198,V5,0,[]
German Credit,clean,199,5100199,V6,0,[]
German Credit,clean,199,5100199,V5,0,[]
German Credit,clean,200,5100200,V6,0,[]
German Credit,clean,200,5100200,V5,0,[]
German Credit,clean,201,5100201,V6,0,[]
German Credit,clean,201,5100201,V5,0,[]
German Credit,clean,202,5100202,V6,0,[]
German Credit,clean,202,5100202,V5,0,[]
German Credit,clean,203,5100203,V6,0,[]
German Credit,clean,203,5100203,V5,0,[]
German Credit,clean,204,5100204,V6,0,[]
German Credit,clean,204,5100204,V5,0,[]
German Credit,clean,205,5100205,V6,0,[]
German Credit,clean,205,5100205,V5,0,[]
German Credit,clean,206,5100206,V6,1,"[[""credit_amount""]]"
German Credit,clean,206,5100206,V5,0,[]
German Credit,clean,207,5100207,V6,0,[]
German Credit,clean,207,5100207,V5,0,[]
German Credit,clean,208,5100208,V6,0,[]
German Credit,clean,208,5100208,V5,0,[]
German Credit,clean,209,5100209,V6,0,[]
German Credit,clean,209,5100209,V5,0,[]
German Credit,clean,210,5100210,V6,0,[]
German Credit,clean,210,5100210,V5,0,[]
German Credit,clean,211,5100211,V6,0,[]
German Credit,clean,211,5100211,V5,0,[]
German Credit,clean,212,5100212,V6,0,[]
German Credit,clean,212,5100212,V5,0,[]
German Credit,clean,213,5100213,V6,0,[]
German Credit,clean,213,5100213,V5,0,[]
German Credit,clean,214,5100214,V6,0,[]
German Credit,clean,214,5100214,V5,0,[]
German Credit,clean,215,5100215,V6,0,[]
German Credit,clean,215,5100215,V5,0,[]
German Credit,clean,216,5100216,V6,0,[]
German Credit,clean,216,5100216,V5,0,[]
German Credit,clean,217,5100217,V6,0,[]
German Credit,clean,217,5100217,V5,0,[]
German Credit,clean,218,5100218,V6,0,[]
German Credit,clean,218,5100218,V5,0,[]
German Credit,clean,219,5100219,V6,0,[]
German Credit,clean,219,5100219,V5,0,[]
German Credit,clean,220,5100220,V6,0,[]
German Credit,clean,220,5100220,V5,0,[]
German Credit,clean,221,5100221,V6,0,[]
German Credit,clean,221,5100221,V5,0,[]
German Credit,clean,222,5100222,V6,0,[]
German Credit,clean,222,5100222,V5,0,[]
German Credit,clean,223,5100223,V6,0,[]
German Credit,clean,223,5100223,V5,0,[]
German Credit,clean,224,5100224,V6,0,[]
German Credit,clean,224,5100224,V5,0,[]
German Credit,clean,225,5100225,V6,0,[]
German Credit,clean,225,5100225,V5,0,[]
German Credit,clean,226,5100226,V6,0,[]
German Credit,clean,226,5100226,V5,0,[]
German Credit,clean,227,5100227,V6,0,[]
German Credit,clean,227,5100227,V5,0,[]
German Credit,clean,228,5100228,V6,0,[]
German Credit,clean,228,5100228,V5,0,[]
German Credit,clean,229,5100229,V6,0,[]
German Credit,clean,229,5100229,V5,0,[]
German Credit,clean,230,5100230,V6,0,[]
German Credit,clean,230,5100230,V5,0,[]
German Credit,clean,231,5100231,V6,0,[]
German Credit,clean,231,5100231,V5,0,[]
German Credit,clean,232,5100232,V6,0,[]
German Credit,clean,232,5100232,V5,0,[]
German Credit,clean,233,5100233,V6,0,[]
German Credit,clean,233,5100233,V5,0,[]
German Credit,clean,234,5100234,V6,0,[]
German Credit,clean,234,5100234,V5,0,[]
German Credit,clean,235,5100235,V6,0,[]
German Credit,clean,235,5100235,V5,0,[]
German Credit,clean,236,5100236,V6,0,[]
German Credit,clean,236,5100236,V5,0,[]
German Credit,clean,237,5100237,V6,0,[]
German Credit,clean,237,5100237,V5,0,[]
German Credit,clean,238,5100238,V6,0,[]
German Credit,clean,238,5100238,V5,0,[]
German Credit,clean,239,5100239,V6,0,[]
German Credit,clean,239,5100239,V5,0,[]
German Credit,clean,240,5100240,V6,0,[]
German Credit,clean,240,5100240,V5,0,[]
German Credit,clean,241,5100241,V6,0,[]
German Credit,clean,241,5100241,V5,0,[]
German Credit,clean,242,5100242,V6,0,[]
German Credit,clean,242,5100242,V5,0,[]
German Credit,clean,243,5100243,V6,0,[]
German Credit,clean,243,5100243,V5,0,[]
German Credit,clean,244,5100244,V6,0,[]
German Credit,clean,244,5100244,V5,0,[]
German Credit,clean,245,5100245,V6,0,[]
German Credit,clean,245,5100245,V5,0,[]
German Credit,clean,246,5100246,V6,0,[]
German Credit,clean,246,5100246,V5,0,[]
German Credit,clean,247,5100247,V6,0,[]
German Credit,clean,247,5100247,V5,0,[]
German Credit,clean,248,5100248,V6,0,[]
German Credit,clean,248,5100248,V5,0,[]
German Credit,clean,249,5100249,V6,0,[]
German Credit,clean,249,5100249,V5,0,[]
German Credit,clean,250,5100250,V6,0,[]
German Credit,clean,250,5100250,V5,0,[]
German Credit,clean,251,5100251,V6,0,[]
German Credit,clean,251,5100251,V5,0,[]
German Credit,clean,252,5100252,V6,0,[]
German Credit,clean,252,5100252,V5,0,[]
German Credit,clean,253,5100253,V6,0,[]
German Credit,clean,253,5100253,V5,0,[]
German Credit,clean,254,5100254,V6,0,[]
German Credit,clean,254,5100254,V5,0,[]
German Credit,clean,255,5100255,V6,0,[]
German Credit,clean,255,5100255,V5,0,[]
German Credit,clean,256,5100256,V6,0,[]
German Credit,clean,256,5100256,V5,0,[]
German Credit,clean,257,5100257,V6,0,[]
German Credit,clean,257,5100257,V5,0,[]
German Credit,clean,258,5100258,V6,0,[]
German Credit,clean,258,5100258,V5,0,[]
German Credit,clean,259,5100259,V6,0,[]
German Credit,clean,259,5100259,V5,0,[]
German Credit,clean,260,5100260,V6,0,[]
German Credit,clean,260,5100260,V5,0,[]
German Credit,clean,261,5100261,V6,0,[]
German Credit,clean,261,5100261,V5,0,[]
German Credit,clean,262,5100262,V6,0,[]
German Credit,clean,262,5100262,V5,0,[]
German Credit,clean,263,5100263,V6,0,[]
German Credit,clean,263,5100263,V5,0,[]
German Credit,clean,264,5100264,V6,0,[]
German Credit,clean,264,5100264,V5,0,[]
German Credit,clean,265,5100265,V6,0,[]
German Credit,clean,265,5100265,V5,0,[]
German Credit,clean,266,5100266,V6,0,[]
German Credit,clean,266,5100266,V5,0,[]
German Credit,clean,267,5100267,V6,0,[]
German Credit,clean,267,5100267,V5,0,[]
German Credit,clean,268,5100268,V6,0,[]
German Credit,clean,268,5100268,V5,0,[]
German Credit,clean,269,5100269,V6,0,[]
German Credit,clean,269,5100269,V5,0,[]
German Credit,clean,270,5100270,V6,0,[]
German Credit,clean,270,5100270,V5,0,[]
German Credit,clean,271,5100271,V6,0,[]
German Credit,clean,271,5100271,V5,0,[]
German Credit,clean,272,5100272,V6,0,[]
German Credit,clean,272,5100272,V5,0,[]
German Credit,clean,273,5100273,V6,0,[]
German Credit,clean,273,5100273,V5,0,[]
German Credit,clean,274,5100274,V6,0,[]
German Credit,clean,274,5100274,V5,0,[]
German Credit,clean,275,5100275,V6,0,[]
German Credit,clean,275,5100275,V5,0,[]
German Credit,clean,276,5100276,V6,0,[]
German Credit,clean,276,5100276,V5,0,[]
German Credit,clean,277,5100277,V6,0,[]
German Credit,clean,277,5100277,V5,0,[]
German Credit,clean,278,5100278,V6,0,[]
German Credit,clean,278,5100278,V5,0,[]
German Credit,clean,279,5100279,V6,0,[]
German Credit,clean,279,5100279,V5,0,[]
German Credit,clean,280,5100280,V6,0,[]
German Credit,clean,280,5100280,V5,0,[]
German Credit,clean,281,5100281,V6,0,[]
German Credit,clean,281,5100281,V5,0,[]
German Credit,clean,282,5100282,V6,1,"[[""checking_account""]]"
German Credit,clean,282,5100282,V5,0,[]
German Credit,clean,283,5100283,V6,0,[]
German Credit,clean,283,5100283,V5,0,[]
German Credit,clean,284,5100284,V6,0,[]
German Credit,clean,284,5100284,V5,0,[]
German Credit,clean,285,5100285,V6,0,[]
German Credit,clean,285,5100285,V5,0,[]
German Credit,clean,286,5100286,V6,0,[]
German Credit,clean,286,5100286,V5,0,[]
German Credit,clean,287,5100287,V6,0,[]
German Credit,clean,287,5100287,V5,0,[]
German Credit,clean,288,5100288,V6,0,[]
German Credit,clean,288,5100288,V5,0,[]
German Credit,clean,289,5100289,V6,0,[]
German Credit,clean,289,5100289,V5,0,[]
German Credit,clean,290,5100290,V6,0,[]
German Credit,clean,290,5100290,V5,0,[]
German Credit,clean,291,5100291,V6,0,[]
German Credit,clean,291,5100291,V5,0,[]
German Credit,clean,292,5100292,V6,0,[]
German Credit,clean,292,5100292,V5,0,[]
German Credit,clean,293,5100293,V6,0,[]
German Credit,clean,293,5100293,V5,0,[]
German Credit,clean,294,5100294,V6,0,[]
German Credit,clean,294,5100294,V5,0,[]
German Credit,clean,295,5100295,V6,0,[]
German Credit,clean,295,5100295,V5,0,[]
German Credit,clean,296,5100296,V6,0,[]
German Credit,clean,296,5100296,V5,0,[]
German Credit,clean,297,5100297,V6,0,[]
German Credit,clean,297,5100297,V5,0,[]
German Credit,clean,298,5100298,V6,0,[]
German Credit,clean,298,5100298,V5,0,[]
German Credit,clean,299,5100299,V6,0,[]
German Credit,clean,299,5100299,V5,0,[]
German Credit,clean,300,5100300,V6,0,[]
German Credit,clean,300,5100300,V5,0,[]
German Credit,clean,301,5100301,V6,0,[]
German Credit,clean,301,5100301,V5,0,[]
German Credit,clean,302,5100302,V6,0,[]
German Credit,clean,302,5100302,V5,0,[]
German Credit,clean,303,5100303,V6,0,[]
German Credit,clean,303,5100303,V5,0,[]
German Credit,clean,304,5100304,V6,0,[]
German Credit,clean,304,5100304,V5,0,[]
German Credit,clean,305,5100305,V6,0,[]
German Credit,clean,305,5100305,V5,0,[]
German Credit,clean,306,5100306,V6,0,[]
German Credit,clean,306,5100306,V5,0,[]
German Credit,clean,307,5100307,V6,0,[]
German Credit,clean,307,5100307,V5,0,[]
German Credit,clean,308,5100308,V6,0,[]
German Credit,clean,308,5100308,V5,0,[]
German Credit,clean,309,5100309,V6,0,[]
German Credit,clean,309,5100309,V5,0,[]
German Credit,clean,310,5100310,V6,0,[]
German Credit,clean,310,5100310,V5,0,[]
German Credit,clean,311,5100311,V6,0,[]
German Credit,clean,311,5100311,V5,0,[]
German Credit,clean,312,5100312,V6,0,[]
German Credit,clean,312,5100312,V5,0,[]
German Credit,clean,313,5100313,V6,0,[]
German Credit,clean,313,5100313,V5,0,[]
German Credit,clean,314,5100314,V6,0,[]
German Credit,clean,314,5100314,V5,0,[]
German Credit,clean,315,5100315,V6,0,[]
German Credit,clean,315,5100315,V5,0,[]
German Credit,clean,316,5100316,V6,0,[]
German Credit,clean,316,5100316,V5,0,[]
German Credit,clean,317,5100317,V6,0,[]
German Credit,clean,317,5100317,V5,0,[]
German Credit,clean,318,5100318,V6,0,[]
German Credit,clean,318,5100318,V5,0,[]
German Credit,clean,319,5100319,V6,0,[]
German Credit,clean,319,5100319,V5,0,[]
German Credit,clean,320,5100320,V6,0,[]
German Credit,clean,320,5100320,V5,0,[]
German Credit,clean,321,5100321,V6,0,[]
German Credit,clean,321,5100321,V5,0,[]
German Credit,clean,322,5100322,V6,0,[]
German Credit,clean,322,5100322,V5,0,[]
German Credit,clean,323,5100323,V6,0,[]
German Credit,clean,323,5100323,V5,0,[]
German Credit,clean,324,5100324,V6,0,[]
German Credit,clean,324,5100324,V5,0,[]
German Credit,clean,325,5100325,V6,0,[]
German Credit,clean,325,5100325,V5,0,[]
German Credit,clean,326,5100326,V6,0,[]
German Credit,clean,326,5100326,V5,0,[]
German Credit,clean,327,5100327,V6,0,[]
German Credit,clean,327,5100327,V5,0,[]
German Credit,clean,328,5100328,V6,0,[]
German Credit,clean,328,5100328,V5,0,[]
German Credit,clean,329,5100329,V6,0,[]
German Credit,clean,329,5100329,V5,0,[]
German Credit,clean,330,5100330,V6,0,[]
German Credit,clean,330,5100330,V5,0,[]
German Credit,clean,331,5100331,V6,0,[]
German Credit,clean,331,5100331,V5,0,[]
German Credit,clean,332,5100332,V6,0,[]
German Credit,clean,332,5100332,V5,0,[]
German Credit,clean,333,5100333,V6,0,[]
German Credit,clean,333,5100333,V5,0,[]
German Credit,clean,334,5100334,V6,0,[]
German Credit,clean,334,5100334,V5,0,[]
German Credit,clean,335,5100335,V6,0,[]
German Credit,clean,335,5100335,V5,0,[]
German Credit,clean,336,5100336,V6,0,[]
German Credit,clean,336,5100336,V5,0,[]
German Credit,clean,337,5100337,V6,0,[]
German Credit,clean,337,5100337,V5,0,[]
German Credit,clean,338,5100338,V6,0,[]
German Credit,clean,338,5100338,V5,0,[]
German Credit,clean,339,5100339,V6,0,[]
German Credit,clean,339,5100339,V5,0,[]
German Credit,clean,340,5100340,V6,0,[]
German Credit,clean,340,5100340,V5,0,[]
German Credit,clean,341,5100341,V6,0,[]
German Credit,clean,341,5100341,V5,0,[]
German Credit,clean,342,5100342,V6,0,[]
German Credit,clean,342,5100342,V5,0,[]
German Credit,clean,343,5100343,V6,0,[]
German Credit,clean,343,5100343,V5,0,[]
German Credit,clean,344,5100344,V6,0,[]
German Credit,clean,344,5100344,V5,0,[]
German Credit,clean,345,5100345,V6,0,[]
German Credit,clean,345,5100345,V5,0,[]
German Credit,clean,346,5100346,V6,0,[]
German Credit,clean,346,5100346,V5,0,[]
German Credit,clean,347,5100347,V6,0,[]
German Credit,clean,347,5100347,V5,0,[]
German Credit,clean,348,5100348,V6,0,[]
German Credit,clean,348,5100348,V5,0,[]
German Credit,clean,349,5100349,V6,0,[]
German Credit,clean,349,5100349,V5,0,[]
German Credit,clean,350,5100350,V6,0,[]
German Credit,clean,350,5100350,V5,0,[]
German Credit,clean,351,5100351,V6,0,[]
German Credit,clean,351,5100351,V5,0,[]
German Credit,clean,352,5100352,V6,0,[]
German Credit,clean,352,5100352,V5,0,[]
German Credit,clean,353,5100353,V6,0,[]
German Credit,clean,353,5100353,V5,0,[]
German Credit,clean,354,5100354,V6,0,[]
German Credit,clean,354,5100354,V5,0,[]
German Credit,clean,355,5100355,V6,0,[]
German Credit,clean,355,5100355,V5,0,[]
German Credit,clean,356,5100356,V6,0,[]
German Credit,clean,356,5100356,V5,0,[]
German Credit,clean,357,5100357,V6,0,[]
German Credit,clean,357,5100357,V5,0,[]
German Credit,clean,358,5100358,V6,0,[]
German Credit,clean,358,5100358,V5,0,[]
German Credit,clean,359,5100359,V6,0,[]
German Credit,clean,359,5100359,V5,0,[]
German Credit,clean,360,5100360,V6,0,[]
German Credit,clean,360,5100360,V5,0,[]
German Credit,clean,361,5100361,V6,0,[]
German Credit,clean,361,5100361,V5,0,[]
German Credit,clean,362,5100362,V6,0,[]
German Credit,clean,362,5100362,V5,0,[]
German Credit,clean,363,5100363,V6,0,[]
German Credit,clean,363,5100363,V5,0,[]
German Credit,clean,364,5100364,V6,0,[]
German Credit,clean,364,5100364,V5,0,[]
German Credit,clean,365,5100365,V6,0,[]
German Credit,clean,365,5100365,V5,0,[]
German Credit,clean,366,5100366,V6,1,"[[""employment""]]"
German Credit,clean,366,5100366,V5,0,[]
German Credit,clean,367,5100367,V6,0,[]
German Credit,clean,367,5100367,V5,0,[]
German Credit,clean,368,5100368,V6,0,[]
German Credit,clean,368,5100368,V5,0,[]
German Credit,clean,369,5100369,V6,0,[]
German Credit,clean,369,5100369,V5,0,[]
German Credit,clean,370,5100370,V6,0,[]
German Credit,clean,370,5100370,V5,0,[]
German Credit,clean,371,5100371,V6,0,[]
German Credit,clean,371,5100371,V5,0,[]
German Credit,clean,372,5100372,V6,0,[]
German Credit,clean,372,5100372,V5,0,[]
German Credit,clean,373,5100373,V6,0,[]
German Credit,clean,373,5100373,V5,0,[]
German Credit,clean,374,5100374,V6,0,[]
German Credit,clean,374,5100374,V5,0,[]
German Credit,clean,375,5100375,V6,0,[]
German Credit,clean,375,5100375,V5,0,[]
German Credit,clean,376,5100376,V6,0,[]
German Credit,clean,376,5100376,V5,0,[]
German Credit,clean,377,5100377,V6,0,[]
German Credit,clean,377,5100377,V5,0,[]
German Credit,clean,378,5100378,V6,0,[]
German Credit,clean,378,5100378,V5,0,[]
German Credit,clean,379,5100379,V6,0,[]
German Credit,clean,379,5100379,V5,0,[]
German Credit,clean,380,5100380,V6,0,[]
German Credit,clean,380,5100380,V5,0,[]
German Credit,clean,381,5100381,V6,0,[]
German Credit,clean,381,5100381,V5,0,[]
German Credit,clean,382,5100382,V6,0,[]
German Credit,clean,382,5100382,V5,0,[]
German Credit,clean,383,5100383,V6,0,[]
German Credit,clean,383,5100383,V5,0,[]
German Credit,clean,384,5100384,V6,0,[]
German Credit,clean,384,5100384,V5,0,[]
German Credit,clean,385,5100385,V6,0,[]
German Credit,clean,385,5100385,V5,0,[]
German Credit,clean,386,5100386,V6,0,[]
German Credit,clean,386,5100386,V5,0,[]
German Credit,clean,387,5100387,V6,0,[]
German Credit,clean,387,5100387,V5,0,[]
German Credit,clean,388,5100388,V6,0,[]
German Credit,clean,388,5100388,V5,0,[]
German Credit,clean,389,5100389,V6,0,[]
German Credit,clean,389,5100389,V5,0,[]
German Credit,clean,390,5100390,V6,0,[]
German Credit,clean,390,5100390,V5,0,[]
German Credit,clean,391,5100391,V6,0,[]
German Credit,clean,391,5100391,V5,0,[]
German Credit,clean,392,5100392,V6,0,[]
German Credit,clean,392,5100392,V5,0,[]
German Credit,clean,393,5100393,V6,0,[]
German Credit,clean,393,5100393,V5,0,[]
German Credit,clean,394,5100394,V6,0,[]
German Credit,clean,394,5100394,V5,0,[]
German Credit,clean,395,5100395,V6,0,[]
German Credit,clean,395,5100395,V5,0,[]
German Credit,clean,396,5100396,V6,0,[]
German Credit,clean,396,5100396,V5,0,[]
German Credit,clean,397,5100397,V6,0,[]
German Credit,clean,397,5100397,V5,0,[]
German Credit,clean,398,5100398,V6,0,[]
German Credit,clean,398,5100398,V5,0,[]
German Credit,clean,399,5100399,V6,0,[]
German Credit,clean,399,5100399,V5,0,[]
German Credit,clean,400,5100400,V6,0,[]
German Credit,clean,400,5100400,V5,0,[]
German Credit,clean,401,5100401,V6,0,[]
German Credit,clean,401,5100401,V5,0,[]
German Credit,clean,402,5100402,V6,0,[]
German Credit,clean,402,5100402,V5,0,[]
German Credit,clean,403,5100403,V6,0,[]
German Credit,clean,403,5100403,V5,0,[]
German Credit,clean,404,5100404,V6,0,[]
German Credit,clean,404,5100404,V5,0,[]
German Credit,clean,405,5100405,V6,0,[]
German Credit,clean,405,5100405,V5,0,[]
German Credit,clean,406,5100406,V6,0,[]
German Credit,clean,406,5100406,V5,0,[]
German Credit,clean,407,5100407,V6,0,[]
German Credit,clean,407,5100407,V5,0,[]
German Credit,clean,408,5100408,V6,0,[]
German Credit,clean,408,5100408,V5,0,[]
German Credit,clean,409,5100409,V6,0,[]
German Credit,clean,409,5100409,V5,0,[]
German Credit,clean,410,5100410,V6,0,[]
German Credit,clean,410,5100410,V5,0,[]
German Credit,clean,411,5100411,V6,0,[]
German Credit,clean,411,5100411,V5,0,[]
German Credit,clean,412,5100412,V6,0,[]
German Credit,clean,412,5100412,V5,0,[]
German Credit,clean,413,5100413,V6,0,[]
German Credit,clean,413,5100413,V5,0,[]
German Credit,clean,414,5100414,V6,0,[]
German Credit,clean,414,5100414,V5,0,[]
German Credit,clean,415,5100415,V6,0,[]
German Credit,clean,415,5100415,V5,0,[]
German Credit,clean,416,5100416,V6,0,[]
German Credit,clean,416,5100416,V5,0,[]
German Credit,clean,417,5100417,V6,0,[]
German Credit,clean,417,5100417,V5,0,[]
German Credit,clean,418,5100418,V6,0,[]
German Credit,clean,418,5100418,V5,0,[]
German Credit,clean,419,5100419,V6,0,[]
German Credit,clean,419,5100419,V5,0,[]
German Credit,clean,420,5100420,V6,0,[]
German Credit,clean,420,5100420,V5,0,[]
German Credit,clean,421,5100421,V6,0,[]
German Credit,clean,421,5100421,V5,0,[]
German Credit,clean,422,5100422,V6,0,[]
German Credit,clean,422,5100422,V5,0,[]
German Credit,clean,423,5100423,V6,0,[]
German Credit,clean,423,5100423,V5,0,[]
German Credit,clean,424,5100424,V6,0,[]
German Credit,clean,424,5100424,V5,0,[]
German Credit,clean,425,5100425,V6,0,[]
German Credit,clean,425,5100425,V5,0,[]
German Credit,clean,426,5100426,V6,0,[]
German Credit,clean,426,5100426,V5,0,[]
German Credit,clean,427,5100427,V6,0,[]
German Credit,clean,427,5100427,V5,0,[]
German Credit,clean,428,5100428,V6,0,[]
German Credit,clean,428,5100428,V5,0,[]
German Credit,clean,429,5100429,V6,0,[]
German Credit,clean,429,5100429,V5,0,[]
German Credit,clean,430,5100430,V6,0,[]
German Credit,clean,430,5100430,V5,0,[]
German Credit,clean,431,5100431,V6,0,[]
German Credit,clean,431,5100431,V5,0,[]
German Credit,clean,432,5100432,V6,0,[]
German Credit,clean,432,5100432,V5,0,[]
German Credit,clean,433,5100433,V6,0,[]
German Credit,clean,433,5100433,V5,0,[]
German Credit,clean,434,5100434,V6,0,[]
German Credit,clean,434,5100434,V5,0,[]
German Credit,clean,435,5100435,V6,0,[]
German Credit,clean,435,5100435,V5,0,[]
German Credit,clean,436,5100436,V6,0,[]
German Credit,clean,436,5100436,V5,0,[]
German Credit,clean,437,5100437,V6,0,[]
German Credit,clean,437,5100437,V5,0,[]
German Credit,clean,438,5100438,V6,0,[]
German Credit,clean,438,5100438,V5,0,[]
German Credit,clean,439,5100439,V6,0,[]
German Credit,clean,439,5100439,V5,0,[]
German Credit,clean,440,5100440,V6,0,[]
German Credit,clean,440,5100440,V5,0,[]
German Credit,clean,441,5100441,V6,0,[]
German Credit,clean,441,5100441,V5,0,[]
German Credit,clean,442,5100442,V6,0,[]
German Credit,clean,442,5100442,V5,0,[]
German Credit,clean,443,5100443,V6,0,[]
German Credit,clean,443,5100443,V5,0,[]
German Credit,clean,444,5100444,V6,0,[]
German Credit,clean,444,5100444,V5,0,[]
German Credit,clean,445,5100445,V6,0,[]
German Credit,clean,445,5100445,V5,0,[]
German Credit,clean,446,5100446,V6,0,[]
German Credit,clean,446,5100446,V5,0,[]
German Credit,clean,447,5100447,V6,0,[]
German Credit,clean,447,5100447,V5,0,[]
German Credit,clean,448,5100448,V6,0,[]
German Credit,clean,448,5100448,V5,0,[]
German Credit,clean,449,5100449,V6,0,[]
German Credit,clean,449,5100449,V5,0,[]
German Credit,clean,450,5100450,V6,0,[]
German Credit,clean,450,5100450,V5,0,[]
German Credit,clean,451,5100451,V6,0,[]
German Credit,clean,451,5100451,V5,0,[]
German Credit,clean,452,5100452,V6,0,[]
German Credit,clean,452,5100452,V5,0,[]
German Credit,clean,453,5100453,V6,0,[]
German Credit,clean,453,5100453,V5,0,[]
German Credit,clean,454,5100454,V6,0,[]
German Credit,clean,454,5100454,V5,0,[]
German Credit,clean,455,5100455,V6,0,[]
German Credit,clean,455,5100455,V5,0,[]
German Credit,clean,456,5100456,V6,0,[]
German Credit,clean,456,5100456,V5,0,[]
German Credit,clean,457,5100457,V6,0,[]
German Credit,clean,457,5100457,V5,0,[]
German Credit,clean,458,5100458,V6,0,[]
German Credit,clean,458,5100458,V5,0,[]
German Credit,clean,459,5100459,V6,0,[]
German Credit,clean,459,5100459,V5,0,[]
German Credit,clean,460,5100460,V6,0,[]
German Credit,clean,460,5100460,V5,0,[]
German Credit,clean,461,5100461,V6,0,[]
German Credit,clean,461,5100461,V5,0,[]
German Credit,clean,462,5100462,V6,0,[]
German Credit,clean,462,5100462,V5,0,[]
German Credit,clean,463,5100463,V6,0,[]
German Credit,clean,463,5100463,V5,0,[]
German Credit,clean,464,5100464,V6,0,[]
German Credit,clean,464,5100464,V5,0,[]
German Credit,clean,465,5100465,V6,0,[]
German Credit,clean,465,5100465,V5,0,[]
German Credit,clean,466,5100466,V6,0,[]
German Credit,clean,466,5100466,V5,0,[]
German Credit,clean,467,5100467,V6,0,[]
German Credit,clean,467,5100467,V5,0,[]
German Credit,clean,468,5100468,V6,0,[]
German Credit,clean,468,5100468,V5,0,[]
German Credit,clean,469,5100469,V6,0,[]
German Credit,clean,469,5100469,V5,0,[]
German Credit,clean,470,5100470,V6,0,[]
German Credit,clean,470,5100470,V5,0,[]
German Credit,clean,471,5100471,V6,0,[]
German Credit,clean,471,5100471,V5,0,[]
German Credit,clean,472,5100472,V6,0,[]
German Credit,clean,472,5100472,V5,0,[]
German Credit,clean,473,5100473,V6,0,[]
German Credit,clean,473,5100473,V5,0,[]
German Credit,clean,474,5100474,V6,0,[]
German Credit,clean,474,5100474,V5,0,[]
German Credit,clean,475,5100475,V6,0,[]
German Credit,clean,475,5100475,V5,0,[]
German Credit,clean,476,5100476,V6,0,[]
German Credit,clean,476,5100476,V5,0,[]
German Credit,clean,477,5100477,V6,0,[]
German Credit,clean,477,5100477,V5,0,[]
German Credit,clean,478,5100478,V6,0,[]
German Credit,clean,478,5100478,V5,0,[]
German Credit,clean,479,5100479,V6,0,[]
German Credit,clean,479,5100479,V5,0,[]
German Credit,clean,480,5100480,V6,0,[]
German Credit,clean,480,5100480,V5,0,[]
German Credit,clean,481,5100481,V6,0,[]
German Credit,clean,481,5100481,V5,0,[]
German Credit,clean,482,5100482,V6,0,[]
German Credit,clean,482,5100482,V5,0,[]
German Credit,clean,483,5100483,V6,0,[]
German Credit,clean,483,5100483,V5,0,[]
German Credit,clean,484,5100484,V6,0,[]
German Credit,clean,484,5100484,V5,0,[]
German Credit,clean,485,5100485,V6,0,[]
German Credit,clean,485,5100485,V5,0,[]
German Credit,clean,486,5100486,V6,0,[]
German Credit,clean,486,5100486,V5,0,[]
German Credit,clean,487,5100487,V6,0,[]
German Credit,clean,487,5100487,V5,0,[]
German Credit,clean,488,5100488,V6,0,[]
German Credit,clean,488,5100488,V5,0,[]
German Credit,clean,489,5100489,V6,0,[]
German Credit,clean,489,5100489,V5,0,[]
German Credit,clean,490,5100490,V6,0,[]
German Credit,clean,490,5100490,V5,0,[]
German Credit,clean,491,5100491,V6,0,[]
German Credit,clean,491,5100491,V5,0,[]
German Credit,clean,492,5100492,V6,0,[]
German Credit,clean,492,5100492,V5,0,[]
German Credit,clean,493,5100493,V6,0,[]
German Credit,clean,493,5100493,V5,0,[]
German Credit,clean,494,5100494,V6,0,[]
German Credit,clean,494,5100494,V5,0,[]
German Credit,clean,495,5100495,V6,0,[]
German Credit,clean,495,5100495,V5,0,[]
German Credit,clean,496,5100496,V6,0,[]
German Credit,clean,496,5100496,V5,0,[]
German Credit,clean,497,5100497,V6,0,[]
German Credit,clean,497,5100497,V5,0,[]
German Credit,clean,498,5100498,V6,1,"[[""age""]]"
German Credit,clean,498,5100498,V5,0,[]
German Credit,clean,499,5100499,V6,0,[]
German Credit,clean,499,5100499,V5,0,[]
German Credit,clean,500,5100500,V6,0,[]
German Credit,clean,500,5100500,V5,0,[]
German Credit,clean,501,5100501,V6,0,[]
German Credit,clean,501,5100501,V5,0,[]
German Credit,clean,502,5100502,V6,0,[]
German Credit,clean,502,5100502,V5,0,[]
German Credit,clean,503,5100503,V6,0,[]
German Credit,clean,503,5100503,V5,0,[]
German Credit,clean,504,5100504,V6,0,[]
German Credit,clean,504,5100504,V5,0,[]
German Credit,clean,505,5100505,V6,0,[]
German Credit,clean,505,5100505,V5,0,[]
German Credit,clean,506,5100506,V6,0,[]
German Credit,clean,506,5100506,V5,0,[]
German Credit,clean,507,5100507,V6,0,[]
German Credit,clean,507,5100507,V5,0,[]
German Credit,clean,508,5100508,V6,0,[]
German Credit,clean,508,5100508,V5,0,[]
German Credit,clean,509,5100509,V6,0,[]
German Credit,clean,509,5100509,V5,0,[]
German Credit,clean,510,5100510,V6,0,[]
German Credit,clean,510,5100510,V5,0,[]
German Credit,clean,511,5100511,V6,0,[]
German Credit,clean,511,5100511,V5,0,[]
German Credit,clean,512,5100512,V6,0,[]
German Credit,clean,512,5100512,V5,0,[]
German Credit,clean,513,5100513,V6,0,[]
German Credit,clean,513,5100513,V5,0,[]
German Credit,clean,514,5100514,V6,0,[]
German Credit,clean,514,5100514,V5,0,[]
German Credit,clean,515,5100515,V6,0,[]
German Credit,clean,515,5100515,V5,0,[]
German Credit,clean,516,5100516,V6,0,[]
German Credit,clean,516,5100516,V5,0,[]
German Credit,clean,517,5100517,V6,0,[]
German Credit,clean,517,5100517,V5,0,[]
German Credit,clean,518,5100518,V6,0,[]
German Credit,clean,518,5100518,V5,0,[]
German Credit,clean,519,5100519,V6,0,[]
German Credit,clean,519,5100519,V5,0,[]
German Credit,clean,520,5100520,V6,0,[]
German Credit,clean,520,5100520,V5,0,[]
German Credit,clean,521,5100521,V6,0,[]
German Credit,clean,521,5100521,V5,0,[]
German Credit,clean,522,5100522,V6,0,[]
German Credit,clean,522,5100522,V5,0,[]
German Credit,clean,523,5100523,V6,0,[]
German Credit,clean,523,5100523,V5,0,[]
German Credit,clean,524,5100524,V6,0,[]
German Credit,clean,524,5100524,V5,0,[]
German Credit,clean,525,5100525,V6,0,[]
German Credit,clean,525,5100525,V5,0,[]
German Credit,clean,526,5100526,V6,0,[]
German Credit,clean,526,5100526,V5,0,[]
German Credit,clean,527,5100527,V6,0,[]
German Credit,clean,527,5100527,V5,0,[]
German Credit,clean,528,5100528,V6,0,[]
German Credit,clean,528,5100528,V5,0,[]
German Credit,clean,529,5100529,V6,0,[]
German Credit,clean,529,5100529,V5,0,[]
German Credit,clean,530,5100530,V6,0,[]
German Credit,clean,530,5100530,V5,0,[]
German Credit,clean,531,5100531,V6,0,[]
German Credit,clean,531,5100531,V5,0,[]
German Credit,clean,532,5100532,V6,0,[]
German Credit,clean,532,5100532,V5,0,[]
German Credit,clean,533,5100533,V6,0,[]
German Credit,clean,533,5100533,V5,0,[]
German Credit,clean,534,5100534,V6,0,[]
German Credit,clean,534,5100534,V5,0,[]
German Credit,clean,535,5100535,V6,0,[]
German Credit,clean,535,5100535,V5,0,[]
German Credit,clean,536,5100536,V6,0,[]
German Credit,clean,536,5100536,V5,0,[]
German Credit,clean,537,5100537,V6,0,[]
German Credit,clean,537,5100537,V5,0,[]
German Credit,clean,538,5100538,V6,0,[]
German Credit,clean,538,5100538,V5,0,[]
German Credit,clean,539,5100539,V6,0,[]
German Credit,clean,539,5100539,V5,0,[]
German Credit,clean,540,5100540,V6,0,[]
German Credit,clean,540,5100540,V5,0,[]
German Credit,clean,541,5100541,V6,0,[]
German Credit,clean,541,5100541,V5,0,[]
German Credit,clean,542,5100542,V6,0,[]
German Credit,clean,542,5100542,V5,0,[]
German Credit,clean,543,5100543,V6,0,[]
German Credit,clean,543,5100543,V5,0,[]
German Credit,clean,544,5100544,V6,0,[]
German Credit,clean,544,5100544,V5,0,[]
German Credit,clean,545,5100545,V6,0,[]
German Credit,clean,545,5100545,V5,0,[]
German Credit,clean,546,5100546,V6,0,[]
German Credit,clean,546,5100546,V5,0,[]
German Credit,clean,547,5100547,V6,0,[]
German Credit,clean,547,5100547,V5,0,[]
German Credit,clean,548,5100548,V6,0,[]
German Credit,clean,548,5100548,V5,0,[]
German Credit,clean,549,5100549,V6,0,[]
German Credit,clean,549,5100549,V5,0,[]
German Credit,clean,550,5100550,V6,0,[]
German Credit,clean,550,5100550,V5,0,[]
German Credit,clean,551,5100551,V6,0,[]
German Credit,clean,551,5100551,V5,0,[]
German Credit,clean,552,5100552,V6,0,[]
German Credit,clean,552,5100552,V5,0,[]
German Credit,clean,553,5100553,V6,0,[]
German Credit,clean,553,5100553,V5,0,[]
German Credit,clean,554,5100554,V6,0,[]
German Credit,clean,554,5100554,V5,0,[]
German Credit,clean,555,5100555,V6,0,[]
German Credit,clean,555,5100555,V5,0,[]
German Credit,clean,556,5100556,V6,0,[]
German Credit,clean,556,5100556,V5,0,[]
German Credit,clean,557,5100557,V6,0,[]
German Credit,clean,557,5100557,V5,0,[]
German Credit,clean,558,5100558,V6,0,[]
German Credit,clean,558,5100558,V5,0,[]
German Credit,clean,559,5100559,V6,0,[]
German Credit,clean,559,5100559,V5,0,[]
German Credit,clean,560,5100560,V6,0,[]
German Credit,clean,560,5100560,V5,0,[]
German Credit,clean,561,5100561,V6,0,[]
German Credit,clean,561,5100561,V5,0,[]
German Credit,clean,562,5100562,V6,0,[]
German Credit,clean,562,5100562,V5,0,[]
German Credit,clean,563,5100563,V6,0,[]
German Credit,clean,563,5100563,V5,0,[]
German Credit,clean,564,5100564,V6,0,[]
German Credit,clean,564,5100564,V5,0,[]
German Credit,clean,565,5100565,V6,0,[]
German Credit,clean,565,5100565,V5,0,[]
German Credit,clean,566,5100566,V6,0,[]
German Credit,clean,566,5100566,V5,0,[]
German Credit,clean,567,5100567,V6,0,[]
German Credit,clean,567,5100567,V5,0,[]
German Credit,clean,568,5100568,V6,0,[]
German Credit,clean,568,5100568,V5,0,[]
German Credit,clean,569,5100569,V6,0,[]
German Credit,clean,569,5100569,V5,0,[]
German Credit,clean,570,5100570,V6,0,[]
German Credit,clean,570,5100570,V5,0,[]
German Credit,clean,571,5100571,V6,0,[]
German Credit,clean,571,5100571,V5,0,[]
German Credit,clean,572,5100572,V6,0,[]
German Credit,clean,572,5100572,V5,0,[]
German Credit,clean,573,5100573,V6,0,[]
German Credit,clean,573,5100573,V5,0,[]
German Credit,clean,574,5100574,V6,0,[]
German Credit,clean,574,5100574,V5,0,[]
German Credit,clean,575,5100575,V6,0,[]
German Credit,clean,575,5100575,V5,0,[]
German Credit,clean,576,5100576,V6,0,[]
German Credit,clean,576,5100576,V5,0,[]
German Credit,clean,577,5100577,V6,0,[]
German Credit,clean,577,5100577,V5,0,[]
German Credit,clean,578,5100578,V6,0,[]
German Credit,clean,578,5100578,V5,0,[]
German Credit,clean,579,5100579,V6,0,[]
German Credit,clean,579,5100579,V5,0,[]
German Credit,clean,580,5100580,V6,0,[]
German Credit,clean,580,5100580,V5,0,[]
German Credit,clean,581,5100581,V6,0,[]
German Credit,clean,581,5100581,V5,0,[]
German Credit,clean,582,5100582,V6,0,[]
German Credit,clean,582,5100582,V5,0,[]
German Credit,clean,583,5100583,V6,0,[]
German Credit,clean,583,5100583,V5,0,[]
German Credit,clean,584,5100584,V6,0,[]
German Credit,clean,584,5100584,V5,0,[]
German Credit,clean,585,5100585,V6,0,[]
German Credit,clean,585,5100585,V5,0,[]
German Credit,clean,586,5100586,V6,0,[]
German Credit,clean,586,5100586,V5,0,[]
German Credit,clean,587,5100587,V6,0,[]
German Credit,clean,587,5100587,V5,0,[]
German Credit,clean,588,5100588,V6,0,[]
German Credit,clean,588,5100588,V5,0,[]
German Credit,clean,589,5100589,V6,0,[]
German Credit,clean,589,5100589,V5,0,[]
German Credit,clean,590,5100590,V6,0,[]
German Credit,clean,590,5100590,V5,0,[]
German Credit,clean,591,5100591,V6,0,[]
German Credit,clean,591,5100591,V5,0,[]
German Credit,clean,592,5100592,V6,0,[]
German Credit,clean,592,5100592,V5,0,[]
German Credit,clean,593,5100593,V6,0,[]
German Credit,clean,593,5100593,V5,0,[]
German Credit,clean,594,5100594,V6,0,[]
German Credit,clean,594,5100594,V5,0,[]
German Credit,clean,595,5100595,V6,0,[]
German Credit,clean,595,5100595,V5,0,[]
German Credit,clean,596,5100596,V6,0,[]
German Credit,clean,596,5100596,V5,0,[]
German Credit,clean,597,5100597,V6,0,[]
German Credit,clean,597,5100597,V5,0,[]
German Credit,clean,598,5100598,V6,0,[]
German Credit,clean,598,5100598,V5,0,[]
German Credit,clean,599,5100599,V6,0,[]
German Credit,clean,599,5100599,V5,0,[]
German Credit,clean,600,5100600,V6,0,[]
German Credit,clean,600,5100600,V5,0,[]
German Credit,clean,601,5100601,V6,0,[]
German Credit,clean,601,5100601,V5,0,[]
German Credit,clean,602,5100602,V6,0,[]
German Credit,clean,602,5100602,V5,0,[]
German Credit,clean,603,5100603,V6,0,[]
German Credit,clean,603,5100603,V5,0,[]
German Credit,clean,604,5100604,V6,0,[]
German Credit,clean,604,5100604,V5,0,[]
German Credit,clean,605,5100605,V6,0,[]
German Credit,clean,605,5100605,V5,0,[]
German Credit,clean,606,5100606,V6,0,[]
German Credit,clean,606,5100606,V5,0,[]
German Credit,clean,607,5100607,V6,0,[]
German Credit,clean,607,5100607,V5,0,[]
German Credit,clean,608,5100608,V6,0,[]
German Credit,clean,608,5100608,V5,0,[]
German Credit,clean,609,5100609,V6,0,[]
German Credit,clean,609,5100609,V5,0,[]
German Credit,clean,610,5100610,V6,0,[]
German Credit,clean,610,5100610,V5,0,[]
German Credit,clean,611,5100611,V6,0,[]
German Credit,clean,611,5100611,V5,0,[]
German Credit,clean,612,5100612,V6,0,[]
German Credit,clean,612,5100612,V5,0,[]
German Credit,clean,613,5100613,V6,0,[]
German Credit,clean,613,5100613,V5,0,[]
German Credit,clean,614,5100614,V6,0,[]
German Credit,clean,614,5100614,V5,0,[]
German Credit,clean,615,5100615,V6,0,[]
German Credit,clean,615,5100615,V5,0,[]
German Credit,clean,616,5100616,V6,0,[]
German Credit,clean,616,5100616,V5,0,[]
German Credit,clean,617,5100617,V6,0,[]
German Credit,clean,617,5100617,V5,0,[]
German Credit,clean,618,5100618,V6,0,[]
German Credit,clean,618,5100618,V5,0,[]
German Credit,clean,619,5100619,V6,0,[]
German Credit,clean,619,5100619,V5,0,[]
German Credit,clean,620,5100620,V6,0,[]
German Credit,clean,620,5100620,V5,0,[]
German Credit,clean,621,5100621,V6,0,[]
German Credit,clean,621,5100621,V5,0,[]
German Credit,clean,622,5100622,V6,0,[]
German Credit,clean,622,5100622,V5,0,[]
German Credit,clean,623,5100623,V6,0,[]
German Credit,clean,623,5100623,V5,0,[]
German Credit,clean,624,5100624,V6,0,[]
German Credit,clean,624,5100624,V5,0,[]
German Credit,clean,625,5100625,V6,0,[]
German Credit,clean,625,5100625,V5,0,[]
German Credit,clean,626,5100626,V6,0,[]
German Credit,clean,626,5100626,V5,0,[]
German Credit,clean,627,5100627,V6,0,[]
German Credit,clean,627,5100627,V5,0,[]
German Credit,clean,628,5100628,V6,0,[]
German Credit,clean,628,5100628,V5,0,[]
German Credit,clean,629,5100629,V6,0,[]
German Credit,clean,629,5100629,V5,0,[]
German Credit,clean,630,5100630,V6,0,[]
German Credit,clean,630,5100630,V5,0,[]
German Credit,clean,631,5100631,V6,0,[]
German Credit,clean,631,5100631,V5,0,[]
German Credit,clean,632,5100632,V6,0,[]
German Credit,clean,632,5100632,V5,0,[]
German Credit,clean,633,5100633,V6,0,[]
German Credit,clean,633,5100633,V5,0,[]
German Credit,clean,634,5100634,V6,0,[]
German Credit,clean,634,5100634,V5,0,[]
German Credit,clean,635,5100635,V6,0,[]
German Credit,clean,635,5100635,V5,0,[]
German Credit,clean,636,5100636,V6,0,[]
German Credit,clean,636,5100636,V5,0,[]
German Credit,clean,637,5100637,V6,0,[]
German Credit,clean,637,5100637,V5,0,[]
German Credit,clean,638,5100638,V6,0,[]
German Credit,clean,638,5100638,V5,0,[]
German Credit,clean,639,5100639,V6,0,[]
German Credit,clean,639,5100639,V5,0,[]
German Credit,clean,640,5100640,V6,0,[]
German Credit,clean,640,5100640,V5,0,[]
German Credit,clean,641,5100641,V6,0,[]
German Credit,clean,641,5100641,V5,0,[]
German Credit,clean,642,5100642,V6,0,[]
German Credit,clean,642,5100642,V5,0,[]
German Credit,clean,643,5100643,V6,0,[]
German Credit,clean,643,5100643,V5,0,[]
German Credit,clean,644,5100644,V6,0,[]
German Credit,clean,644,5100644,V5,0,[]
German Credit,clean,645,5100645,V6,0,[]
German Credit,clean,645,5100645,V5,0,[]
German Credit,clean,646,5100646,V6,0,[]
German Credit,clean,646,5100646,V5,0,[]
German Credit,clean,647,5100647,V6,0,[]
German Credit,clean,647,5100647,V5,0,[]
German Credit,clean,648,5100648,V6,0,[]
German Credit,clean,648,5100648,V5,0,[]
German Credit,clean,649,5100649,V6,0,[]
German Credit,clean,649,5100649,V5,0,[]
German Credit,clean,650,5100650,V6,0,[]
German Credit,clean,650,5100650,V5,0,[]
German Credit,clean,651,5100651,V6,0,[]
German Credit,clean,651,5100651,V5,0,[]
German Credit,clean,652,5100652,V6,0,[]
German Credit,clean,652,5100652,V5,0,[]
German Credit,clean,653,5100653,V6,0,[]
German Credit,clean,653,5100653,V5,0,[]
German Credit,clean,654,5100654,V6,0,[]
German Credit,clean,654,5100654,V5,0,[]
German Credit,clean,655,5100655,V6,0,[]
German Credit,clean,655,5100655,V5,0,[]
German Credit,clean,656,5100656,V6,0,[]
German Credit,clean,656,5100656,V5,0,[]
German Credit,clean,657,5100657,V6,0,[]
German Credit,clean,657,5100657,V5,0,[]
German Credit,clean,658,5100658,V6,0,[]
German Credit,clean,658,5100658,V5,0,[]
German Credit,clean,659,5100659,V6,0,[]
German Credit,clean,659,5100659,V5,0,[]
German Credit,clean,660,5100660,V6,0,[]
German Credit,clean,660,5100660,V5,0,[]
German Credit,clean,661,5100661,V6,0,[]
German Credit,clean,661,5100661,V5,0,[]
German Credit,clean,662,5100662,V6,0,[]
German Credit,clean,662,5100662,V5,0,[]
German Credit,clean,663,5100663,V6,0,[]
German Credit,clean,663,5100663,V5,0,[]
German Credit,clean,664,5100664,V6,0,[]
German Credit,clean,664,5100664,V5,0,[]
German Credit,clean,665,5100665,V6,0,[]
German Credit,clean,665,5100665,V5,0,[]
German Credit,clean,666,5100666,V6,0,[]
German Credit,clean,666,5100666,V5,0,[]
German Credit,clean,667,5100667,V6,0,[]
German Credit,clean,667,5100667,V5,0,[]
German Credit,clean,668,5100668,V6,0,[]
German Credit,clean,668,5100668,V5,0,[]
German Credit,clean,669,5100669,V6,0,[]
German Credit,clean,669,5100669,V5,0,[]
German Credit,clean,670,5100670,V6,0,[]
German Credit,clean,670,5100670,V5,0,[]
German Credit,clean,671,5100671,V6,0,[]
German Credit,clean,671,5100671,V5,0,[]
German Credit,clean,672,5100672,V6,0,[]
German Credit,clean,672,5100672,V5,0,[]
German Credit,clean,673,5100673,V6,0,[]
German Credit,clean,673,5100673,V5,0,[]
German Credit,clean,674,5100674,V6,0,[]
German Credit,clean,674,5100674,V5,0,[]
German Credit,clean,675,5100675,V6,0,[]
German Credit,clean,675,5100675,V5,0,[]
German Credit,clean,676,5100676,V6,0,[]
German Credit,clean,676,5100676,V5,0,[]
German Credit,clean,677,5100677,V6,0,[]
German Credit,clean,677,5100677,V5,0,[]
German Credit,clean,678,5100678,V6,0,[]
German Credit,clean,678,5100678,V5,0,[]
German Credit,clean,679,5100679,V6,0,[]
German Credit,clean,679,5100679,V5,0,[]
German Credit,clean,680,5100680,V6,0,[]
German Credit,clean,680,5100680,V5,0,[]
German Credit,clean,681,5100681,V6,0,[]
German Credit,clean,681,5100681,V5,0,[]
German Credit,clean,682,5100682,V6,0,[]
German Credit,clean,682,5100682,V5,0,[]
German Credit,clean,683,5100683,V6,0,[]
German Credit,clean,683,5100683,V5,0,[]
German Credit,clean,684,5100684,V6,0,[]
German Credit,clean,684,5100684,V5,0,[]
German Credit,clean,685,5100685,V6,0,[]
German Credit,clean,685,5100685,V5,0,[]
German Credit,clean,686,5100686,V6,0,[]
German Credit,clean,686,5100686,V5,0,[]
German Credit,clean,687,5100687,V6,0,[]
German Credit,clean,687,5100687,V5,0,[]
German Credit,clean,688,5100688,V6,0,[]
German Credit,clean,688,5100688,V5,0,[]
German Credit,clean,689,5100689,V6,0,[]
German Credit,clean,689,5100689,V5,0,[]
German Credit,clean,690,5100690,V6,0,[]
German Credit,clean,690,5100690,V5,0,[]
German Credit,clean,691,5100691,V6,0,[]
German Credit,clean,691,5100691,V5,0,[]
German Credit,clean,692,5100692,V6,0,[]
German Credit,clean,692,5100692,V5,0,[]
German Credit,clean,693,5100693,V6,0,[]
German Credit,clean,693,5100693,V5,0,[]
German Credit,clean,694,5100694,V6,0,[]
German Credit,clean,694,5100694,V5,0,[]
German Credit,clean,695,5100695,V6,0,[]
German Credit,clean,695,5100695,V5,0,[]
German Credit,clean,696,5100696,V6,0,[]
German Credit,clean,696,5100696,V5,0,[]
German Credit,clean,697,5100697,V6,0,[]
German Credit,clean,697,5100697,V5,1,"[[""telephone""]]"
German Credit,clean,698,5100698,V6,0,[]
German Credit,clean,698,5100698,V5,0,[]
German Credit,clean,699,5100699,V6,0,[]
German Credit,clean,699,5100699,V5,0,[]
German Credit,clean,700,5100700,V6,0,[]
German Credit,clean,700,5100700,V5,0,[]
German Credit,clean,701,5100701,V6,0,[]
German Credit,clean,701,5100701,V5,0,[]
German Credit,clean,702,5100702,V6,0,[]
German Credit,clean,702,5100702,V5,0,[]
German Credit,clean,703,5100703,V6,0,[]
German Credit,clean,703,5100703,V5,0,[]
German Credit,clean,704,5100704,V6,0,[]
German Credit,clean,704,5100704,V5,0,[]
German Credit,clean,705,5100705,V6,0,[]
German Credit,clean,705,5100705,V5,0,[]
German Credit,clean,706,5100706,V6,0,[]
German Credit,clean,706,5100706,V5,0,[]
German Credit,clean,707,5100707,V6,0,[]
German Credit,clean,707,5100707,V5,0,[]
German Credit,clean,708,5100708,V6,0,[]
German Credit,clean,708,5100708,V5,0,[]
German Credit,clean,709,5100709,V6,0,[]
German Credit,clean,709,5100709,V5,0,[]
German Credit,clean,710,5100710,V6,0,[]
German Credit,clean,710,5100710,V5,0,[]
German Credit,clean,711,5100711,V6,0,[]
German Credit,clean,711,5100711,V5,0,[]
German Credit,clean,712,5100712,V6,0,[]
German Credit,clean,712,5100712,V5,0,[]
German Credit,clean,713,5100713,V6,0,[]
German Credit,clean,713,5100713,V5,0,[]
German Credit,clean,714,5100714,V6,0,[]
German Credit,clean,714,5100714,V5,0,[]
German Credit,clean,715,5100715,V6,0,[]
German Credit,clean,715,5100715,V5,0,[]
German Credit,clean,716,5100716,V6,0,[]
German Credit,clean,716,5100716,V5,0,[]
German Credit,clean,717,5100717,V6,0,[]
German Credit,clean,717,5100717,V5,0,[]
German Credit,clean,718,5100718,V6,0,[]
German Credit,clean,718,5100718,V5,0,[]
German Credit,clean,719,5100719,V6,0,[]
German Credit,clean,719,5100719,V5,0,[]
German Credit,clean,720,5100720,V6,0,[]
German Credit,clean,720,5100720,V5,0,[]
German Credit,clean,721,5100721,V6,0,[]
German Credit,clean,721,5100721,V5,0,[]
German Credit,clean,722,5100722,V6,0,[]
German Credit,clean,722,5100722,V5,0,[]
German Credit,clean,723,5100723,V6,0,[]
German Credit,clean,723,5100723,V5,0,[]
German Credit,clean,724,5100724,V6,0,[]
German Credit,clean,724,5100724,V5,0,[]
German Credit,clean,725,5100725,V6,0,[]
German Credit,clean,725,5100725,V5,0,[]
German Credit,clean,726,5100726,V6,0,[]
German Credit,clean,726,5100726,V5,0,[]
German Credit,clean,727,5100727,V6,0,[]
German Credit,clean,727,5100727,V5,0,[]
German Credit,clean,728,5100728,V6,0,[]
German Credit,clean,728,5100728,V5,0,[]
German Credit,clean,729,5100729,V6,0,[]
German Credit,clean,729,5100729,V5,0,[]
German Credit,clean,730,5100730,V6,0,[]
German Credit,clean,730,5100730,V5,0,[]
German Credit,clean,731,5100731,V6,0,[]
German Credit,clean,731,5100731,V5,0,[]
German Credit,clean,732,5100732,V6,0,[]
German Credit,clean,732,5100732,V5,0,[]
German Credit,clean,733,5100733,V6,0,[]
German Credit,clean,733,5100733,V5,0,[]
German Credit,clean,734,5100734,V6,0,[]
German Credit,clean,734,5100734,V5,0,[]
German Credit,clean,735,5100735,V6,0,[]
German Credit,clean,735,5100735,V5,0,[]
German Credit,clean,736,5100736,V6,1,"[[""housing""]]"
German Credit,clean,736,5100736,V5,0,[]
German Credit,clean,737,5100737,V6,0,[]
German Credit,clean,737,5100737,V5,0,[]
German Credit,clean,738,5100738,V6,0,[]
German Credit,clean,738,5100738,V5,0,[]
German Credit,clean,739,5100739,V6,0,[]
German Credit,clean,739,5100739,V5,0,[]
German Credit,clean,740,5100740,V6,0,[]
German Credit,clean,740,5100740,V5,0,[]
German Credit,clean,741,5100741,V6,0,[]
German Credit,clean,741,5100741,V5,0,[]
German Credit,clean,742,5100742,V6,0,[]
German Credit,clean,742,5100742,V5,0,[]
German Credit,clean,743,5100743,V6,0,[]
German Credit,clean,743,5100743,V5,0,[]
German Credit,clean,744,5100744,V6,0,[]
German Credit,clean,744,5100744,V5,0,[]
German Credit,clean,745,5100745,V6,0,[]
German Credit,clean,745,5100745,V5,0,[]
German Credit,clean,746,5100746,V6,0,[]
German Credit,clean,746,5100746,V5,0,[]
German Credit,clean,747,5100747,V6,0,[]
German Credit,clean,747,5100747,V5,0,[]
German Credit,clean,748,5100748,V6,0,[]
German Credit,clean,748,5100748,V5,0,[]
German Credit,clean,749,5100749,V6,0,[]
German Credit,clean,749,5100749,V5,0,[]
German Credit,clean,750,5100750,V6,0,[]
German Credit,clean,750,5100750,V5,0,[]
German Credit,clean,751,5100751,V6,0,[]
German Credit,clean,751,5100751,V5,0,[]
German Credit,clean,752,5100752,V6,0,[]
German Credit,clean,752,5100752,V5,0,[]
German Credit,clean,753,5100753,V6,0,[]
German Credit,clean,753,5100753,V5,0,[]
German Credit,clean,754,5100754,V6,0,[]
German Credit,clean,754,5100754,V5,0,[]
German Credit,clean,755,5100755,V6,0,[]
German Credit,clean,755,5100755,V5,0,[]
German Credit,clean,756,5100756,V6,0,[]
German Credit,clean,756,5100756,V5,0,[]
German Credit,clean,757,5100757,V6,0,[]
German Credit,clean,757,5100757,V5,0,[]
German Credit,clean,758,5100758,V6,0,[]
German Credit,clean,758,5100758,V5,0,[]
German Credit,clean,759,5100759,V6,0,[]
German Credit,clean,759,5100759,V5,0,[]
German Credit,clean,760,5100760,V6,0,[]
German Credit,clean,760,5100760,V5,0,[]
German Credit,clean,761,5100761,V6,0,[]
German Credit,clean,761,5100761,V5,0,[]
German Credit,clean,762,5100762,V6,0,[]
German Credit,clean,762,5100762,V5,0,[]
German Credit,clean,763,5100763,V6,0,[]
German Credit,clean,763,5100763,V5,0,[]
German Credit,clean,764,5100764,V6,0,[]
German Credit,clean,764,5100764,V5,0,[]
German Credit,clean,765,5100765,V6,0,[]
German Credit,clean,765,5100765,V5,0,[]
German Credit,clean,766,5100766,V6,0,[]
German Credit,clean,766,5100766,V5,0,[]
German Credit,clean,767,5100767,V6,0,[]
German Credit,clean,767,5100767,V5,0,[]
German Credit,clean,768,5100768,V6,0,[]
German Credit,clean,768,5100768,V5,0,[]
German Credit,clean,769,5100769,V6,0,[]
German Credit,clean,769,5100769,V5,0,[]
German Credit,clean,770,5100770,V6,0,[]
German Credit,clean,770,5100770,V5,0,[]
German Credit,clean,771,5100771,V6,0,[]
German Credit,clean,771,5100771,V5,0,[]
German Credit,clean,772,5100772,V6,0,[]
German Credit,clean,772,5100772,V5,0,[]
German Credit,clean,773,5100773,V6,0,[]
German Credit,clean,773,5100773,V5,0,[]
German Credit,clean,774,5100774,V6,0,[]
German Credit,clean,774,5100774,V5,0,[]
German Credit,clean,775,5100775,V6,0,[]
German Credit,clean,775,5100775,V5,0,[]
German Credit,clean,776,5100776,V6,0,[]
German Credit,clean,776,5100776,V5,0,[]
German Credit,clean,777,5100777,V6,0,[]
German Credit,clean,777,5100777,V5,0,[]
German Credit,clean,778,5100778,V6,0,[]
German Credit,clean,778,5100778,V5,0,[]
German Credit,clean,779,5100779,V6,0,[]
German Credit,clean,779,5100779,V5,0,[]
German Credit,clean,780,5100780,V6,0,[]
German Credit,clean,780,5100780,V5,0,[]
German Credit,clean,781,5100781,V6,0,[]
German Credit,clean,781,5100781,V5,0,[]
German Credit,clean,782,5100782,V6,0,[]
German Credit,clean,782,5100782,V5,0,[]
German Credit,clean,783,5100783,V6,0,[]
German Credit,clean,783,5100783,V5,0,[]
German Credit,clean,784,5100784,V6,0,[]
German Credit,clean,784,5100784,V5,0,[]
German Credit,clean,785,5100785,V6,0,[]
German Credit,clean,785,5100785,V5,0,[]
German Credit,clean,786,5100786,V6,0,[]
German Credit,clean,786,5100786,V5,0,[]
German Credit,clean,787,5100787,V6,0,[]
German Credit,clean,787,5100787,V5,0,[]
German Credit,clean,788,5100788,V6,0,[]
German Credit,clean,788,5100788,V5,0,[]
German Credit,clean,789,5100789,V6,0,[]
German Credit,clean,789,5100789,V5,0,[]
German Credit,clean,790,5100790,V6,0,[]
German Credit,clean,790,5100790,V5,0,[]
German Credit,clean,791,5100791,V6,0,[]
German Credit,clean,791,5100791,V5,0,[]
German Credit,clean,792,5100792,V6,0,[]
German Credit,clean,792,5100792,V5,0,[]
German Credit,clean,793,5100793,V6,0,[]
German Credit,clean,793,5100793,V5,0,[]
German Credit,clean,794,5100794,V6,0,[]
German Credit,clean,794,5100794,V5,0,[]
German Credit,clean,795,5100795,V6,0,[]
German Credit,clean,795,5100795,V5,0,[]
German Credit,clean,796,5100796,V6,0,[]
German Credit,clean,796,5100796,V5,0,[]
German Credit,clean,797,5100797,V6,0,[]
German Credit,clean,797,5100797,V5,0,[]
German Credit,clean,798,5100798,V6,0,[]
German Credit,clean,798,5100798,V5,0,[]
German Credit,clean,799,5100799,V6,0,[]
German Credit,clean,799,5100799,V5,0,[]
German Credit,clean,800,5100800,V6,0,[]
German Credit,clean,800,5100800,V5,0,[]
German Credit,clean,801,5100801,V6,0,[]
German Credit,clean,801,5100801,V5,0,[]
German Credit,clean,802,5100802,V6,0,[]
German Credit,clean,802,5100802,V5,0,[]
German Credit,clean,803,5100803,V6,0,[]
German Credit,clean,803,5100803,V5,0,[]
German Credit,clean,804,5100804,V6,0,[]
German Credit,clean,804,5100804,V5,0,[]
German Credit,clean,805,5100805,V6,0,[]
German Credit,clean,805,5100805,V5,0,[]
German Credit,clean,806,5100806,V6,0,[]
German Credit,clean,806,5100806,V5,0,[]
German Credit,clean,807,5100807,V6,0,[]
German Credit,clean,807,5100807,V5,0,[]
German Credit,clean,808,5100808,V6,0,[]
German Credit,clean,808,5100808,V5,0,[]
German Credit,clean,809,5100809,V6,0,[]
German Credit,clean,809,5100809,V5,0,[]
German Credit,clean,810,5100810,V6,0,[]
German Credit,clean,810,5100810,V5,0,[]
German Credit,clean,811,5100811,V6,0,[]
German Credit,clean,811,5100811,V5,0,[]
German Credit,clean,812,5100812,V6,0,[]
German Credit,clean,812,5100812,V5,0,[]
German Credit,clean,813,5100813,V6,0,[]
German Credit,clean,813,5100813,V5,0,[]
German Credit,clean,814,5100814,V6,0,[]
German Credit,clean,814,5100814,V5,0,[]
German Credit,clean,815,5100815,V6,0,[]
German Credit,clean,815,5100815,V5,0,[]
German Credit,clean,816,5100816,V6,0,[]
German Credit,clean,816,5100816,V5,0,[]
German Credit,clean,817,5100817,V6,0,[]
German Credit,clean,817,5100817,V5,0,[]
German Credit,clean,818,5100818,V6,0,[]
German Credit,clean,818,5100818,V5,0,[]
German Credit,clean,819,5100819,V6,0,[]
German Credit,clean,819,5100819,V5,0,[]
German Credit,clean,820,5100820,V6,0,[]
German Credit,clean,820,5100820,V5,0,[]
German Credit,clean,821,5100821,V6,0,[]
German Credit,clean,821,5100821,V5,0,[]
German Credit,clean,822,5100822,V6,0,[]
German Credit,clean,822,5100822,V5,0,[]
German Credit,clean,823,5100823,V6,0,[]
German Credit,clean,823,5100823,V5,0,[]
German Credit,clean,824,5100824,V6,0,[]
German Credit,clean,824,5100824,V5,0,[]
German Credit,clean,825,5100825,V6,0,[]
German Credit,clean,825,5100825,V5,0,[]
German Credit,clean,826,5100826,V6,0,[]
German Credit,clean,826,5100826,V5,0,[]
German Credit,clean,827,5100827,V6,0,[]
German Credit,clean,827,5100827,V5,0,[]
German Credit,clean,828,5100828,V6,0,[]
German Credit,clean,828,5100828,V5,0,[]
German Credit,clean,829,5100829,V6,0,[]
German Credit,clean,829,5100829,V5,0,[]
German Credit,clean,830,5100830,V6,0,[]
German Credit,clean,830,5100830,V5,0,[]
German Credit,clean,831,5100831,V6,0,[]
German Credit,clean,831,5100831,V5,0,[]
German Credit,clean,832,5100832,V6,0,[]
German Credit,clean,832,5100832,V5,0,[]
German Credit,clean,833,5100833,V6,0,[]
German Credit,clean,833,5100833,V5,0,[]
German Credit,clean,834,5100834,V6,0,[]
German Credit,clean,834,5100834,V5,0,[]
German Credit,clean,835,5100835,V6,0,[]
German Credit,clean,835,5100835,V5,0,[]
German Credit,clean,836,5100836,V6,0,[]
German Credit,clean,836,5100836,V5,0,[]
German Credit,clean,837,5100837,V6,0,[]
German Credit,clean,837,5100837,V5,0,[]
German Credit,clean,838,5100838,V6,0,[]
German Credit,clean,838,5100838,V5,0,[]
German Credit,clean,839,5100839,V6,0,[]
German Credit,clean,839,5100839,V5,0,[]
German Credit,clean,840,5100840,V6,0,[]
German Credit,clean,840,5100840,V5,0,[]
German Credit,clean,841,5100841,V6,0,[]
German Credit,clean,841,5100841,V5,0,[]
German Credit,clean,842,5100842,V6,0,[]
German Credit,clean,842,5100842,V5,0,[]
German Credit,clean,843,5100843,V6,0,[]
German Credit,clean,843,5100843,V5,0,[]
German Credit,clean,844,5100844,V6,0,[]
German Credit,clean,844,5100844,V5,0,[]
German Credit,clean,845,5100845,V6,0,[]
German Credit,clean,845,5100845,V5,0,[]
German Credit,clean,846,5100846,V6,0,[]
German Credit,clean,846,5100846,V5,0,[]
German Credit,clean,847,5100847,V6,0,[]
German Credit,clean,847,5100847,V5,0,[]
German Credit,clean,848,5100848,V6,0,[]
German Credit,clean,848,5100848,V5,0,[]
German Credit,clean,849,5100849,V6,0,[]
German Credit,clean,849,5100849,V5,0,[]
German Credit,clean,850,5100850,V6,0,[]
German Credit,clean,850,5100850,V5,0,[]
German Credit,clean,851,5100851,V6,0,[]
German Credit,clean,851,5100851,V5,0,[]
German Credit,clean,852,5100852,V6,0,[]
German Credit,clean,852,5100852,V5,0,[]
German Credit,clean,853,5100853,V6,0,[]
German Credit,clean,853,5100853,V5,0,[]
German Credit,clean,854,5100854,V6,0,[]
German Credit,clean,854,5100854,V5,0,[]
German Credit,clean,855,5100855,V6,0,[]
German Credit,clean,855,5100855,V5,0,[]
German Credit,clean,856,5100856,V6,0,[]
German Credit,clean,856,5100856,V5,0,[]
German Credit,clean,857,5100857,V6,0,[]
German Credit,clean,857,5100857,V5,0,[]
German Credit,clean,858,5100858,V6,0,[]
German Credit,clean,858,5100858,V5,0,[]
German Credit,clean,859,5100859,V6,0,[]
German Credit,clean,859,5100859,V5,0,[]
German Credit,clean,860,5100860,V6,0,[]
German Credit,clean,860,5100860,V5,0,[]
German Credit,clean,861,5100861,V6,0,[]
German Credit,clean,861,5100861,V5,0,[]
German Credit,clean,862,5100862,V6,0,[]
German Credit,clean,862,5100862,V5,0,[]
German Credit,clean,863,5100863,V6,0,[]
German Credit,clean,863,5100863,V5,0,[]
German Credit,clean,864,5100864,V6,0,[]
German Credit,clean,864,5100864,V5,0,[]
German Credit,clean,865,5100865,V6,0,[]
German Credit,clean,865,5100865,V5,0,[]
German Credit,clean,866,5100866,V6,0,[]
German Credit,clean,866,5100866,V5,0,[]
German Credit,clean,867,5100867,V6,0,[]
German Credit,clean,867,5100867,V5,0,[]
German Credit,clean,868,5100868,V6,0,[]
German Credit,clean,868,5100868,V5,0,[]
German Credit,clean,869,5100869,V6,0,[]
German Credit,clean,869,5100869,V5,0,[]
German Credit,clean,870,5100870,V6,1,"[[""personal_status""]]"
German Credit,clean,870,5100870,V5,0,[]
German Credit,clean,871,5100871,V6,0,[]
German Credit,clean,871,5100871,V5,0,[]
German Credit,clean,872,5100872,V6,0,[]
German Credit,clean,872,5100872,V5,0,[]
German Credit,clean,873,5100873,V6,0,[]
German Credit,clean,873,5100873,V5,0,[]
German Credit,clean,874,5100874,V6,0,[]
German Credit,clean,874,5100874,V5,0,[]
German Credit,clean,875,5100875,V6,0,[]
German Credit,clean,875,5100875,V5,0,[]
German Credit,clean,876,5100876,V6,0,[]
German Credit,clean,876,5100876,V5,0,[]
German Credit,clean,877,5100877,V6,0,[]
German Credit,clean,877,5100877,V5,0,[]
German Credit,clean,878,5100878,V6,0,[]
German Credit,clean,878,5100878,V5,0,[]
German Credit,clean,879,5100879,V6,0,[]
German Credit,clean,879,5100879,V5,0,[]
German Credit,clean,880,5100880,V6,0,[]
German Credit,clean,880,5100880,V5,0,[]
German Credit,clean,881,5100881,V6,0,[]
German Credit,clean,881,5100881,V5,0,[]
German Credit,clean,882,5100882,V6,0,[]
German Credit,clean,882,5100882,V5,0,[]
German Credit,clean,883,5100883,V6,0,[]
German Credit,clean,883,5100883,V5,0,[]
German Credit,clean,884,5100884,V6,0,[]
German Credit,clean,884,5100884,V5,0,[]
German Credit,clean,885,5100885,V6,0,[]
German Credit,clean,885,5100885,V5,0,[]
German Credit,clean,886,5100886,V6,0,[]
German Credit,clean,886,5100886,V5,0,[]
German Credit,clean,887,5100887,V6,0,[]
German Credit,clean,887,5100887,V5,0,[]
German Credit,clean,888,5100888,V6,0,[]
German Credit,clean,888,5100888,V5,0,[]
German Credit,clean,889,5100889,V6,0,[]
German Credit,clean,889,5100889,V5,0,[]
German Credit,clean,890,5100890,V6,0,[]
German Credit,clean,890,5100890,V5,0,[]
German Credit,clean,891,5100891,V6,0,[]
German Credit,clean,891,5100891,V5,0,[]
German Credit,clean,892,5100892,V6,0,[]
German Credit,clean,892,5100892,V5,0,[]
German Credit,clean,893,5100893,V6,0,[]
German Credit,clean,893,5100893,V5,0,[]
German Credit,clean,894,5100894,V6,0,[]
German Credit,clean,894,5100894,V5,0,[]
German Credit,clean,895,5100895,V6,0,[]
German Credit,clean,895,5100895,V5,0,[]
German Credit,clean,896,5100896,V6,0,[]
German Credit,clean,896,5100896,V5,0,[]
German Credit,clean,897,5100897,V6,0,[]
German Credit,clean,897,5100897,V5,0,[]
German Credit,clean,898,5100898,V6,0,[]
German Credit,clean,898,5100898,V5,0,[]
German Credit,clean,899,5100899,V6,0,[]
German Credit,clean,899,5100899,V5,0,[]
German Credit,clean,900,5100900,V6,0,[]
German Credit,clean,900,5100900,V5,0,[]
German Credit,clean,901,5100901,V6,0,[]
German Credit,clean,901,5100901,V5,0,[]
German Credit,clean,902,5100902,V6,0,[]
German Credit,clean,902,5100902,V5,0,[]
German Credit,clean,903,5100903,V6,0,[]
German Credit,clean,903,5100903,V5,0,[]
German Credit,clean,904,5100904,V6,0,[]
German Credit,clean,904,5100904,V5,0,[]
German Credit,clean,905,5100905,V6,0,[]
German Credit,clean,905,5100905,V5,0,[]
German Credit,clean,906,5100906,V6,0,[]
German Credit,clean,906,5100906,V5,0,[]
German Credit,clean,907,5100907,V6,0,[]
German Credit,clean,907,5100907,V5,0,[]
German Credit,clean,908,5100908,V6,0,[]
German Credit,clean,908,5100908,V5,0,[]
German Credit,clean,909,5100909,V6,0,[]
German Credit,clean,909,5100909,V5,0,[]
German Credit,clean,910,5100910,V6,0,[]
German Credit,clean,910,5100910,V5,0,[]
German Credit,clean,911,5100911,V6,0,[]
German Credit,clean,911,5100911,V5,0,[]
German Credit,clean,912,5100912,V6,0,[]
German Credit,clean,912,5100912,V5,0,[]
German Credit,clean,913,5100913,V6,0,[]
German Credit,clean,913,5100913,V5,0,[]
German Credit,clean,914,5100914,V6,0,[]
German Credit,clean,914,5100914,V5,0,[]
German Credit,clean,915,5100915,V6,0,[]
German Credit,clean,915,5100915,V5,0,[]
German Credit,clean,916,5100916,V6,0,[]
German Credit,clean,916,5100916,V5,0,[]
German Credit,clean,917,5100917,V6,0,[]
German Credit,clean,917,5100917,V5,0,[]
German Credit,clean,918,5100918,V6,0,[]
German Credit,clean,918,5100918,V5,0,[]
German Credit,clean,919,5100919,V6,0,[]
German Credit,clean,919,5100919,V5,0,[]
German Credit,clean,920,5100920,V6,0,[]
German Credit,clean,920,5100920,V5,0,[]
German Credit,clean,921,5100921,V6,0,[]
German Credit,clean,921,5100921,V5,0,[]
German Credit,clean,922,5100922,V6,0,[]
German Credit,clean,922,5100922,V5,0,[]
German Credit,clean,923,5100923,V6,0,[]
German Credit,clean,923,5100923,V5,0,[]
German Credit,clean,924,5100924,V6,0,[]
German Credit,clean,924,5100924,V5,0,[]
German Credit,clean,925,5100925,V6,0,[]
German Credit,clean,925,5100925,V5,0,[]
German Credit,clean,926,5100926,V6,0,[]
German Credit,clean,926,5100926,V5,0,[]
German Credit,clean,927,5100927,V6,0,[]
German Credit,clean,927,5100927,V5,0,[]
German Credit,clean,928,5100928,V6,0,[]
German Credit,clean,928,5100928,V5,0,[]
German Credit,clean,929,5100929,V6,0,[]
German Credit,clean,929,5100929,V5,0,[]
German Credit,clean,930,5100930,V6,0,[]
German Credit,clean,930,5100930,V5,0,[]
German Credit,clean,931,5100931,V6,0,[]
German Credit,clean,931,5100931,V5,0,[]
German Credit,clean,932,5100932,V6,0,[]
German Credit,clean,932,5100932,V5,0,[]
German Credit,clean,933,5100933,V6,0,[]
German Credit,clean,933,5100933,V5,0,[]
German Credit,clean,934,5100934,V6,0,[]
German Credit,clean,934,5100934,V5,0,[]
German Credit,clean,935,5100935,V6,0,[]
German Credit,clean,935,5100935,V5,0,[]
German Credit,clean,936,5100936,V6,0,[]
German Credit,clean,936,5100936,V5,0,[]
German Credit,clean,937,5100937,V6,0,[]
German Credit,clean,937,5100937,V5,0,[]
German Credit,clean,938,5100938,V6,0,[]
German Credit,clean,938,5100938,V5,0,[]
German Credit,clean,939,5100939,V6,0,[]
German Credit,clean,939,5100939,V5,0,[]
German Credit,clean,940,5100940,V6,0,[]
German Credit,clean,940,5100940,V5,0,[]
German Credit,clean,941,5100941,V6,0,[]
German Credit,clean,941,5100941,V5,0,[]
German Credit,clean,942,5100942,V6,0,[]
German Credit,clean,942,5100942,V5,0,[]
German Credit,clean,943,5100943,V6,0,[]
German Credit,clean,943,5100943,V5,0,[]
German Credit,clean,944,5100944,V6,0,[]
German Credit,clean,944,5100944,V5,0,[]
German Credit,clean,945,5100945,V6,0,[]
German Credit,clean,945,5100945,V5,0,[]
German Credit,clean,946,5100946,V6,0,[]
German Credit,clean,946,5100946,V5,0,[]
German Credit,clean,947,5100947,V6,0,[]
German Credit,clean,947,5100947,V5,0,[]
German Credit,clean,948,5100948,V6,0,[]
German Credit,clean,948,5100948,V5,0,[]
German Credit,clean,949,5100949,V6,0,[]
German Credit,clean,949,5100949,V5,0,[]
German Credit,clean,950,5100950,V6,0,[]
German Credit,clean,950,5100950,V5,0,[]
German Credit,clean,951,5100951,V6,0,[]
German Credit,clean,951,5100951,V5,0,[]
German Credit,clean,952,5100952,V6,0,[]
German Credit,clean,952,5100952,V5,0,[]
German Credit,clean,953,5100953,V6,0,[]
German Credit,clean,953,5100953,V5,0,[]
German Credit,clean,954,5100954,V6,0,[]
German Credit,clean,954,5100954,V5,0,[]
German Credit,clean,955,5100955,V6,0,[]
German Credit,clean,955,5100955,V5,0,[]
German Credit,clean,956,5100956,V6,0,[]
German Credit,clean,956,5100956,V5,0,[]
German Credit,clean,957,5100957,V6,0,[]
German Credit,clean,957,5100957,V5,0,[]
German Credit,clean,958,5100958,V6,0,[]
German Credit,clean,958,5100958,V5,0,[]
German Credit,clean,959,5100959,V6,0,[]
German Credit,clean,959,5100959,V5,0,[]
German Credit,clean,960,5100960,V6,0,[]
German Credit,clean,960,5100960,V5,0,[]
German Credit,clean,961,5100961,V6,0,[]
German Credit,clean,961,5100961,V5,0,[]
German Credit,clean,962,5100962,V6,0,[]
German Credit,clean,962,5100962,V5,0,[]
German Credit,clean,963,5100963,V6,0,[]
German Credit,clean,963,5100963,V5,0,[]
German Credit,clean,964,5100964,V6,0,[]
German Credit,clean,964,5100964,V5,0,[]
German Credit,clean,965,5100965,V6,0,[]
German Credit,clean,965,5100965,V5,0,[]
German Credit,clean,966,5100966,V6,0,[]
German Credit,clean,966,5100966,V5,0,[]
German Credit,clean,967,5100967,V6,0,[]
German Credit,clean,967,5100967,V5,0,[]
German Credit,clean,968,5100968,V6,0,[]
German Credit,clean,968,5100968,V5,0,[]
German Credit,clean,969,5100969,V6,0,[]
German Credit,clean,969,5100969,V5,0,[]
German Credit,clean,970,5100970,V6,0,[]
German Credit,clean,970,5100970,V5,0,[]
German Credit,clean,971,5100971,V6,0,[]
German Credit,clean,971,5100971,V5,0,[]
German Credit,clean,972,5100972,V6,0,[]
German Credit,clean,972,5100972,V5,0,[]
German Credit,clean,973,5100973,V6,0,[]
German Credit,clean,973,5100973,V5,0,[]
German Credit,clean,974,5100974,V6,0,[]
German Credit,clean,974,5100974,V5,0,[]
German Credit,clean,975,5100975,V6,0,[]
German Credit,clean,975,5100975,V5,0,[]
German Credit,clean,976,5100976,V6,0,[]
German Credit,clean,976,5100976,V5,0,[]
German Credit,clean,977,5100977,V6,0,[]
German Credit,clean,977,5100977,V5,0,[]
German Credit,clean,978,5100978,V6,0,[]
German Credit,clean,978,5100978,V5,0,[]
German Credit,clean,979,5100979,V6,0,[]
German Credit,clean,979,5100979,V5,0,[]
German Credit,clean,980,5100980,V6,0,[]
German Credit,clean,980,5100980,V5,0,[]
German Credit,clean,981,5100981,V6,0,[]
German Credit,clean,981,5100981,V5,0,[]
German Credit,clean,982,5100982,V6,0,[]
German Credit,clean,982,5100982,V5,0,[]
German Credit,clean,983,5100983,V6,0,[]
German Credit,clean,983,5100983,V5,0,[]
German Credit,clean,984,5100984,V6,0,[]
German Credit,clean,984,5100984,V5,0,[]
German Credit,clean,985,5100985,V6,0,[]
German Credit,clean,985,5100985,V5,0,[]
German Credit,clean,986,5100986,V6,0,[]
German Credit,clean,986,5100986,V5,0,[]
German Credit,clean,987,5100987,V6,0,[]
German Credit,clean,987,5100987,V5,0,[]
German Credit,clean,988,5100988,V6,0,[]
German Credit,clean,988,5100988,V5,0,[]
German Credit,clean,989,5100989,V6,0,[]
German Credit,clean,989,5100989,V5,0,[]
German Credit,clean,990,5100990,V6,0,[]
German Credit,clean,990,5100990,V5,0,[]
German Credit,clean,991,5100991,V6,0,[]
German Credit,clean,991,5100991,V5,0,[]
German Credit,clean,992,5100992,V6,0,[]
German Credit,clean,992,5100992,V5,0,[]
German Credit,clean,993,5100993,V6,0,[]
German Credit,clean,993,5100993,V5,0,[]
German Credit,clean,994,5100994,V6,0,[]
German Credit,clean,994,5100994,V5,0,[]
German Credit,clean,995,5100995,V6,0,[]
German Credit,clean,995,5100995,V5,0,[]
German Credit,clean,996,5100996,V6,0,[]
German Credit,clean,996,5100996,V5,0,[]
German Credit,clean,997,5100997,V6,0,[]
German Credit,clean,997,5100997,V5,0,[]
German Credit,clean,998,5100998,V6,0,[]
German Credit,clean,998,5100998,V5,0,[]
German Credit,clean,999,5100999,V6,0,[]
German Credit,clean,999,5100999,V5,0,[]
German Credit,shift_age_1.0,0,5110000,V6,0,[]
German Credit,shift_age_1.0,0,5110000,V5,0,[]
German Credit,shift_age_1.0,1,5110001,V6,0,[]
German Credit,shift_age_1.0,1,5110001,V5,0,[]
German Credit,shift_age_1.0,2,5110002,V6,0,[]
German Credit,shift_age_1.0,2,5110002,V5,0,[]
German Credit,shift_age_1.0,3,5110003,V6,0,[]
German Credit,shift_age_1.0,3,5110003,V5,0,[]
German Credit,shift_age_1.0,4,5110004,V6,0,[]
German Credit,shift_age_1.0,4,5110004,V5,0,[]
German Credit,shift_age_1.0,5,5110005,V6,0,[]
German Credit,shift_age_1.0,5,5110005,V5,0,[]
German Credit,shift_age_1.0,6,5110006,V6,0,[]
German Credit,shift_age_1.0,6,5110006,V5,0,[]
German Credit,shift_age_1.0,7,5110007,V6,0,[]
German Credit,shift_age_1.0,7,5110007,V5,0,[]
German Credit,shift_age_1.0,8,5110008,V6,0,[]
German Credit,shift_age_1.0,8,5110008,V5,0,[]
German Credit,shift_age_1.0,9,5110009,V6,0,[]
German Credit,shift_age_1.0,9,5110009,V5,0,[]
German Credit,shift_age_1.0,10,5110010,V6,0,[]
German Credit,shift_age_1.0,10,5110010,V5,0,[]
German Credit,shift_age_1.0,11,5110011,V6,0,[]
German Credit,shift_age_1.0,11,5110011,V5,0,[]
German Credit,shift_age_1.0,12,5110012,V6,0,[]
German Credit,shift_age_1.0,12,5110012,V5,0,[]
German Credit,shift_age_1.0,13,5110013,V6,0,[]
German Credit,shift_age_1.0,13,5110013,V5,0,[]
German Credit,shift_age_1.0,14,5110014,V6,0,[]
German Credit,shift_age_1.0,14,5110014,V5,0,[]
German Credit,shift_age_1.0,15,5110015,V6,0,[]
German Credit,shift_age_1.0,15,5110015,V5,0,[]
German Credit,shift_age_1.0,16,5110016,V6,0,[]
German Credit,shift_age_1.0,16,5110016,V5,0,[]
German Credit,shift_age_1.0,17,5110017,V6,0,[]
German Credit,shift_age_1.0,17,5110017,V5,0,[]
German Credit,shift_age_1.0,18,5110018,V6,0,[]
German Credit,shift_age_1.0,18,5110018,V5,0,[]
German Credit,shift_age_1.0,19,5110019,V6,0,[]
German Credit,shift_age_1.0,19,5110019,V5,0,[]
German Credit,shift_age_1.0,20,5110020,V6,0,[]
German Credit,shift_age_1.0,20,5110020,V5,0,[]
German Credit,shift_age_1.0,21,5110021,V6,0,[]
German Credit,shift_age_1.0,21,5110021,V5,0,[]
German Credit,shift_age_1.0,22,5110022,V6,0,[]
German Credit,shift_age_1.0,22,5110022,V5,0,[]
German Credit,shift_age_1.0,23,5110023,V6,0,[]
German Credit,shift_age_1.0,23,5110023,V5,0,[]
German Credit,shift_age_1.0,24,5110024,V6,0,[]
German Credit,shift_age_1.0,24,5110024,V5,0,[]
German Credit,shift_age_1.0,25,5110025,V6,0,[]
German Credit,shift_age_1.0,25,5110025,V5,0,[]
German Credit,shift_age_1.0,26,5110026,V6,0,[]
German Credit,shift_age_1.0,26,5110026,V5,0,[]
German Credit,shift_age_1.0,27,5110027,V6,0,[]
German Credit,shift_age_1.0,27,5110027,V5,0,[]
German Credit,shift_age_1.0,28,5110028,V6,0,[]
German Credit,shift_age_1.0,28,5110028,V5,0,[]
German Credit,shift_age_1.0,29,5110029,V6,0,[]
German Credit,shift_age_1.0,29,5110029,V5,0,[]
German Credit,shift_age_1.0,30,5110030,V6,0,[]
German Credit,shift_age_1.0,30,5110030,V5,0,[]
German Credit,shift_age_1.0,31,5110031,V6,0,[]
German Credit,shift_age_1.0,31,5110031,V5,0,[]
German Credit,shift_age_1.0,32,5110032,V6,0,[]
German Credit,shift_age_1.0,32,5110032,V5,0,[]
German Credit,shift_age_1.0,33,5110033,V6,0,[]
German Credit,shift_age_1.0,33,5110033,V5,0,[]
German Credit,shift_age_1.0,34,5110034,V6,0,[]
German Credit,shift_age_1.0,34,5110034,V5,0,[]
German Credit,shift_age_1.0,35,5110035,V6,0,[]
German Credit,shift_age_1.0,35,5110035,V5,0,[]
German Credit,shift_age_1.0,36,5110036,V6,0,[]
German Credit,shift_age_1.0,36,5110036,V5,0,[]
German Credit,shift_age_1.0,37,5110037,V6,0,[]
German Credit,shift_age_1.0,37,5110037,V5,0,[]
German Credit,shift_age_1.0,38,5110038,V6,0,[]
German Credit,shift_age_1.0,38,5110038,V5,0,[]
German Credit,shift_age_1.0,39,5110039,V6,0,[]
German Credit,shift_age_1.0,39,5110039,V5,0,[]
German Credit,shift_age_1.0,40,5110040,V6,0,[]
German Credit,shift_age_1.0,40,5110040,V5,0,[]
German Credit,shift_age_1.0,41,5110041,V6,0,[]
German Credit,shift_age_1.0,41,5110041,V5,0,[]
German Credit,shift_age_1.0,42,5110042,V6,0,[]
German Credit,shift_age_1.0,42,5110042,V5,0,[]
German Credit,shift_age_1.0,43,5110043,V6,0,[]
German Credit,shift_age_1.0,43,5110043,V5,0,[]
German Credit,shift_age_1.0,44,5110044,V6,0,[]
German Credit,shift_age_1.0,44,5110044,V5,0,[]
German Credit,shift_age_1.0,45,5110045,V6,0,[]
German Credit,shift_age_1.0,45,5110045,V5,0,[]
German Credit,shift_age_1.0,46,5110046,V6,0,[]
German Credit,shift_age_1.0,46,5110046,V5,0,[]
German Credit,shift_age_1.0,47,5110047,V6,0,[]
German Credit,shift_age_1.0,47,5110047,V5,0,[]
German Credit,shift_age_1.0,48,5110048,V6,0,[]
German Credit,shift_age_1.0,48,5110048,V5,0,[]
German Credit,shift_age_1.0,49,5110049,V6,0,[]
German Credit,shift_age_1.0,49,5110049,V5,0,[]
German Credit,shift_age_1.0,50,5110050,V6,0,[]
German Credit,shift_age_1.0,50,5110050,V5,0,[]
German Credit,shift_age_1.0,51,5110051,V6,0,[]
German Credit,shift_age_1.0,51,5110051,V5,0,[]
German Credit,shift_age_1.0,52,5110052,V6,0,[]
German Credit,shift_age_1.0,52,5110052,V5,0,[]
German Credit,shift_age_1.0,53,5110053,V6,0,[]
German Credit,shift_age_1.0,53,5110053,V5,0,[]
German Credit,shift_age_1.0,54,5110054,V6,0,[]
German Credit,shift_age_1.0,54,5110054,V5,0,[]
German Credit,shift_age_1.0,55,5110055,V6,0,[]
German Credit,shift_age_1.0,55,5110055,V5,0,[]
German Credit,shift_age_1.0,56,5110056,V6,0,[]
German Credit,shift_age_1.0,56,5110056,V5,0,[]
German Credit,shift_age_1.0,57,5110057,V6,0,[]
German Credit,shift_age_1.0,57,5110057,V5,0,[]
German Credit,shift_age_1.0,58,5110058,V6,0,[]
German Credit,shift_age_1.0,58,5110058,V5,0,[]
German Credit,shift_age_1.0,59,5110059,V6,0,[]
German Credit,shift_age_1.0,59,5110059,V5,0,[]
German Credit,shift_age_1.0,60,5110060,V6,0,[]
German Credit,shift_age_1.0,60,5110060,V5,0,[]
German Credit,shift_age_1.0,61,5110061,V6,0,[]
German Credit,shift_age_1.0,61,5110061,V5,0,[]
German Credit,shift_age_1.0,62,5110062,V6,0,[]
German Credit,shift_age_1.0,62,5110062,V5,0,[]
German Credit,shift_age_1.0,63,5110063,V6,0,[]
German Credit,shift_age_1.0,63,5110063,V5,0,[]
German Credit,shift_age_1.0,64,5110064,V6,0,[]
German Credit,shift_age_1.0,64,5110064,V5,0,[]
German Credit,shift_age_1.0,65,5110065,V6,0,[]
German Credit,shift_age_1.0,65,5110065,V5,0,[]
German Credit,shift_age_1.0,66,5110066,V6,0,[]
German Credit,shift_age_1.0,66,5110066,V5,0,[]
German Credit,shift_age_1.0,67,5110067,V6,0,[]
German Credit,shift_age_1.0,67,5110067,V5,0,[]
German Credit,shift_age_1.0,68,5110068,V6,0,[]
German Credit,shift_age_1.0,68,5110068,V5,0,[]
German Credit,shift_age_1.0,69,5110069,V6,0,[]
German Credit,shift_age_1.0,69,5110069,V5,0,[]
German Credit,shift_age_1.0,70,5110070,V6,0,[]
German Credit,shift_age_1.0,70,5110070,V5,0,[]
German Credit,shift_age_1.0,71,5110071,V6,0,[]
German Credit,shift_age_1.0,71,5110071,V5,0,[]
German Credit,shift_age_1.0,72,5110072,V6,0,[]
German Credit,shift_age_1.0,72,5110072,V5,0,[]
German Credit,shift_age_1.0,73,5110073,V6,0,[]
German Credit,shift_age_1.0,73,5110073,V5,0,[]
German Credit,shift_age_1.0,74,5110074,V6,0,[]
German Credit,shift_age_1.0,74,5110074,V5,0,[]
German Credit,shift_age_1.0,75,5110075,V6,0,[]
German Credit,shift_age_1.0,75,5110075,V5,0,[]
German Credit,shift_age_1.0,76,5110076,V6,0,[]
German Credit,shift_age_1.0,76,5110076,V5,0,[]
German Credit,shift_age_1.0,77,5110077,V6,0,[]
German Credit,shift_age_1.0,77,5110077,V5,0,[]
German Credit,shift_age_1.0,78,5110078,V6,0,[]
German Credit,shift_age_1.0,78,5110078,V5,0,[]
German Credit,shift_age_1.0,79,5110079,V6,0,[]
German Credit,shift_age_1.0,79,5110079,V5,0,[]
German Credit,shift_age_1.0,80,5110080,V6,0,[]
German Credit,shift_age_1.0,80,5110080,V5,0,[]
German Credit,shift_age_1.0,81,5110081,V6,0,[]
German Credit,shift_age_1.0,81,5110081,V5,0,[]
German Credit,shift_age_1.0,82,5110082,V6,0,[]
German Credit,shift_age_1.0,82,5110082,V5,0,[]
German Credit,shift_age_1.0,83,5110083,V6,0,[]
German Credit,shift_age_1.0,83,5110083,V5,0,[]
German Credit,shift_age_1.0,84,5110084,V6,0,[]
German Credit,shift_age_1.0,84,5110084,V5,0,[]
German Credit,shift_age_1.0,85,5110085,V6,0,[]
German Credit,shift_age_1.0,85,5110085,V5,0,[]
German Credit,shift_age_1.0,86,5110086,V6,0,[]
German Credit,shift_age_1.0,86,5110086,V5,0,[]
German Credit,shift_age_1.0,87,5110087,V6,0,[]
German Credit,shift_age_1.0,87,5110087,V5,0,[]
German Credit,shift_age_1.0,88,5110088,V6,0,[]
German Credit,shift_age_1.0,88,5110088,V5,0,[]
German Credit,shift_age_1.0,89,5110089,V6,0,[]
German Credit,shift_age_1.0,89,5110089,V5,0,[]
German Credit,shift_age_1.0,90,5110090,V6,0,[]
German Credit,shift_age_1.0,90,5110090,V5,0,[]
German Credit,shift_age_1.0,91,5110091,V6,0,[]
German Credit,shift_age_1.0,91,5110091,V5,0,[]
German Credit,shift_age_1.0,92,5110092,V6,0,[]
German Credit,shift_age_1.0,92,5110092,V5,0,[]
German Credit,shift_age_1.0,93,5110093,V6,0,[]
German Credit,shift_age_1.0,93,5110093,V5,0,[]
German Credit,shift_age_1.0,94,5110094,V6,0,[]
German Credit,shift_age_1.0,94,5110094,V5,0,[]
German Credit,shift_age_1.0,95,5110095,V6,0,[]
German Credit,shift_age_1.0,95,5110095,V5,0,[]
German Credit,shift_age_1.0,96,5110096,V6,0,[]
German Credit,shift_age_1.0,96,5110096,V5,0,[]
German Credit,shift_age_1.0,97,5110097,V6,0,[]
German Credit,shift_age_1.0,97,5110097,V5,0,[]
German Credit,shift_age_1.0,98,5110098,V6,0,[]
German Credit,shift_age_1.0,98,5110098,V5,0,[]
German Credit,shift_age_1.0,99,5110099,V6,0,[]
German Credit,shift_age_1.0,99,5110099,V5,0,[]
German Credit,shift_age_1.0,100,5110100,V6,0,[]
German Credit,shift_age_1.0,100,5110100,V5,0,[]
German Credit,shift_age_1.0,101,5110101,V6,0,[]
German Credit,shift_age_1.0,101,5110101,V5,0,[]
German Credit,shift_age_1.0,102,5110102,V6,0,[]
German Credit,shift_age_1.0,102,5110102,V5,0,[]
German Credit,shift_age_1.0,103,5110103,V6,0,[]
German Credit,shift_age_1.0,103,5110103,V5,0,[]
German Credit,shift_age_1.0,104,5110104,V6,0,[]
German Credit,shift_age_1.0,104,5110104,V5,0,[]
German Credit,shift_age_1.0,105,5110105,V6,0,[]
German Credit,shift_age_1.0,105,5110105,V5,0,[]
German Credit,shift_age_1.0,106,5110106,V6,0,[]
German Credit,shift_age_1.0,106,5110106,V5,0,[]
German Credit,shift_age_1.0,107,5110107,V6,0,[]
German Credit,shift_age_1.0,107,5110107,V5,0,[]
German Credit,shift_age_1.0,108,5110108,V6,0,[]
German Credit,shift_age_1.0,108,5110108,V5,0,[]
German Credit,shift_age_1.0,109,5110109,V6,0,[]
German Credit,shift_age_1.0,109,5110109,V5,0,[]
German Credit,shift_age_1.0,110,5110110,V6,0,[]
German Credit,shift_age_1.0,110,5110110,V5,0,[]
German Credit,shift_age_1.0,111,5110111,V6,0,[]
German Credit,shift_age_1.0,111,5110111,V5,0,[]
German Credit,shift_age_1.0,112,5110112,V6,0,[]
German Credit,shift_age_1.0,112,5110112,V5,0,[]
German Credit,shift_age_1.0,113,5110113,V6,0,[]
German Credit,shift_age_1.0,113,5110113,V5,0,[]
German Credit,shift_age_1.0,114,5110114,V6,0,[]
German Credit,shift_age_1.0,114,5110114,V5,0,[]
German Credit,shift_age_1.0,115,5110115,V6,0,[]
German Credit,shift_age_1.0,115,5110115,V5,0,[]
German Credit,shift_age_1.0,116,5110116,V6,0,[]
German Credit,shift_age_1.0,116,5110116,V5,0,[]
German Credit,shift_age_1.0,117,5110117,V6,0,[]
German Credit,shift_age_1.0,117,5110117,V5,0,[]
German Credit,shift_age_1.0,118,5110118,V6,0,[]
German Credit,shift_age_1.0,118,5110118,V5,0,[]
German Credit,shift_age_1.0,119,5110119,V6,0,[]
German Credit,shift_age_1.0,119,5110119,V5,0,[]
German Credit,shift_age_1.0,120,5110120,V6,0,[]
German Credit,shift_age_1.0,120,5110120,V5,0,[]
German Credit,shift_age_1.0,121,5110121,V6,0,[]
German Credit,shift_age_1.0,121,5110121,V5,0,[]
German Credit,shift_age_1.0,122,5110122,V6,0,[]
German Credit,shift_age_1.0,122,5110122,V5,0,[]
German Credit,shift_age_1.0,123,5110123,V6,0,[]
German Credit,shift_age_1.0,123,5110123,V5,0,[]
German Credit,shift_age_1.0,124,5110124,V6,0,[]
German Credit,shift_age_1.0,124,5110124,V5,0,[]
German Credit,shift_age_1.0,125,5110125,V6,0,[]
German Credit,shift_age_1.0,125,5110125,V5,0,[]
German Credit,shift_age_1.0,126,5110126,V6,0,[]
German Credit,shift_age_1.0,126,5110126,V5,0,[]
German Credit,shift_age_1.0,127,5110127,V6,0,[]
German Credit,shift_age_1.0,127,5110127,V5,0,[]
German Credit,shift_age_1.0,128,5110128,V6,0,[]
German Credit,shift_age_1.0,128,5110128,V5,0,[]
German Credit,shift_age_1.0,129,5110129,V6,0,[]
German Credit,shift_age_1.0,129,5110129,V5,0,[]
German Credit,shift_age_1.0,130,5110130,V6,0,[]
German Credit,shift_age_1.0,130,5110130,V5,0,[]
German Credit,shift_age_1.0,131,5110131,V6,0,[]
German Credit,shift_age_1.0,131,5110131,V5,0,[]
German Credit,shift_age_1.0,132,5110132,V6,0,[]
German Credit,shift_age_1.0,132,5110132,V5,0,[]
German Credit,shift_age_1.0,133,5110133,V6,0,[]
German Credit,shift_age_1.0,133,5110133,V5,0,[]
German Credit,shift_age_1.0,134,5110134,V6,0,[]
German Credit,shift_age_1.0,134,5110134,V5,0,[]
German Credit,shift_age_1.0,135,5110135,V6,0,[]
German Credit,shift_age_1.0,135,5110135,V5,0,[]
German Credit,shift_age_1.0,136,5110136,V6,0,[]
German Credit,shift_age_1.0,136,5110136,V5,0,[]
German Credit,shift_age_1.0,137,5110137,V6,0,[]
German Credit,shift_age_1.0,137,5110137,V5,0,[]
German Credit,shift_age_1.0,138,5110138,V6,0,[]
German Credit,shift_age_1.0,138,5110138,V5,0,[]
German Credit,shift_age_1.0,139,5110139,V6,0,[]
German Credit,shift_age_1.0,139,5110139,V5,0,[]
German Credit,shift_age_1.0,140,5110140,V6,0,[]
German Credit,shift_age_1.0,140,5110140,V5,0,[]
German Credit,shift_age_1.0,141,5110141,V6,0,[]
German Credit,shift_age_1.0,141,5110141,V5,0,[]
German Credit,shift_age_1.0,142,5110142,V6,0,[]
German Credit,shift_age_1.0,142,5110142,V5,0,[]
German Credit,shift_age_1.0,143,5110143,V6,0,[]
German Credit,shift_age_1.0,143,5110143,V5,0,[]
German Credit,shift_age_1.0,144,5110144,V6,0,[]
German Credit,shift_age_1.0,144,5110144,V5,0,[]
German Credit,shift_age_1.0,145,5110145,V6,0,[]
German Credit,shift_age_1.0,145,5110145,V5,0,[]
German Credit,shift_age_1.0,146,5110146,V6,0,[]
German Credit,shift_age_1.0,146,5110146,V5,0,[]
German Credit,shift_age_1.0,147,5110147,V6,0,[]
German Credit,shift_age_1.0,147,5110147,V5,0,[]
German Credit,shift_age_1.0,148,5110148,V6,0,[]
German Credit,shift_age_1.0,148,5110148,V5,0,[]
German Credit,shift_age_1.0,149,5110149,V6,0,[]
German Credit,shift_age_1.0,149,5110149,V5,0,[]
German Credit,shift_age_1.0,150,5110150,V6,0,[]
German Credit,shift_age_1.0,150,5110150,V5,0,[]
German Credit,shift_age_1.0,151,5110151,V6,0,[]
German Credit,shift_age_1.0,151,5110151,V5,0,[]
German Credit,shift_age_1.0,152,5110152,V6,0,[]
German Credit,shift_age_1.0,152,5110152,V5,0,[]
German Credit,shift_age_1.0,153,5110153,V6,0,[]
German Credit,shift_age_1.0,153,5110153,V5,0,[]
German Credit,shift_age_1.0,154,5110154,V6,0,[]
German Credit,shift_age_1.0,154,5110154,V5,0,[]
German Credit,shift_age_1.0,155,5110155,V6,0,[]
German Credit,shift_age_1.0,155,5110155,V5,0,[]
German Credit,shift_age_1.0,156,5110156,V6,0,[]
German Credit,shift_age_1.0,156,5110156,V5,0,[]
German Credit,shift_age_1.0,157,5110157,V6,0,[]
German Credit,shift_age_1.0,157,5110157,V5,0,[]
German Credit,shift_age_1.0,158,5110158,V6,0,[]
German Credit,shift_age_1.0,158,5110158,V5,0,[]
German Credit,shift_age_1.0,159,5110159,V6,0,[]
German Credit,shift_age_1.0,159,5110159,V5,0,[]
German Credit,shift_age_1.0,160,5110160,V6,0,[]
German Credit,shift_age_1.0,160,5110160,V5,0,[]
German Credit,shift_age_1.0,161,5110161,V6,0,[]
German Credit,shift_age_1.0,161,5110161,V5,0,[]
German Credit,shift_age_1.0,162,5110162,V6,0,[]
German Credit,shift_age_1.0,162,5110162,V5,0,[]
German Credit,shift_age_1.0,163,5110163,V6,0,[]
German Credit,shift_age_1.0,163,5110163,V5,0,[]
German Credit,shift_age_1.0,164,5110164,V6,0,[]
German Credit,shift_age_1.0,164,5110164,V5,0,[]
German Credit,shift_age_1.0,165,5110165,V6,0,[]
German Credit,shift_age_1.0,165,5110165,V5,0,[]
German Credit,shift_age_1.0,166,5110166,V6,0,[]
German Credit,shift_age_1.0,166,5110166,V5,0,[]
German Credit,shift_age_1.0,167,5110167,V6,0,[]
German Credit,shift_age_1.0,167,5110167,V5,0,[]
German Credit,shift_age_1.0,168,5110168,V6,0,[]
German Credit,shift_age_1.0,168,5110168,V5,0,[]
German Credit,shift_age_1.0,169,5110169,V6,0,[]
German Credit,shift_age_1.0,169,5110169,V5,0,[]
German Credit,shift_age_1.0,170,5110170,V6,0,[]
German Credit,shift_age_1.0,170,5110170,V5,0,[]
German Credit,shift_age_1.0,171,5110171,V6,0,[]
German Credit,shift_age_1.0,171,5110171,V5,0,[]
German Credit,shift_age_1.0,172,5110172,V6,0,[]
German Credit,shift_age_1.0,172,5110172,V5,0,[]
German Credit,shift_age_1.0,173,5110173,V6,0,[]
German Credit,shift_age_1.0,173,5110173,V5,0,[]
German Credit,shift_age_1.0,174,5110174,V6,0,[]
German Credit,shift_age_1.0,174,5110174,V5,0,[]
German Credit,shift_age_1.0,175,5110175,V6,0,[]
German Credit,shift_age_1.0,175,5110175,V5,0,[]
German Credit,shift_age_1.0,176,5110176,V6,0,[]
German Credit,shift_age_1.0,176,5110176,V5,0,[]
German Credit,shift_age_1.0,177,5110177,V6,0,[]
German Credit,shift_age_1.0,177,5110177,V5,0,[]
German Credit,shift_age_1.0,178,5110178,V6,0,[]
German Credit,shift_age_1.0,178,5110178,V5,0,[]
German Credit,shift_age_1.0,179,5110179,V6,0,[]
German Credit,shift_age_1.0,179,5110179,V5,0,[]
German Credit,shift_age_1.0,180,5110180,V6,0,[]
German Credit,shift_age_1.0,180,5110180,V5,0,[]
German Credit,shift_age_1.0,181,5110181,V6,0,[]
German Credit,shift_age_1.0,181,5110181,V5,0,[]
German Credit,shift_age_1.0,182,5110182,V6,0,[]
German Credit,shift_age_1.0,182,5110182,V5,0,[]
German Credit,shift_age_1.0,183,5110183,V6,0,[]
German Credit,shift_age_1.0,183,5110183,V5,0,[]
German Credit,shift_age_1.0,184,5110184,V6,0,[]
German Credit,shift_age_1.0,184,5110184,V5,0,[]
German Credit,shift_age_1.0,185,5110185,V6,0,[]
German Credit,shift_age_1.0,185,5110185,V5,0,[]
German Credit,shift_age_1.0,186,5110186,V6,0,[]
German Credit,shift_age_1.0,186,5110186,V5,0,[]
German Credit,shift_age_1.0,187,5110187,V6,0,[]
German Credit,shift_age_1.0,187,5110187,V5,0,[]
German Credit,shift_age_1.0,188,5110188,V6,0,[]
German Credit,shift_age_1.0,188,5110188,V5,0,[]
German Credit,shift_age_1.0,189,5110189,V6,0,[]
German Credit,shift_age_1.0,189,5110189,V5,0,[]
German Credit,shift_age_1.0,190,5110190,V6,0,[]
German Credit,shift_age_1.0,190,5110190,V5,0,[]
German Credit,shift_age_1.0,191,5110191,V6,0,[]
German Credit,shift_age_1.0,191,5110191,V5,0,[]
German Credit,shift_age_1.0,192,5110192,V6,0,[]
German Credit,shift_age_1.0,192,5110192,V5,0,[]
German Credit,shift_age_1.0,193,5110193,V6,0,[]
German Credit,shift_age_1.0,193,5110193,V5,0,[]
German Credit,shift_age_1.0,194,5110194,V6,0,[]
German Credit,shift_age_1.0,194,5110194,V5,0,[]
German Credit,shift_age_1.0,195,5110195,V6,0,[]
German Credit,shift_age_1.0,195,5110195,V5,0,[]
German Credit,shift_age_1.0,196,5110196,V6,0,[]
German Credit,shift_age_1.0,196,5110196,V5,0,[]
German Credit,shift_age_1.0,197,5110197,V6,0,[]
German Credit,shift_age_1.0,197,5110197,V5,0,[]
German Credit,shift_age_1.0,198,5110198,V6,0,[]
German Credit,shift_age_1.0,198,5110198,V5,0,[]
German Credit,shift_age_1.0,199,5110199,V6,0,[]
German Credit,shift_age_1.0,199,5110199,V5,0,[]
German Credit,shift_age_1.0,200,5110200,V6,0,[]
German Credit,shift_age_1.0,200,5110200,V5,0,[]
German Credit,shift_age_1.0,201,5110201,V6,0,[]
German Credit,shift_age_1.0,201,5110201,V5,0,[]
German Credit,shift_age_1.0,202,5110202,V6,0,[]
German Credit,shift_age_1.0,202,5110202,V5,0,[]
German Credit,shift_age_1.0,203,5110203,V6,0,[]
German Credit,shift_age_1.0,203,5110203,V5,0,[]
German Credit,shift_age_1.0,204,5110204,V6,0,[]
German Credit,shift_age_1.0,204,5110204,V5,0,[]
German Credit,shift_age_1.0,205,5110205,V6,0,[]
German Credit,shift_age_1.0,205,5110205,V5,0,[]
German Credit,shift_age_1.0,206,5110206,V6,0,[]
German Credit,shift_age_1.0,206,5110206,V5,0,[]
German Credit,shift_age_1.0,207,5110207,V6,0,[]
German Credit,shift_age_1.0,207,5110207,V5,0,[]
German Credit,shift_age_1.0,208,5110208,V6,0,[]
German Credit,shift_age_1.0,208,5110208,V5,0,[]
German Credit,shift_age_1.0,209,5110209,V6,0,[]
German Credit,shift_age_1.0,209,5110209,V5,0,[]
German Credit,shift_age_1.0,210,5110210,V6,0,[]
German Credit,shift_age_1.0,210,5110210,V5,0,[]
German Credit,shift_age_1.0,211,5110211,V6,0,[]
German Credit,shift_age_1.0,211,5110211,V5,0,[]
German Credit,shift_age_1.0,212,5110212,V6,0,[]
German Credit,shift_age_1.0,212,5110212,V5,0,[]
German Credit,shift_age_1.0,213,5110213,V6,0,[]
German Credit,shift_age_1.0,213,5110213,V5,0,[]
German Credit,shift_age_1.0,214,5110214,V6,0,[]
German Credit,shift_age_1.0,214,5110214,V5,0,[]
German Credit,shift_age_1.0,215,5110215,V6,0,[]
German Credit,shift_age_1.0,215,5110215,V5,0,[]
German Credit,shift_age_1.0,216,5110216,V6,0,[]
German Credit,shift_age_1.0,216,5110216,V5,0,[]
German Credit,shift_age_1.0,217,5110217,V6,0,[]
German Credit,shift_age_1.0,217,5110217,V5,0,[]
German Credit,shift_age_1.0,218,5110218,V6,0,[]
German Credit,shift_age_1.0,218,5110218,V5,0,[]
German Credit,shift_age_1.0,219,5110219,V6,0,[]
German Credit,shift_age_1.0,219,5110219,V5,0,[]
German Credit,shift_age_1.0,220,5110220,V6,0,[]
German Credit,shift_age_1.0,220,5110220,V5,0,[]
German Credit,shift_age_1.0,221,5110221,V6,0,[]
German Credit,shift_age_1.0,221,5110221,V5,0,[]
German Credit,shift_age_1.0,222,5110222,V6,0,[]
German Credit,shift_age_1.0,222,5110222,V5,0,[]
German Credit,shift_age_1.0,223,5110223,V6,0,[]
German Credit,shift_age_1.0,223,5110223,V5,0,[]
German Credit,shift_age_1.0,224,5110224,V6,0,[]
German Credit,shift_age_1.0,224,5110224,V5,0,[]
German Credit,shift_age_1.0,225,5110225,V6,0,[]
German Credit,shift_age_1.0,225,5110225,V5,0,[]
German Credit,shift_age_1.0,226,5110226,V6,0,[]
German Credit,shift_age_1.0,226,5110226,V5,0,[]
German Credit,shift_age_1.0,227,5110227,V6,0,[]
German Credit,shift_age_1.0,227,5110227,V5,0,[]
German Credit,shift_age_1.0,228,5110228,V6,0,[]
German Credit,shift_age_1.0,228,5110228,V5,0,[]
German Credit,shift_age_1.0,229,5110229,V6,0,[]
German Credit,shift_age_1.0,229,5110229,V5,0,[]
German Credit,shift_age_1.0,230,5110230,V6,0,[]
German Credit,shift_age_1.0,230,5110230,V5,0,[]
German Credit,shift_age_1.0,231,5110231,V6,0,[]
German Credit,shift_age_1.0,231,5110231,V5,0,[]
German Credit,shift_age_1.0,232,5110232,V6,0,[]
German Credit,shift_age_1.0,232,5110232,V5,0,[]
German Credit,shift_age_1.0,233,5110233,V6,0,[]
German Credit,shift_age_1.0,233,5110233,V5,0,[]
German Credit,shift_age_1.0,234,5110234,V6,0,[]
German Credit,shift_age_1.0,234,5110234,V5,0,[]
German Credit,shift_age_1.0,235,5110235,V6,0,[]
German Credit,shift_age_1.0,235,5110235,V5,0,[]
German Credit,shift_age_1.0,236,5110236,V6,0,[]
German Credit,shift_age_1.0,236,5110236,V5,0,[]
German Credit,shift_age_1.0,237,5110237,V6,0,[]
German Credit,shift_age_1.0,237,5110237,V5,0,[]
German Credit,shift_age_1.0,238,5110238,V6,0,[]
German Credit,shift_age_1.0,238,5110238,V5,0,[]
German Credit,shift_age_1.0,239,5110239,V6,0,[]
German Credit,shift_age_1.0,239,5110239,V5,0,[]
German Credit,shift_age_1.0,240,5110240,V6,0,[]
German Credit,shift_age_1.0,240,5110240,V5,0,[]
German Credit,shift_age_1.0,241,5110241,V6,0,[]
German Credit,shift_age_1.0,241,5110241,V5,0,[]
German Credit,shift_age_1.0,242,5110242,V6,0,[]
German Credit,shift_age_1.0,242,5110242,V5,0,[]
German Credit,shift_age_1.0,243,5110243,V6,0,[]
German Credit,shift_age_1.0,243,5110243,V5,0,[]
German Credit,shift_age_1.0,244,5110244,V6,0,[]
German Credit,shift_age_1.0,244,5110244,V5,0,[]
German Credit,shift_age_1.0,245,5110245,V6,0,[]
German Credit,shift_age_1.0,245,5110245,V5,0,[]
German Credit,shift_age_1.0,246,5110246,V6,0,[]
German Credit,shift_age_1.0,246,5110246,V5,0,[]
German Credit,shift_age_1.0,247,5110247,V6,0,[]
German Credit,shift_age_1.0,247,5110247,V5,0,[]
German Credit,shift_age_1.0,248,5110248,V6,0,[]
German Credit,shift_age_1.0,248,5110248,V5,0,[]
German Credit,shift_age_1.0,249,5110249,V6,0,[]
German Credit,shift_age_1.0,249,5110249,V5,0,[]
German Credit,shift_age_1.0,250,5110250,V6,0,[]
German Credit,shift_age_1.0,250,5110250,V5,0,[]
German Credit,shift_age_1.0,251,5110251,V6,0,[]
German Credit,shift_age_1.0,251,5110251,V5,0,[]
German Credit,shift_age_1.0,252,5110252,V6,0,[]
German Credit,shift_age_1.0,252,5110252,V5,0,[]
German Credit,shift_age_1.0,253,5110253,V6,0,[]
German Credit,shift_age_1.0,253,5110253,V5,0,[]
German Credit,shift_age_1.0,254,5110254,V6,0,[]
German Credit,shift_age_1.0,254,5110254,V5,0,[]
German Credit,shift_age_1.0,255,5110255,V6,0,[]
German Credit,shift_age_1.0,255,5110255,V5,0,[]
German Credit,shift_age_1.0,256,5110256,V6,0,[]
German Credit,shift_age_1.0,256,5110256,V5,0,[]
German Credit,shift_age_1.0,257,5110257,V6,0,[]
German Credit,shift_age_1.0,257,5110257,V5,0,[]
German Credit,shift_age_1.0,258,5110258,V6,0,[]
German Credit,shift_age_1.0,258,5110258,V5,0,[]
German Credit,shift_age_1.0,259,5110259,V6,0,[]
German Credit,shift_age_1.0,259,5110259,V5,0,[]
German Credit,shift_age_1.0,260,5110260,V6,0,[]
German Credit,shift_age_1.0,260,5110260,V5,0,[]
German Credit,shift_age_1.0,261,5110261,V6,0,[]
German Credit,shift_age_1.0,261,5110261,V5,0,[]
German Credit,shift_age_1.0,262,5110262,V6,0,[]
German Credit,shift_age_1.0,262,5110262,V5,0,[]
German Credit,shift_age_1.0,263,5110263,V6,0,[]
German Credit,shift_age_1.0,263,5110263,V5,0,[]
German Credit,shift_age_1.0,264,5110264,V6,0,[]
German Credit,shift_age_1.0,264,5110264,V5,0,[]
German Credit,shift_age_1.0,265,5110265,V6,0,[]
German Credit,shift_age_1.0,265,5110265,V5,0,[]
German Credit,shift_age_1.0,266,5110266,V6,0,[]
German Credit,shift_age_1.0,266,5110266,V5,0,[]
German Credit,shift_age_1.0,267,5110267,V6,0,[]
German Credit,shift_age_1.0,267,5110267,V5,0,[]
German Credit,shift_age_1.0,268,5110268,V6,0,[]
German Credit,shift_age_1.0,268,5110268,V5,0,[]
German Credit,shift_age_1.0,269,5110269,V6,0,[]
German Credit,shift_age_1.0,269,5110269,V5,0,[]
German Credit,shift_age_1.0,270,5110270,V6,0,[]
German Credit,shift_age_1.0,270,5110270,V5,0,[]
German Credit,shift_age_1.0,271,5110271,V6,0,[]
German Credit,shift_age_1.0,271,5110271,V5,0,[]
German Credit,shift_age_1.0,272,5110272,V6,0,[]
German Credit,shift_age_1.0,272,5110272,V5,0,[]
German Credit,shift_age_1.0,273,5110273,V6,0,[]
German Credit,shift_age_1.0,273,5110273,V5,0,[]
German Credit,shift_age_1.0,274,5110274,V6,0,[]
German Credit,shift_age_1.0,274,5110274,V5,0,[]
German Credit,shift_age_1.0,275,5110275,V6,0,[]
German Credit,shift_age_1.0,275,5110275,V5,0,[]
German Credit,shift_age_1.0,276,5110276,V6,0,[]
German Credit,shift_age_1.0,276,5110276,V5,0,[]
German Credit,shift_age_1.0,277,5110277,V6,0,[]
German Credit,shift_age_1.0,277,5110277,V5,0,[]
German Credit,shift_age_1.0,278,5110278,V6,0,[]
German Credit,shift_age_1.0,278,5110278,V5,0,[]
German Credit,shift_age_1.0,279,5110279,V6,0,[]
German Credit,shift_age_1.0,279,5110279,V5,0,[]
German Credit,shift_age_1.0,280,5110280,V6,0,[]
German Credit,shift_age_1.0,280,5110280,V5,0,[]
German Credit,shift_age_1.0,281,5110281,V6,0,[]
German Credit,shift_age_1.0,281,5110281,V5,0,[]
German Credit,shift_age_1.0,282,5110282,V6,0,[]
German Credit,shift_age_1.0,282,5110282,V5,0,[]
German Credit,shift_age_1.0,283,5110283,V6,0,[]
German Credit,shift_age_1.0,283,5110283,V5,0,[]
German Credit,shift_age_1.0,284,5110284,V6,0,[]
German Credit,shift_age_1.0,284,5110284,V5,0,[]
German Credit,shift_age_1.0,285,5110285,V6,0,[]
German Credit,shift_age_1.0,285,5110285,V5,0,[]
German Credit,shift_age_1.0,286,5110286,V6,0,[]
German Credit,shift_age_1.0,286,5110286,V5,0,[]
German Credit,shift_age_1.0,287,5110287,V6,0,[]
German Credit,shift_age_1.0,287,5110287,V5,0,[]
German Credit,shift_age_1.0,288,5110288,V6,0,[]
German Credit,shift_age_1.0,288,5110288,V5,0,[]
German Credit,shift_age_1.0,289,5110289,V6,0,[]
German Credit,shift_age_1.0,289,5110289,V5,0,[]
German Credit,shift_age_1.0,290,5110290,V6,0,[]
German Credit,shift_age_1.0,290,5110290,V5,0,[]
German Credit,shift_age_1.0,291,5110291,V6,0,[]
German Credit,shift_age_1.0,291,5110291,V5,0,[]
German Credit,shift_age_1.0,292,5110292,V6,0,[]
German Credit,shift_age_1.0,292,5110292,V5,0,[]
German Credit,shift_age_1.0,293,5110293,V6,0,[]
German Credit,shift_age_1.0,293,5110293,V5,0,[]
German Credit,shift_age_1.0,294,5110294,V6,0,[]
German Credit,shift_age_1.0,294,5110294,V5,0,[]
German Credit,shift_age_1.0,295,5110295,V6,0,[]
German Credit,shift_age_1.0,295,5110295,V5,0,[]
German Credit,shift_age_1.0,296,5110296,V6,0,[]
German Credit,shift_age_1.0,296,5110296,V5,0,[]
German Credit,shift_age_1.0,297,5110297,V6,0,[]
German Credit,shift_age_1.0,297,5110297,V5,0,[]
German Credit,shift_age_1.0,298,5110298,V6,0,[]
German Credit,shift_age_1.0,298,5110298,V5,0,[]
German Credit,shift_age_1.0,299,5110299,V6,0,[]
German Credit,shift_age_1.0,299,5110299,V5,0,[]
German Credit,shift_age_1.0,300,5110300,V6,0,[]
German Credit,shift_age_1.0,300,5110300,V5,0,[]
German Credit,shift_age_1.0,301,5110301,V6,0,[]
German Credit,shift_age_1.0,301,5110301,V5,0,[]
German Credit,shift_age_1.0,302,5110302,V6,0,[]
German Credit,shift_age_1.0,302,5110302,V5,0,[]
German Credit,shift_age_1.0,303,5110303,V6,0,[]
German Credit,shift_age_1.0,303,5110303,V5,0,[]
German Credit,shift_age_1.0,304,5110304,V6,0,[]
German Credit,shift_age_1.0,304,5110304,V5,0,[]
German Credit,shift_age_1.0,305,5110305,V6,0,[]
German Credit,shift_age_1.0,305,5110305,V5,0,[]
German Credit,shift_age_1.0,306,5110306,V6,0,[]
German Credit,shift_age_1.0,306,5110306,V5,0,[]
German Credit,shift_age_1.0,307,5110307,V6,0,[]
German Credit,shift_age_1.0,307,5110307,V5,0,[]
German Credit,shift_age_1.0,308,5110308,V6,0,[]
German Credit,shift_age_1.0,308,5110308,V5,0,[]
German Credit,shift_age_1.0,309,5110309,V6,0,[]
German Credit,shift_age_1.0,309,5110309,V5,0,[]
German Credit,shift_age_1.0,310,5110310,V6,0,[]
German Credit,shift_age_1.0,310,5110310,V5,0,[]
German Credit,shift_age_1.0,311,5110311,V6,0,[]
German Credit,shift_age_1.0,311,5110311,V5,0,[]
German Credit,shift_age_1.0,312,5110312,V6,0,[]
German Credit,shift_age_1.0,312,5110312,V5,0,[]
German Credit,shift_age_1.0,313,5110313,V6,0,[]
German Credit,shift_age_1.0,313,5110313,V5,0,[]
German Credit,shift_age_1.0,314,5110314,V6,0,[]
German Credit,shift_age_1.0,314,5110314,V5,0,[]
German Credit,shift_age_1.0,315,5110315,V6,0,[]
German Credit,shift_age_1.0,315,5110315,V5,0,[]
German Credit,shift_age_1.0,316,5110316,V6,0,[]
German Credit,shift_age_1.0,316,5110316,V5,0,[]
German Credit,shift_age_1.0,317,5110317,V6,0,[]
German Credit,shift_age_1.0,317,5110317,V5,0,[]
German Credit,shift_age_1.0,318,5110318,V6,0,[]
German Credit,shift_age_1.0,318,5110318,V5,0,[]
German Credit,shift_age_1.0,319,5110319,V6,0,[]
German Credit,shift_age_1.0,319,5110319,V5,0,[]
German Credit,shift_age_1.0,320,5110320,V6,0,[]
German Credit,shift_age_1.0,320,5110320,V5,0,[]
German Credit,shift_age_1.0,321,5110321,V6,0,[]
German Credit,shift_age_1.0,321,5110321,V5,0,[]
German Credit,shift_age_1.0,322,5110322,V6,0,[]
German Credit,shift_age_1.0,322,5110322,V5,0,[]
German Credit,shift_age_1.0,323,5110323,V6,0,[]
German Credit,shift_age_1.0,323,5110323,V5,0,[]
German Credit,shift_age_1.0,324,5110324,V6,0,[]
German Credit,shift_age_1.0,324,5110324,V5,0,[]
German Credit,shift_age_1.0,325,5110325,V6,0,[]
German Credit,shift_age_1.0,325,5110325,V5,0,[]
German Credit,shift_age_1.0,326,5110326,V6,0,[]
German Credit,shift_age_1.0,326,5110326,V5,0,[]
German Credit,shift_age_1.0,327,5110327,V6,0,[]
German Credit,shift_age_1.0,327,5110327,V5,0,[]
German Credit,shift_age_1.0,328,5110328,V6,0,[]
German Credit,shift_age_1.0,328,5110328,V5,0,[]
German Credit,shift_age_1.0,329,5110329,V6,0,[]
German Credit,shift_age_1.0,329,5110329,V5,0,[]
German Credit,shift_age_1.0,330,5110330,V6,0,[]
German Credit,shift_age_1.0,330,5110330,V5,0,[]
German Credit,shift_age_1.0,331,5110331,V6,0,[]
German Credit,shift_age_1.0,331,5110331,V5,0,[]
German Credit,shift_age_1.0,332,5110332,V6,0,[]
German Credit,shift_age_1.0,332,5110332,V5,0,[]
German Credit,shift_age_1.0,333,5110333,V6,0,[]
German Credit,shift_age_1.0,333,5110333,V5,0,[]
German Credit,shift_age_1.0,334,5110334,V6,0,[]
German Credit,shift_age_1.0,334,5110334,V5,0,[]
German Credit,shift_age_1.0,335,5110335,V6,0,[]
German Credit,shift_age_1.0,335,5110335,V5,0,[]
German Credit,shift_age_1.0,336,5110336,V6,0,[]
German Credit,shift_age_1.0,336,5110336,V5,0,[]
German Credit,shift_age_1.0,337,5110337,V6,0,[]
German Credit,shift_age_1.0,337,5110337,V5,0,[]
German Credit,shift_age_1.0,338,5110338,V6,0,[]
German Credit,shift_age_1.0,338,5110338,V5,0,[]
German Credit,shift_age_1.0,339,5110339,V6,0,[]
German Credit,shift_age_1.0,339,5110339,V5,0,[]
German Credit,shift_age_1.0,340,5110340,V6,0,[]
German Credit,shift_age_1.0,340,5110340,V5,0,[]
German Credit,shift_age_1.0,341,5110341,V6,0,[]
German Credit,shift_age_1.0,341,5110341,V5,0,[]
German Credit,shift_age_1.0,342,5110342,V6,0,[]
German Credit,shift_age_1.0,342,5110342,V5,0,[]
German Credit,shift_age_1.0,343,5110343,V6,0,[]
German Credit,shift_age_1.0,343,5110343,V5,0,[]
German Credit,shift_age_1.0,344,5110344,V6,0,[]
German Credit,shift_age_1.0,344,5110344,V5,0,[]
German Credit,shift_age_1.0,345,5110345,V6,0,[]
German Credit,shift_age_1.0,345,5110345,V5,0,[]
German Credit,shift_age_1.0,346,5110346,V6,0,[]
German Credit,shift_age_1.0,346,5110346,V5,0,[]
German Credit,shift_age_1.0,347,5110347,V6,0,[]
German Credit,shift_age_1.0,347,5110347,V5,0,[]
German Credit,shift_age_1.0,348,5110348,V6,0,[]
German Credit,shift_age_1.0,348,5110348,V5,0,[]
German Credit,shift_age_1.0,349,5110349,V6,0,[]
German Credit,shift_age_1.0,349,5110349,V5,0,[]
German Credit,shift_age_1.0,350,5110350,V6,0,[]
German Credit,shift_age_1.0,350,5110350,V5,0,[]
German Credit,shift_age_1.0,351,5110351,V6,0,[]
German Credit,shift_age_1.0,351,5110351,V5,0,[]
German Credit,shift_age_1.0,352,5110352,V6,0,[]
German Credit,shift_age_1.0,352,5110352,V5,0,[]
German Credit,shift_age_1.0,353,5110353,V6,0,[]
German Credit,shift_age_1.0,353,5110353,V5,0,[]
German Credit,shift_age_1.0,354,5110354,V6,0,[]
German Credit,shift_age_1.0,354,5110354,V5,0,[]
German Credit,shift_age_1.0,355,5110355,V6,0,[]
German Credit,shift_age_1.0,355,5110355,V5,0,[]
German Credit,shift_age_1.0,356,5110356,V6,0,[]
German Credit,shift_age_1.0,356,5110356,V5,0,[]
German Credit,shift_age_1.0,357,5110357,V6,0,[]
German Credit,shift_age_1.0,357,5110357,V5,0,[]
German Credit,shift_age_1.0,358,5110358,V6,0,[]
German Credit,shift_age_1.0,358,5110358,V5,0,[]
German Credit,shift_age_1.0,359,5110359,V6,0,[]
German Credit,shift_age_1.0,359,5110359,V5,0,[]
German Credit,shift_age_1.0,360,5110360,V6,0,[]
German Credit,shift_age_1.0,360,5110360,V5,0,[]
German Credit,shift_age_1.0,361,5110361,V6,0,[]
German Credit,shift_age_1.0,361,5110361,V5,0,[]
German Credit,shift_age_1.0,362,5110362,V6,0,[]
German Credit,shift_age_1.0,362,5110362,V5,0,[]
German Credit,shift_age_1.0,363,5110363,V6,0,[]
German Credit,shift_age_1.0,363,5110363,V5,0,[]
German Credit,shift_age_1.0,364,5110364,V6,0,[]
German Credit,shift_age_1.0,364,5110364,V5,0,[]
German Credit,shift_age_1.0,365,5110365,V6,0,[]
German Credit,shift_age_1.0,365,5110365,V5,0,[]
German Credit,shift_age_1.0,366,5110366,V6,0,[]
German Credit,shift_age_1.0,366,5110366,V5,0,[]
German Credit,shift_age_1.0,367,5110367,V6,0,[]
German Credit,shift_age_1.0,367,5110367,V5,0,[]
German Credit,shift_age_1.0,368,5110368,V6,0,[]
German Credit,shift_age_1.0,368,5110368,V5,0,[]
German Credit,shift_age_1.0,369,5110369,V6,0,[]
German Credit,shift_age_1.0,369,5110369,V5,0,[]
German Credit,shift_age_1.0,370,5110370,V6,0,[]
German Credit,shift_age_1.0,370,5110370,V5,0,[]
German Credit,shift_age_1.0,371,5110371,V6,0,[]
German Credit,shift_age_1.0,371,5110371,V5,0,[]
German Credit,shift_age_1.0,372,5110372,V6,0,[]
German Credit,shift_age_1.0,372,5110372,V5,0,[]
German Credit,shift_age_1.0,373,5110373,V6,0,[]
German Credit,shift_age_1.0,373,5110373,V5,0,[]
German Credit,shift_age_1.0,374,5110374,V6,0,[]
German Credit,shift_age_1.0,374,5110374,V5,0,[]
German Credit,shift_age_1.0,375,5110375,V6,0,[]
German Credit,shift_age_1.0,375,5110375,V5,0,[]
German Credit,shift_age_1.0,376,5110376,V6,0,[]
German Credit,shift_age_1.0,376,5110376,V5,0,[]
German Credit,shift_age_1.0,377,5110377,V6,0,[]
German Credit,shift_age_1.0,377,5110377,V5,0,[]
German Credit,shift_age_1.0,378,5110378,V6,0,[]
German Credit,shift_age_1.0,378,5110378,V5,0,[]
German Credit,shift_age_1.0,379,5110379,V6,0,[]
German Credit,shift_age_1.0,379,5110379,V5,0,[]
German Credit,shift_age_1.0,380,5110380,V6,0,[]
German Credit,shift_age_1.0,380,5110380,V5,0,[]
German Credit,shift_age_1.0,381,5110381,V6,0,[]
German Credit,shift_age_1.0,381,5110381,V5,0,[]
German Credit,shift_age_1.0,382,5110382,V6,0,[]
German Credit,shift_age_1.0,382,5110382,V5,0,[]
German Credit,shift_age_1.0,383,5110383,V6,0,[]
German Credit,shift_age_1.0,383,5110383,V5,0,[]
German Credit,shift_age_1.0,384,5110384,V6,0,[]
German Credit,shift_age_1.0,384,5110384,V5,0,[]
German Credit,shift_age_1.0,385,5110385,V6,0,[]
German Credit,shift_age_1.0,385,5110385,V5,0,[]
German Credit,shift_age_1.0,386,5110386,V6,0,[]
German Credit,shift_age_1.0,386,5110386,V5,0,[]
German Credit,shift_age_1.0,387,5110387,V6,0,[]
German Credit,shift_age_1.0,387,5110387,V5,0,[]
German Credit,shift_age_1.0,388,5110388,V6,0,[]
German Credit,shift_age_1.0,388,5110388,V5,0,[]
German Credit,shift_age_1.0,389,5110389,V6,0,[]
German Credit,shift_age_1.0,389,5110389,V5,0,[]
German Credit,shift_age_1.0,390,5110390,V6,0,[]
German Credit,shift_age_1.0,390,5110390,V5,0,[]
German Credit,shift_age_1.0,391,5110391,V6,0,[]
German Credit,shift_age_1.0,391,5110391,V5,0,[]
German Credit,shift_age_1.0,392,5110392,V6,0,[]
German Credit,shift_age_1.0,392,5110392,V5,0,[]
German Credit,shift_age_1.0,393,5110393,V6,0,[]
German Credit,shift_age_1.0,393,5110393,V5,0,[]
German Credit,shift_age_1.0,394,5110394,V6,0,[]
German Credit,shift_age_1.0,394,5110394,V5,0,[]
German Credit,shift_age_1.0,395,5110395,V6,0,[]
German Credit,shift_age_1.0,395,5110395,V5,0,[]
German Credit,shift_age_1.0,396,5110396,V6,1,"[[""telephone""]]"
German Credit,shift_age_1.0,396,5110396,V5,0,[]
German Credit,shift_age_1.0,397,5110397,V6,0,[]
German Credit,shift_age_1.0,397,5110397,V5,0,[]
German Credit,shift_age_1.0,398,5110398,V6,0,[]
German Credit,shift_age_1.0,398,5110398,V5,0,[]
German Credit,shift_age_1.0,399,5110399,V6,0,[]
German Credit,shift_age_1.0,399,5110399,V5,0,[]
German Credit,shift_age_1.0,400,5110400,V6,0,[]
German Credit,shift_age_1.0,400,5110400,V5,0,[]
German Credit,shift_age_1.0,401,5110401,V6,0,[]
German Credit,shift_age_1.0,401,5110401,V5,0,[]
German Credit,shift_age_1.0,402,5110402,V6,0,[]
German Credit,shift_age_1.0,402,5110402,V5,0,[]
German Credit,shift_age_1.0,403,5110403,V6,0,[]
German Credit,shift_age_1.0,403,5110403,V5,0,[]
German Credit,shift_age_1.0,404,5110404,V6,0,[]
German Credit,shift_age_1.0,404,5110404,V5,0,[]
German Credit,shift_age_1.0,405,5110405,V6,0,[]
German Credit,shift_age_1.0,405,5110405,V5,0,[]
German Credit,shift_age_1.0,406,5110406,V6,0,[]
German Credit,shift_age_1.0,406,5110406,V5,0,[]
German Credit,shift_age_1.0,407,5110407,V6,0,[]
German Credit,shift_age_1.0,407,5110407,V5,0,[]
German Credit,shift_age_1.0,408,5110408,V6,0,[]
German Credit,shift_age_1.0,408,5110408,V5,0,[]
German Credit,shift_age_1.0,409,5110409,V6,0,[]
German Credit,shift_age_1.0,409,5110409,V5,0,[]
German Credit,shift_age_1.0,410,5110410,V6,0,[]
German Credit,shift_age_1.0,410,5110410,V5,0,[]
German Credit,shift_age_1.0,411,5110411,V6,0,[]
German Credit,shift_age_1.0,411,5110411,V5,0,[]
German Credit,shift_age_1.0,412,5110412,V6,0,[]
German Credit,shift_age_1.0,412,5110412,V5,0,[]
German Credit,shift_age_1.0,413,5110413,V6,0,[]
German Credit,shift_age_1.0,413,5110413,V5,0,[]
German Credit,shift_age_1.0,414,5110414,V6,0,[]
German Credit,shift_age_1.0,414,5110414,V5,0,[]
German Credit,shift_age_1.0,415,5110415,V6,0,[]
German Credit,shift_age_1.0,415,5110415,V5,0,[]
German Credit,shift_age_1.0,416,5110416,V6,0,[]
German Credit,shift_age_1.0,416,5110416,V5,0,[]
German Credit,shift_age_1.0,417,5110417,V6,0,[]
German Credit,shift_age_1.0,417,5110417,V5,0,[]
German Credit,shift_age_1.0,418,5110418,V6,0,[]
German Credit,shift_age_1.0,418,5110418,V5,0,[]
German Credit,shift_age_1.0,419,5110419,V6,0,[]
German Credit,shift_age_1.0,419,5110419,V5,0,[]
German Credit,shift_age_1.0,420,5110420,V6,0,[]
German Credit,shift_age_1.0,420,5110420,V5,0,[]
German Credit,shift_age_1.0,421,5110421,V6,0,[]
German Credit,shift_age_1.0,421,5110421,V5,0,[]
German Credit,shift_age_1.0,422,5110422,V6,0,[]
German Credit,shift_age_1.0,422,5110422,V5,0,[]
German Credit,shift_age_1.0,423,5110423,V6,0,[]
German Credit,shift_age_1.0,423,5110423,V5,0,[]
German Credit,shift_age_1.0,424,5110424,V6,0,[]
German Credit,shift_age_1.0,424,5110424,V5,0,[]
German Credit,shift_age_1.0,425,5110425,V6,0,[]
German Credit,shift_age_1.0,425,5110425,V5,0,[]
German Credit,shift_age_1.0,426,5110426,V6,0,[]
German Credit,shift_age_1.0,426,5110426,V5,0,[]
German Credit,shift_age_1.0,427,5110427,V6,0,[]
German Credit,shift_age_1.0,427,5110427,V5,0,[]
German Credit,shift_age_1.0,428,5110428,V6,0,[]
German Credit,shift_age_1.0,428,5110428,V5,0,[]
German Credit,shift_age_1.0,429,5110429,V6,0,[]
German Credit,shift_age_1.0,429,5110429,V5,0,[]
German Credit,shift_age_1.0,430,5110430,V6,0,[]
German Credit,shift_age_1.0,430,5110430,V5,0,[]
German Credit,shift_age_1.0,431,5110431,V6,0,[]
German Credit,shift_age_1.0,431,5110431,V5,0,[]
German Credit,shift_age_1.0,432,5110432,V6,0,[]
German Credit,shift_age_1.0,432,5110432,V5,0,[]
German Credit,shift_age_1.0,433,5110433,V6,0,[]
German Credit,shift_age_1.0,433,5110433,V5,0,[]
German Credit,shift_age_1.0,434,5110434,V6,0,[]
German Credit,shift_age_1.0,434,5110434,V5,0,[]
German Credit,shift_age_1.0,435,5110435,V6,0,[]
German Credit,shift_age_1.0,435,5110435,V5,0,[]
German Credit,shift_age_1.0,436,5110436,V6,0,[]
German Credit,shift_age_1.0,436,5110436,V5,0,[]
German Credit,shift_age_1.0,437,5110437,V6,0,[]
German Credit,shift_age_1.0,437,5110437,V5,0,[]
German Credit,shift_age_1.0,438,5110438,V6,0,[]
German Credit,shift_age_1.0,438,5110438,V5,0,[]
German Credit,shift_age_1.0,439,5110439,V6,0,[]
German Credit,shift_age_1.0,439,5110439,V5,0,[]
German Credit,shift_age_1.0,440,5110440,V6,0,[]
German Credit,shift_age_1.0,440,5110440,V5,0,[]
German Credit,shift_age_1.0,441,5110441,V6,0,[]
German Credit,shift_age_1.0,441,5110441,V5,0,[]
German Credit,shift_age_1.0,442,5110442,V6,0,[]
German Credit,shift_age_1.0,442,5110442,V5,0,[]
German Credit,shift_age_1.0,443,5110443,V6,0,[]
German Credit,shift_age_1.0,443,5110443,V5,0,[]
German Credit,shift_age_1.0,444,5110444,V6,0,[]
German Credit,shift_age_1.0,444,5110444,V5,0,[]
German Credit,shift_age_1.0,445,5110445,V6,0,[]
German Credit,shift_age_1.0,445,5110445,V5,0,[]
German Credit,shift_age_1.0,446,5110446,V6,0,[]
German Credit,shift_age_1.0,446,5110446,V5,0,[]
German Credit,shift_age_1.0,447,5110447,V6,0,[]
German Credit,shift_age_1.0,447,5110447,V5,0,[]
German Credit,shift_age_1.0,448,5110448,V6,0,[]
German Credit,shift_age_1.0,448,5110448,V5,0,[]
German Credit,shift_age_1.0,449,5110449,V6,0,[]
German Credit,shift_age_1.0,449,5110449,V5,0,[]
German Credit,shift_age_1.0,450,5110450,V6,0,[]
German Credit,shift_age_1.0,450,5110450,V5,0,[]
German Credit,shift_age_1.0,451,5110451,V6,0,[]
German Credit,shift_age_1.0,451,5110451,V5,0,[]
German Credit,shift_age_1.0,452,5110452,V6,0,[]
German Credit,shift_age_1.0,452,5110452,V5,0,[]
German Credit,shift_age_1.0,453,5110453,V6,0,[]
German Credit,shift_age_1.0,453,5110453,V5,0,[]
German Credit,shift_age_1.0,454,5110454,V6,0,[]
German Credit,shift_age_1.0,454,5110454,V5,0,[]
German Credit,shift_age_1.0,455,5110455,V6,0,[]
German Credit,shift_age_1.0,455,5110455,V5,0,[]
German Credit,shift_age_1.0,456,5110456,V6,0,[]
German Credit,shift_age_1.0,456,5110456,V5,0,[]
German Credit,shift_age_1.0,457,5110457,V6,0,[]
German Credit,shift_age_1.0,457,5110457,V5,0,[]
German Credit,shift_age_1.0,458,5110458,V6,0,[]
German Credit,shift_age_1.0,458,5110458,V5,0,[]
German Credit,shift_age_1.0,459,5110459,V6,0,[]
German Credit,shift_age_1.0,459,5110459,V5,0,[]
German Credit,shift_age_1.0,460,5110460,V6,0,[]
German Credit,shift_age_1.0,460,5110460,V5,0,[]
German Credit,shift_age_1.0,461,5110461,V6,0,[]
German Credit,shift_age_1.0,461,5110461,V5,0,[]
German Credit,shift_age_1.0,462,5110462,V6,0,[]
German Credit,shift_age_1.0,462,5110462,V5,0,[]
German Credit,shift_age_1.0,463,5110463,V6,0,[]
German Credit,shift_age_1.0,463,5110463,V5,0,[]
German Credit,shift_age_1.0,464,5110464,V6,0,[]
German Credit,shift_age_1.0,464,5110464,V5,0,[]
German Credit,shift_age_1.0,465,5110465,V6,0,[]
German Credit,shift_age_1.0,465,5110465,V5,0,[]
German Credit,shift_age_1.0,466,5110466,V6,0,[]
German Credit,shift_age_1.0,466,5110466,V5,0,[]
German Credit,shift_age_1.0,467,5110467,V6,0,[]
German Credit,shift_age_1.0,467,5110467,V5,0,[]
German Credit,shift_age_1.0,468,5110468,V6,0,[]
German Credit,shift_age_1.0,468,5110468,V5,0,[]
German Credit,shift_age_1.0,469,5110469,V6,0,[]
German Credit,shift_age_1.0,469,5110469,V5,0,[]
German Credit,shift_age_1.0,470,5110470,V6,0,[]
German Credit,shift_age_1.0,470,5110470,V5,0,[]
German Credit,shift_age_1.0,471,5110471,V6,0,[]
German Credit,shift_age_1.0,471,5110471,V5,0,[]
German Credit,shift_age_1.0,472,5110472,V6,0,[]
German Credit,shift_age_1.0,472,5110472,V5,0,[]
German Credit,shift_age_1.0,473,5110473,V6,0,[]
German Credit,shift_age_1.0,473,5110473,V5,0,[]
German Credit,shift_age_1.0,474,5110474,V6,0,[]
German Credit,shift_age_1.0,474,5110474,V5,0,[]
German Credit,shift_age_1.0,475,5110475,V6,0,[]
German Credit,shift_age_1.0,475,5110475,V5,0,[]
German Credit,shift_age_1.0,476,5110476,V6,0,[]
German Credit,shift_age_1.0,476,5110476,V5,0,[]
German Credit,shift_age_1.0,477,5110477,V6,0,[]
German Credit,shift_age_1.0,477,5110477,V5,0,[]
German Credit,shift_age_1.0,478,5110478,V6,0,[]
German Credit,shift_age_1.0,478,5110478,V5,0,[]
German Credit,shift_age_1.0,479,5110479,V6,0,[]
German Credit,shift_age_1.0,479,5110479,V5,0,[]
German Credit,shift_age_1.0,480,5110480,V6,0,[]
German Credit,shift_age_1.0,480,5110480,V5,0,[]
German Credit,shift_age_1.0,481,5110481,V6,0,[]
German Credit,shift_age_1.0,481,5110481,V5,0,[]
German Credit,shift_age_1.0,482,5110482,V6,0,[]
German Credit,shift_age_1.0,482,5110482,V5,0,[]
German Credit,shift_age_1.0,483,5110483,V6,0,[]
German Credit,shift_age_1.0,483,5110483,V5,0,[]
German Credit,shift_age_1.0,484,5110484,V6,0,[]
German Credit,shift_age_1.0,484,5110484,V5,0,[]
German Credit,shift_age_1.0,485,5110485,V6,0,[]
German Credit,shift_age_1.0,485,5110485,V5,0,[]
German Credit,shift_age_1.0,486,5110486,V6,0,[]
German Credit,shift_age_1.0,486,5110486,V5,0,[]
German Credit,shift_age_1.0,487,5110487,V6,0,[]
German Credit,shift_age_1.0,487,5110487,V5,0,[]
German Credit,shift_age_1.0,488,5110488,V6,0,[]
German Credit,shift_age_1.0,488,5110488,V5,0,[]
German Credit,shift_age_1.0,489,5110489,V6,0,[]
German Credit,shift_age_1.0,489,5110489,V5,0,[]
German Credit,shift_age_1.0,490,5110490,V6,0,[]
German Credit,shift_age_1.0,490,5110490,V5,0,[]
German Credit,shift_age_1.0,491,5110491,V6,0,[]
German Credit,shift_age_1.0,491,5110491,V5,0,[]
German Credit,shift_age_1.0,492,5110492,V6,0,[]
German Credit,shift_age_1.0,492,5110492,V5,0,[]
German Credit,shift_age_1.0,493,5110493,V6,0,[]
German Credit,shift_age_1.0,493,5110493,V5,0,[]
German Credit,shift_age_1.0,494,5110494,V6,0,[]
German Credit,shift_age_1.0,494,5110494,V5,0,[]
German Credit,shift_age_1.0,495,5110495,V6,0,[]
German Credit,shift_age_1.0,495,5110495,V5,0,[]
German Credit,shift_age_1.0,496,5110496,V6,0,[]
German Credit,shift_age_1.0,496,5110496,V5,0,[]
German Credit,shift_age_1.0,497,5110497,V6,0,[]
German Credit,shift_age_1.0,497,5110497,V5,0,[]
German Credit,shift_age_1.0,498,5110498,V6,0,[]
German Credit,shift_age_1.0,498,5110498,V5,0,[]
German Credit,shift_age_1.0,499,5110499,V6,0,[]
German Credit,shift_age_1.0,499,5110499,V5,0,[]
German Credit,shift_age_1.0,500,5110500,V6,0,[]
German Credit,shift_age_1.0,500,5110500,V5,0,[]
German Credit,shift_age_1.0,501,5110501,V6,0,[]
German Credit,shift_age_1.0,501,5110501,V5,0,[]
German Credit,shift_age_1.0,502,5110502,V6,0,[]
German Credit,shift_age_1.0,502,5110502,V5,0,[]
German Credit,shift_age_1.0,503,5110503,V6,0,[]
German Credit,shift_age_1.0,503,5110503,V5,0,[]
German Credit,shift_age_1.0,504,5110504,V6,0,[]
German Credit,shift_age_1.0,504,5110504,V5,0,[]
German Credit,shift_age_1.0,505,5110505,V6,0,[]
German Credit,shift_age_1.0,505,5110505,V5,0,[]
German Credit,shift_age_1.0,506,5110506,V6,0,[]
German Credit,shift_age_1.0,506,5110506,V5,0,[]
German Credit,shift_age_1.0,507,5110507,V6,0,[]
German Credit,shift_age_1.0,507,5110507,V5,0,[]
German Credit,shift_age_1.0,508,5110508,V6,0,[]
German Credit,shift_age_1.0,508,5110508,V5,0,[]
German Credit,shift_age_1.0,509,5110509,V6,0,[]
German Credit,shift_age_1.0,509,5110509,V5,0,[]
German Credit,shift_age_1.0,510,5110510,V6,0,[]
German Credit,shift_age_1.0,510,5110510,V5,0,[]
German Credit,shift_age_1.0,511,5110511,V6,0,[]
German Credit,shift_age_1.0,511,5110511,V5,0,[]
German Credit,shift_age_1.0,512,5110512,V6,0,[]
German Credit,shift_age_1.0,512,5110512,V5,0,[]
German Credit,shift_age_1.0,513,5110513,V6,0,[]
German Credit,shift_age_1.0,513,5110513,V5,0,[]
German Credit,shift_age_1.0,514,5110514,V6,0,[]
German Credit,shift_age_1.0,514,5110514,V5,0,[]
German Credit,shift_age_1.0,515,5110515,V6,0,[]
German Credit,shift_age_1.0,515,5110515,V5,0,[]
German Credit,shift_age_1.0,516,5110516,V6,0,[]
German Credit,shift_age_1.0,516,5110516,V5,0,[]
German Credit,shift_age_1.0,517,5110517,V6,0,[]
German Credit,shift_age_1.0,517,5110517,V5,0,[]
German Credit,shift_age_1.0,518,5110518,V6,0,[]
German Credit,shift_age_1.0,518,5110518,V5,0,[]
German Credit,shift_age_1.0,519,5110519,V6,0,[]
German Credit,shift_age_1.0,519,5110519,V5,0,[]
German Credit,shift_age_1.0,520,5110520,V6,0,[]
German Credit,shift_age_1.0,520,5110520,V5,0,[]
German Credit,shift_age_1.0,521,5110521,V6,0,[]
German Credit,shift_age_1.0,521,5110521,V5,0,[]
German Credit,shift_age_1.0,522,5110522,V6,0,[]
German Credit,shift_age_1.0,522,5110522,V5,0,[]
German Credit,shift_age_1.0,523,5110523,V6,0,[]
German Credit,shift_age_1.0,523,5110523,V5,0,[]
German Credit,shift_age_1.0,524,5110524,V6,0,[]
German Credit,shift_age_1.0,524,5110524,V5,0,[]
German Credit,shift_age_1.0,525,5110525,V6,0,[]
German Credit,shift_age_1.0,525,5110525,V5,0,[]
German Credit,shift_age_1.0,526,5110526,V6,0,[]
German Credit,shift_age_1.0,526,5110526,V5,0,[]
German Credit,shift_age_1.0,527,5110527,V6,0,[]
German Credit,shift_age_1.0,527,5110527,V5,0,[]
German Credit,shift_age_1.0,528,5110528,V6,0,[]
German Credit,shift_age_1.0,528,5110528,V5,0,[]
German Credit,shift_age_1.0,529,5110529,V6,0,[]
German Credit,shift_age_1.0,529,5110529,V5,0,[]
German Credit,shift_age_1.0,530,5110530,V6,0,[]
German Credit,shift_age_1.0,530,5110530,V5,0,[]
German Credit,shift_age_1.0,531,5110531,V6,0,[]
German Credit,shift_age_1.0,531,5110531,V5,0,[]
German Credit,shift_age_1.0,532,5110532,V6,0,[]
German Credit,shift_age_1.0,532,5110532,V5,0,[]
German Credit,shift_age_1.0,533,5110533,V6,0,[]
German Credit,shift_age_1.0,533,5110533,V5,0,[]
German Credit,shift_age_1.0,534,5110534,V6,0,[]
German Credit,shift_age_1.0,534,5110534,V5,0,[]
German Credit,shift_age_1.0,535,5110535,V6,0,[]
German Credit,shift_age_1.0,535,5110535,V5,0,[]
German Credit,shift_age_1.0,536,5110536,V6,0,[]
German Credit,shift_age_1.0,536,5110536,V5,0,[]
German Credit,shift_age_1.0,537,5110537,V6,0,[]
German Credit,shift_age_1.0,537,5110537,V5,0,[]
German Credit,shift_age_1.0,538,5110538,V6,0,[]
German Credit,shift_age_1.0,538,5110538,V5,0,[]
German Credit,shift_age_1.0,539,5110539,V6,0,[]
German Credit,shift_age_1.0,539,5110539,V5,0,[]
German Credit,shift_age_1.0,540,5110540,V6,0,[]
German Credit,shift_age_1.0,540,5110540,V5,0,[]
German Credit,shift_age_1.0,541,5110541,V6,0,[]
German Credit,shift_age_1.0,541,5110541,V5,0,[]
German Credit,shift_age_1.0,542,5110542,V6,0,[]
German Credit,shift_age_1.0,542,5110542,V5,0,[]
German Credit,shift_age_1.0,543,5110543,V6,0,[]
German Credit,shift_age_1.0,543,5110543,V5,0,[]
German Credit,shift_age_1.0,544,5110544,V6,0,[]
German Credit,shift_age_1.0,544,5110544,V5,0,[]
German Credit,shift_age_1.0,545,5110545,V6,0,[]
German Credit,shift_age_1.0,545,5110545,V5,0,[]
German Credit,shift_age_1.0,546,5110546,V6,0,[]
German Credit,shift_age_1.0,546,5110546,V5,0,[]
German Credit,shift_age_1.0,547,5110547,V6,0,[]
German Credit,shift_age_1.0,547,5110547,V5,0,[]
German Credit,shift_age_1.0,548,5110548,V6,0,[]
German Credit,shift_age_1.0,548,5110548,V5,0,[]
German Credit,shift_age_1.0,549,5110549,V6,0,[]
German Credit,shift_age_1.0,549,5110549,V5,0,[]
German Credit,shift_age_1.0,550,5110550,V6,0,[]
German Credit,shift_age_1.0,550,5110550,V5,0,[]
German Credit,shift_age_1.0,551,5110551,V6,0,[]
German Credit,shift_age_1.0,551,5110551,V5,0,[]
German Credit,shift_age_1.0,552,5110552,V6,0,[]
German Credit,shift_age_1.0,552,5110552,V5,0,[]
German Credit,shift_age_1.0,553,5110553,V6,0,[]
German Credit,shift_age_1.0,553,5110553,V5,0,[]
German Credit,shift_age_1.0,554,5110554,V6,0,[]
German Credit,shift_age_1.0,554,5110554,V5,0,[]
German Credit,shift_age_1.0,555,5110555,V6,0,[]
German Credit,shift_age_1.0,555,5110555,V5,0,[]
German Credit,shift_age_1.0,556,5110556,V6,0,[]
German Credit,shift_age_1.0,556,5110556,V5,0,[]
German Credit,shift_age_1.0,557,5110557,V6,0,[]
German Credit,shift_age_1.0,557,5110557,V5,0,[]
German Credit,shift_age_1.0,558,5110558,V6,0,[]
German Credit,shift_age_1.0,558,5110558,V5,0,[]
German Credit,shift_age_1.0,559,5110559,V6,0,[]
German Credit,shift_age_1.0,559,5110559,V5,0,[]
German Credit,shift_age_1.0,560,5110560,V6,0,[]
German Credit,shift_age_1.0,560,5110560,V5,0,[]
German Credit,shift_age_1.0,561,5110561,V6,0,[]
German Credit,shift_age_1.0,561,5110561,V5,0,[]
German Credit,shift_age_1.0,562,5110562,V6,0,[]
German Credit,shift_age_1.0,562,5110562,V5,0,[]
German Credit,shift_age_1.0,563,5110563,V6,0,[]
German Credit,shift_age_1.0,563,5110563,V5,0,[]
German Credit,shift_age_1.0,564,5110564,V6,0,[]
German Credit,shift_age_1.0,564,5110564,V5,0,[]
German Credit,shift_age_1.0,565,5110565,V6,0,[]
German Credit,shift_age_1.0,565,5110565,V5,0,[]
German Credit,shift_age_1.0,566,5110566,V6,0,[]
German Credit,shift_age_1.0,566,5110566,V5,0,[]
German Credit,shift_age_1.0,567,5110567,V6,0,[]
German Credit,shift_age_1.0,567,5110567,V5,0,[]
German Credit,shift_age_1.0,568,5110568,V6,0,[]
German Credit,shift_age_1.0,568,5110568,V5,0,[]
German Credit,shift_age_1.0,569,5110569,V6,0,[]
German Credit,shift_age_1.0,569,5110569,V5,0,[]
German Credit,shift_age_1.0,570,5110570,V6,0,[]
German Credit,shift_age_1.0,570,5110570,V5,0,[]
German Credit,shift_age_1.0,571,5110571,V6,0,[]
German Credit,shift_age_1.0,571,5110571,V5,0,[]
German Credit,shift_age_1.0,572,5110572,V6,0,[]
German Credit,shift_age_1.0,572,5110572,V5,0,[]
German Credit,shift_age_1.0,573,5110573,V6,0,[]
German Credit,shift_age_1.0,573,5110573,V5,0,[]
German Credit,shift_age_1.0,574,5110574,V6,0,[]
German Credit,shift_age_1.0,574,5110574,V5,0,[]
German Credit,shift_age_1.0,575,5110575,V6,0,[]
German Credit,shift_age_1.0,575,5110575,V5,0,[]
German Credit,shift_age_1.0,576,5110576,V6,0,[]
German Credit,shift_age_1.0,576,5110576,V5,0,[]
German Credit,shift_age_1.0,577,5110577,V6,0,[]
German Credit,shift_age_1.0,577,5110577,V5,0,[]
German Credit,shift_age_1.0,578,5110578,V6,0,[]
German Credit,shift_age_1.0,578,5110578,V5,0,[]
German Credit,shift_age_1.0,579,5110579,V6,0,[]
German Credit,shift_age_1.0,579,5110579,V5,0,[]
German Credit,shift_age_1.0,580,5110580,V6,0,[]
German Credit,shift_age_1.0,580,5110580,V5,0,[]
German Credit,shift_age_1.0,581,5110581,V6,0,[]
German Credit,shift_age_1.0,581,5110581,V5,0,[]
German Credit,shift_age_1.0,582,5110582,V6,0,[]
German Credit,shift_age_1.0,582,5110582,V5,0,[]
German Credit,shift_age_1.0,583,5110583,V6,0,[]
German Credit,shift_age_1.0,583,5110583,V5,0,[]
German Credit,shift_age_1.0,584,5110584,V6,0,[]
German Credit,shift_age_1.0,584,5110584,V5,0,[]
German Credit,shift_age_1.0,585,5110585,V6,0,[]
German Credit,shift_age_1.0,585,5110585,V5,0,[]
German Credit,shift_age_1.0,586,5110586,V6,0,[]
German Credit,shift_age_1.0,586,5110586,V5,0,[]
German Credit,shift_age_1.0,587,5110587,V6,0,[]
German Credit,shift_age_1.0,587,5110587,V5,0,[]
German Credit,shift_age_1.0,588,5110588,V6,0,[]
German Credit,shift_age_1.0,588,5110588,V5,0,[]
German Credit,shift_age_1.0,589,5110589,V6,0,[]
German Credit,shift_age_1.0,589,5110589,V5,0,[]
German Credit,shift_age_1.0,590,5110590,V6,0,[]
German Credit,shift_age_1.0,590,5110590,V5,0,[]
German Credit,shift_age_1.0,591,5110591,V6,0,[]
German Credit,shift_age_1.0,591,5110591,V5,0,[]
German Credit,shift_age_1.0,592,5110592,V6,0,[]
German Credit,shift_age_1.0,592,5110592,V5,0,[]
German Credit,shift_age_1.0,593,5110593,V6,0,[]
German Credit,shift_age_1.0,593,5110593,V5,0,[]
German Credit,shift_age_1.0,594,5110594,V6,0,[]
German Credit,shift_age_1.0,594,5110594,V5,0,[]
German Credit,shift_age_1.0,595,5110595,V6,0,[]
German Credit,shift_age_1.0,595,5110595,V5,0,[]
German Credit,shift_age_1.0,596,5110596,V6,0,[]
German Credit,shift_age_1.0,596,5110596,V5,0,[]
German Credit,shift_age_1.0,597,5110597,V6,0,[]
German Credit,shift_age_1.0,597,5110597,V5,0,[]
German Credit,shift_age_1.0,598,5110598,V6,0,[]
German Credit,shift_age_1.0,598,5110598,V5,0,[]
German Credit,shift_age_1.0,599,5110599,V6,0,[]
German Credit,shift_age_1.0,599,5110599,V5,0,[]
German Credit,shift_age_1.0,600,5110600,V6,0,[]
German Credit,shift_age_1.0,600,5110600,V5,0,[]
German Credit,shift_age_1.0,601,5110601,V6,0,[]
German Credit,shift_age_1.0,601,5110601,V5,0,[]
German Credit,shift_age_1.0,602,5110602,V6,0,[]
German Credit,shift_age_1.0,602,5110602,V5,0,[]
German Credit,shift_age_1.0,603,5110603,V6,0,[]
German Credit,shift_age_1.0,603,5110603,V5,0,[]
German Credit,shift_age_1.0,604,5110604,V6,0,[]
German Credit,shift_age_1.0,604,5110604,V5,0,[]
German Credit,shift_age_1.0,605,5110605,V6,0,[]
German Credit,shift_age_1.0,605,5110605,V5,0,[]
German Credit,shift_age_1.0,606,5110606,V6,0,[]
German Credit,shift_age_1.0,606,5110606,V5,0,[]
German Credit,shift_age_1.0,607,5110607,V6,0,[]
German Credit,shift_age_1.0,607,5110607,V5,0,[]
German Credit,shift_age_1.0,608,5110608,V6,0,[]
German Credit,shift_age_1.0,608,5110608,V5,0,[]
German Credit,shift_age_1.0,609,5110609,V6,0,[]
German Credit,shift_age_1.0,609,5110609,V5,0,[]
German Credit,shift_age_1.0,610,5110610,V6,0,[]
German Credit,shift_age_1.0,610,5110610,V5,0,[]
German Credit,shift_age_1.0,611,5110611,V6,0,[]
German Credit,shift_age_1.0,611,5110611,V5,0,[]
German Credit,shift_age_1.0,612,5110612,V6,0,[]
German Credit,shift_age_1.0,612,5110612,V5,0,[]
German Credit,shift_age_1.0,613,5110613,V6,0,[]
German Credit,shift_age_1.0,613,5110613,V5,0,[]
German Credit,shift_age_1.0,614,5110614,V6,0,[]
German Credit,shift_age_1.0,614,5110614,V5,0,[]
German Credit,shift_age_1.0,615,5110615,V6,0,[]
German Credit,shift_age_1.0,615,5110615,V5,0,[]
German Credit,shift_age_1.0,616,5110616,V6,0,[]
German Credit,shift_age_1.0,616,5110616,V5,0,[]
German Credit,shift_age_1.0,617,5110617,V6,0,[]
German Credit,shift_age_1.0,617,5110617,V5,0,[]
German Credit,shift_age_1.0,618,5110618,V6,0,[]
German Credit,shift_age_1.0,618,5110618,V5,0,[]
German Credit,shift_age_1.0,619,5110619,V6,0,[]
German Credit,shift_age_1.0,619,5110619,V5,0,[]
German Credit,shift_age_1.0,620,5110620,V6,0,[]
German Credit,shift_age_1.0,620,5110620,V5,0,[]
German Credit,shift_age_1.0,621,5110621,V6,0,[]
German Credit,shift_age_1.0,621,5110621,V5,0,[]
German Credit,shift_age_1.0,622,5110622,V6,0,[]
German Credit,shift_age_1.0,622,5110622,V5,0,[]
German Credit,shift_age_1.0,623,5110623,V6,0,[]
German Credit,shift_age_1.0,623,5110623,V5,0,[]
German Credit,shift_age_1.0,624,5110624,V6,0,[]
German Credit,shift_age_1.0,624,5110624,V5,0,[]
German Credit,shift_age_1.0,625,5110625,V6,0,[]
German Credit,shift_age_1.0,625,5110625,V5,0,[]
German Credit,shift_age_1.0,626,5110626,V6,0,[]
German Credit,shift_age_1.0,626,5110626,V5,0,[]
German Credit,shift_age_1.0,627,5110627,V6,0,[]
German Credit,shift_age_1.0,627,5110627,V5,0,[]
German Credit,shift_age_1.0,628,5110628,V6,0,[]
German Credit,shift_age_1.0,628,5110628,V5,0,[]
German Credit,shift_age_1.0,629,5110629,V6,0,[]
German Credit,shift_age_1.0,629,5110629,V5,0,[]
German Credit,shift_age_1.0,630,5110630,V6,1,"[[""num_dependents""]]"
German Credit,shift_age_1.0,630,5110630,V5,0,[]
German Credit,shift_age_1.0,631,5110631,V6,0,[]
German Credit,shift_age_1.0,631,5110631,V5,0,[]
German Credit,shift_age_1.0,632,5110632,V6,0,[]
German Credit,shift_age_1.0,632,5110632,V5,0,[]
German Credit,shift_age_1.0,633,5110633,V6,0,[]
German Credit,shift_age_1.0,633,5110633,V5,0,[]
German Credit,shift_age_1.0,634,5110634,V6,0,[]
German Credit,shift_age_1.0,634,5110634,V5,0,[]
German Credit,shift_age_1.0,635,5110635,V6,0,[]
German Credit,shift_age_1.0,635,5110635,V5,0,[]
German Credit,shift_age_1.0,636,5110636,V6,0,[]
German Credit,shift_age_1.0,636,5110636,V5,0,[]
German Credit,shift_age_1.0,637,5110637,V6,0,[]
German Credit,shift_age_1.0,637,5110637,V5,0,[]
German Credit,shift_age_1.0,638,5110638,V6,0,[]
German Credit,shift_age_1.0,638,5110638,V5,0,[]
German Credit,shift_age_1.0,639,5110639,V6,0,[]
German Credit,shift_age_1.0,639,5110639,V5,0,[]
German Credit,shift_age_1.0,640,5110640,V6,0,[]
German Credit,shift_age_1.0,640,5110640,V5,0,[]
German Credit,shift_age_1.0,641,5110641,V6,0,[]
German Credit,shift_age_1.0,641,5110641,V5,0,[]
German Credit,shift_age_1.0,642,5110642,V6,0,[]
German Credit,shift_age_1.0,642,5110642,V5,0,[]
German Credit,shift_age_1.0,643,5110643,V6,0,[]
German Credit,shift_age_1.0,643,5110643,V5,0,[]
German Credit,shift_age_1.0,644,5110644,V6,0,[]
German Credit,shift_age_1.0,644,5110644,V5,0,[]
German Credit,shift_age_1.0,645,5110645,V6,0,[]
German Credit,shift_age_1.0,645,5110645,V5,0,[]
German Credit,shift_age_1.0,646,5110646,V6,0,[]
German Credit,shift_age_1.0,646,5110646,V5,0,[]
German Credit,shift_age_1.0,647,5110647,V6,0,[]
German Credit,shift_age_1.0,647,5110647,V5,0,[]
German Credit,shift_age_1.0,648,5110648,V6,0,[]
German Credit,shift_age_1.0,648,5110648,V5,0,[]
German Credit,shift_age_1.0,649,5110649,V6,0,[]
German Credit,shift_age_1.0,649,5110649,V5,0,[]
German Credit,shift_age_1.0,650,5110650,V6,0,[]
German Credit,shift_age_1.0,650,5110650,V5,0,[]
German Credit,shift_age_1.0,651,5110651,V6,0,[]
German Credit,shift_age_1.0,651,5110651,V5,0,[]
German Credit,shift_age_1.0,652,5110652,V6,0,[]
German Credit,shift_age_1.0,652,5110652,V5,0,[]
German Credit,shift_age_1.0,653,5110653,V6,0,[]
German Credit,shift_age_1.0,653,5110653,V5,0,[]
German Credit,shift_age_1.0,654,5110654,V6,0,[]
German Credit,shift_age_1.0,654,5110654,V5,0,[]
German Credit,shift_age_1.0,655,5110655,V6,0,[]
German Credit,shift_age_1.0,655,5110655,V5,0,[]
German Credit,shift_age_1.0,656,5110656,V6,0,[]
German Credit,shift_age_1.0,656,5110656,V5,0,[]
German Credit,shift_age_1.0,657,5110657,V6,0,[]
German Credit,shift_age_1.0,657,5110657,V5,0,[]
German Credit,shift_age_1.0,658,5110658,V6,0,[]
German Credit,shift_age_1.0,658,5110658,V5,0,[]
German Credit,shift_age_1.0,659,5110659,V6,0,[]
German Credit,shift_age_1.0,659,5110659,V5,0,[]
German Credit,shift_age_1.0,660,5110660,V6,0,[]
German Credit,shift_age_1.0,660,5110660,V5,0,[]
German Credit,shift_age_1.0,661,5110661,V6,0,[]
German Credit,shift_age_1.0,661,5110661,V5,0,[]
German Credit,shift_age_1.0,662,5110662,V6,0,[]
German Credit,shift_age_1.0,662,5110662,V5,0,[]
German Credit,shift_age_1.0,663,5110663,V6,0,[]
German Credit,shift_age_1.0,663,5110663,V5,0,[]
German Credit,shift_age_1.0,664,5110664,V6,0,[]
German Credit,shift_age_1.0,664,5110664,V5,0,[]
German Credit,shift_age_1.0,665,5110665,V6,0,[]
German Credit,shift_age_1.0,665,5110665,V5,0,[]
German Credit,shift_age_1.0,666,5110666,V6,0,[]
German Credit,shift_age_1.0,666,5110666,V5,0,[]
German Credit,shift_age_1.0,667,5110667,V6,0,[]
German Credit,shift_age_1.0,667,5110667,V5,0,[]
German Credit,shift_age_1.0,668,5110668,V6,0,[]
German Credit,shift_age_1.0,668,5110668,V5,0,[]
German Credit,shift_age_1.0,669,5110669,V6,0,[]
German Credit,shift_age_1.0,669,5110669,V5,0,[]
German Credit,shift_age_1.0,670,5110670,V6,0,[]
German Credit,shift_age_1.0,670,5110670,V5,0,[]
German Credit,shift_age_1.0,671,5110671,V6,0,[]
German Credit,shift_age_1.0,671,5110671,V5,0,[]
German Credit,shift_age_1.0,672,5110672,V6,0,[]
German Credit,shift_age_1.0,672,5110672,V5,0,[]
German Credit,shift_age_1.0,673,5110673,V6,0,[]
German Credit,shift_age_1.0,673,5110673,V5,0,[]
German Credit,shift_age_1.0,674,5110674,V6,0,[]
German Credit,shift_age_1.0,674,5110674,V5,0,[]
German Credit,shift_age_1.0,675,5110675,V6,0,[]
German Credit,shift_age_1.0,675,5110675,V5,0,[]
German Credit,shift_age_1.0,676,5110676,V6,0,[]
German Credit,shift_age_1.0,676,5110676,V5,0,[]
German Credit,shift_age_1.0,677,5110677,V6,0,[]
German Credit,shift_age_1.0,677,5110677,V5,0,[]
German Credit,shift_age_1.0,678,5110678,V6,0,[]
German Credit,shift_age_1.0,678,5110678,V5,0,[]
German Credit,shift_age_1.0,679,5110679,V6,1,"[[""credit_amount""]]"
German Credit,shift_age_1.0,679,5110679,V5,0,[]
German Credit,shift_age_1.0,680,5110680,V6,0,[]
German Credit,shift_age_1.0,680,5110680,V5,0,[]
German Credit,shift_age_1.0,681,5110681,V6,0,[]
German Credit,shift_age_1.0,681,5110681,V5,0,[]
German Credit,shift_age_1.0,682,5110682,V6,0,[]
German Credit,shift_age_1.0,682,5110682,V5,0,[]
German Credit,shift_age_1.0,683,5110683,V6,0,[]
German Credit,shift_age_1.0,683,5110683,V5,0,[]
German Credit,shift_age_1.0,684,5110684,V6,0,[]
German Credit,shift_age_1.0,684,5110684,V5,0,[]
German Credit,shift_age_1.0,685,5110685,V6,0,[]
German Credit,shift_age_1.0,685,5110685,V5,0,[]
German Credit,shift_age_1.0,686,5110686,V6,0,[]
German Credit,shift_age_1.0,686,5110686,V5,0,[]
German Credit,shift_age_1.0,687,5110687,V6,0,[]
German Credit,shift_age_1.0,687,5110687,V5,0,[]
German Credit,shift_age_1.0,688,5110688,V6,0,[]
German Credit,shift_age_1.0,688,5110688,V5,0,[]
German Credit,shift_age_1.0,689,5110689,V6,0,[]
German Credit,shift_age_1.0,689,5110689,V5,0,[]
German Credit,shift_age_1.0,690,5110690,V6,0,[]
German Credit,shift_age_1.0,690,5110690,V5,0,[]
German Credit,shift_age_1.0,691,5110691,V6,0,[]
German Credit,shift_age_1.0,691,5110691,V5,0,[]
German Credit,shift_age_1.0,692,5110692,V6,0,[]
German Credit,shift_age_1.0,692,5110692,V5,0,[]
German Credit,shift_age_1.0,693,5110693,V6,0,[]
German Credit,shift_age_1.0,693,5110693,V5,0,[]
German Credit,shift_age_1.0,694,5110694,V6,0,[]
German Credit,shift_age_1.0,694,5110694,V5,0,[]
German Credit,shift_age_1.0,695,5110695,V6,0,[]
German Credit,shift_age_1.0,695,5110695,V5,0,[]
German Credit,shift_age_1.0,696,5110696,V6,0,[]
German Credit,shift_age_1.0,696,5110696,V5,0,[]
German Credit,shift_age_1.0,697,5110697,V6,0,[]
German Credit,shift_age_1.0,697,5110697,V5,0,[]
German Credit,shift_age_1.0,698,5110698,V6,0,[]
German Credit,shift_age_1.0,698,5110698,V5,0,[]
German Credit,shift_age_1.0,699,5110699,V6,0,[]
German Credit,shift_age_1.0,699,5110699,V5,0,[]
German Credit,shift_age_1.0,700,5110700,V6,0,[]
German Credit,shift_age_1.0,700,5110700,V5,0,[]
German Credit,shift_age_1.0,701,5110701,V6,0,[]
German Credit,shift_age_1.0,701,5110701,V5,0,[]
German Credit,shift_age_1.0,702,5110702,V6,0,[]
German Credit,shift_age_1.0,702,5110702,V5,0,[]
German Credit,shift_age_1.0,703,5110703,V6,0,[]
German Credit,shift_age_1.0,703,5110703,V5,0,[]
German Credit,shift_age_1.0,704,5110704,V6,0,[]
German Credit,shift_age_1.0,704,5110704,V5,0,[]
German Credit,shift_age_1.0,705,5110705,V6,0,[]
German Credit,shift_age_1.0,705,5110705,V5,0,[]
German Credit,shift_age_1.0,706,5110706,V6,0,[]
German Credit,shift_age_1.0,706,5110706,V5,0,[]
German Credit,shift_age_1.0,707,5110707,V6,0,[]
German Credit,shift_age_1.0,707,5110707,V5,0,[]
German Credit,shift_age_1.0,708,5110708,V6,0,[]
German Credit,shift_age_1.0,708,5110708,V5,0,[]
German Credit,shift_age_1.0,709,5110709,V6,0,[]
German Credit,shift_age_1.0,709,5110709,V5,0,[]
German Credit,shift_age_1.0,710,5110710,V6,0,[]
German Credit,shift_age_1.0,710,5110710,V5,0,[]
German Credit,shift_age_1.0,711,5110711,V6,0,[]
German Credit,shift_age_1.0,711,5110711,V5,0,[]
German Credit,shift_age_1.0,712,5110712,V6,0,[]
German Credit,shift_age_1.0,712,5110712,V5,0,[]
German Credit,shift_age_1.0,713,5110713,V6,0,[]
German Credit,shift_age_1.0,713,5110713,V5,0,[]
German Credit,shift_age_1.0,714,5110714,V6,0,[]
German Credit,shift_age_1.0,714,5110714,V5,0,[]
German Credit,shift_age_1.0,715,5110715,V6,0,[]
German Credit,shift_age_1.0,715,5110715,V5,0,[]
German Credit,shift_age_1.0,716,5110716,V6,0,[]
German Credit,shift_age_1.0,716,5110716,V5,0,[]
German Credit,shift_age_1.0,717,5110717,V6,0,[]
German Credit,shift_age_1.0,717,5110717,V5,0,[]
German Credit,shift_age_1.0,718,5110718,V6,0,[]
German Credit,shift_age_1.0,718,5110718,V5,0,[]
German Credit,shift_age_1.0,719,5110719,V6,0,[]
German Credit,shift_age_1.0,719,5110719,V5,0,[]
German Credit,shift_age_1.0,720,5110720,V6,0,[]
German Credit,shift_age_1.0,720,5110720,V5,0,[]
German Credit,shift_age_1.0,721,5110721,V6,0,[]
German Credit,shift_age_1.0,721,5110721,V5,0,[]
German Credit,shift_age_1.0,722,5110722,V6,0,[]
German Credit,shift_age_1.0,722,5110722,V5,0,[]
German Credit,shift_age_1.0,723,5110723,V6,0,[]
German Credit,shift_age_1.0,723,5110723,V5,0,[]
German Credit,shift_age_1.0,724,5110724,V6,0,[]
German Credit,shift_age_1.0,724,5110724,V5,0,[]
German Credit,shift_age_1.0,725,5110725,V6,0,[]
German Credit,shift_age_1.0,725,5110725,V5,0,[]
German Credit,shift_age_1.0,726,5110726,V6,0,[]
German Credit,shift_age_1.0,726,5110726,V5,0,[]
German Credit,shift_age_1.0,727,5110727,V6,0,[]
German Credit,shift_age_1.0,727,5110727,V5,0,[]
German Credit,shift_age_1.0,728,5110728,V6,0,[]
German Credit,shift_age_1.0,728,5110728,V5,0,[]
German Credit,shift_age_1.0,729,5110729,V6,0,[]
German Credit,shift_age_1.0,729,5110729,V5,0,[]
German Credit,shift_age_1.0,730,5110730,V6,0,[]
German Credit,shift_age_1.0,730,5110730,V5,0,[]
German Credit,shift_age_1.0,731,5110731,V6,0,[]
German Credit,shift_age_1.0,731,5110731,V5,0,[]
German Credit,shift_age_1.0,732,5110732,V6,0,[]
German Credit,shift_age_1.0,732,5110732,V5,0,[]
German Credit,shift_age_1.0,733,5110733,V6,0,[]
German Credit,shift_age_1.0,733,5110733,V5,0,[]
German Credit,shift_age_1.0,734,5110734,V6,0,[]
German Credit,shift_age_1.0,734,5110734,V5,0,[]
German Credit,shift_age_1.0,735,5110735,V6,0,[]
German Credit,shift_age_1.0,735,5110735,V5,0,[]
German Credit,shift_age_1.0,736,5110736,V6,0,[]
German Credit,shift_age_1.0,736,5110736,V5,0,[]
German Credit,shift_age_1.0,737,5110737,V6,0,[]
German Credit,shift_age_1.0,737,5110737,V5,0,[]
German Credit,shift_age_1.0,738,5110738,V6,0,[]
German Credit,shift_age_1.0,738,5110738,V5,0,[]
German Credit,shift_age_1.0,739,5110739,V6,0,[]
German Credit,shift_age_1.0,739,5110739,V5,0,[]
German Credit,shift_age_1.0,740,5110740,V6,0,[]
German Credit,shift_age_1.0,740,5110740,V5,0,[]
German Credit,shift_age_1.0,741,5110741,V6,0,[]
German Credit,shift_age_1.0,741,5110741,V5,0,[]
German Credit,shift_age_1.0,742,5110742,V6,0,[]
German Credit,shift_age_1.0,742,5110742,V5,0,[]
German Credit,shift_age_1.0,743,5110743,V6,0,[]
German Credit,shift_age_1.0,743,5110743,V5,0,[]
German Credit,shift_age_1.0,744,5110744,V6,0,[]
German Credit,shift_age_1.0,744,5110744,V5,0,[]
German Credit,shift_age_1.0,745,5110745,V6,0,[]
German Credit,shift_age_1.0,745,5110745,V5,0,[]
German Credit,shift_age_1.0,746,5110746,V6,0,[]
German Credit,shift_age_1.0,746,5110746,V5,0,[]
German Credit,shift_age_1.0,747,5110747,V6,0,[]
German Credit,shift_age_1.0,747,5110747,V5,0,[]
German Credit,shift_age_1.0,748,5110748,V6,0,[]
German Credit,shift_age_1.0,748,5110748,V5,0,[]
German Credit,shift_age_1.0,749,5110749,V6,0,[]
German Credit,shift_age_1.0,749,5110749,V5,0,[]
German Credit,shift_age_1.0,750,5110750,V6,0,[]
German Credit,shift_age_1.0,750,5110750,V5,0,[]
German Credit,shift_age_1.0,751,5110751,V6,0,[]
German Credit,shift_age_1.0,751,5110751,V5,0,[]
German Credit,shift_age_1.0,752,5110752,V6,0,[]
German Credit,shift_age_1.0,752,5110752,V5,0,[]
German Credit,shift_age_1.0,753,5110753,V6,0,[]
German Credit,shift_age_1.0,753,5110753,V5,0,[]
German Credit,shift_age_1.0,754,5110754,V6,0,[]
German Credit,shift_age_1.0,754,5110754,V5,0,[]
German Credit,shift_age_1.0,755,5110755,V6,0,[]
German Credit,shift_age_1.0,755,5110755,V5,0,[]
German Credit,shift_age_1.0,756,5110756,V6,0,[]
German Credit,shift_age_1.0,756,5110756,V5,0,[]
German Credit,shift_age_1.0,757,5110757,V6,0,[]
German Credit,shift_age_1.0,757,5110757,V5,0,[]
German Credit,shift_age_1.0,758,5110758,V6,0,[]
German Credit,shift_age_1.0,758,5110758,V5,0,[]
German Credit,shift_age_1.0,759,5110759,V6,0,[]
German Credit,shift_age_1.0,759,5110759,V5,0,[]
German Credit,shift_age_1.0,760,5110760,V6,0,[]
German Credit,shift_age_1.0,760,5110760,V5,0,[]
German Credit,shift_age_1.0,761,5110761,V6,0,[]
German Credit,shift_age_1.0,761,5110761,V5,0,[]
German Credit,shift_age_1.0,762,5110762,V6,0,[]
German Credit,shift_age_1.0,762,5110762,V5,0,[]
German Credit,shift_age_1.0,763,5110763,V6,0,[]
German Credit,shift_age_1.0,763,5110763,V5,0,[]
German Credit,shift_age_1.0,764,5110764,V6,0,[]
German Credit,shift_age_1.0,764,5110764,V5,0,[]
German Credit,shift_age_1.0,765,5110765,V6,0,[]
German Credit,shift_age_1.0,765,5110765,V5,0,[]
German Credit,shift_age_1.0,766,5110766,V6,0,[]
German Credit,shift_age_1.0,766,5110766,V5,0,[]
German Credit,shift_age_1.0,767,5110767,V6,0,[]
German Credit,shift_age_1.0,767,5110767,V5,0,[]
German Credit,shift_age_1.0,768,5110768,V6,0,[]
German Credit,shift_age_1.0,768,5110768,V5,0,[]
German Credit,shift_age_1.0,769,5110769,V6,0,[]
German Credit,shift_age_1.0,769,5110769,V5,0,[]
German Credit,shift_age_1.0,770,5110770,V6,0,[]
German Credit,shift_age_1.0,770,5110770,V5,0,[]
German Credit,shift_age_1.0,771,5110771,V6,0,[]
German Credit,shift_age_1.0,771,5110771,V5,0,[]
German Credit,shift_age_1.0,772,5110772,V6,0,[]
German Credit,shift_age_1.0,772,5110772,V5,0,[]
German Credit,shift_age_1.0,773,5110773,V6,0,[]
German Credit,shift_age_1.0,773,5110773,V5,0,[]
German Credit,shift_age_1.0,774,5110774,V6,0,[]
German Credit,shift_age_1.0,774,5110774,V5,0,[]
German Credit,shift_age_1.0,775,5110775,V6,0,[]
German Credit,shift_age_1.0,775,5110775,V5,0,[]
German Credit,shift_age_1.0,776,5110776,V6,0,[]
German Credit,shift_age_1.0,776,5110776,V5,0,[]
German Credit,shift_age_1.0,777,5110777,V6,0,[]
German Credit,shift_age_1.0,777,5110777,V5,0,[]
German Credit,shift_age_1.0,778,5110778,V6,0,[]
German Credit,shift_age_1.0,778,5110778,V5,0,[]
German Credit,shift_age_1.0,779,5110779,V6,0,[]
German Credit,shift_age_1.0,779,5110779,V5,0,[]
German Credit,shift_age_1.0,780,5110780,V6,0,[]
German Credit,shift_age_1.0,780,5110780,V5,0,[]
German Credit,shift_age_1.0,781,5110781,V6,0,[]
German Credit,shift_age_1.0,781,5110781,V5,0,[]
German Credit,shift_age_1.0,782,5110782,V6,0,[]
German Credit,shift_age_1.0,782,5110782,V5,0,[]
German Credit,shift_age_1.0,783,5110783,V6,0,[]
German Credit,shift_age_1.0,783,5110783,V5,0,[]
German Credit,shift_age_1.0,784,5110784,V6,0,[]
German Credit,shift_age_1.0,784,5110784,V5,0,[]
German Credit,shift_age_1.0,785,5110785,V6,0,[]
German Credit,shift_age_1.0,785,5110785,V5,0,[]
German Credit,shift_age_1.0,786,5110786,V6,0,[]
German Credit,shift_age_1.0,786,5110786,V5,0,[]
German Credit,shift_age_1.0,787,5110787,V6,0,[]
German Credit,shift_age_1.0,787,5110787,V5,0,[]
German Credit,shift_age_1.0,788,5110788,V6,0,[]
German Credit,shift_age_1.0,788,5110788,V5,0,[]
German Credit,shift_age_1.0,789,5110789,V6,0,[]
German Credit,shift_age_1.0,789,5110789,V5,0,[]
German Credit,shift_age_1.0,790,5110790,V6,0,[]
German Credit,shift_age_1.0,790,5110790,V5,0,[]
German Credit,shift_age_1.0,791,5110791,V6,0,[]
German Credit,shift_age_1.0,791,5110791,V5,0,[]
German Credit,shift_age_1.0,792,5110792,V6,0,[]
German Credit,shift_age_1.0,792,5110792,V5,0,[]
German Credit,shift_age_1.0,793,5110793,V6,0,[]
German Credit,shift_age_1.0,793,5110793,V5,0,[]
German Credit,shift_age_1.0,794,5110794,V6,0,[]
German Credit,shift_age_1.0,794,5110794,V5,0,[]
German Credit,shift_age_1.0,795,5110795,V6,0,[]
German Credit,shift_age_1.0,795,5110795,V5,0,[]
German Credit,shift_age_1.0,796,5110796,V6,0,[]
German Credit,shift_age_1.0,796,5110796,V5,0,[]
German Credit,shift_age_1.0,797,5110797,V6,0,[]
German Credit,shift_age_1.0,797,5110797,V5,0,[]
German Credit,shift_age_1.0,798,5110798,V6,0,[]
German Credit,shift_age_1.0,798,5110798,V5,0,[]
German Credit,shift_age_1.0,799,5110799,V6,0,[]
German Credit,shift_age_1.0,799,5110799,V5,0,[]
German Credit,shift_age_1.0,800,5110800,V6,0,[]
German Credit,shift_age_1.0,800,5110800,V5,0,[]
German Credit,shift_age_1.0,801,5110801,V6,0,[]
German Credit,shift_age_1.0,801,5110801,V5,0,[]
German Credit,shift_age_1.0,802,5110802,V6,0,[]
German Credit,shift_age_1.0,802,5110802,V5,0,[]
German Credit,shift_age_1.0,803,5110803,V6,0,[]
German Credit,shift_age_1.0,803,5110803,V5,0,[]
German Credit,shift_age_1.0,804,5110804,V6,0,[]
German Credit,shift_age_1.0,804,5110804,V5,0,[]
German Credit,shift_age_1.0,805,5110805,V6,0,[]
German Credit,shift_age_1.0,805,5110805,V5,0,[]
German Credit,shift_age_1.0,806,5110806,V6,0,[]
German Credit,shift_age_1.0,806,5110806,V5,0,[]
German Credit,shift_age_1.0,807,5110807,V6,0,[]
German Credit,shift_age_1.0,807,5110807,V5,0,[]
German Credit,shift_age_1.0,808,5110808,V6,0,[]
German Credit,shift_age_1.0,808,5110808,V5,0,[]
German Credit,shift_age_1.0,809,5110809,V6,0,[]
German Credit,shift_age_1.0,809,5110809,V5,0,[]
German Credit,shift_age_1.0,810,5110810,V6,0,[]
German Credit,shift_age_1.0,810,5110810,V5,0,[]
German Credit,shift_age_1.0,811,5110811,V6,0,[]
German Credit,shift_age_1.0,811,5110811,V5,0,[]
German Credit,shift_age_1.0,812,5110812,V6,0,[]
German Credit,shift_age_1.0,812,5110812,V5,0,[]
German Credit,shift_age_1.0,813,5110813,V6,0,[]
German Credit,shift_age_1.0,813,5110813,V5,0,[]
German Credit,shift_age_1.0,814,5110814,V6,0,[]
German Credit,shift_age_1.0,814,5110814,V5,0,[]
German Credit,shift_age_1.0,815,5110815,V6,0,[]
German Credit,shift_age_1.0,815,5110815,V5,0,[]
German Credit,shift_age_1.0,816,5110816,V6,0,[]
German Credit,shift_age_1.0,816,5110816,V5,0,[]
German Credit,shift_age_1.0,817,5110817,V6,0,[]
German Credit,shift_age_1.0,817,5110817,V5,0,[]
German Credit,shift_age_1.0,818,5110818,V6,0,[]
German Credit,shift_age_1.0,818,5110818,V5,0,[]
German Credit,shift_age_1.0,819,5110819,V6,0,[]
German Credit,shift_age_1.0,819,5110819,V5,0,[]
German Credit,shift_age_1.0,820,5110820,V6,0,[]
German Credit,shift_age_1.0,820,5110820,V5,0,[]
German Credit,shift_age_1.0,821,5110821,V6,0,[]
German Credit,shift_age_1.0,821,5110821,V5,0,[]
German Credit,shift_age_1.0,822,5110822,V6,0,[]
German Credit,shift_age_1.0,822,5110822,V5,0,[]
German Credit,shift_age_1.0,823,5110823,V6,0,[]
German Credit,shift_age_1.0,823,5110823,V5,0,[]
German Credit,shift_age_1.0,824,5110824,V6,0,[]
German Credit,shift_age_1.0,824,5110824,V5,0,[]
German Credit,shift_age_1.0,825,5110825,V6,0,[]
German Credit,shift_age_1.0,825,5110825,V5,0,[]
German Credit,shift_age_1.0,826,5110826,V6,0,[]
German Credit,shift_age_1.0,826,5110826,V5,0,[]
German Credit,shift_age_1.0,827,5110827,V6,0,[]
German Credit,shift_age_1.0,827,5110827,V5,0,[]
German Credit,shift_age_1.0,828,5110828,V6,0,[]
German Credit,shift_age_1.0,828,5110828,V5,0,[]
German Credit,shift_age_1.0,829,5110829,V6,0,[]
German Credit,shift_age_1.0,829,5110829,V5,0,[]
German Credit,shift_age_1.0,830,5110830,V6,0,[]
German Credit,shift_age_1.0,830,5110830,V5,0,[]
German Credit,shift_age_1.0,831,5110831,V6,0,[]
German Credit,shift_age_1.0,831,5110831,V5,0,[]
German Credit,shift_age_1.0,832,5110832,V6,0,[]
German Credit,shift_age_1.0,832,5110832,V5,0,[]
German Credit,shift_age_1.0,833,5110833,V6,0,[]
German Credit,shift_age_1.0,833,5110833,V5,0,[]
German Credit,shift_age_1.0,834,5110834,V6,0,[]
German Credit,shift_age_1.0,834,5110834,V5,0,[]
German Credit,shift_age_1.0,835,5110835,V6,0,[]
German Credit,shift_age_1.0,835,5110835,V5,0,[]
German Credit,shift_age_1.0,836,5110836,V6,0,[]
German Credit,shift_age_1.0,836,5110836,V5,0,[]
German Credit,shift_age_1.0,837,5110837,V6,0,[]
German Credit,shift_age_1.0,837,5110837,V5,0,[]
German Credit,shift_age_1.0,838,5110838,V6,0,[]
German Credit,shift_age_1.0,838,5110838,V5,0,[]
German Credit,shift_age_1.0,839,5110839,V6,0,[]
German Credit,shift_age_1.0,839,5110839,V5,0,[]
German Credit,shift_age_1.0,840,5110840,V6,0,[]
German Credit,shift_age_1.0,840,5110840,V5,0,[]
German Credit,shift_age_1.0,841,5110841,V6,0,[]
German Credit,shift_age_1.0,841,5110841,V5,0,[]
German Credit,shift_age_1.0,842,5110842,V6,0,[]
German Credit,shift_age_1.0,842,5110842,V5,0,[]
German Credit,shift_age_1.0,843,5110843,V6,0,[]
German Credit,shift_age_1.0,843,5110843,V5,0,[]
German Credit,shift_age_1.0,844,5110844,V6,0,[]
German Credit,shift_age_1.0,844,5110844,V5,0,[]
German Credit,shift_age_1.0,845,5110845,V6,0,[]
German Credit,shift_age_1.0,845,5110845,V5,0,[]
German Credit,shift_age_1.0,846,5110846,V6,0,[]
German Credit,shift_age_1.0,846,5110846,V5,0,[]
German Credit,shift_age_1.0,847,5110847,V6,0,[]
German Credit,shift_age_1.0,847,5110847,V5,0,[]
German Credit,shift_age_1.0,848,5110848,V6,0,[]
German Credit,shift_age_1.0,848,5110848,V5,0,[]
German Credit,shift_age_1.0,849,5110849,V6,0,[]
German Credit,shift_age_1.0,849,5110849,V5,0,[]
German Credit,shift_age_1.0,850,5110850,V6,0,[]
German Credit,shift_age_1.0,850,5110850,V5,0,[]
German Credit,shift_age_1.0,851,5110851,V6,0,[]
German Credit,shift_age_1.0,851,5110851,V5,0,[]
German Credit,shift_age_1.0,852,5110852,V6,0,[]
German Credit,shift_age_1.0,852,5110852,V5,0,[]
German Credit,shift_age_1.0,853,5110853,V6,0,[]
German Credit,shift_age_1.0,853,5110853,V5,0,[]
German Credit,shift_age_1.0,854,5110854,V6,0,[]
German Credit,shift_age_1.0,854,5110854,V5,0,[]
German Credit,shift_age_1.0,855,5110855,V6,0,[]
German Credit,shift_age_1.0,855,5110855,V5,0,[]
German Credit,shift_age_1.0,856,5110856,V6,0,[]
German Credit,shift_age_1.0,856,5110856,V5,0,[]
German Credit,shift_age_1.0,857,5110857,V6,0,[]
German Credit,shift_age_1.0,857,5110857,V5,0,[]
German Credit,shift_age_1.0,858,5110858,V6,0,[]
German Credit,shift_age_1.0,858,5110858,V5,0,[]
German Credit,shift_age_1.0,859,5110859,V6,0,[]
German Credit,shift_age_1.0,859,5110859,V5,0,[]
German Credit,shift_age_1.0,860,5110860,V6,0,[]
German Credit,shift_age_1.0,860,5110860,V5,0,[]
German Credit,shift_age_1.0,861,5110861,V6,0,[]
German Credit,shift_age_1.0,861,5110861,V5,0,[]
German Credit,shift_age_1.0,862,5110862,V6,0,[]
German Credit,shift_age_1.0,862,5110862,V5,0,[]
German Credit,shift_age_1.0,863,5110863,V6,0,[]
German Credit,shift_age_1.0,863,5110863,V5,0,[]
German Credit,shift_age_1.0,864,5110864,V6,0,[]
German Credit,shift_age_1.0,864,5110864,V5,0,[]
German Credit,shift_age_1.0,865,5110865,V6,0,[]
German Credit,shift_age_1.0,865,5110865,V5,0,[]
German Credit,shift_age_1.0,866,5110866,V6,0,[]
German Credit,shift_age_1.0,866,5110866,V5,0,[]
German Credit,shift_age_1.0,867,5110867,V6,0,[]
German Credit,shift_age_1.0,867,5110867,V5,0,[]
German Credit,shift_age_1.0,868,5110868,V6,0,[]
German Credit,shift_age_1.0,868,5110868,V5,0,[]
German Credit,shift_age_1.0,869,5110869,V6,0,[]
German Credit,shift_age_1.0,869,5110869,V5,0,[]
German Credit,shift_age_1.0,870,5110870,V6,0,[]
German Credit,shift_age_1.0,870,5110870,V5,0,[]
German Credit,shift_age_1.0,871,5110871,V6,0,[]
German Credit,shift_age_1.0,871,5110871,V5,0,[]
German Credit,shift_age_1.0,872,5110872,V6,0,[]
German Credit,shift_age_1.0,872,5110872,V5,0,[]
German Credit,shift_age_1.0,873,5110873,V6,0,[]
German Credit,shift_age_1.0,873,5110873,V5,0,[]
German Credit,shift_age_1.0,874,5110874,V6,0,[]
German Credit,shift_age_1.0,874,5110874,V5,0,[]
German Credit,shift_age_1.0,875,5110875,V6,0,[]
German Credit,shift_age_1.0,875,5110875,V5,0,[]
German Credit,shift_age_1.0,876,5110876,V6,0,[]
German Credit,shift_age_1.0,876,5110876,V5,0,[]
German Credit,shift_age_1.0,877,5110877,V6,0,[]
German Credit,shift_age_1.0,877,5110877,V5,0,[]
German Credit,shift_age_1.0,878,5110878,V6,0,[]
German Credit,shift_age_1.0,878,5110878,V5,0,[]
German Credit,shift_age_1.0,879,5110879,V6,0,[]
German Credit,shift_age_1.0,879,5110879,V5,0,[]
German Credit,shift_age_1.0,880,5110880,V6,0,[]
German Credit,shift_age_1.0,880,5110880,V5,0,[]
German Credit,shift_age_1.0,881,5110881,V6,0,[]
German Credit,shift_age_1.0,881,5110881,V5,0,[]
German Credit,shift_age_1.0,882,5110882,V6,0,[]
German Credit,shift_age_1.0,882,5110882,V5,0,[]
German Credit,shift_age_1.0,883,5110883,V6,0,[]
German Credit,shift_age_1.0,883,5110883,V5,0,[]
German Credit,shift_age_1.0,884,5110884,V6,0,[]
German Credit,shift_age_1.0,884,5110884,V5,0,[]
German Credit,shift_age_1.0,885,5110885,V6,0,[]
German Credit,shift_age_1.0,885,5110885,V5,0,[]
German Credit,shift_age_1.0,886,5110886,V6,0,[]
German Credit,shift_age_1.0,886,5110886,V5,0,[]
German Credit,shift_age_1.0,887,5110887,V6,0,[]
German Credit,shift_age_1.0,887,5110887,V5,0,[]
German Credit,shift_age_1.0,888,5110888,V6,0,[]
German Credit,shift_age_1.0,888,5110888,V5,0,[]
German Credit,shift_age_1.0,889,5110889,V6,0,[]
German Credit,shift_age_1.0,889,5110889,V5,0,[]
German Credit,shift_age_1.0,890,5110890,V6,0,[]
German Credit,shift_age_1.0,890,5110890,V5,0,[]
German Credit,shift_age_1.0,891,5110891,V6,0,[]
German Credit,shift_age_1.0,891,5110891,V5,0,[]
German Credit,shift_age_1.0,892,5110892,V6,0,[]
German Credit,shift_age_1.0,892,5110892,V5,0,[]
German Credit,shift_age_1.0,893,5110893,V6,0,[]
German Credit,shift_age_1.0,893,5110893,V5,0,[]
German Credit,shift_age_1.0,894,5110894,V6,0,[]
German Credit,shift_age_1.0,894,5110894,V5,0,[]
German Credit,shift_age_1.0,895,5110895,V6,0,[]
German Credit,shift_age_1.0,895,5110895,V5,0,[]
German Credit,shift_age_1.0,896,5110896,V6,0,[]
German Credit,shift_age_1.0,896,5110896,V5,0,[]
German Credit,shift_age_1.0,897,5110897,V6,0,[]
German Credit,shift_age_1.0,897,5110897,V5,0,[]
German Credit,shift_age_1.0,898,5110898,V6,0,[]
German Credit,shift_age_1.0,898,5110898,V5,0,[]
German Credit,shift_age_1.0,899,5110899,V6,0,[]
German Credit,shift_age_1.0,899,5110899,V5,0,[]
German Credit,shift_age_1.0,900,5110900,V6,0,[]
German Credit,shift_age_1.0,900,5110900,V5,0,[]
German Credit,shift_age_1.0,901,5110901,V6,0,[]
German Credit,shift_age_1.0,901,5110901,V5,0,[]
German Credit,shift_age_1.0,902,5110902,V6,0,[]
German Credit,shift_age_1.0,902,5110902,V5,0,[]
German Credit,shift_age_1.0,903,5110903,V6,0,[]
German Credit,shift_age_1.0,903,5110903,V5,0,[]
German Credit,shift_age_1.0,904,5110904,V6,0,[]
German Credit,shift_age_1.0,904,5110904,V5,0,[]
German Credit,shift_age_1.0,905,5110905,V6,0,[]
German Credit,shift_age_1.0,905,5110905,V5,0,[]
German Credit,shift_age_1.0,906,5110906,V6,0,[]
German Credit,shift_age_1.0,906,5110906,V5,0,[]
German Credit,shift_age_1.0,907,5110907,V6,0,[]
German Credit,shift_age_1.0,907,5110907,V5,0,[]
German Credit,shift_age_1.0,908,5110908,V6,0,[]
German Credit,shift_age_1.0,908,5110908,V5,0,[]
German Credit,shift_age_1.0,909,5110909,V6,0,[]
German Credit,shift_age_1.0,909,5110909,V5,0,[]
German Credit,shift_age_1.0,910,5110910,V6,0,[]
German Credit,shift_age_1.0,910,5110910,V5,0,[]
German Credit,shift_age_1.0,911,5110911,V6,0,[]
German Credit,shift_age_1.0,911,5110911,V5,0,[]
German Credit,shift_age_1.0,912,5110912,V6,0,[]
German Credit,shift_age_1.0,912,5110912,V5,0,[]
German Credit,shift_age_1.0,913,5110913,V6,0,[]
German Credit,shift_age_1.0,913,5110913,V5,0,[]
German Credit,shift_age_1.0,914,5110914,V6,0,[]
German Credit,shift_age_1.0,914,5110914,V5,0,[]
German Credit,shift_age_1.0,915,5110915,V6,0,[]
German Credit,shift_age_1.0,915,5110915,V5,0,[]
German Credit,shift_age_1.0,916,5110916,V6,0,[]
German Credit,shift_age_1.0,916,5110916,V5,0,[]
German Credit,shift_age_1.0,917,5110917,V6,0,[]
German Credit,shift_age_1.0,917,5110917,V5,0,[]
German Credit,shift_age_1.0,918,5110918,V6,0,[]
German Credit,shift_age_1.0,918,5110918,V5,0,[]
German Credit,shift_age_1.0,919,5110919,V6,0,[]
German Credit,shift_age_1.0,919,5110919,V5,0,[]
German Credit,shift_age_1.0,920,5110920,V6,0,[]
German Credit,shift_age_1.0,920,5110920,V5,0,[]
German Credit,shift_age_1.0,921,5110921,V6,0,[]
German Credit,shift_age_1.0,921,5110921,V5,0,[]
German Credit,shift_age_1.0,922,5110922,V6,0,[]
German Credit,shift_age_1.0,922,5110922,V5,0,[]
German Credit,shift_age_1.0,923,5110923,V6,0,[]
German Credit,shift_age_1.0,923,5110923,V5,0,[]
German Credit,shift_age_1.0,924,5110924,V6,0,[]
German Credit,shift_age_1.0,924,5110924,V5,0,[]
German Credit,shift_age_1.0,925,5110925,V6,0,[]
German Credit,shift_age_1.0,925,5110925,V5,0,[]
German Credit,shift_age_1.0,926,5110926,V6,0,[]
German Credit,shift_age_1.0,926,5110926,V5,0,[]
German Credit,shift_age_1.0,927,5110927,V6,0,[]
German Credit,shift_age_1.0,927,5110927,V5,0,[]
German Credit,shift_age_1.0,928,5110928,V6,0,[]
German Credit,shift_age_1.0,928,5110928,V5,0,[]
German Credit,shift_age_1.0,929,5110929,V6,0,[]
German Credit,shift_age_1.0,929,5110929,V5,0,[]
German Credit,shift_age_1.0,930,5110930,V6,0,[]
German Credit,shift_age_1.0,930,5110930,V5,0,[]
German Credit,shift_age_1.0,931,5110931,V6,0,[]
German Credit,shift_age_1.0,931,5110931,V5,0,[]
German Credit,shift_age_1.0,932,5110932,V6,0,[]
German Credit,shift_age_1.0,932,5110932,V5,0,[]
German Credit,shift_age_1.0,933,5110933,V6,0,[]
German Credit,shift_age_1.0,933,5110933,V5,0,[]
German Credit,shift_age_1.0,934,5110934,V6,0,[]
German Credit,shift_age_1.0,934,5110934,V5,0,[]
German Credit,shift_age_1.0,935,5110935,V6,0,[]
German Credit,shift_age_1.0,935,5110935,V5,0,[]
German Credit,shift_age_1.0,936,5110936,V6,0,[]
German Credit,shift_age_1.0,936,5110936,V5,0,[]
German Credit,shift_age_1.0,937,5110937,V6,0,[]
German Credit,shift_age_1.0,937,5110937,V5,0,[]
German Credit,shift_age_1.0,938,5110938,V6,0,[]
German Credit,shift_age_1.0,938,5110938,V5,0,[]
German Credit,shift_age_1.0,939,5110939,V6,0,[]
German Credit,shift_age_1.0,939,5110939,V5,0,[]
German Credit,shift_age_1.0,940,5110940,V6,0,[]
German Credit,shift_age_1.0,940,5110940,V5,0,[]
German Credit,shift_age_1.0,941,5110941,V6,0,[]
German Credit,shift_age_1.0,941,5110941,V5,0,[]
German Credit,shift_age_1.0,942,5110942,V6,0,[]
German Credit,shift_age_1.0,942,5110942,V5,0,[]
German Credit,shift_age_1.0,943,5110943,V6,0,[]
German Credit,shift_age_1.0,943,5110943,V5,0,[]
German Credit,shift_age_1.0,944,5110944,V6,0,[]
German Credit,shift_age_1.0,944,5110944,V5,0,[]
German Credit,shift_age_1.0,945,5110945,V6,0,[]
German Credit,shift_age_1.0,945,5110945,V5,0,[]
German Credit,shift_age_1.0,946,5110946,V6,0,[]
German Credit,shift_age_1.0,946,5110946,V5,0,[]
German Credit,shift_age_1.0,947,5110947,V6,0,[]
German Credit,shift_age_1.0,947,5110947,V5,0,[]
German Credit,shift_age_1.0,948,5110948,V6,0,[]
German Credit,shift_age_1.0,948,5110948,V5,0,[]
German Credit,shift_age_1.0,949,5110949,V6,0,[]
German Credit,shift_age_1.0,949,5110949,V5,0,[]
German Credit,shift_age_1.0,950,5110950,V6,0,[]
German Credit,shift_age_1.0,950,5110950,V5,0,[]
German Credit,shift_age_1.0,951,5110951,V6,0,[]
German Credit,shift_age_1.0,951,5110951,V5,0,[]
German Credit,shift_age_1.0,952,5110952,V6,1,"[[""purpose""]]"
German Credit,shift_age_1.0,952,5110952,V5,0,[]
German Credit,shift_age_1.0,953,5110953,V6,0,[]
German Credit,shift_age_1.0,953,5110953,V5,0,[]
German Credit,shift_age_1.0,954,5110954,V6,0,[]
German Credit,shift_age_1.0,954,5110954,V5,0,[]
German Credit,shift_age_1.0,955,5110955,V6,0,[]
German Credit,shift_age_1.0,955,5110955,V5,0,[]
German Credit,shift_age_1.0,956,5110956,V6,0,[]
German Credit,shift_age_1.0,956,5110956,V5,0,[]
German Credit,shift_age_1.0,957,5110957,V6,0,[]
German Credit,shift_age_1.0,957,5110957,V5,0,[]
German Credit,shift_age_1.0,958,5110958,V6,0,[]
German Credit,shift_age_1.0,958,5110958,V5,0,[]
German Credit,shift_age_1.0,959,5110959,V6,0,[]
German Credit,shift_age_1.0,959,5110959,V5,0,[]
German Credit,shift_age_1.0,960,5110960,V6,0,[]
German Credit,shift_age_1.0,960,5110960,V5,0,[]
German Credit,shift_age_1.0,961,5110961,V6,0,[]
German Credit,shift_age_1.0,961,5110961,V5,0,[]
German Credit,shift_age_1.0,962,5110962,V6,0,[]
German Credit,shift_age_1.0,962,5110962,V5,0,[]
German Credit,shift_age_1.0,963,5110963,V6,0,[]
German Credit,shift_age_1.0,963,5110963,V5,0,[]
German Credit,shift_age_1.0,964,5110964,V6,0,[]
German Credit,shift_age_1.0,964,5110964,V5,0,[]
German Credit,shift_age_1.0,965,5110965,V6,0,[]
German Credit,shift_age_1.0,965,5110965,V5,0,[]
German Credit,shift_age_1.0,966,5110966,V6,0,[]
German Credit,shift_age_1.0,966,5110966,V5,0,[]
German Credit,shift_age_1.0,967,5110967,V6,0,[]
German Credit,shift_age_1.0,967,5110967,V5,0,[]
German Credit,shift_age_1.0,968,5110968,V6,0,[]
German Credit,shift_age_1.0,968,5110968,V5,0,[]
German Credit,shift_age_1.0,969,5110969,V6,0,[]
German Credit,shift_age_1.0,969,5110969,V5,0,[]
German Credit,shift_age_1.0,970,5110970,V6,0,[]
German Credit,shift_age_1.0,970,5110970,V5,0,[]
German Credit,shift_age_1.0,971,5110971,V6,0,[]
German Credit,shift_age_1.0,971,5110971,V5,0,[]
German Credit,shift_age_1.0,972,5110972,V6,0,[]
German Credit,shift_age_1.0,972,5110972,V5,0,[]
German Credit,shift_age_1.0,973,5110973,V6,0,[]
German Credit,shift_age_1.0,973,5110973,V5,0,[]
German Credit,shift_age_1.0,974,5110974,V6,0,[]
German Credit,shift_age_1.0,974,5110974,V5,0,[]
German Credit,shift_age_1.0,975,5110975,V6,0,[]
German Credit,shift_age_1.0,975,5110975,V5,0,[]
German Credit,shift_age_1.0,976,5110976,V6,0,[]
German Credit,shift_age_1.0,976,5110976,V5,0,[]
German Credit,shift_age_1.0,977,5110977,V6,0,[]
German Credit,shift_age_1.0,977,5110977,V5,0,[]
German Credit,shift_age_1.0,978,5110978,V6,0,[]
German Credit,shift_age_1.0,978,5110978,V5,0,[]
German Credit,shift_age_1.0,979,5110979,V6,0,[]
German Credit,shift_age_1.0,979,5110979,V5,0,[]
German Credit,shift_age_1.0,980,5110980,V6,0,[]
German Credit,shift_age_1.0,980,5110980,V5,0,[]
German Credit,shift_age_1.0,981,5110981,V6,0,[]
German Credit,shift_age_1.0,981,5110981,V5,0,[]
German Credit,shift_age_1.0,982,5110982,V6,0,[]
German Credit,shift_age_1.0,982,5110982,V5,0,[]
German Credit,shift_age_1.0,983,5110983,V6,0,[]
German Credit,shift_age_1.0,983,5110983,V5,0,[]
German Credit,shift_age_1.0,984,5110984,V6,0,[]
German Credit,shift_age_1.0,984,5110984,V5,0,[]
German Credit,shift_age_1.0,985,5110985,V6,0,[]
German Credit,shift_age_1.0,985,5110985,V5,0,[]
German Credit,shift_age_1.0,986,5110986,V6,0,[]
German Credit,shift_age_1.0,986,5110986,V5,0,[]
German Credit,shift_age_1.0,987,5110987,V6,0,[]
German Credit,shift_age_1.0,987,5110987,V5,0,[]
German Credit,shift_age_1.0,988,5110988,V6,0,[]
German Credit,shift_age_1.0,988,5110988,V5,0,[]
German Credit,shift_age_1.0,989,5110989,V6,0,[]
German Credit,shift_age_1.0,989,5110989,V5,0,[]
German Credit,shift_age_1.0,990,5110990,V6,0,[]
German Credit,shift_age_1.0,990,5110990,V5,0,[]
German Credit,shift_age_1.0,991,5110991,V6,0,[]
German Credit,shift_age_1.0,991,5110991,V5,0,[]
German Credit,shift_age_1.0,992,5110992,V6,0,[]
German Credit,shift_age_1.0,992,5110992,V5,0,[]
German Credit,shift_age_1.0,993,5110993,V6,0,[]
German Credit,shift_age_1.0,993,5110993,V5,0,[]
German Credit,shift_age_1.0,994,5110994,V6,0,[]
German Credit,shift_age_1.0,994,5110994,V5,0,[]
German Credit,shift_age_1.0,995,5110995,V6,0,[]
German Credit,shift_age_1.0,995,5110995,V5,0,[]
German Credit,shift_age_1.0,996,5110996,V6,0,[]
German Credit,shift_age_1.0,996,5110996,V5,0,[]
German Credit,shift_age_1.0,997,5110997,V6,0,[]
German Credit,shift_age_1.0,997,5110997,V5,0,[]
German Credit,shift_age_1.0,998,5110998,V6,0,[]
German Credit,shift_age_1.0,998,5110998,V5,0,[]
German Credit,shift_age_1.0,999,5110999,V6,0,[]
German Credit,shift_age_1.0,999,5110999,V5,0,[]
